sex,release_number_2019,school_internet_usage_frequency_2019,job_internet_usage_frequency_2019,happiness_frequency_last_month_2019,interest_in_life_frequency_last_month_2019,satisfaction_frequency_last_month_2019,contribution_to_society_frequency_2019,community_belonging_frequency_2019,society_getting_better_frequency_2019,people_are_good_frequency_2019,society_makes_sense_frequency_2019,personality_thorough_worker_2019,personality_communicative_talkative_2019,personality_sometimes_rude_2019,personality_original_new_ideas_2019,personality_worrier_2019,personality_forgiving_2019,personality_somewhat_lazy_2019,personality_outgoing_sociable_2019,personality_values_artistic_experience_2019,personality_nervous_2019,personality_effective_task_completion_2019,personality_reserved_2019,personality_considerate_kind_2019,personality_imaginative_2019,personality_relaxed_stress_handling_2019,personality_eager_for_knowledge_2019,number_of_children_2019,housework_hours_per_week_2019,personal_care_hours_per_week_2019,shopping_hours_per_week_2019,leisure_hours_per_week_2019,bonus_income_2018_usd,checking_savings_total_amount_usd_2019,credit_card_debt_total_usd_2019,went_without_health_insurance_2017_2018,drinks_alcohol_2019,ever_arrested,times_arrested,ethnic_identity_importance_2019,current_state_fips_2019,earnings_job_2018
male,2.0,every_day,never,almost_every_day,every_day,almost_every_day,two_or_three_times_a_week,never,never,never,two_or_three_times_a_week,describes_me_very_well,describes_me_very_well,describes_me_moderately,describes_me_well,describes_me_very_well,describes_me_well,describes_me_moderately,describes_me_very_little,describes_me_perfectly,describes_me_moderately,describes_me_perfectly,describes_me_perfectly,describes_me_moderately,describes_me_moderately,describes_me_a_little,describes_me_perfectly,0.0,4.0,7.0,3.0,7.0,0.0,0.0,0.0,no,no,no,0.0,not_at_all_important,Illinois,900.0
female,2.0,not_in_school_past_30_days,every_day,almost_every_day,almost_every_day,almost_every_day,once_or_twice,never,never,two_or_three_times_a_week,never,describes_me_perfectly,describes_me_perfectly,describes_me_moderately,describes_me_perfectly,describes_me_perfectly,describes_me_perfectly,describes_me_a_little,describes_me_perfectly,describes_me_very_well,describes_me_a_little,describes_me_perfectly,describes_me_perfectly,describes_me_perfectly,describes_me_perfectly,describes_me_very_well,describes_me_perfectly,0.376,7.602944000000001,12.25728,6.840000000000001,16.088617262940158,0.0,400000617.4,0.0,no,yes,no,0.0,very_important,Michigan,0.0
male,2.0,every_day,few_times_a_week,every_day,every_day,every_day,every_day,every_day,about_once_a_week,two_or_three_times_a_week,about_once_a_week,describes_me_well,describes_me_perfectly,describes_me_very_well,describes_me_perfectly,describes_me_a_little,describes_me_well,describes_me_perfectly,describes_me_perfectly,describes_me_perfectly,describes_me_moderately,describes_me_perfectly,describes_me_a_little,describes_me_a_little,describes_me_perfectly,describes_me_perfectly,describes_me_perfectly,0.0,10.0,40.0,10.0,35.0,0.0,556.0,0.0,no,no,no,0.0,extremely_important,South Dakota,15.0
female,2.0,less_than_once_a_week,less_than_once_a_week,two_or_three_times_a_week,about_once_a_week,once_or_twice,once_or_twice,about_once_a_week,once_or_twice,once_or_twice,never,describes_me_perfectly,describes_me_perfectly,describes_me_perfectly,describes_me_moderately,describes_me_perfectly,describes_me_a_little,describes_me_well,describes_me_a_little,describes_me_moderately,describes_me_perfectly,describes_me_perfectly,describes_me_perfectly,describes_me_perfectly,describes_me_perfectly,does_not_describe_me_at_all,describes_me_very_well,0.0,12.0,12.0,2.0,5.0,0.0,300.0,0.0,no,yes,no,0.0,not_at_all_important,Nevada,23000.0
male,2.0,few_times_a_week,every_day,about_once_a_week,about_once_a_week,never,two_or_three_times_a_week,every_day,never,never,never,describes_me_well,describes_me_a_little,describes_me_perfectly,describes_me_perfectly,describes_me_perfectly,describes_me_very_well,describes_me_moderately,describes_me_well,describes_me_very_well,describes_me_perfectly,describes_me_perfectly,describes_me_moderately,describes_me_a_little,describes_me_perfectly,does_not_describe_me_at_all,describes_me_perfectly,0.0,5.0,8.0,4.0,10.0,0.0,0.0,0.0,no,no,no,0.0,extremely_important,Ohio,9.35
male,2.0,not_in_school_past_30_days,every_day,almost_every_day,every_day,almost_every_day,two_or_three_times_a_week,never,two_or_three_times_a_week,almost_every_day,about_once_a_week,describes_me_very_well,describes_me_well,does_not_describe_me_at_all,describes_me_very_well,describes_me_perfectly,describes_me_well,describes_me_very_little,describes_me_well,describes_me_very_well,describes_me_well,describes_me_perfectly,describes_me_perfectly,describes_me_very_well,describes_me_perfectly,describes_me_very_well,describes_me_perfectly,0.0,12.0,8.0,3.0,33.0,0.0,8000.0,0.0,no,yes,no,0.0,not_at_all_important,Oregon,46000.0
female,2.0,not_in_school_past_30_days,every_day,about_once_a_week,two_or_three_times_a_week,about_once_a_week,two_or_three_times_a_week,about_once_a_week,once_or_twice,once_or_twice,never,describes_me_very_well,describes_me_well,describes_me_a_little,describes_me_well,describes_me_moderately,describes_me_moderately,describes_me_a_little,describes_me_moderately,describes_me_well,describes_me_moderately,describes_me_very_well,describes_me_moderately,describes_me_moderately,describes_me_very_well,describes_me_well,describes_me_well,0.0,5.0,3.0,2.0,15.0,0.0,23000.0,0.0,no,no,no,0.0,not_very_important,Colorado,17000.0
male,2.0,every_day,not_working_past_30_days,almost_every_day,almost_every_day,two_or_three_times_a_week,two_or_three_times_a_week,about_once_a_week,once_or_twice,two_or_three_times_a_week,once_or_twice,describes_me_well,describes_me_very_well,describes_me_very_little,describes_me_a_little,describes_me_moderately,describes_me_well,describes_me_moderately,describes_me_well,describes_me_moderately,describes_me_moderately,describes_me_very_little,describes_me_very_little,describes_me_very_well,describes_me_a_little,describes_me_moderately,describes_me_very_well,0.0,25.0,15.0,5.0,30.0,0.0,10000.0,0.0,yes,yes,no,0.0,not_very_important,Iowa,38000.0
male,2.0,every_day,every_day,almost_every_day,almost_every_day,about_once_a_week,about_once_a_week,never,never,about_once_a_week,never,describes_me_very_well,describes_me_very_well,describes_me_very_well,describes_me_well,describes_me_perfectly,describes_me_moderately,describes_me_moderately,describes_me_perfectly,describes_me_perfectly,describes_me_perfectly,describes_me_very_well,does_not_describe_me_at_all,describes_me_moderately,describes_me_very_well,does_not_describe_me_at_all,describes_me_very_well,0.0,30.0,30.0,5.0,20.0,0.0,400.0,800.0,yes,yes,no,0.0,somewhat_important,California,26000.0
male,2.0,every_day,few_times_a_week,every_day,every_day,every_day,almost_every_day,every_day,almost_every_day,almost_every_day,two_or_three_times_a_week,describes_me_very_well,describes_me_moderately,describes_me_well,describes_me_moderately,describes_me_moderately,describes_me_well,describes_me_moderately,describes_me_a_little,describes_me_moderately,describes_me_moderately,describes_me_perfectly,describes_me_very_well,describes_me_very_well,describes_me_moderately,describes_me_well,describes_me_perfectly,0.0,5.0,8.0,1.0,40.0,0.0,2000.0,0.0,no,no,no,0.0,somewhat_important,Wisconsin,1000.0
male,2.0,every_day,every_day,two_or_three_times_a_week,almost_every_day,two_or_three_times_a_week,almost_every_day,once_or_twice,never,once_or_twice,once_or_twice,describes_me_very_well,describes_me_moderately,describes_me_very_little,describes_me_moderately,describes_me_very_well,describes_me_well,describes_me_well,describes_me_a_little,describes_me_perfectly,describes_me_well,describes_me_very_well,describes_me_very_well,describes_me_very_well,describes_me_well,describes_me_moderately,describes_me_perfectly,0.0,5.0,10.0,2.0,10.0,0.0,2800.0,500.0,no,yes,no,0.0,somewhat_important,Michigan,34.0
male,2.0,every_day,every_day,almost_every_day,every_day,almost_every_day,almost_every_day,every_day,never,two_or_three_times_a_week,once_or_twice,describes_me_perfectly,describes_me_perfectly,describes_me_moderately,describes_me_well,describes_me_perfectly,describes_me_moderately,describes_me_moderately,describes_me_perfectly,describes_me_moderately,describes_me_a_little,describes_me_very_well,describes_me_perfectly,describes_me_perfectly,describes_me_very_well,describes_me_a_little,describes_me_perfectly,0.0,11.33472,18.2771514368,6.2926632943616,27.371078002716175,0.0,583096407.0262729,0.0,no,yes,no,0.0,very_important,North Carolina,0.0
male,2.0,every_day,once_a_week,almost_every_day,every_day,almost_every_day,every_day,every_day,almost_every_day,almost_every_day,two_or_three_times_a_week,describes_me_perfectly,describes_me_perfectly,does_not_describe_me_at_all,describes_me_very_well,does_not_describe_me_at_all,describes_me_perfectly,describes_me_very_little,describes_me_perfectly,describes_me_perfectly,describes_me_very_little,describes_me_perfectly,describes_me_moderately,describes_me_perfectly,describes_me_very_well,describes_me_perfectly,describes_me_perfectly,0.0,25.0,35.0,20.0,20.0,0.0,500.0,0.0,no,no,no,0.0,very_important,Georgia,0.0
female,2.0,not_in_school_past_30_days,never,almost_every_day,every_day,almost_every_day,about_once_a_week,never,about_once_a_week,about_once_a_week,about_once_a_week,describes_me_very_well,describes_me_very_well,describes_me_very_little,describes_me_moderately,describes_me_well,describes_me_perfectly,describes_me_well,describes_me_very_well,describes_me_well,describes_me_well,describes_me_very_well,describes_me_moderately,describes_me_very_well,describes_me_very_well,describes_me_moderately,describes_me_well,0.0,4.0,9.0,3.0,8.0,0.0,2500.0,500.0,no,no,no,0.0,somewhat_important,North Carolina,32000.0
female,2.0,never,few_times_a_week,almost_every_day,almost_every_day,two_or_three_times_a_week,two_or_three_times_a_week,almost_every_day,two_or_three_times_a_week,two_or_three_times_a_week,two_or_three_times_a_week,describes_me_perfectly,describes_me_very_well,does_not_describe_me_at_all,describes_me_very_well,describes_me_very_well,describes_me_very_well,describes_me_very_little,describes_me_perfectly,describes_me_perfectly,describes_me_well,describes_me_perfectly,describes_me_very_little,describes_me_perfectly,describes_me_very_well,describes_me_very_little,describes_me_perfectly,0.0,25.0,10.0,5.0,20.0,0.0,130.0,6000.0,no,yes,no,0.0,somewhat_important,Pennsylvania,28200.0
male,2.0,never,once_a_week,almost_every_day,every_day,once_or_twice,never,never,once_or_twice,once_or_twice,never,describes_me_very_well,describes_me_moderately,does_not_describe_me_at_all,describes_me_moderately,describes_me_very_well,describes_me_very_well,describes_me_a_little,describes_me_moderately,describes_me_perfectly,describes_me_well,describes_me_well,describes_me_very_well,describes_me_perfectly,describes_me_perfectly,describes_me_very_well,describes_me_perfectly,1.0,2.0,6.0,1.0,2.0,0.0,1000.0,3000.0,yes,yes,no,0.0,very_important,South Carolina,1016.0
female,2.0,not_in_school_past_30_days,every_day,every_day,every_day,almost_every_day,every_day,once_or_twice,never,almost_every_day,never,describes_me_well,describes_me_perfectly,does_not_describe_me_at_all,describes_me_well,describes_me_perfectly,describes_me_well,describes_me_a_little,describes_me_well,describes_me_moderately,describes_me_very_well,describes_me_very_well,describes_me_a_little,describes_me_perfectly,describes_me_perfectly,describes_me_moderately,describes_me_perfectly,0.0,4.0,21.0,2.0,4.0,0.0,15000.0,5000.0,no,yes,no,0.0,extremely_important,Maryland,50000.0
female,2.0,not_in_school_past_30_days,less_than_once_a_week,almost_every_day,almost_every_day,almost_every_day,almost_every_day,never,never,two_or_three_times_a_week,never,describes_me_perfectly,describes_me_very_well,describes_me_very_little,does_not_describe_me_at_all,describes_me_well,describes_me_moderately,describes_me_a_little,describes_me_very_well,describes_me_moderately,describes_me_a_little,describes_me_very_well,describes_me_very_little,describes_me_very_well,describes_me_very_little,describes_me_moderately,describes_me_well,0.0,10.0,10.0,3.0,10.0,0.0,5000.0,0.0,no,yes,no,0.0,somewhat_important,North Carolina,27.3
female,2.0,never,every_day,every_day,every_day,every_day,every_day,every_day,about_once_a_week,almost_every_day,almost_every_day,describes_me_well,describes_me_very_well,describes_me_very_well,describes_me_moderately,describes_me_very_well,describes_me_very_well,describes_me_a_little,describes_me_a_little,describes_me_well,describes_me_well,describes_me_perfectly,describes_me_moderately,describes_me_very_well,describes_me_moderately,describes_me_well,describes_me_well,1.0,10.0,10.0,5.0,5.0,0.0,6000.0,0.0,no,yes,no,0.0,somewhat_important,Georgia,15.0
female,2.0,few_times_a_week,few_times_a_week,every_day,every_day,almost_every_day,every_day,every_day,about_once_a_week,every_day,almost_every_day,describes_me_perfectly,describes_me_perfectly,describes_me_a_little,describes_me_well,describes_me_very_well,describes_me_perfectly,describes_me_well,describes_me_well,describes_me_very_well,describes_me_very_well,describes_me_very_well,describes_me_very_well,describes_me_perfectly,describes_me_very_well,describes_me_a_little,describes_me_perfectly,0.0,10.0,15.0,5.0,30.0,200.0,170.0,2000.0,no,yes,no,0.0,extremely_important,Louisiana,24000.0
female,2.0,not_in_school_past_30_days,few_times_a_week,almost_every_day,almost_every_day,almost_every_day,almost_every_day,almost_every_day,almost_every_day,almost_every_day,almost_every_day,describes_me_very_well,describes_me_very_well,describes_me_very_well,describes_me_a_little,describes_me_well,describes_me_very_well,describes_me_very_well,describes_me_very_well,describes_me_very_well,describes_me_very_well,describes_me_very_well,describes_me_well,describes_me_very_well,describes_me_well,describes_me_moderately,describes_me_very_well,1.0,20.0,10.0,5.0,3.0,0.0,0.0,0.0,yes,no,no,0.0,somewhat_important,West Virginia,27000.0
male,2.0,every_day,once_a_week,two_or_three_times_a_week,once_or_twice,about_once_a_week,two_or_three_times_a_week,about_once_a_week,once_or_twice,about_once_a_week,once_or_twice,describes_me_moderately,describes_me_moderately,describes_me_very_little,describes_me_a_little,describes_me_perfectly,describes_me_a_little,describes_me_very_little,describes_me_a_little,describes_me_moderately,describes_me_very_little,describes_me_very_little,describes_me_well,describes_me_a_little,describes_me_moderately,describes_me_a_little,describes_me_very_little,0.0,2.0,1.0,1.0,3.0,0.0,6788.0,0.0,no,no,no,0.0,somewhat_important,North Carolina,7.25
female,2.0,few_times_a_week,every_day,two_or_three_times_a_week,almost_every_day,almost_every_day,almost_every_day,almost_every_day,two_or_three_times_a_week,two_or_three_times_a_week,once_or_twice,describes_me_perfectly,describes_me_moderately,describes_me_well,describes_me_very_well,describes_me_well,describes_me_very_well,does_not_describe_me_at_all,describes_me_a_little,describes_me_well,describes_me_well,describes_me_very_well,describes_me_very_well,describes_me_very_well,describes_me_very_well,describes_me_well,describes_me_perfectly,1.0,14.0,8.0,2.0,7.0,0.0,1000.0,3000.0,no,yes,no,0.0,very_important,Missouri,45762.0
female,2.0,few_times_a_week,few_times_a_week,almost_every_day,almost_every_day,almost_every_day,two_or_three_times_a_week,every_day,never,once_or_twice,two_or_three_times_a_week,describes_me_well,describes_me_perfectly,describes_me_moderately,describes_me_very_well,describes_me_perfectly,describes_me_very_well,describes_me_well,describes_me_perfectly,describes_me_well,describes_me_well,describes_me_perfectly,describes_me_well,describes_me_perfectly,describes_me_well,describes_me_very_well,describes_me_perfectly,0.288,3.144,5.824,3.96,24.704,0.0,757.6,240.0,no,yes,no,0.0,very_important,South Carolina,0.0
female,2.0,few_times_a_week,every_day,about_once_a_week,once_or_twice,about_once_a_week,once_or_twice,once_or_twice,once_or_twice,once_or_twice,once_or_twice,describes_me_very_well,describes_me_very_well,does_not_describe_me_at_all,describes_me_very_little,describes_me_very_well,describes_me_very_well,describes_me_very_little,describes_me_a_little,describes_me_very_well,describes_me_moderately,describes_me_perfectly,describes_me_perfectly,describes_me_perfectly,describes_me_well,describes_me_perfectly,describes_me_perfectly,0.0,10.0,3.0,3.0,10.0,0.0,50500.0,9999999999.0,no,yes,no,0.0,very_important,Massachusetts,73000.0
male,2.0,not_in_school_past_30_days,never,every_day,almost_every_day,almost_every_day,two_or_three_times_a_week,almost_every_day,never,almost_every_day,never,describes_me_very_well,describes_me_moderately,describes_me_very_little,describes_me_very_well,describes_me_very_little,describes_me_very_well,describes_me_moderately,describes_me_very_little,describes_me_very_well,does_not_describe_me_at_all,describes_me_very_well,describes_me_very_well,describes_me_very_well,describes_me_very_well,describes_me_perfectly,describes_me_perfectly,0.0,9.0,10.0,3.0,20.0,0.0,0.0,3000.0,no,yes,no,0.0,not_at_all_important,Colorado,21000.0
female,2.0,not_in_school_past_30_days,every_day,every_day,every_day,every_day,almost_every_day,about_once_a_week,once_or_twice,once_or_twice,never,describes_me_moderately,describes_me_perfectly,describes_me_moderately,describes_me_well,describes_me_well,describes_me_moderately,describes_me_moderately,describes_me_perfectly,describes_me_perfectly,describes_me_moderately,describes_me_moderately,describes_me_moderately,describes_me_moderately,describes_me_well,describes_me_well,describes_me_well,0.0,10.0,21.0,5.0,35.0,0.0,3000.0,0.0,no,no,no,0.0,not_very_important,Indiana,74000.0
male,2.0,less_than_once_a_week,less_than_once_a_week,two_or_three_times_a_week,about_once_a_week,once_or_twice,almost_every_day,almost_every_day,almost_every_day,about_once_a_week,every_day,describes_me_well,describes_me_well,describes_me_very_little,describes_me_a_little,describes_me_well,describes_me_perfectly,describes_me_well,describes_me_perfectly,describes_me_well,describes_me_moderately,describes_me_a_little,describes_me_moderately,describes_me_a_little,describes_me_perfectly,describes_me_very_well,describes_me_well,1.0,5.0,7.0,2.0,10.0,0.0,0.0,5000.0,no,yes,yes,1.0,somewhat_important,Indiana,27.0
female,2.0,not_in_school_past_30_days,less_than_once_a_week,about_once_a_week,once_or_twice,about_once_a_week,once_or_twice,never,never,once_or_twice,never,describes_me_perfectly,describes_me_moderately,does_not_describe_me_at_all,describes_me_moderately,describes_me_perfectly,describes_me_perfectly,describes_me_moderately,describes_me_a_little,describes_me_very_little,describes_me_perfectly,describes_me_perfectly,describes_me_perfectly,describes_me_perfectly,describes_me_very_little,does_not_describe_me_at_all,describes_me_perfectly,0.0,25.0,25.0,2.0,50.0,0.0,9999999999.0,300.0,no,yes,no,0.0,not_at_all_important,New York,1200.0
male,2.0,few_times_a_week,less_than_once_a_week,almost_every_day,every_day,two_or_three_times_a_week,almost_every_day,never,never,two_or_three_times_a_week,about_once_a_week,describes_me_very_well,describes_me_perfectly,does_not_describe_me_at_all,describes_me_well,describes_me_perfectly,describes_me_very_well,describes_me_very_well,describes_me_perfectly,describes_me_perfectly,describes_me_moderately,describes_me_well,describes_me_very_well,describes_me_perfectly,describes_me_perfectly,describes_me_well,describes_me_perfectly,0.048,7.8688,19.218888085504,4.495251456,27.4142519738368,0.0,55.122278400000006,0.0,no,yes,no,0.00317696,extremely_important,Pennsylvania,0.0
male,2.0,few_times_a_week,few_times_a_week,almost_every_day,almost_every_day,almost_every_day,two_or_three_times_a_week,every_day,once_or_twice,once_or_twice,never,describes_me_well,describes_me_very_well,describes_me_a_little,describes_me_perfectly,describes_me_perfectly,describes_me_well,describes_me_well,describes_me_perfectly,describes_me_well,describes_me_well,describes_me_well,describes_me_well,describes_me_perfectly,describes_me_perfectly,describes_me_moderately,describes_me_perfectly,0.6,6.8,6.32,3.8,22.32,0.0,441.0,0.0,no,no,no,0.4,somewhat_important,Colorado,0.0
female,2.0,every_day,few_times_a_week,almost_every_day,almost_every_day,almost_every_day,once_or_twice,once_or_twice,never,once_or_twice,never,describes_me_well,describes_me_well,describes_me_a_little,describes_me_moderately,describes_me_perfectly,describes_me_well,describes_me_very_well,describes_me_well,describes_me_well,describes_me_a_little,describes_me_well,describes_me_well,describes_me_well,describes_me_moderately,describes_me_moderately,describes_me_perfectly,0.04,9.8,5.68,1.72,20.24,20.0,1052.64,0.0,no,yes,no,0.0,not_very_important,California,0.0
female,2.0,not_in_school_past_30_days,less_than_once_a_week,about_once_a_week,about_once_a_week,never,never,never,never,once_or_twice,about_once_a_week,describes_me_very_well,describes_me_moderately,describes_me_a_little,describes_me_a_little,describes_me_perfectly,describes_me_well,describes_me_moderately,does_not_describe_me_at_all,describes_me_well,describes_me_well,describes_me_well,describes_me_perfectly,describes_me_well,describes_me_perfectly,describes_me_a_little,describes_me_well,0.0,14.0,10.0,1.0,32.0,0.0,0.0,10.0,no,no,no,0.0,extremely_important,Nebraska,17.0
female,2.0,every_day,every_day,every_day,every_day,every_day,every_day,every_day,every_day,every_day,every_day,describes_me_perfectly,describes_me_perfectly,does_not_describe_me_at_all,describes_me_perfectly,describes_me_perfectly,describes_me_perfectly,describes_me_moderately,describes_me_perfectly,describes_me_perfectly,describes_me_perfectly,describes_me_perfectly,describes_me_perfectly,describes_me_perfectly,describes_me_perfectly,describes_me_well,describes_me_perfectly,1.0,10.0,7.0,7.0,17.593600000000002,0.0,0.0,0.0,no,no,no,0.0,extremely_important,Kentucky,0.0
male,2.0,not_in_school_past_30_days,never,almost_every_day,almost_every_day,about_once_a_week,once_or_twice,never,never,once_or_twice,never,describes_me_well,describes_me_very_little,describes_me_very_little,describes_me_a_little,describes_me_well,describes_me_well,describes_me_very_well,describes_me_very_little,describes_me_moderately,describes_me_very_well,describes_me_moderately,describes_me_perfectly,describes_me_well,describes_me_a_little,describes_me_very_little,describes_me_well,0.0,14.0,14.0,7.0,21.0,0.0,500.0,0.0,no,no,no,0.0,extremely_important,Arizona,0.0
female,2.0,never,never,almost_every_day,almost_every_day,almost_every_day,never,never,never,almost_every_day,never,describes_me_perfectly,describes_me_perfectly,describes_me_very_little,describes_me_very_well,describes_me_perfectly,describes_me_perfectly,describes_me_very_little,describes_me_perfectly,describes_me_well,describes_me_very_little,describes_me_perfectly,describes_me_well,describes_me_perfectly,describes_me_well,describes_me_perfectly,describes_me_perfectly,0.0,7.0,7.0,1.0,2.0,0.0,16000.0,3000.0,no,yes,no,0.0,somewhat_important,California,14.5
female,2.0,never,few_times_a_week,almost_every_day,almost_every_day,two_or_three_times_a_week,two_or_three_times_a_week,once_or_twice,once_or_twice,about_once_a_week,about_once_a_week,describes_me_very_well,describes_me_a_little,describes_me_very_little,describes_me_very_well,describes_me_perfectly,describes_me_very_well,describes_me_moderately,describes_me_very_little,describes_me_very_well,describes_me_very_well,describes_me_very_well,describes_me_perfectly,describes_me_perfectly,describes_me_well,describes_me_a_little,describes_me_very_well,0.0,3.0,3.0,1.0,4.0,0.0,2000.0,300.0,yes,yes,no,0.0,very_important,Georgia,10.0
female,2.0,once_a_week,every_day,every_day,every_day,every_day,every_day,every_day,every_day,every_day,every_day,does_not_describe_me_at_all,describes_me_perfectly,describes_me_perfectly,describes_me_perfectly,describes_me_perfectly,describes_me_perfectly,describes_me_perfectly,describes_me_perfectly,describes_me_perfectly,does_not_describe_me_at_all,does_not_describe_me_at_all,describes_me_perfectly,describes_me_perfectly,describes_me_perfectly,describes_me_perfectly,describes_me_perfectly,1.0,5.0,3.0,2.0,4.0,0.0,0.0,0.0,no,no,no,0.0,extremely_important,Louisiana,15.25
female,2.0,never,never,every_day,every_day,every_day,every_day,never,almost_every_day,every_day,every_day,describes_me_perfectly,describes_me_moderately,does_not_describe_me_at_all,describes_me_a_little,does_not_describe_me_at_all,describes_me_very_well,does_not_describe_me_at_all,does_not_describe_me_at_all,does_not_describe_me_at_all,does_not_describe_me_at_all,describes_me_perfectly,does_not_describe_me_at_all,describes_me_perfectly,describes_me_moderately,describes_me_a_little,describes_me_perfectly,0.0,12.0,16.0,2.0,2.0,0.0,0.0,0.0,no,yes,no,0.0,very_important,California,32000.0
male,2.0,few_times_a_week,every_day,two_or_three_times_a_week,almost_every_day,two_or_three_times_a_week,almost_every_day,two_or_three_times_a_week,about_once_a_week,about_once_a_week,about_once_a_week,describes_me_perfectly,describes_me_very_well,describes_me_moderately,describes_me_perfectly,does_not_describe_me_at_all,describes_me_moderately,does_not_describe_me_at_all,describes_me_very_well,describes_me_perfectly,does_not_describe_me_at_all,describes_me_perfectly,describes_me_a_little,describes_me_well,describes_me_perfectly,describes_me_well,describes_me_perfectly,0.0,10.0,10.0,5.0,3.0,4000.0,1000.0,0.0,no,yes,no,0.0,extremely_important,Mississippi,31500.0
female,2.0,every_day,every_day,two_or_three_times_a_week,about_once_a_week,two_or_three_times_a_week,two_or_three_times_a_week,once_or_twice,once_or_twice,once_or_twice,once_or_twice,describes_me_very_well,describes_me_well,describes_me_moderately,describes_me_well,describes_me_very_well,describes_me_perfectly,describes_me_well,describes_me_very_well,describes_me_a_little,describes_me_very_well,describes_me_well,describes_me_well,describes_me_moderately,describes_me_a_little,describes_me_very_little,describes_me_very_well,0.0,2.0,2.0,1.0,5.0,0.0,0.0,200.0,no,yes,yes,1.0,extremely_important,Michigan,15.0
female,2.0,not_in_school_past_30_days,every_day,almost_every_day,almost_every_day,almost_every_day,almost_every_day,almost_every_day,two_or_three_times_a_week,almost_every_day,two_or_three_times_a_week,describes_me_very_well,describes_me_perfectly,describes_me_a_little,describes_me_very_well,describes_me_well,describes_me_well,describes_me_very_little,describes_me_perfectly,describes_me_perfectly,describes_me_well,describes_me_very_well,describes_me_moderately,describes_me_perfectly,describes_me_perfectly,describes_me_very_well,describes_me_perfectly,0.0,4.0,6.0,3.0,10.0,0.0,3500.0,600.0,no,yes,no,0.0,not_very_important,California,22011.0
male,2.0,every_day,few_times_a_week,almost_every_day,every_day,almost_every_day,two_or_three_times_a_week,two_or_three_times_a_week,once_or_twice,almost_every_day,never,describes_me_very_well,describes_me_well,does_not_describe_me_at_all,describes_me_perfectly,describes_me_moderately,describes_me_perfectly,describes_me_perfectly,describes_me_well,describes_me_perfectly,describes_me_moderately,describes_me_well,describes_me_well,describes_me_perfectly,describes_me_perfectly,describes_me_perfectly,describes_me_perfectly,0.0,5.0,5.0,4.0,5.0,0.0,0.0,0.0,no,no,no,0.0,extremely_important,Michigan,0.0
male,2.0,every_day,once_a_week,almost_every_day,almost_every_day,every_day,every_day,every_day,every_day,every_day,every_day,describes_me_perfectly,describes_me_perfectly,describes_me_well,describes_me_perfectly,describes_me_perfectly,describes_me_perfectly,does_not_describe_me_at_all,describes_me_perfectly,describes_me_perfectly,does_not_describe_me_at_all,describes_me_perfectly,describes_me_perfectly,describes_me_perfectly,describes_me_perfectly,describes_me_well,describes_me_well,1.0,10.0,12.0,10.0,30.0,0.0,0.0,0.0,no,no,no,0.0,extremely_important,Michigan,12.0
female,2.0,every_day,every_day,once_or_twice,every_day,never,never,never,never,once_or_twice,never,describes_me_perfectly,describes_me_very_well,does_not_describe_me_at_all,describes_me_perfectly,does_not_describe_me_at_all,describes_me_perfectly,does_not_describe_me_at_all,describes_me_very_well,describes_me_perfectly,does_not_describe_me_at_all,describes_me_perfectly,describes_me_very_well,describes_me_perfectly,describes_me_perfectly,describes_me_perfectly,describes_me_perfectly,0.0,6.0,24.0,4.0,46.0,0.0,0.0,0.0,no,no,no,0.0,extremely_important,Alabama,0.0
female,2.0,not_in_school_past_30_days,never,every_day,every_day,every_day,every_day,almost_every_day,almost_every_day,every_day,every_day,describes_me_perfectly,describes_me_perfectly,does_not_describe_me_at_all,describes_me_perfectly,describes_me_a_little,describes_me_well,does_not_describe_me_at_all,describes_me_perfectly,describes_me_perfectly,describes_me_moderately,describes_me_well,describes_me_well,describes_me_perfectly,describes_me_well,describes_me_moderately,describes_me_perfectly,1.0,4.0,4.0,3.0,3.0,0.0,9999999999.0,0.0,no,no,no,0.0,extremely_important,Louisiana,22000.0
female,2.0,few_times_a_week,not_working_past_30_days,once_or_twice,once_or_twice,once_or_twice,never,never,once_or_twice,never,never,describes_me_perfectly,describes_me_perfectly,describes_me_well,describes_me_perfectly,describes_me_very_well,describes_me_moderately,describes_me_a_little,describes_me_very_well,describes_me_well,describes_me_moderately,describes_me_very_well,describes_me_well,describes_me_moderately,describes_me_very_well,does_not_describe_me_at_all,describes_me_very_well,0.0,25.0,10.6,2.0,10.0,0.0,1.0,0.0,no,no,no,0.0,not_at_all_important,Indiana,31.0
male,2.0,never,never,almost_every_day,every_day,two_or_three_times_a_week,once_or_twice,almost_every_day,about_once_a_week,two_or_three_times_a_week,two_or_three_times_a_week,describes_me_moderately,describes_me_perfectly,describes_me_perfectly,describes_me_well,describes_me_a_little,describes_me_very_well,describes_me_very_little,describes_me_well,describes_me_moderately,describes_me_a_little,describes_me_well,describes_me_very_little,describes_me_well,describes_me_a_little,describes_me_well,describes_me_moderately,1.0,10.0,12.0,5.0,30.0,0.0,0.0,0.0,no,no,yes,9.0,somewhat_important,Indiana,7500.0
male,2.0,not_in_school_past_30_days,every_day,two_or_three_times_a_week,every_day,about_once_a_week,about_once_a_week,never,two_or_three_times_a_week,once_or_twice,never,describes_me_perfectly,describes_me_perfectly,describes_me_moderately,describes_me_moderately,describes_me_very_little,describes_me_moderately,describes_me_well,describes_me_a_little,does_not_describe_me_at_all,describes_me_moderately,describes_me_very_well,describes_me_a_little,describes_me_well,describes_me_very_well,describes_me_very_well,describes_me_well,0.0,6.0,8.0,2.0,8.0,0.0,1500.0,600.0,yes,yes,yes,1.0,not_very_important,Colorado,15.0
female,2.0,not_in_school_past_30_days,once_a_week,almost_every_day,almost_every_day,almost_every_day,almost_every_day,almost_every_day,almost_every_day,almost_every_day,two_or_three_times_a_week,describes_me_perfectly,describes_me_perfectly,describes_me_a_little,describes_me_a_little,describes_me_perfectly,describes_me_perfectly,describes_me_perfectly,describes_me_perfectly,describes_me_perfectly,describes_me_well,describes_me_perfectly,describes_me_moderately,describes_me_perfectly,describes_me_well,describes_me_a_little,describes_me_moderately,0.0,7.0,10.0,1.0,7.0,0.0,5000.0,0.0,no,no,yes,1.0,somewhat_important,California,30000.0
female,2.0,not_in_school_past_30_days,not_working_past_30_days,two_or_three_times_a_week,about_once_a_week,two_or_three_times_a_week,never,never,once_or_twice,two_or_three_times_a_week,never,describes_me_very_well,describes_me_moderately,describes_me_very_little,describes_me_very_well,describes_me_a_little,describes_me_well,describes_me_moderately,describes_me_well,describes_me_very_well,describes_me_a_little,describes_me_perfectly,describes_me_well,describes_me_perfectly,describes_me_perfectly,describes_me_very_well,describes_me_very_well,0.0,5.0,2.0,4.0,12.0,0.0,0.0,255.0,yes,no,yes,1.0,extremely_important,Alabama,7.5
male,2.0,every_day,few_times_a_week,every_day,every_day,almost_every_day,almost_every_day,every_day,almost_every_day,every_day,every_day,describes_me_perfectly,describes_me_well,describes_me_very_little,describes_me_well,describes_me_a_little,describes_me_perfectly,does_not_describe_me_at_all,describes_me_very_well,describes_me_moderately,describes_me_very_little,describes_me_perfectly,describes_me_moderately,describes_me_perfectly,describes_me_very_well,describes_me_well,describes_me_very_well,0.0,50.0,20.0,3.0,3.0,0.0,8000.0,0.0,no,no,no,0.0,extremely_important,Georgia,0.0
male,2.0,not_in_school_past_30_days,every_day,every_day,every_day,almost_every_day,almost_every_day,almost_every_day,about_once_a_week,almost_every_day,two_or_three_times_a_week,describes_me_perfectly,describes_me_very_well,describes_me_very_little,describes_me_moderately,describes_me_very_well,describes_me_very_well,does_not_describe_me_at_all,describes_me_well,describes_me_well,describes_me_moderately,describes_me_very_well,describes_me_very_little,describes_me_very_well,describes_me_moderately,describes_me_well,describes_me_well,0.0,7.0,3.0,1.0,7.0,0.0,20000.0,0.0,no,yes,no,0.0,somewhat_important,South Carolina,34.0
male,2.0,few_times_a_week,few_times_a_week,two_or_three_times_a_week,two_or_three_times_a_week,two_or_three_times_a_week,two_or_three_times_a_week,almost_every_day,never,once_or_twice,never,describes_me_moderately,describes_me_moderately,describes_me_a_little,describes_me_well,describes_me_moderately,describes_me_moderately,describes_me_a_little,describes_me_moderately,describes_me_moderately,describes_me_a_little,describes_me_well,describes_me_well,describes_me_moderately,describes_me_well,describes_me_moderately,describes_me_well,0.0,2.0,2.0,2.0,12.0,0.0,2500.0,0.0,no,yes,yes,1.0,very_important,Georgia,5000.0
female,2.0,not_in_school_past_30_days,not_working_past_30_days,two_or_three_times_a_week,two_or_three_times_a_week,about_once_a_week,once_or_twice,two_or_three_times_a_week,never,once_or_twice,never,describes_me_well,describes_me_well,does_not_describe_me_at_all,describes_me_perfectly,describes_me_a_little,describes_me_well,describes_me_moderately,describes_me_moderately,describes_me_perfectly,describes_me_a_little,describes_me_very_well,describes_me_well,describes_me_perfectly,describes_me_perfectly,describes_me_well,describes_me_well,0.0,8.0,7.0,2.0,70.0,0.0,2500.0,0.0,no,no,no,0.0,not_at_all_important,Missouri,9.0
male,2.0,not_in_school_past_30_days,every_day,two_or_three_times_a_week,two_or_three_times_a_week,never,once_or_twice,never,about_once_a_week,about_once_a_week,once_or_twice,describes_me_perfectly,describes_me_well,does_not_describe_me_at_all,describes_me_well,describes_me_a_little,describes_me_very_little,does_not_describe_me_at_all,describes_me_a_little,describes_me_moderately,describes_me_moderately,describes_me_perfectly,describes_me_well,describes_me_perfectly,describes_me_a_little,describes_me_well,describes_me_perfectly,0.0,2.0,2.0,1.0,8.0,0.0,0.0,0.0,yes,yes,yes,2.0,extremely_important,California,41.5
male,2.0,not_in_school_past_30_days,few_times_a_week,two_or_three_times_a_week,two_or_three_times_a_week,never,almost_every_day,about_once_a_week,never,never,never,describes_me_perfectly,describes_me_perfectly,describes_me_perfectly,describes_me_perfectly,describes_me_perfectly,describes_me_very_well,describes_me_moderately,describes_me_perfectly,describes_me_moderately,describes_me_a_little,describes_me_very_well,describes_me_a_little,describes_me_moderately,describes_me_perfectly,describes_me_moderately,describes_me_well,5.0,5.2,10.0,5.0,10.0,2000.0,35.0,40.0,yes,yes,no,0.0,somewhat_important,North Carolina,61000.0
female,2.0,every_day,never,two_or_three_times_a_week,about_once_a_week,two_or_three_times_a_week,never,never,never,once_or_twice,never,describes_me_well,describes_me_moderately,describes_me_a_little,does_not_describe_me_at_all,describes_me_perfectly,describes_me_very_well,describes_me_well,describes_me_well,describes_me_very_little,describes_me_very_well,describes_me_very_well,describes_me_moderately,describes_me_very_well,describes_me_very_little,does_not_describe_me_at_all,describes_me_moderately,0.0,5.0,5.0,2.0,10.0,0.0,0.0,0.0,no,yes,no,0.0,somewhat_important,Texas,7.25
female,2.0,not_in_school_past_30_days,every_day,two_or_three_times_a_week,two_or_three_times_a_week,two_or_three_times_a_week,two_or_three_times_a_week,never,once_or_twice,two_or_three_times_a_week,two_or_three_times_a_week,describes_me_very_well,describes_me_very_well,describes_me_very_little,describes_me_well,describes_me_very_well,describes_me_well,describes_me_a_little,describes_me_moderately,describes_me_moderately,describes_me_well,describes_me_very_well,describes_me_well,describes_me_very_well,describes_me_well,describes_me_well,describes_me_very_well,1.0,6.0,12.0,2.0,5.0,0.0,20.0,500.0,no,yes,no,0.0,not_at_all_important,Colorado,24000.0
male,2.0,few_times_a_week,every_day,every_day,every_day,every_day,two_or_three_times_a_week,about_once_a_week,about_once_a_week,almost_every_day,once_or_twice,describes_me_well,describes_me_well,does_not_describe_me_at_all,describes_me_very_well,describes_me_a_little,describes_me_very_well,does_not_describe_me_at_all,describes_me_very_well,describes_me_very_well,describes_me_a_little,describes_me_very_well,describes_me_moderately,describes_me_very_well,describes_me_moderately,describes_me_moderately,describes_me_perfectly,0.0,3.0,1.0,1.0,4.0,0.0,1200.0,0.0,yes,yes,no,0.0,very_important,California,13.0
male,2.0,every_day,every_day,two_or_three_times_a_week,two_or_three_times_a_week,about_once_a_week,about_once_a_week,two_or_three_times_a_week,about_once_a_week,about_once_a_week,about_once_a_week,describes_me_very_little,describes_me_very_little,describes_me_a_little,describes_me_perfectly,describes_me_moderately,describes_me_very_little,describes_me_very_little,does_not_describe_me_at_all,does_not_describe_me_at_all,describes_me_very_little,describes_me_a_little,describes_me_a_little,describes_me_very_little,describes_me_moderately,describes_me_a_little,describes_me_very_little,0.0,20.0,5.0,2.0,10.0,0.0,0.0,0.0,yes,yes,no,0.0,not_at_all_important,Mississippi,3600.0
female,2.0,few_times_a_week,few_times_a_week,almost_every_day,almost_every_day,two_or_three_times_a_week,two_or_three_times_a_week,two_or_three_times_a_week,once_or_twice,about_once_a_week,once_or_twice,describes_me_well,describes_me_very_well,does_not_describe_me_at_all,describes_me_moderately,describes_me_moderately,describes_me_well,describes_me_very_little,describes_me_well,describes_me_well,describes_me_moderately,describes_me_moderately,describes_me_well,describes_me_very_well,describes_me_very_well,describes_me_very_well,describes_me_well,0.0,8.0,7.0,2.0,15.0,0.0,500.0,4300.0,no,yes,no,0.0,not_very_important,Michigan,1710.05
female,2.0,never,every_day,almost_every_day,almost_every_day,every_day,almost_every_day,almost_every_day,almost_every_day,almost_every_day,almost_every_day,describes_me_perfectly,describes_me_very_well,does_not_describe_me_at_all,describes_me_very_well,describes_me_well,describes_me_very_well,describes_me_moderately,describes_me_very_well,describes_me_very_well,describes_me_well,describes_me_very_well,describes_me_well,describes_me_very_well,describes_me_well,describes_me_well,describes_me_very_well,0.0,5.0,5.0,3.0,5.0,0.0,1500.0,2000.0,no,yes,no,0.0,very_important,New York,30000.0
female,2.0,every_day,few_times_a_week,almost_every_day,almost_every_day,two_or_three_times_a_week,two_or_three_times_a_week,about_once_a_week,never,never,once_or_twice,describes_me_very_well,describes_me_very_well,describes_me_well,describes_me_a_little,describes_me_well,describes_me_a_little,describes_me_very_little,describes_me_well,describes_me_very_little,describes_me_moderately,describes_me_perfectly,describes_me_very_little,describes_me_moderately,describes_me_very_little,describes_me_well,describes_me_a_little,0.0,6.0,7.0,1.0,15.0,0.0,8857.0,200.0,no,no,no,0.0,not_very_important,California,14000.0
male,2.0,never,every_day,about_once_a_week,every_day,every_day,never,never,never,almost_every_day,never,describes_me_perfectly,describes_me_perfectly,does_not_describe_me_at_all,describes_me_very_well,describes_me_well,describes_me_perfectly,does_not_describe_me_at_all,describes_me_perfectly,describes_me_perfectly,does_not_describe_me_at_all,describes_me_very_well,describes_me_well,describes_me_very_well,describes_me_well,describes_me_moderately,describes_me_perfectly,0.0,40.0,30.0,2.0,30.0,0.0,0.0,0.0,yes,no,no,0.0,extremely_important,Maryland,315.0
female,2.0,every_day,not_working_past_30_days,almost_every_day,almost_every_day,almost_every_day,two_or_three_times_a_week,almost_every_day,never,about_once_a_week,two_or_three_times_a_week,describes_me_well,describes_me_very_well,describes_me_moderately,describes_me_perfectly,describes_me_perfectly,describes_me_well,describes_me_well,describes_me_perfectly,describes_me_well,describes_me_well,describes_me_well,describes_me_a_little,describes_me_perfectly,describes_me_well,describes_me_very_well,describes_me_perfectly,0.41472,3.4073060352,5.832737823391744,3.8680171372806145,24.678861665990087,0.0,443.9086559605555,0.0,no,no,no,0.0,not_very_important,South Carolina,0.0
female,2.0,never,every_day,almost_every_day,almost_every_day,every_day,every_day,every_day,two_or_three_times_a_week,two_or_three_times_a_week,about_once_a_week,describes_me_perfectly,describes_me_very_little,describes_me_a_little,describes_me_perfectly,does_not_describe_me_at_all,describes_me_a_little,describes_me_very_little,describes_me_a_little,describes_me_well,describes_me_very_little,describes_me_perfectly,describes_me_well,describes_me_perfectly,describes_me_perfectly,describes_me_perfectly,describes_me_perfectly,2.0,20.0,6.0,15.0,90.0,0.0,30.0,400.0,no,no,no,0.0,extremely_important,Texas,0.0
female,2.0,every_day,every_day,almost_every_day,almost_every_day,almost_every_day,almost_every_day,almost_every_day,never,two_or_three_times_a_week,never,describes_me_well,describes_me_well,describes_me_very_little,describes_me_moderately,describes_me_very_well,describes_me_very_well,describes_me_moderately,describes_me_very_well,describes_me_very_well,describes_me_moderately,describes_me_well,describes_me_well,describes_me_well,describes_me_well,describes_me_well,describes_me_very_well,0.0,6.0,4.0,2.0,20.0,0.0,800.0,20000.0,no,no,no,0.0,very_important,Maryland,27.5
male,2.0,never,not_working_past_30_days,every_day,every_day,every_day,every_day,never,every_day,every_day,never,describes_me_perfectly,describes_me_perfectly,does_not_describe_me_at_all,describes_me_perfectly,does_not_describe_me_at_all,describes_me_perfectly,describes_me_moderately,does_not_describe_me_at_all,does_not_describe_me_at_all,does_not_describe_me_at_all,describes_me_perfectly,does_not_describe_me_at_all,describes_me_perfectly,describes_me_perfectly,describes_me_perfectly,does_not_describe_me_at_all,0.0,2.0,1.0,3.4076800000000005,7.0,0.0,0.0,0.0,no,yes,yes,4.0,extremely_important,Texas,0.0
male,2.0,never,every_day,two_or_three_times_a_week,every_day,two_or_three_times_a_week,never,never,never,two_or_three_times_a_week,never,describes_me_very_well,describes_me_perfectly,describes_me_perfectly,describes_me_well,describes_me_well,describes_me_very_well,describes_me_perfectly,describes_me_moderately,describes_me_perfectly,describes_me_perfectly,describes_me_perfectly,describes_me_well,describes_me_moderately,describes_me_perfectly,describes_me_perfectly,describes_me_perfectly,0.0,5.0,1.0,3.0,6.0,0.0,500.0,0.0,no,no,no,0.0,somewhat_important,Wisconsin,1700.0
female,2.0,few_times_a_week,every_day,almost_every_day,every_day,almost_every_day,almost_every_day,two_or_three_times_a_week,almost_every_day,every_day,two_or_three_times_a_week,describes_me_very_well,describes_me_very_well,does_not_describe_me_at_all,describes_me_moderately,describes_me_very_well,describes_me_moderately,describes_me_well,describes_me_very_well,describes_me_a_little,describes_me_well,describes_me_well,does_not_describe_me_at_all,describes_me_perfectly,describes_me_moderately,describes_me_very_little,describes_me_perfectly,0.0,6.0,10.0,5.0,20.0,0.0,1800.0,2000.0,no,yes,no,0.0,not_very_important,Massachusetts,70000.0
male,2.0,every_day,every_day,almost_every_day,every_day,almost_every_day,almost_every_day,about_once_a_week,never,every_day,never,describes_me_well,describes_me_well,describes_me_very_little,describes_me_well,describes_me_perfectly,describes_me_well,describes_me_a_little,describes_me_well,describes_me_moderately,describes_me_well,describes_me_very_well,describes_me_moderately,describes_me_very_well,describes_me_moderately,describes_me_well,describes_me_perfectly,0.0,6.4688,13.5072,2.0192,26.1024,297.6,96013624.7904,0.0,no,yes,no,0.0,not_at_all_important,Connecticut,0.0
female,2.0,not_in_school_past_30_days,every_day,two_or_three_times_a_week,two_or_three_times_a_week,about_once_a_week,once_or_twice,once_or_twice,once_or_twice,once_or_twice,never,describes_me_perfectly,describes_me_very_well,describes_me_well,describes_me_well,describes_me_perfectly,describes_me_moderately,describes_me_a_little,describes_me_well,describes_me_well,describes_me_well,describes_me_very_well,describes_me_moderately,describes_me_very_well,describes_me_moderately,describes_me_a_little,describes_me_very_well,1.0,20.0,4.0,4.0,15.0,0.0,0.0,2000.0,yes,no,no,0.0,not_at_all_important,Texas,10200.0
male,2.0,not_in_school_past_30_days,every_day,almost_every_day,almost_every_day,almost_every_day,almost_every_day,almost_every_day,almost_every_day,almost_every_day,never,describes_me_perfectly,describes_me_perfectly,describes_me_perfectly,describes_me_perfectly,describes_me_very_little,describes_me_well,describes_me_moderately,describes_me_perfectly,describes_me_perfectly,describes_me_moderately,describes_me_very_well,describes_me_moderately,describes_me_very_well,describes_me_very_well,describes_me_very_well,describes_me_very_well,0.0,1.0,5.0,4.0,20.0,0.0,7000.0,0.0,no,yes,no,0.0,not_at_all_important,Illinois,44.0
male,2.0,every_day,every_day,almost_every_day,almost_every_day,almost_every_day,every_day,every_day,about_once_a_week,almost_every_day,two_or_three_times_a_week,describes_me_perfectly,describes_me_well,describes_me_very_little,describes_me_moderately,describes_me_a_little,describes_me_well,describes_me_a_little,describes_me_moderately,describes_me_a_little,describes_me_well,describes_me_well,describes_me_perfectly,describes_me_very_well,describes_me_moderately,describes_me_very_well,describes_me_very_well,0.0,5.0,10.0,1.0,20.0,0.0,16700.0,0.0,no,yes,no,0.0,not_at_all_important,West Virginia,20.0
male,2.0,not_in_school_past_30_days,once_a_week,every_day,every_day,two_or_three_times_a_week,two_or_three_times_a_week,never,once_or_twice,once_or_twice,two_or_three_times_a_week,describes_me_very_well,describes_me_very_well,describes_me_very_little,describes_me_moderately,describes_me_very_well,describes_me_very_well,describes_me_well,describes_me_well,describes_me_perfectly,describes_me_well,describes_me_very_well,describes_me_well,describes_me_perfectly,describes_me_perfectly,describes_me_well,describes_me_very_well,0.0,10.0,20.0,20.0,15.0,0.0,0.0,0.0,yes,yes,no,0.0,extremely_important,Louisiana,2000.0
female,2.0,every_day,every_day,almost_every_day,two_or_three_times_a_week,two_or_three_times_a_week,never,never,never,about_once_a_week,every_day,describes_me_perfectly,describes_me_perfectly,describes_me_well,describes_me_perfectly,describes_me_moderately,describes_me_very_little,describes_me_very_little,describes_me_well,describes_me_moderately,describes_me_well,describes_me_very_well,describes_me_very_little,describes_me_well,describes_me_well,describes_me_well,describes_me_well,0.0,2.0,1.0,1.0,3.0,0.0,0.0,0.0,yes,yes,yes,1.0,very_important,Florida,19.41
male,2.0,never,never,every_day,every_day,every_day,every_day,every_day,every_day,every_day,every_day,describes_me_perfectly,does_not_describe_me_at_all,does_not_describe_me_at_all,describes_me_perfectly,describes_me_perfectly,describes_me_perfectly,does_not_describe_me_at_all,does_not_describe_me_at_all,does_not_describe_me_at_all,does_not_describe_me_at_all,does_not_describe_me_at_all,does_not_describe_me_at_all,describes_me_perfectly,does_not_describe_me_at_all,describes_me_perfectly,describes_me_perfectly,0.0,3.0,4.0,4.0,0.0,0.0,0.0,0.0,no,yes,no,0.0,somewhat_important,Mississippi,500.0
female,2.0,every_day,not_working_past_30_days,every_day,every_day,almost_every_day,about_once_a_week,never,once_or_twice,almost_every_day,never,describes_me_perfectly,describes_me_perfectly,describes_me_a_little,describes_me_well,describes_me_perfectly,describes_me_perfectly,describes_me_well,describes_me_perfectly,describes_me_perfectly,describes_me_perfectly,describes_me_very_well,describes_me_well,describes_me_well,describes_me_very_well,describes_me_very_little,describes_me_very_well,2.0,60.0,7.0,2.0,7.0,0.0,500.0,3000.0,no,no,no,0.0,not_at_all_important,Oregon,32.15
male,2.0,not_in_school_past_30_days,every_day,every_day,every_day,every_day,every_day,every_day,never,almost_every_day,once_or_twice,describes_me_perfectly,describes_me_well,describes_me_very_little,describes_me_moderately,describes_me_a_little,describes_me_well,describes_me_a_little,describes_me_moderately,does_not_describe_me_at_all,describes_me_a_little,describes_me_very_well,describes_me_moderately,describes_me_very_well,describes_me_very_little,describes_me_very_well,describes_me_well,1.0,1.0,3.0,0.0,14.0,4500.0,23000.0,0.0,no,no,no,0.0,not_at_all_important,Kentucky,120000.0
male,2.0,few_times_a_week,few_times_a_week,almost_every_day,almost_every_day,almost_every_day,every_day,about_once_a_week,once_or_twice,once_or_twice,once_or_twice,describes_me_well,describes_me_well,describes_me_moderately,describes_me_well,describes_me_a_little,describes_me_well,describes_me_well,describes_me_moderately,describes_me_very_little,describes_me_moderately,describes_me_moderately,describes_me_well,describes_me_well,describes_me_well,describes_me_perfectly,describes_me_well,0.0,8.0,4.0,2.0,8.0,0.0,1000.0,1000.0,no,yes,no,0.0,extremely_important,California,13.0
male,2.0,every_day,every_day,every_day,almost_every_day,almost_every_day,almost_every_day,almost_every_day,almost_every_day,almost_every_day,almost_every_day,describes_me_perfectly,describes_me_perfectly,describes_me_perfectly,describes_me_very_well,describes_me_perfectly,describes_me_perfectly,describes_me_very_little,describes_me_perfectly,describes_me_a_little,describes_me_very_well,describes_me_very_well,describes_me_a_little,describes_me_very_well,describes_me_very_well,describes_me_moderately,describes_me_perfectly,0.0,7.0,14.0,5.0,7.0,0.0,250.0,500.0,no,yes,no,0.0,somewhat_important,New Jersey,18.0
male,2.0,few_times_a_week,every_day,almost_every_day,every_day,every_day,two_or_three_times_a_week,about_once_a_week,about_once_a_week,two_or_three_times_a_week,every_day,describes_me_perfectly,describes_me_perfectly,describes_me_moderately,describes_me_perfectly,describes_me_well,describes_me_well,describes_me_a_little,describes_me_a_little,describes_me_very_little,describes_me_a_little,describes_me_very_well,describes_me_well,describes_me_very_well,describes_me_moderately,describes_me_perfectly,describes_me_perfectly,1.0,0.0,34.0,9.0,9.0,0.0,8.0,0.0,no,yes,yes,2.0,extremely_important,Florida,100.0
female,2.0,not_in_school_past_30_days,less_than_once_a_week,every_day,every_day,two_or_three_times_a_week,almost_every_day,two_or_three_times_a_week,about_once_a_week,about_once_a_week,two_or_three_times_a_week,describes_me_perfectly,describes_me_well,does_not_describe_me_at_all,describes_me_very_well,describes_me_moderately,describes_me_moderately,does_not_describe_me_at_all,describes_me_well,describes_me_very_well,describes_me_very_little,describes_me_well,describes_me_very_little,describes_me_perfectly,describes_me_very_well,describes_me_a_little,describes_me_well,0.0,6.0,15.0,2.0,25.0,0.0,15000.0,0.0,no,no,no,0.0,not_at_all_important,Oregon,11.0
female,2.0,every_day,few_times_a_week,almost_every_day,almost_every_day,almost_every_day,two_or_three_times_a_week,never,never,two_or_three_times_a_week,never,describes_me_perfectly,describes_me_very_well,describes_me_moderately,describes_me_moderately,describes_me_perfectly,describes_me_perfectly,describes_me_moderately,describes_me_perfectly,describes_me_well,describes_me_well,describes_me_well,describes_me_moderately,describes_me_perfectly,describes_me_well,describes_me_moderately,describes_me_perfectly,0.24,4.4,5.720000000000001,4.4,26.72,48.0,5760000844.144,0.0,no,yes,no,0.0,not_at_all_important,Michigan,0.0
female,2.0,not_in_school_past_30_days,few_times_a_week,almost_every_day,almost_every_day,once_or_twice,once_or_twice,once_or_twice,once_or_twice,about_once_a_week,never,describes_me_perfectly,describes_me_perfectly,describes_me_perfectly,describes_me_a_little,describes_me_perfectly,describes_me_a_little,describes_me_moderately,describes_me_perfectly,describes_me_perfectly,describes_me_perfectly,describes_me_perfectly,describes_me_perfectly,describes_me_perfectly,describes_me_perfectly,describes_me_a_little,describes_me_perfectly,0.0,2.0,5.0,3.0,3.0,0.0,800.0,2500.0,no,yes,no,0.0,extremely_important,Arizona,38.0
female,2.0,not_in_school_past_30_days,never,almost_every_day,two_or_three_times_a_week,once_or_twice,never,never,never,never,never,describes_me_perfectly,describes_me_moderately,describes_me_very_little,describes_me_moderately,describes_me_perfectly,describes_me_perfectly,describes_me_well,describes_me_very_little,describes_me_perfectly,describes_me_perfectly,describes_me_well,describes_me_well,describes_me_perfectly,describes_me_a_little,describes_me_well,describes_me_well,0.0,28.0,28.0,20.0,60.0,0.0,0.0,0.0,no,yes,no,0.0,very_important,Florida,12.0
male,2.0,few_times_a_week,few_times_a_week,two_or_three_times_a_week,two_or_three_times_a_week,two_or_three_times_a_week,once_or_twice,almost_every_day,two_or_three_times_a_week,once_or_twice,two_or_three_times_a_week,describes_me_perfectly,describes_me_moderately,describes_me_a_little,describes_me_well,describes_me_well,describes_me_a_little,describes_me_very_little,describes_me_moderately,describes_me_a_little,describes_me_moderately,describes_me_well,describes_me_well,describes_me_very_well,describes_me_well,describes_me_very_well,describes_me_perfectly,0.0,2.0,3.0,1.0,4.0,0.0,82.0,0.0,no,no,no,0.0,not_at_all_important,Mississippi,7.4
male,2.0,never,every_day,almost_every_day,every_day,almost_every_day,every_day,almost_every_day,almost_every_day,never,never,describes_me_perfectly,describes_me_a_little,describes_me_very_little,describes_me_well,describes_me_well,describes_me_a_little,describes_me_a_little,describes_me_very_little,describes_me_well,describes_me_a_little,describes_me_a_little,describes_me_moderately,describes_me_well,describes_me_well,describes_me_a_little,describes_me_well,0.0,3.0,8.0,2.0,40.0,0.0,0.0,0.0,yes,yes,yes,1.0,somewhat_important,Louisiana,10000.0
female,2.0,every_day,not_working_past_30_days,almost_every_day,every_day,almost_every_day,almost_every_day,almost_every_day,two_or_three_times_a_week,almost_every_day,two_or_three_times_a_week,describes_me_very_well,describes_me_well,describes_me_very_little,describes_me_moderately,describes_me_well,describes_me_well,describes_me_very_little,describes_me_well,describes_me_very_well,describes_me_well,describes_me_very_well,describes_me_very_well,describes_me_perfectly,describes_me_very_well,describes_me_moderately,describes_me_well,0.0,5.0,10.0,2.0,6.0,0.0,6000.0,0.0,no,no,no,0.0,not_at_all_important,Indiana,0.0
male,2.0,less_than_once_a_week,once_a_week,about_once_a_week,about_once_a_week,about_once_a_week,once_or_twice,once_or_twice,once_or_twice,once_or_twice,never,describes_me_moderately,describes_me_moderately,describes_me_well,describes_me_a_little,describes_me_perfectly,describes_me_very_well,describes_me_a_little,describes_me_a_little,describes_me_a_little,describes_me_well,describes_me_moderately,describes_me_very_well,describes_me_well,describes_me_moderately,describes_me_a_little,describes_me_moderately,0.0,3.0,1.0,2.0,4.0,0.0,0.0,0.0,no,yes,no,0.0,somewhat_important,California,10012.5
female,2.0,few_times_a_week,every_day,almost_every_day,every_day,every_day,almost_every_day,almost_every_day,two_or_three_times_a_week,two_or_three_times_a_week,about_once_a_week,describes_me_perfectly,describes_me_moderately,describes_me_very_little,describes_me_very_little,describes_me_well,describes_me_well,describes_me_perfectly,describes_me_well,describes_me_very_little,describes_me_well,describes_me_very_well,describes_me_very_well,describes_me_perfectly,describes_me_very_little,describes_me_a_little,describes_me_perfectly,0.0,7.0,14.0,3.0,20.0,0.0,10000.0,0.0,no,yes,no,0.0,somewhat_important,New York,3140.0
female,2.0,not_in_school_past_30_days,every_day,two_or_three_times_a_week,almost_every_day,two_or_three_times_a_week,two_or_three_times_a_week,almost_every_day,never,about_once_a_week,once_or_twice,describes_me_very_well,describes_me_very_well,describes_me_very_little,describes_me_moderately,describes_me_perfectly,describes_me_perfectly,describes_me_very_little,describes_me_moderately,describes_me_well,describes_me_very_well,describes_me_perfectly,describes_me_moderately,describes_me_well,describes_me_well,does_not_describe_me_at_all,describes_me_perfectly,0.0,15.0,15.0,5.0,10.0,0.0,600.0,250.0,no,yes,no,0.0,somewhat_important,California,37000.0
male,2.0,every_day,every_day,two_or_three_times_a_week,two_or_three_times_a_week,two_or_three_times_a_week,about_once_a_week,never,once_or_twice,once_or_twice,once_or_twice,describes_me_perfectly,describes_me_perfectly,describes_me_perfectly,describes_me_perfectly,describes_me_well,describes_me_a_little,describes_me_moderately,describes_me_perfectly,describes_me_well,describes_me_well,describes_me_very_well,describes_me_a_little,describes_me_well,describes_me_well,describes_me_well,describes_me_well,0.4,5.0,10.0,2.0,12.0,0.0,0.0,0.0,no,yes,no,0.0,very_important,Ohio,85.0
female,2.0,every_day,every_day,once_or_twice,once_or_twice,once_or_twice,once_or_twice,never,once_or_twice,once_or_twice,once_or_twice,describes_me_perfectly,describes_me_perfectly,describes_me_very_little,describes_me_very_well,describes_me_perfectly,describes_me_perfectly,describes_me_very_well,describes_me_perfectly,describes_me_perfectly,describes_me_perfectly,describes_me_perfectly,describes_me_very_well,describes_me_very_well,describes_me_well,describes_me_very_little,describes_me_perfectly,1.0,21.0,14.0,7.0,7.0,0.0,2.0,0.0,no,yes,no,0.0,somewhat_important,South Carolina,25000.0
male,2.0,once_a_week,never,almost_every_day,almost_every_day,almost_every_day,two_or_three_times_a_week,almost_every_day,almost_every_day,two_or_three_times_a_week,about_once_a_week,describes_me_well,describes_me_perfectly,does_not_describe_me_at_all,describes_me_very_well,describes_me_perfectly,describes_me_perfectly,describes_me_well,describes_me_perfectly,describes_me_perfectly,does_not_describe_me_at_all,describes_me_well,describes_me_a_little,describes_me_perfectly,describes_me_well,describes_me_well,describes_me_well,0.0,15.0,2.0,2.16,20.0,0.0,400.0,0.0,no,yes,no,0.0,very_important,California,4000.0
female,2.0,every_day,few_times_a_week,two_or_three_times_a_week,about_once_a_week,once_or_twice,two_or_three_times_a_week,almost_every_day,never,once_or_twice,never,describes_me_very_well,describes_me_well,describes_me_moderately,describes_me_a_little,describes_me_very_well,describes_me_perfectly,describes_me_perfectly,describes_me_well,does_not_describe_me_at_all,describes_me_a_little,describes_me_well,describes_me_well,describes_me_well,describes_me_very_little,describes_me_very_little,describes_me_very_well,0.0,10.0,14.0,1.0,3.0,0.0,0.0,508.0,no,yes,no,0.0,extremely_important,North Carolina,9.0
male,2.0,every_day,every_day,every_day,every_day,every_day,every_day,two_or_three_times_a_week,almost_every_day,about_once_a_week,once_or_twice,describes_me_perfectly,describes_me_moderately,describes_me_very_well,describes_me_perfectly,describes_me_a_little,does_not_describe_me_at_all,does_not_describe_me_at_all,describes_me_perfectly,describes_me_perfectly,describes_me_very_little,describes_me_perfectly,describes_me_moderately,describes_me_moderately,describes_me_moderately,describes_me_moderately,describes_me_moderately,0.0,7.0,7.0,48.0,11.0,0.0,0.0,0.0,no,yes,yes,1.0,somewhat_important,Delaware,7016.0
female,2.0,not_in_school_past_30_days,not_working_past_30_days,once_or_twice,about_once_a_week,once_or_twice,once_or_twice,never,once_or_twice,once_or_twice,never,describes_me_perfectly,describes_me_very_little,describes_me_moderately,describes_me_a_little,describes_me_very_well,describes_me_well,describes_me_perfectly,describes_me_well,describes_me_a_little,describes_me_perfectly,describes_me_very_little,describes_me_very_little,describes_me_moderately,describes_me_moderately,does_not_describe_me_at_all,describes_me_moderately,0.0,4.0,2.0,3.0,6.0,0.0,9999999999.0,5000.0,yes,no,no,0.0,extremely_important,Michigan,11.0
female,2.0,not_in_school_past_30_days,every_day,almost_every_day,every_day,almost_every_day,almost_every_day,never,never,almost_every_day,never,describes_me_perfectly,describes_me_perfectly,describes_me_very_little,describes_me_perfectly,describes_me_perfectly,describes_me_well,describes_me_a_little,describes_me_perfectly,describes_me_perfectly,describes_me_well,describes_me_perfectly,describes_me_perfectly,describes_me_perfectly,describes_me_perfectly,describes_me_very_well,describes_me_perfectly,0.4048,9.2017339392,11.921151873024,4.2043554611200005,8.4568847515648,0.0,698303930.1179699,0.0,no,yes,no,0.0,very_important,North Carolina,0.0
female,2.0,never,never,every_day,every_day,every_day,every_day,every_day,every_day,almost_every_day,almost_every_day,describes_me_perfectly,describes_me_perfectly,describes_me_moderately,describes_me_very_well,describes_me_very_well,describes_me_perfectly,describes_me_well,describes_me_perfectly,describes_me_well,describes_me_moderately,describes_me_perfectly,describes_me_very_well,describes_me_perfectly,describes_me_very_well,describes_me_well,describes_me_perfectly,0.0,3.0,3.0,1.0,3.0,0.0,1000.0,0.0,no,yes,no,0.0,not_at_all_important,Pennsylvania,0.0
female,2.0,less_than_once_a_week,never,two_or_three_times_a_week,about_once_a_week,never,never,never,never,almost_every_day,once_or_twice,describes_me_moderately,describes_me_very_little,describes_me_very_little,describes_me_moderately,describes_me_perfectly,describes_me_moderately,describes_me_moderately,does_not_describe_me_at_all,describes_me_perfectly,describes_me_perfectly,describes_me_perfectly,describes_me_perfectly,describes_me_well,describes_me_moderately,describes_me_a_little,describes_me_very_well,0.0,2.0,2.0,1.0,3.0,0.0,9.0,0.0,no,yes,no,0.0,not_at_all_important,Pennsylvania,8.0
male,2.0,every_day,once_a_week,almost_every_day,every_day,almost_every_day,two_or_three_times_a_week,never,never,about_once_a_week,never,describes_me_perfectly,describes_me_perfectly,describes_me_very_little,describes_me_perfectly,describes_me_perfectly,describes_me_well,describes_me_a_little,describes_me_perfectly,describes_me_well,describes_me_well,describes_me_perfectly,describes_me_perfectly,describes_me_perfectly,describes_me_perfectly,describes_me_a_little,describes_me_well,0.24,4.552,10.59776,4.04,12.7781504,0.0,400000637.4,0.0,no,yes,no,0.0,extremely_important,Florida,0.0
female,2.0,not_in_school_past_30_days,every_day,almost_every_day,almost_every_day,almost_every_day,two_or_three_times_a_week,almost_every_day,two_or_three_times_a_week,two_or_three_times_a_week,almost_every_day,describes_me_perfectly,describes_me_very_well,describes_me_well,describes_me_well,describes_me_well,describes_me_moderately,describes_me_a_little,describes_me_well,describes_me_perfectly,describes_me_very_well,describes_me_very_well,describes_me_well,describes_me_very_well,describes_me_very_well,describes_me_very_little,describes_me_moderately,0.0,14.0,21.0,7.0,10.0,0.0,10000.0,0.0,no,yes,no,0.0,somewhat_important,New Jersey,6000.0
male,2.0,few_times_a_week,every_day,every_day,every_day,every_day,every_day,every_day,once_or_twice,two_or_three_times_a_week,two_or_three_times_a_week,describes_me_well,describes_me_very_well,describes_me_very_little,describes_me_well,describes_me_well,describes_me_very_well,describes_me_well,describes_me_well,describes_me_very_well,describes_me_moderately,describes_me_well,describes_me_moderately,describes_me_very_well,describes_me_well,describes_me_moderately,describes_me_very_well,0.0,6.0,2.0,1.0,20.0,0.0,5000.0,0.0,no,yes,no,0.0,very_important,Michigan,11800.0
female,2.0,not_in_school_past_30_days,every_day,almost_every_day,every_day,almost_every_day,almost_every_day,never,never,almost_every_day,never,describes_me_perfectly,describes_me_perfectly,describes_me_very_little,describes_me_perfectly,describes_me_perfectly,describes_me_perfectly,describes_me_a_little,describes_me_perfectly,describes_me_perfectly,describes_me_well,describes_me_perfectly,describes_me_perfectly,describes_me_perfectly,describes_me_perfectly,describes_me_moderately,describes_me_perfectly,0.1119999999999999,9.56,11.684566528,4.85607424,8.445348024320001,0.0,1007032663.6471984,0.0,no,yes,no,0.0,very_important,Florida,0.0
female,2.0,few_times_a_week,once_a_week,almost_every_day,every_day,every_day,every_day,every_day,every_day,every_day,every_day,describes_me_very_well,describes_me_very_well,describes_me_very_little,describes_me_moderately,describes_me_a_little,describes_me_well,does_not_describe_me_at_all,describes_me_very_well,describes_me_moderately,does_not_describe_me_at_all,describes_me_very_well,does_not_describe_me_at_all,describes_me_very_well,describes_me_moderately,describes_me_moderately,describes_me_very_well,0.0,3.0,9.0,2.0,15.0,0.0,800.0,0.0,no,yes,no,0.0,somewhat_important,Oregon,1100.0
female,2.0,every_day,once_a_week,once_or_twice,once_or_twice,once_or_twice,once_or_twice,once_or_twice,once_or_twice,almost_every_day,never,describes_me_very_well,does_not_describe_me_at_all,describes_me_moderately,describes_me_very_well,describes_me_perfectly,describes_me_perfectly,describes_me_well,does_not_describe_me_at_all,describes_me_a_little,describes_me_very_well,describes_me_very_well,describes_me_perfectly,describes_me_perfectly,describes_me_moderately,describes_me_a_little,describes_me_very_well,0.0,6.0,3.0,1.0,12.0,0.0,10.0,0.0,yes,yes,no,0.0,not_at_all_important,Virginia,16.5
female,2.0,once_a_week,less_than_once_a_week,two_or_three_times_a_week,about_once_a_week,once_or_twice,two_or_three_times_a_week,once_or_twice,almost_every_day,almost_every_day,almost_every_day,describes_me_a_little,describes_me_a_little,describes_me_well,describes_me_a_little,describes_me_a_little,describes_me_well,describes_me_a_little,describes_me_a_little,describes_me_moderately,describes_me_perfectly,describes_me_well,describes_me_a_little,describes_me_moderately,describes_me_very_little,describes_me_a_little,describes_me_a_little,0.0,10.0,13.0,5.0,7.0,0.0,0.0,0.0,yes,yes,no,0.0,extremely_important,North Carolina,0.0
male,2.0,less_than_once_a_week,every_day,every_day,every_day,every_day,every_day,never,every_day,every_day,once_or_twice,describes_me_perfectly,describes_me_perfectly,describes_me_a_little,describes_me_perfectly,describes_me_perfectly,describes_me_perfectly,describes_me_moderately,describes_me_perfectly,describes_me_well,describes_me_very_little,describes_me_perfectly,describes_me_well,describes_me_perfectly,describes_me_perfectly,describes_me_perfectly,describes_me_perfectly,1.0,4.0,24.0,6.0,0.0,0.0,0.0,0.0,yes,no,yes,1.0,somewhat_important,Mississippi,200.0
female,2.0,every_day,few_times_a_week,almost_every_day,every_day,every_day,two_or_three_times_a_week,once_or_twice,once_or_twice,almost_every_day,almost_every_day,describes_me_very_well,describes_me_perfectly,describes_me_very_little,describes_me_very_well,describes_me_moderately,describes_me_very_well,describes_me_moderately,describes_me_very_well,describes_me_very_well,describes_me_moderately,describes_me_very_well,describes_me_a_little,describes_me_very_well,describes_me_very_well,describes_me_moderately,describes_me_moderately,0.0,20.0,20.0,5.0,10.0,0.0,10000.0,0.0,no,no,no,0.0,somewhat_important,California,24.5
male,2.0,few_times_a_week,few_times_a_week,about_once_a_week,two_or_three_times_a_week,once_or_twice,two_or_three_times_a_week,once_or_twice,never,every_day,never,describes_me_perfectly,describes_me_a_little,describes_me_well,describes_me_well,does_not_describe_me_at_all,describes_me_well,describes_me_well,describes_me_moderately,describes_me_very_well,describes_me_well,describes_me_a_little,describes_me_perfectly,describes_me_very_well,describes_me_very_well,describes_me_a_little,describes_me_perfectly,0.0,2.0,4.0,1.0,14.0,0.0,100.0,0.0,no,no,no,0.0,not_very_important,Florida,0.0
male,2.0,not_in_school_past_30_days,every_day,every_day,every_day,almost_every_day,almost_every_day,almost_every_day,about_once_a_week,almost_every_day,almost_every_day,describes_me_very_well,describes_me_moderately,describes_me_a_little,describes_me_moderately,describes_me_a_little,describes_me_well,describes_me_very_little,describes_me_moderately,describes_me_very_well,describes_me_well,describes_me_very_well,describes_me_moderately,describes_me_moderately,describes_me_moderately,describes_me_very_well,describes_me_perfectly,0.016,5.848,5.328,2.336,17.824,0.0,16272.0,56.5472,no,yes,no,0.0048,not_very_important,North Carolina,0.0
male,2.0,few_times_a_week,few_times_a_week,every_day,almost_every_day,two_or_three_times_a_week,almost_every_day,every_day,about_once_a_week,two_or_three_times_a_week,two_or_three_times_a_week,describes_me_very_well,describes_me_very_well,describes_me_a_little,describes_me_a_little,describes_me_very_little,describes_me_well,describes_me_a_little,describes_me_well,does_not_describe_me_at_all,describes_me_moderately,describes_me_well,describes_me_very_well,describes_me_very_well,describes_me_very_little,describes_me_very_well,describes_me_very_little,0.0,3.0,10.0,2.0,10.0,0.0,5000.0,497.0,yes,no,no,0.0,somewhat_important,Indiana,11.4
male,2.0,every_day,every_day,two_or_three_times_a_week,about_once_a_week,about_once_a_week,once_or_twice,about_once_a_week,never,once_or_twice,once_or_twice,describes_me_moderately,describes_me_well,describes_me_moderately,describes_me_well,describes_me_perfectly,describes_me_perfectly,describes_me_very_well,describes_me_very_little,describes_me_perfectly,describes_me_perfectly,describes_me_a_little,describes_me_perfectly,describes_me_very_well,describes_me_well,does_not_describe_me_at_all,describes_me_perfectly,0.0,5.0,4.0,7.0,25.0,0.0,0.0,0.0,no,yes,no,0.0,extremely_important,California,15.0
male,2.0,never,every_day,almost_every_day,every_day,every_day,every_day,once_or_twice,two_or_three_times_a_week,almost_every_day,two_or_three_times_a_week,describes_me_perfectly,describes_me_perfectly,describes_me_moderately,describes_me_very_well,describes_me_very_well,describes_me_a_little,describes_me_moderately,describes_me_perfectly,describes_me_a_little,describes_me_a_little,describes_me_perfectly,describes_me_a_little,describes_me_very_well,describes_me_very_well,describes_me_moderately,describes_me_perfectly,0.0,14.0,14.0,1.0,7.0,0.0,35000.0,0.0,yes,no,no,0.0,extremely_important,New York,15.0
female,2.0,less_than_once_a_week,less_than_once_a_week,every_day,every_day,every_day,every_day,never,once_or_twice,two_or_three_times_a_week,never,describes_me_well,describes_me_perfectly,describes_me_a_little,describes_me_very_well,describes_me_a_little,describes_me_perfectly,does_not_describe_me_at_all,describes_me_perfectly,describes_me_well,describes_me_moderately,describes_me_moderately,describes_me_well,describes_me_perfectly,describes_me_perfectly,describes_me_very_well,describes_me_perfectly,2.0,15.0,15.0,10.0,15.0,0.0,9999999999.0,9999999999.0,no,no,no,0.0,extremely_important,South Carolina,950.0
male,2.0,never,once_a_week,two_or_three_times_a_week,every_day,every_day,two_or_three_times_a_week,two_or_three_times_a_week,once_or_twice,two_or_three_times_a_week,two_or_three_times_a_week,describes_me_well,describes_me_well,describes_me_very_little,describes_me_a_little,describes_me_well,describes_me_very_little,describes_me_a_little,describes_me_very_well,describes_me_well,describes_me_moderately,describes_me_perfectly,describes_me_very_well,describes_me_well,describes_me_moderately,describes_me_perfectly,describes_me_perfectly,0.0,1.0,6.0,2.336,10.0,0.0,22000.0,0.0,no,no,no,0.0,somewhat_important,Virginia,4000.0
male,2.0,once_a_week,once_a_week,two_or_three_times_a_week,about_once_a_week,almost_every_day,never,every_day,almost_every_day,every_day,almost_every_day,describes_me_very_well,describes_me_very_well,does_not_describe_me_at_all,describes_me_well,describes_me_perfectly,describes_me_perfectly,describes_me_very_little,describes_me_moderately,describes_me_a_little,does_not_describe_me_at_all,describes_me_perfectly,describes_me_perfectly,describes_me_perfectly,describes_me_perfectly,describes_me_perfectly,describes_me_perfectly,0.0,14.0,14.0,6.0,20.0,0.0,0.0,150.0,no,yes,no,0.0,very_important,Tennessee,7000.0
male,2.0,not_in_school_past_30_days,less_than_once_a_week,almost_every_day,almost_every_day,two_or_three_times_a_week,about_once_a_week,never,about_once_a_week,almost_every_day,about_once_a_week,describes_me_very_well,describes_me_perfectly,describes_me_moderately,describes_me_very_well,does_not_describe_me_at_all,describes_me_moderately,describes_me_moderately,describes_me_perfectly,describes_me_perfectly,does_not_describe_me_at_all,describes_me_very_well,does_not_describe_me_at_all,describes_me_very_well,describes_me_very_well,describes_me_very_well,describes_me_very_well,0.0,2.0,1.0,2.0,5.0,0.0,400.0,0.0,yes,yes,no,0.0,extremely_important,Texas,420.0
female,2.0,not_in_school_past_30_days,every_day,two_or_three_times_a_week,two_or_three_times_a_week,two_or_three_times_a_week,two_or_three_times_a_week,two_or_three_times_a_week,two_or_three_times_a_week,two_or_three_times_a_week,two_or_three_times_a_week,describes_me_very_well,describes_me_very_well,describes_me_well,describes_me_well,describes_me_well,describes_me_very_well,describes_me_moderately,describes_me_perfectly,describes_me_perfectly,describes_me_a_little,describes_me_very_well,describes_me_moderately,describes_me_very_well,describes_me_very_well,describes_me_very_well,describes_me_perfectly,0.0,14.0,14.0,3.0,30.0,0.0,30800.0,0.0,no,yes,no,0.0,somewhat_important,Massachusetts,67000.0
female,2.0,not_in_school_past_30_days,few_times_a_week,almost_every_day,every_day,every_day,every_day,every_day,almost_every_day,every_day,two_or_three_times_a_week,describes_me_well,describes_me_perfectly,describes_me_moderately,describes_me_very_well,describes_me_perfectly,describes_me_very_well,describes_me_well,describes_me_perfectly,describes_me_perfectly,describes_me_well,describes_me_well,describes_me_very_little,describes_me_very_well,describes_me_perfectly,describes_me_moderately,describes_me_very_well,0.0,6.0,4.0,2.0,10.0,100.0,2000.0,2000.0,no,yes,no,0.0,somewhat_important,Pennsylvania,6050.0
female,2.0,every_day,never,almost_every_day,almost_every_day,almost_every_day,every_day,every_day,once_or_twice,two_or_three_times_a_week,never,describes_me_perfectly,describes_me_well,describes_me_very_little,describes_me_perfectly,describes_me_perfectly,describes_me_perfectly,describes_me_moderately,describes_me_moderately,describes_me_perfectly,describes_me_perfectly,describes_me_perfectly,describes_me_well,describes_me_perfectly,describes_me_perfectly,describes_me_moderately,describes_me_perfectly,0.0,10.0,10.0,1.0,5.0,0.0,64.0,0.0,no,no,no,0.0,not_at_all_important,Tennessee,0.0
male,2.0,not_in_school_past_30_days,once_a_week,every_day,every_day,every_day,every_day,never,two_or_three_times_a_week,every_day,almost_every_day,describes_me_moderately,describes_me_perfectly,describes_me_very_little,describes_me_very_well,does_not_describe_me_at_all,describes_me_moderately,describes_me_a_little,describes_me_perfectly,describes_me_a_little,describes_me_moderately,describes_me_perfectly,describes_me_well,describes_me_moderately,describes_me_perfectly,describes_me_perfectly,describes_me_perfectly,9.0,10.0,32.0,0.0,4.0,0.0,500.0,0.0,no,no,no,0.0,extremely_important,Mississippi,20.0
male,2.0,not_in_school_past_30_days,once_a_week,two_or_three_times_a_week,two_or_three_times_a_week,two_or_three_times_a_week,every_day,never,never,almost_every_day,once_or_twice,describes_me_perfectly,describes_me_well,describes_me_a_little,describes_me_well,describes_me_well,describes_me_very_well,describes_me_very_well,describes_me_perfectly,describes_me_moderately,describes_me_very_well,describes_me_very_well,describes_me_moderately,describes_me_perfectly,describes_me_well,describes_me_well,describes_me_perfectly,0.0,5.0,3.0,1.0,12.0,0.0,5000.0,0.0,no,yes,no,0.0,somewhat_important,California,15.0
male,2.0,not_in_school_past_30_days,few_times_a_week,two_or_three_times_a_week,two_or_three_times_a_week,about_once_a_week,once_or_twice,about_once_a_week,once_or_twice,about_once_a_week,about_once_a_week,describes_me_very_well,describes_me_a_little,describes_me_moderately,describes_me_moderately,describes_me_very_little,describes_me_well,describes_me_very_well,describes_me_well,describes_me_perfectly,describes_me_moderately,describes_me_well,describes_me_very_well,describes_me_well,describes_me_well,describes_me_very_well,describes_me_well,0.0,5.0,6.0,1.0,6.0,0.0,6000.0,0.0,yes,yes,no,0.0,not_at_all_important,California,16000.0
male,2.0,never,few_times_a_week,every_day,every_day,every_day,every_day,every_day,once_or_twice,once_or_twice,once_or_twice,describes_me_very_well,describes_me_perfectly,describes_me_a_little,describes_me_well,describes_me_a_little,describes_me_moderately,describes_me_very_little,describes_me_perfectly,describes_me_perfectly,describes_me_very_little,describes_me_very_well,describes_me_moderately,describes_me_very_well,describes_me_perfectly,describes_me_very_well,describes_me_very_well,0.0,4.0,4.0,0.0,10.0,0.0,1540.0,1335.0,no,yes,no,0.0,very_important,Texas,39000.0
male,2.0,not_in_school_past_30_days,less_than_once_a_week,every_day,every_day,every_day,two_or_three_times_a_week,once_or_twice,two_or_three_times_a_week,two_or_three_times_a_week,never,describes_me_very_well,describes_me_moderately,does_not_describe_me_at_all,describes_me_well,does_not_describe_me_at_all,describes_me_perfectly,describes_me_moderately,does_not_describe_me_at_all,describes_me_moderately,does_not_describe_me_at_all,describes_me_perfectly,describes_me_very_well,describes_me_perfectly,describes_me_moderately,describes_me_perfectly,describes_me_moderately,0.0,10.0,8.0,5.0,12.0,0.0,500.0,0.0,no,no,no,0.0,not_very_important,South Dakota,10.0
female,2.0,not_in_school_past_30_days,every_day,every_day,every_day,every_day,every_day,every_day,almost_every_day,almost_every_day,once_or_twice,describes_me_perfectly,describes_me_perfectly,describes_me_a_little,describes_me_well,describes_me_moderately,describes_me_very_well,does_not_describe_me_at_all,describes_me_well,describes_me_moderately,describes_me_very_little,describes_me_very_well,describes_me_perfectly,describes_me_perfectly,describes_me_very_well,describes_me_perfectly,describes_me_perfectly,0.0,10.0,10.0,3.0,8.0,500.0,2500.0,18000.0,no,yes,no,0.0,extremely_important,Michigan,33000.0
male,2.0,never,few_times_a_week,almost_every_day,almost_every_day,almost_every_day,never,never,never,every_day,every_day,describes_me_well,describes_me_well,describes_me_a_little,describes_me_well,describes_me_well,describes_me_very_well,describes_me_well,describes_me_moderately,describes_me_perfectly,describes_me_moderately,describes_me_moderately,describes_me_well,describes_me_perfectly,describes_me_perfectly,describes_me_perfectly,describes_me_perfectly,0.0,2.0,14.0,1.0,8.0,0.0,200.0,0.0,no,no,no,0.0,not_very_important,Georgia,10.0
female,2.0,every_day,every_day,almost_every_day,every_day,almost_every_day,almost_every_day,almost_every_day,two_or_three_times_a_week,once_or_twice,never,describes_me_perfectly,describes_me_perfectly,describes_me_moderately,describes_me_perfectly,describes_me_a_little,describes_me_perfectly,describes_me_moderately,describes_me_perfectly,describes_me_perfectly,describes_me_a_little,describes_me_very_well,describes_me_perfectly,describes_me_perfectly,describes_me_moderately,describes_me_perfectly,describes_me_perfectly,0.0546969599999999,11.92,23.3250432,9.428459308253183,31.650455666757203,0.0,1776696706.0807922,0.0,no,yes,no,0.0,very_important,North Carolina,0.0
female,2.0,few_times_a_week,never,almost_every_day,every_day,every_day,almost_every_day,almost_every_day,never,once_or_twice,never,describes_me_well,describes_me_moderately,does_not_describe_me_at_all,describes_me_moderately,describes_me_perfectly,describes_me_well,describes_me_moderately,describes_me_a_little,describes_me_very_little,describes_me_very_well,describes_me_very_well,describes_me_moderately,describes_me_perfectly,describes_me_very_little,describes_me_a_little,describes_me_moderately,0.0,2.0,10.0,4.14363904,5.0,0.0,1300.0,0.0,no,yes,no,0.0,not_at_all_important,Massachusetts,58.5
male,2.0,few_times_a_week,less_than_once_a_week,almost_every_day,almost_every_day,two_or_three_times_a_week,about_once_a_week,once_or_twice,once_or_twice,once_or_twice,never,describes_me_a_little,describes_me_well,describes_me_well,describes_me_well,describes_me_well,describes_me_perfectly,describes_me_very_well,describes_me_well,describes_me_moderately,describes_me_very_well,does_not_describe_me_at_all,describes_me_very_little,describes_me_perfectly,describes_me_well,describes_me_a_little,describes_me_well,0.0,7.0,4.0,1.0,20.0,0.0,20.0,0.0,yes,yes,no,0.0,not_very_important,North Carolina,9800.0
female,2.0,never,every_day,two_or_three_times_a_week,two_or_three_times_a_week,two_or_three_times_a_week,never,once_or_twice,once_or_twice,two_or_three_times_a_week,two_or_three_times_a_week,describes_me_well,describes_me_well,describes_me_a_little,describes_me_very_little,does_not_describe_me_at_all,describes_me_a_little,describes_me_very_little,describes_me_moderately,describes_me_well,describes_me_moderately,describes_me_very_well,describes_me_moderately,describes_me_very_well,describes_me_very_well,describes_me_very_little,describes_me_very_well,0.0,10.0,4.0,2.0,4.0,0.0,30000.0,0.0,no,yes,no,0.0,very_important,Wisconsin,29010.9
female,2.0,few_times_a_week,never,almost_every_day,every_day,almost_every_day,about_once_a_week,two_or_three_times_a_week,two_or_three_times_a_week,about_once_a_week,never,describes_me_well,describes_me_moderately,describes_me_very_little,describes_me_a_little,describes_me_well,describes_me_well,describes_me_well,describes_me_a_little,describes_me_perfectly,describes_me_well,describes_me_well,describes_me_well,describes_me_well,describes_me_well,describes_me_a_little,describes_me_moderately,0.0,5.0,14.0,10.0,20.0,0.0,1360.0,0.0,no,yes,no,0.0,somewhat_important,Texas,9.0
female,2.0,never,once_a_week,two_or_three_times_a_week,every_day,almost_every_day,about_once_a_week,never,once_or_twice,once_or_twice,once_or_twice,describes_me_perfectly,describes_me_a_little,describes_me_very_little,describes_me_well,describes_me_well,describes_me_moderately,describes_me_very_little,describes_me_very_well,describes_me_a_little,describes_me_moderately,describes_me_perfectly,describes_me_moderately,describes_me_very_well,describes_me_very_little,describes_me_moderately,describes_me_perfectly,0.0,21.0,21.0,3.0,0.0,0.0,0.0,0.0,no,no,no,0.0,not_at_all_important,Virginia,10.0
female,2.0,few_times_a_week,never,every_day,every_day,every_day,every_day,never,never,two_or_three_times_a_week,about_once_a_week,describes_me_a_little,describes_me_perfectly,describes_me_a_little,describes_me_perfectly,describes_me_moderately,describes_me_perfectly,does_not_describe_me_at_all,describes_me_very_well,describes_me_perfectly,does_not_describe_me_at_all,describes_me_perfectly,describes_me_perfectly,describes_me_perfectly,describes_me_a_little,describes_me_well,describes_me_perfectly,1.0,30.0,14.0,5.0,20.0,0.0,22000.0,320.0,no,yes,no,0.0,extremely_important,New York,27800.0
female,2.0,never,less_than_once_a_week,almost_every_day,almost_every_day,almost_every_day,once_or_twice,about_once_a_week,never,once_or_twice,two_or_three_times_a_week,describes_me_perfectly,describes_me_perfectly,describes_me_very_little,describes_me_perfectly,describes_me_perfectly,describes_me_perfectly,describes_me_well,describes_me_very_well,describes_me_perfectly,describes_me_very_little,describes_me_perfectly,describes_me_well,describes_me_very_well,describes_me_very_well,describes_me_well,describes_me_well,0.0,8.0,10.0,5.0,16.0,0.0,1500.0,0.0,yes,no,no,0.0,somewhat_important,Connecticut,21.1
male,2.0,not_in_school_past_30_days,few_times_a_week,two_or_three_times_a_week,every_day,never,two_or_three_times_a_week,never,never,never,never,describes_me_perfectly,describes_me_perfectly,describes_me_very_little,describes_me_perfectly,describes_me_moderately,describes_me_a_little,describes_me_a_little,describes_me_well,describes_me_moderately,describes_me_well,describes_me_very_well,describes_me_well,describes_me_moderately,describes_me_moderately,describes_me_moderately,describes_me_well,1.0,15.0,12.0,10.0,9.0,0.0,5000.0,0.0,no,no,no,0.0,not_at_all_important,Ohio,17000.0
female,2.0,never,few_times_a_week,about_once_a_week,two_or_three_times_a_week,about_once_a_week,two_or_three_times_a_week,never,never,about_once_a_week,two_or_three_times_a_week,describes_me_perfectly,describes_me_moderately,describes_me_a_little,describes_me_very_little,describes_me_perfectly,describes_me_perfectly,describes_me_a_little,describes_me_well,describes_me_well,describes_me_well,describes_me_perfectly,describes_me_very_well,describes_me_perfectly,describes_me_moderately,describes_me_a_little,describes_me_perfectly,0.0,5.0,10.0,2.432,5.0,0.0,0.0,0.0,no,yes,no,0.0,very_important,Louisiana,10000.0
female,2.0,few_times_a_week,few_times_a_week,two_or_three_times_a_week,every_day,two_or_three_times_a_week,two_or_three_times_a_week,two_or_three_times_a_week,two_or_three_times_a_week,two_or_three_times_a_week,two_or_three_times_a_week,describes_me_perfectly,describes_me_well,describes_me_very_little,describes_me_well,describes_me_perfectly,describes_me_perfectly,describes_me_very_little,describes_me_moderately,describes_me_very_well,describes_me_moderately,describes_me_perfectly,describes_me_perfectly,describes_me_perfectly,describes_me_moderately,describes_me_well,describes_me_moderately,0.0,7.0,8.0,4.0,6.0,0.0,5000.0,0.0,no,no,no,0.0,not_very_important,California,6000.0
male,2.0,few_times_a_week,few_times_a_week,every_day,every_day,every_day,every_day,every_day,every_day,every_day,every_day,describes_me_perfectly,describes_me_perfectly,describes_me_moderately,describes_me_moderately,describes_me_moderately,describes_me_well,describes_me_moderately,describes_me_well,describes_me_moderately,describes_me_a_little,describes_me_well,describes_me_a_little,describes_me_moderately,describes_me_well,describes_me_well,describes_me_well,0.0,2.0,2.0,0.0,5.0,0.0,200.0,800.0,no,yes,no,0.0,somewhat_important,Georgia,36000.0
male,2.0,not_in_school_past_30_days,once_a_week,almost_every_day,every_day,almost_every_day,almost_every_day,never,never,almost_every_day,never,describes_me_perfectly,describes_me_perfectly,describes_me_very_little,describes_me_perfectly,describes_me_perfectly,describes_me_well,describes_me_a_little,describes_me_perfectly,describes_me_perfectly,describes_me_well,describes_me_perfectly,describes_me_perfectly,describes_me_perfectly,describes_me_perfectly,describes_me_moderately,describes_me_perfectly,0.0,9.12896,12.2435712,4.426496,9.082029568,0.0,829440384.001536,0.0,no,no,no,0.0,very_important,North Carolina,0.0
female,2.0,few_times_a_week,every_day,almost_every_day,every_day,every_day,every_day,never,never,once_or_twice,once_or_twice,describes_me_perfectly,describes_me_perfectly,does_not_describe_me_at_all,describes_me_very_well,describes_me_perfectly,describes_me_perfectly,describes_me_very_well,describes_me_perfectly,describes_me_very_well,describes_me_very_well,describes_me_perfectly,describes_me_well,describes_me_perfectly,describes_me_very_well,describes_me_very_well,describes_me_perfectly,0.0,4.0,2.0,2.0,5.0,0.0,0.0,0.0,no,no,no,0.0,very_important,South Carolina,10.5
female,2.0,less_than_once_a_week,few_times_a_week,two_or_three_times_a_week,two_or_three_times_a_week,about_once_a_week,about_once_a_week,once_or_twice,once_or_twice,about_once_a_week,once_or_twice,describes_me_well,describes_me_moderately,describes_me_very_little,describes_me_well,describes_me_moderately,describes_me_very_little,describes_me_moderately,describes_me_a_little,describes_me_very_well,describes_me_well,describes_me_moderately,describes_me_moderately,describes_me_very_well,describes_me_well,describes_me_a_little,describes_me_well,0.0,20.0,15.0,2.0,20.0,0.0,1100.0,0.0,no,yes,no,0.0,not_very_important,Arizona,22000.0
male,2.0,not_in_school_past_30_days,few_times_a_week,every_day,every_day,almost_every_day,almost_every_day,every_day,two_or_three_times_a_week,two_or_three_times_a_week,two_or_three_times_a_week,describes_me_very_well,describes_me_very_well,describes_me_very_little,describes_me_well,describes_me_very_little,describes_me_very_well,describes_me_well,describes_me_perfectly,describes_me_well,describes_me_very_little,describes_me_very_well,describes_me_moderately,describes_me_well,describes_me_well,describes_me_perfectly,describes_me_perfectly,0.0,3.0,5.0,1.0,30.0,0.0,2000.0,0.0,no,yes,no,0.0,somewhat_important,New York,10.4
male,2.0,every_day,every_day,almost_every_day,almost_every_day,almost_every_day,almost_every_day,almost_every_day,two_or_three_times_a_week,two_or_three_times_a_week,about_once_a_week,describes_me_very_well,describes_me_very_well,describes_me_a_little,describes_me_very_well,describes_me_very_little,describes_me_moderately,describes_me_very_little,describes_me_very_well,describes_me_well,describes_me_very_little,describes_me_well,describes_me_a_little,describes_me_well,describes_me_well,describes_me_moderately,describes_me_very_well,0.0,3.0,4.0,1.0,5.0,0.0,8000.0,0.0,no,yes,no,0.0,very_important,Pennsylvania,19.0
male,2.0,not_in_school_past_30_days,not_working_past_30_days,every_day,every_day,every_day,almost_every_day,every_day,once_or_twice,almost_every_day,about_once_a_week,describes_me_very_well,describes_me_perfectly,describes_me_moderately,describes_me_very_well,describes_me_moderately,describes_me_very_well,does_not_describe_me_at_all,describes_me_perfectly,describes_me_very_well,describes_me_very_little,describes_me_very_well,describes_me_perfectly,describes_me_very_well,describes_me_very_well,describes_me_perfectly,describes_me_very_well,0.0,5.8,7.0,1.6,20.0,0.0,2100.0,0.0,no,no,no,0.0,very_important,North Carolina,0.0
male,2.0,not_in_school_past_30_days,every_day,almost_every_day,almost_every_day,almost_every_day,almost_every_day,almost_every_day,never,two_or_three_times_a_week,about_once_a_week,describes_me_a_little,describes_me_very_well,describes_me_very_little,describes_me_very_well,describes_me_very_well,describes_me_moderately,describes_me_well,describes_me_moderately,describes_me_perfectly,describes_me_perfectly,describes_me_a_little,describes_me_a_little,describes_me_very_well,describes_me_perfectly,does_not_describe_me_at_all,describes_me_perfectly,0.0,6.0,6.0,7.0,20.0,0.0,10000.0,0.0,no,yes,no,0.0,not_very_important,Washington,22000.0
male,2.0,few_times_a_week,every_day,almost_every_day,almost_every_day,almost_every_day,about_once_a_week,never,about_once_a_week,almost_every_day,almost_every_day,describes_me_very_well,describes_me_very_well,describes_me_very_little,describes_me_moderately,describes_me_well,describes_me_very_well,describes_me_well,describes_me_very_well,describes_me_perfectly,describes_me_a_little,describes_me_perfectly,describes_me_very_little,describes_me_very_well,describes_me_well,describes_me_perfectly,describes_me_very_well,0.0,3.0,14.0,2.0,40.0,0.0,0.0,0.0,yes,yes,no,0.0,somewhat_important,Massachusetts,8500.0
female,2.0,not_in_school_past_30_days,every_day,every_day,every_day,almost_every_day,once_or_twice,never,once_or_twice,two_or_three_times_a_week,once_or_twice,describes_me_very_well,describes_me_perfectly,describes_me_very_well,describes_me_well,describes_me_a_little,describes_me_well,describes_me_well,describes_me_perfectly,describes_me_perfectly,describes_me_very_little,describes_me_perfectly,describes_me_very_well,describes_me_perfectly,describes_me_very_well,describes_me_moderately,describes_me_moderately,0.0,10.0,5.0,3.0,8.0,0.0,200.0,8000.0,no,yes,yes,1.0,not_very_important,Pennsylvania,7700.0
female,2.0,every_day,not_working_past_30_days,almost_every_day,every_day,every_day,almost_every_day,two_or_three_times_a_week,once_or_twice,once_or_twice,once_or_twice,describes_me_very_well,describes_me_well,does_not_describe_me_at_all,describes_me_perfectly,describes_me_perfectly,describes_me_well,describes_me_moderately,describes_me_well,describes_me_well,describes_me_moderately,describes_me_well,describes_me_well,describes_me_very_well,describes_me_very_well,describes_me_moderately,describes_me_perfectly,0.0,1.0,1.0,2.0,2.0,0.0,21.0,0.0,no,no,no,0.0,extremely_important,South Carolina,0.0
male,2.0,not_in_school_past_30_days,never,every_day,every_day,almost_every_day,two_or_three_times_a_week,two_or_three_times_a_week,about_once_a_week,almost_every_day,two_or_three_times_a_week,describes_me_perfectly,describes_me_a_little,does_not_describe_me_at_all,describes_me_moderately,describes_me_well,describes_me_perfectly,describes_me_moderately,describes_me_very_well,describes_me_very_well,describes_me_very_little,describes_me_very_well,describes_me_very_well,describes_me_perfectly,describes_me_very_little,describes_me_well,describes_me_perfectly,0.0,4.0,14.0,1.0,15.0,0.0,377.0,5000.0,yes,yes,yes,1.0,not_very_important,Texas,122.0
male,2.0,never,never,about_once_a_week,about_once_a_week,almost_every_day,about_once_a_week,almost_every_day,once_or_twice,once_or_twice,once_or_twice,describes_me_well,describes_me_well,describes_me_well,describes_me_very_well,describes_me_a_little,describes_me_well,describes_me_very_well,describes_me_a_little,describes_me_very_well,describes_me_very_little,describes_me_well,describes_me_well,describes_me_well,describes_me_very_well,describes_me_very_well,describes_me_very_well,0.0,0.0,3.0,1.0,40.0,0.0,0.0,0.0,no,yes,no,0.0,not_very_important,Virginia,15607.0
male,2.0,never,less_than_once_a_week,once_or_twice,once_or_twice,once_or_twice,once_or_twice,never,once_or_twice,never,never,describes_me_well,describes_me_moderately,describes_me_a_little,describes_me_well,describes_me_very_little,describes_me_well,describes_me_a_little,describes_me_moderately,describes_me_very_well,describes_me_a_little,describes_me_well,describes_me_well,describes_me_well,describes_me_very_well,describes_me_very_well,describes_me_moderately,0.0,9.408,8.24,3.632,8.256,0.0,0.0,0.0,yes,yes,no,0.0,extremely_important,California,0.0
female,2.0,once_a_week,not_working_past_30_days,almost_every_day,almost_every_day,almost_every_day,almost_every_day,almost_every_day,almost_every_day,two_or_three_times_a_week,two_or_three_times_a_week,describes_me_very_well,describes_me_very_well,describes_me_well,describes_me_very_well,describes_me_well,describes_me_very_well,describes_me_moderately,describes_me_very_well,describes_me_well,describes_me_perfectly,describes_me_very_well,describes_me_very_well,describes_me_perfectly,describes_me_perfectly,describes_me_a_little,describes_me_very_well,0.0,4.0,2.0,2.0,3.0,0.0,0.0,0.0,no,no,no,0.0,somewhat_important,Tennessee,0.0
male,2.0,not_in_school_past_30_days,every_day,every_day,every_day,every_day,two_or_three_times_a_week,once_or_twice,once_or_twice,once_or_twice,never,describes_me_perfectly,describes_me_perfectly,describes_me_a_little,describes_me_perfectly,describes_me_perfectly,describes_me_well,describes_me_very_little,describes_me_very_well,does_not_describe_me_at_all,describes_me_perfectly,describes_me_perfectly,describes_me_moderately,describes_me_well,describes_me_very_well,describes_me_very_well,describes_me_perfectly,0.0,7.0,14.0,0.0,8.0,0.0,0.0,0.0,yes,yes,yes,1.0,not_at_all_important,Tennessee,26000.0
female,2.0,not_in_school_past_30_days,every_day,about_once_a_week,about_once_a_week,once_or_twice,about_once_a_week,once_or_twice,never,never,never,describes_me_perfectly,describes_me_perfectly,describes_me_very_little,describes_me_very_little,describes_me_perfectly,describes_me_very_little,describes_me_very_little,describes_me_perfectly,describes_me_perfectly,describes_me_perfectly,describes_me_well,describes_me_perfectly,describes_me_perfectly,describes_me_very_well,describes_me_a_little,describes_me_perfectly,0.0,15.0,14.0,2.0,35.0,0.0,3500.0,123.0,no,yes,no,0.0,extremely_important,Virginia,9.3
female,2.0,never,once_a_week,almost_every_day,almost_every_day,every_day,about_once_a_week,almost_every_day,about_once_a_week,almost_every_day,almost_every_day,describes_me_perfectly,describes_me_well,describes_me_very_little,describes_me_well,describes_me_perfectly,describes_me_very_well,describes_me_a_little,describes_me_very_well,describes_me_very_well,describes_me_very_little,describes_me_very_well,describes_me_well,describes_me_very_well,describes_me_well,describes_me_very_well,describes_me_perfectly,0.0,2.0,2.0,1.0,9.0,0.0,0.0,0.0,no,no,no,0.0,very_important,Michigan,0.0
male,2.0,few_times_a_week,every_day,every_day,every_day,every_day,every_day,every_day,every_day,every_day,every_day,describes_me_perfectly,describes_me_perfectly,describes_me_perfectly,describes_me_perfectly,does_not_describe_me_at_all,describes_me_perfectly,does_not_describe_me_at_all,describes_me_perfectly,does_not_describe_me_at_all,does_not_describe_me_at_all,describes_me_perfectly,describes_me_perfectly,describes_me_perfectly,describes_me_perfectly,describes_me_very_little,describes_me_very_little,3.0,15.0,9.0,3.0,10.0,0.0,0.0,0.0,no,no,no,0.0,not_at_all_important,Alabama,14.0
female,2.0,every_day,not_working_past_30_days,every_day,every_day,every_day,every_day,every_day,every_day,every_day,never,describes_me_perfectly,describes_me_perfectly,describes_me_well,describes_me_perfectly,does_not_describe_me_at_all,describes_me_perfectly,does_not_describe_me_at_all,describes_me_perfectly,describes_me_perfectly,describes_me_very_little,describes_me_perfectly,describes_me_very_little,describes_me_perfectly,describes_me_perfectly,describes_me_very_well,describes_me_perfectly,0.0,4.0,4.0,2.0,2.0,0.0,0.0,0.0,no,no,no,0.0,not_at_all_important,Alabama,0.0
male,2.0,every_day,every_day,almost_every_day,almost_every_day,every_day,every_day,every_day,once_or_twice,every_day,never,describes_me_very_well,describes_me_a_little,describes_me_very_little,describes_me_well,describes_me_moderately,describes_me_very_little,describes_me_very_little,describes_me_a_little,describes_me_perfectly,describes_me_very_little,describes_me_very_well,describes_me_perfectly,describes_me_well,describes_me_perfectly,describes_me_perfectly,describes_me_perfectly,1.0,6.0,7.0,2.0,6.0,3000.0,9999999999.0,0.0,no,yes,no,0.0,extremely_important,Ohio,54000.0
male,2.0,not_in_school_past_30_days,never,two_or_three_times_a_week,about_once_a_week,two_or_three_times_a_week,almost_every_day,never,never,every_day,once_or_twice,describes_me_perfectly,describes_me_moderately,describes_me_moderately,describes_me_well,describes_me_very_well,describes_me_a_little,describes_me_a_little,does_not_describe_me_at_all,describes_me_moderately,does_not_describe_me_at_all,describes_me_very_well,describes_me_moderately,describes_me_perfectly,describes_me_very_well,describes_me_perfectly,describes_me_perfectly,2.0,15.0,20.0,6.0,10.0,0.0,0.0,0.0,yes,no,yes,2.0,extremely_important,Mississippi,7300.0
female,2.0,few_times_a_week,not_working_past_30_days,every_day,every_day,almost_every_day,almost_every_day,every_day,almost_every_day,two_or_three_times_a_week,almost_every_day,describes_me_well,describes_me_very_well,describes_me_moderately,describes_me_well,describes_me_moderately,describes_me_well,describes_me_well,describes_me_perfectly,describes_me_moderately,describes_me_well,describes_me_very_well,describes_me_a_little,describes_me_well,describes_me_moderately,describes_me_a_little,describes_me_well,0.0,26.0,10.0,5.0,28.0,0.0,2800.0,0.0,no,yes,no,0.0,somewhat_important,North Carolina,0.0
female,2.0,not_in_school_past_30_days,every_day,almost_every_day,every_day,almost_every_day,two_or_three_times_a_week,never,almost_every_day,once_or_twice,never,describes_me_well,describes_me_well,describes_me_moderately,describes_me_moderately,describes_me_perfectly,describes_me_a_little,describes_me_very_well,describes_me_perfectly,describes_me_moderately,describes_me_moderately,describes_me_well,describes_me_very_well,describes_me_perfectly,describes_me_perfectly,describes_me_perfectly,describes_me_perfectly,0.0,5.84,7.959999999999999,2.2,25.640320000000003,0.0,1692.0,216.0,no,yes,yes,2.3552,not_very_important,California,0.0
female,2.0,few_times_a_week,less_than_once_a_week,every_day,almost_every_day,every_day,almost_every_day,every_day,about_once_a_week,two_or_three_times_a_week,about_once_a_week,describes_me_very_well,describes_me_a_little,does_not_describe_me_at_all,describes_me_well,describes_me_very_well,describes_me_very_well,describes_me_very_well,describes_me_a_little,describes_me_very_well,describes_me_very_well,describes_me_very_well,describes_me_very_well,describes_me_very_well,describes_me_well,describes_me_well,describes_me_perfectly,0.0,10.0,15.0,5.0,20.0,0.0,50.0,0.0,no,yes,no,0.0,somewhat_important,Pennsylvania,0.0
female,2.0,every_day,less_than_once_a_week,two_or_three_times_a_week,almost_every_day,two_or_three_times_a_week,almost_every_day,almost_every_day,about_once_a_week,two_or_three_times_a_week,about_once_a_week,describes_me_very_well,describes_me_very_well,describes_me_a_little,describes_me_well,describes_me_perfectly,describes_me_moderately,describes_me_moderately,describes_me_moderately,describes_me_well,describes_me_well,describes_me_very_well,describes_me_moderately,describes_me_well,describes_me_a_little,describes_me_very_little,describes_me_well,0.0,8.0,7.0,2.0,15.0,0.0,12500.0,8000.0,no,yes,no,0.0,not_very_important,Virginia,950.0
female,2.0,every_day,every_day,almost_every_day,almost_every_day,almost_every_day,almost_every_day,never,about_once_a_week,about_once_a_week,never,describes_me_well,describes_me_perfectly,describes_me_moderately,describes_me_well,describes_me_very_well,describes_me_perfectly,describes_me_moderately,describes_me_perfectly,describes_me_perfectly,describes_me_a_little,describes_me_well,describes_me_well,describes_me_perfectly,describes_me_moderately,describes_me_very_well,describes_me_perfectly,0.2,4.0,5.2,8.2,10.4,0.0,730.0,3100.0,no,yes,no,0.0,very_important,California,0.0
female,2.0,never,every_day,two_or_three_times_a_week,almost_every_day,two_or_three_times_a_week,about_once_a_week,about_once_a_week,about_once_a_week,about_once_a_week,two_or_three_times_a_week,describes_me_well,describes_me_perfectly,describes_me_moderately,describes_me_very_well,describes_me_a_little,describes_me_a_little,describes_me_moderately,describes_me_very_well,describes_me_perfectly,describes_me_well,describes_me_very_well,describes_me_very_little,describes_me_well,describes_me_well,describes_me_moderately,describes_me_very_well,0.0,3.0,5.0,3.0,10.0,3000.0,9999999998.0,0.0,no,yes,no,0.0,not_very_important,Iowa,0.0
female,2.0,not_in_school_past_30_days,every_day,almost_every_day,almost_every_day,almost_every_day,almost_every_day,almost_every_day,two_or_three_times_a_week,every_day,once_or_twice,describes_me_moderately,describes_me_very_well,describes_me_very_little,describes_me_well,describes_me_moderately,describes_me_perfectly,describes_me_moderately,describes_me_well,describes_me_moderately,describes_me_well,describes_me_well,describes_me_a_little,describes_me_very_well,describes_me_well,describes_me_a_little,describes_me_moderately,0.0,10.0,5.0,3.0,15.0,2000.0,20000.0,0.0,no,yes,yes,2.0,not_at_all_important,Georgia,118000.0
female,2.0,not_in_school_past_30_days,not_working_past_30_days,almost_every_day,almost_every_day,two_or_three_times_a_week,about_once_a_week,about_once_a_week,about_once_a_week,two_or_three_times_a_week,about_once_a_week,describes_me_well,describes_me_perfectly,describes_me_a_little,describes_me_moderately,describes_me_well,describes_me_very_well,describes_me_moderately,describes_me_moderately,describes_me_well,describes_me_very_little,describes_me_moderately,describes_me_a_little,describes_me_moderately,describes_me_moderately,describes_me_a_little,describes_me_moderately,1.0,5.0,7.0,2.0,20.0,0.0,1.0,0.0,no,no,yes,1.0,not_at_all_important,Colorado,29500.0
male,2.0,once_a_week,never,almost_every_day,every_day,every_day,almost_every_day,almost_every_day,two_or_three_times_a_week,two_or_three_times_a_week,two_or_three_times_a_week,describes_me_well,describes_me_very_well,describes_me_a_little,describes_me_well,describes_me_moderately,describes_me_well,describes_me_well,describes_me_well,describes_me_well,describes_me_moderately,describes_me_well,describes_me_moderately,describes_me_very_well,describes_me_perfectly,describes_me_moderately,describes_me_very_well,0.0,2.0,3.0,2.0,24.0,0.0,0.0,0.0,no,yes,no,0.0,not_very_important,New York,1600.0
female,2.0,never,never,almost_every_day,almost_every_day,almost_every_day,almost_every_day,almost_every_day,two_or_three_times_a_week,two_or_three_times_a_week,two_or_three_times_a_week,describes_me_very_well,describes_me_moderately,describes_me_a_little,describes_me_moderately,describes_me_perfectly,describes_me_perfectly,describes_me_very_little,describes_me_well,describes_me_very_well,describes_me_very_little,describes_me_perfectly,describes_me_a_little,describes_me_very_well,describes_me_perfectly,describes_me_moderately,describes_me_perfectly,0.0,14.0,14.0,5.0,14.0,0.0,0.0,1800.0,no,yes,no,0.0,not_at_all_important,New York,39000.0
male,2.0,not_in_school_past_30_days,once_a_week,every_day,every_day,every_day,every_day,every_day,two_or_three_times_a_week,once_or_twice,two_or_three_times_a_week,describes_me_perfectly,describes_me_a_little,describes_me_very_little,describes_me_well,describes_me_perfectly,describes_me_perfectly,describes_me_moderately,describes_me_very_well,describes_me_moderately,describes_me_very_little,describes_me_moderately,describes_me_moderately,describes_me_a_little,describes_me_a_little,describes_me_very_little,describes_me_very_well,0.4,2.0,20.0,5.0,6.0,0.0,200.0,0.0,no,no,no,0.0,not_at_all_important,South Carolina,7013.65
male,2.0,not_in_school_past_30_days,every_day,every_day,every_day,every_day,every_day,every_day,never,almost_every_day,two_or_three_times_a_week,describes_me_perfectly,describes_me_perfectly,describes_me_moderately,describes_me_perfectly,describes_me_perfectly,describes_me_well,describes_me_very_little,describes_me_perfectly,describes_me_moderately,does_not_describe_me_at_all,describes_me_perfectly,describes_me_very_well,describes_me_perfectly,describes_me_perfectly,describes_me_perfectly,describes_me_perfectly,0.2,0.0,14.0,0.0,3.0,0.0,0.0,0.0,no,yes,no,0.0,not_at_all_important,South Carolina,107000.0
male,2.0,every_day,every_day,almost_every_day,almost_every_day,almost_every_day,two_or_three_times_a_week,every_day,never,two_or_three_times_a_week,never,describes_me_very_well,describes_me_perfectly,describes_me_moderately,describes_me_perfectly,describes_me_perfectly,describes_me_perfectly,describes_me_a_little,describes_me_perfectly,describes_me_perfectly,describes_me_well,describes_me_perfectly,describes_me_a_little,describes_me_perfectly,describes_me_very_well,describes_me_moderately,describes_me_perfectly,0.24,5.89568,9.170327039999998,4.7641216,21.041682432,0.0,16002739.087552,0.0,no,yes,no,0.0,very_important,Michigan,0.0
female,2.0,never,every_day,almost_every_day,every_day,two_or_three_times_a_week,two_or_three_times_a_week,once_or_twice,once_or_twice,once_or_twice,once_or_twice,describes_me_very_well,describes_me_very_well,describes_me_very_little,describes_me_well,describes_me_perfectly,describes_me_perfectly,describes_me_moderately,describes_me_perfectly,describes_me_very_well,describes_me_moderately,describes_me_perfectly,describes_me_moderately,describes_me_well,describes_me_moderately,does_not_describe_me_at_all,describes_me_very_well,0.0,30.0,20.0,10.0,7.0,4800.0,300.0,1000.0,no,yes,no,0.0,somewhat_important,Texas,44000.0
female,2.0,every_day,every_day,two_or_three_times_a_week,almost_every_day,about_once_a_week,every_day,every_day,never,once_or_twice,never,describes_me_perfectly,describes_me_perfectly,describes_me_perfectly,describes_me_perfectly,does_not_describe_me_at_all,describes_me_perfectly,describes_me_moderately,describes_me_perfectly,describes_me_perfectly,describes_me_a_little,describes_me_very_well,describes_me_very_well,describes_me_well,describes_me_perfectly,describes_me_perfectly,describes_me_perfectly,0.0,30.0,80.0,10.0,40.0,0.0,9999999999.0,0.0,yes,yes,no,0.0,extremely_important,Michigan,39154.0
male,2.0,never,not_working_past_30_days,two_or_three_times_a_week,two_or_three_times_a_week,two_or_three_times_a_week,two_or_three_times_a_week,never,two_or_three_times_a_week,two_or_three_times_a_week,two_or_three_times_a_week,describes_me_perfectly,describes_me_very_well,describes_me_moderately,describes_me_moderately,describes_me_moderately,describes_me_moderately,describes_me_very_little,describes_me_well,describes_me_well,does_not_describe_me_at_all,describes_me_moderately,describes_me_moderately,describes_me_moderately,describes_me_moderately,describes_me_moderately,describes_me_moderately,2.0,4.0,7.0,1.0,12.0,0.0,0.0,0.0,yes,yes,no,0.0,not_at_all_important,Oklahoma,15000.0
male,2.0,not_in_school_past_30_days,few_times_a_week,almost_every_day,almost_every_day,almost_every_day,two_or_three_times_a_week,almost_every_day,never,once_or_twice,never,describes_me_moderately,describes_me_very_little,does_not_describe_me_at_all,describes_me_very_little,describes_me_perfectly,describes_me_moderately,describes_me_a_little,describes_me_moderately,describes_me_very_well,describes_me_perfectly,describes_me_moderately,describes_me_perfectly,describes_me_perfectly,describes_me_moderately,does_not_describe_me_at_all,describes_me_very_little,0.0,10.0,8.0,0.0,25.0,0.0,12000.0,0.0,no,yes,no,0.0,not_at_all_important,Texas,50000.0
male,2.0,not_in_school_past_30_days,few_times_a_week,almost_every_day,every_day,almost_every_day,two_or_three_times_a_week,every_day,almost_every_day,almost_every_day,almost_every_day,describes_me_very_well,describes_me_very_little,does_not_describe_me_at_all,describes_me_very_little,describes_me_a_little,describes_me_moderately,describes_me_very_little,describes_me_well,describes_me_perfectly,describes_me_well,describes_me_very_well,describes_me_moderately,describes_me_perfectly,describes_me_well,describes_me_moderately,describes_me_well,0.0,8.0,3.0,1.0,3.0,0.0,0.0,0.0,no,no,no,0.0,extremely_important,Nebraska,9.0
female,2.0,few_times_a_week,few_times_a_week,almost_every_day,about_once_a_week,once_or_twice,once_or_twice,never,never,never,once_or_twice,describes_me_well,describes_me_perfectly,does_not_describe_me_at_all,describes_me_well,describes_me_moderately,describes_me_very_well,does_not_describe_me_at_all,describes_me_perfectly,describes_me_very_well,describes_me_well,describes_me_very_well,describes_me_moderately,describes_me_perfectly,describes_me_moderately,describes_me_moderately,describes_me_very_well,1.0,4.0,3.0,1.0,12.0,800.0,50.0,0.0,no,yes,no,0.0,somewhat_important,Mississippi,19.52
male,2.0,never,few_times_a_week,every_day,every_day,almost_every_day,every_day,never,once_or_twice,almost_every_day,once_or_twice,describes_me_perfectly,describes_me_a_little,describes_me_well,describes_me_very_well,does_not_describe_me_at_all,describes_me_well,describes_me_well,describes_me_moderately,describes_me_perfectly,describes_me_a_little,describes_me_well,describes_me_well,describes_me_perfectly,describes_me_very_well,describes_me_perfectly,describes_me_perfectly,0.0,20.0,30.0,1.0,25.0,0.0,1500.0,0.0,no,yes,no,0.0,extremely_important,Indiana,10045.0
female,2.0,every_day,every_day,almost_every_day,two_or_three_times_a_week,two_or_three_times_a_week,two_or_three_times_a_week,never,two_or_three_times_a_week,almost_every_day,about_once_a_week,describes_me_perfectly,describes_me_moderately,does_not_describe_me_at_all,describes_me_well,describes_me_perfectly,describes_me_perfectly,describes_me_a_little,describes_me_very_well,describes_me_perfectly,describes_me_moderately,describes_me_well,describes_me_moderately,describes_me_perfectly,describes_me_well,describes_me_well,describes_me_perfectly,0.0,24.0,36.0,1.0,12.0,0.0,9999999999.0,0.0,no,yes,no,0.0,extremely_important,North Carolina,0.0
male,2.0,few_times_a_week,few_times_a_week,two_or_three_times_a_week,two_or_three_times_a_week,never,about_once_a_week,never,almost_every_day,almost_every_day,never,describes_me_well,describes_me_moderately,describes_me_very_little,describes_me_perfectly,describes_me_very_well,describes_me_moderately,describes_me_very_little,describes_me_moderately,describes_me_very_well,describes_me_very_little,describes_me_very_little,describes_me_very_well,describes_me_moderately,describes_me_a_little,describes_me_well,describes_me_very_little,0.44,1.0,2.0,3.0,3.0,0.0,0.0,0.0,no,no,no,0.0,extremely_important,Maryland,13.0
male,2.0,few_times_a_week,few_times_a_week,almost_every_day,every_day,almost_every_day,every_day,every_day,almost_every_day,almost_every_day,almost_every_day,describes_me_very_well,describes_me_well,describes_me_a_little,describes_me_moderately,describes_me_well,describes_me_moderately,describes_me_moderately,describes_me_well,describes_me_very_little,describes_me_well,describes_me_very_well,describes_me_moderately,describes_me_very_well,describes_me_moderately,describes_me_a_little,describes_me_well,0.0,3.0,3.0,2.0,20.0,0.0,8000.0,0.0,no,yes,no,0.0,very_important,New Jersey,10000.0
male,2.0,every_day,few_times_a_week,once_or_twice,two_or_three_times_a_week,about_once_a_week,every_day,once_or_twice,almost_every_day,every_day,every_day,describes_me_perfectly,describes_me_a_little,describes_me_very_little,describes_me_very_little,describes_me_well,describes_me_perfectly,describes_me_very_well,describes_me_a_little,describes_me_perfectly,describes_me_very_well,describes_me_moderately,describes_me_very_well,describes_me_perfectly,describes_me_very_well,describes_me_very_little,describes_me_perfectly,0.0,3.0,10.0,2.6,10.0,0.0,3000.0,0.0,no,yes,yes,1.0,not_very_important,Texas,28.75
male,2.0,every_day,few_times_a_week,every_day,every_day,almost_every_day,every_day,every_day,about_once_a_week,almost_every_day,almost_every_day,describes_me_very_well,describes_me_very_well,describes_me_very_little,describes_me_very_well,describes_me_very_well,describes_me_moderately,describes_me_moderately,describes_me_perfectly,describes_me_well,describes_me_very_little,describes_me_perfectly,describes_me_well,describes_me_perfectly,describes_me_very_well,describes_me_very_well,describes_me_perfectly,0.0,14.0,12.0,7.0,24.0,500.0,9999999999.0,3800.0,no,yes,no,0.0,somewhat_important,California,10000.0
female,2.0,not_in_school_past_30_days,less_than_once_a_week,two_or_three_times_a_week,two_or_three_times_a_week,about_once_a_week,every_day,never,never,two_or_three_times_a_week,never,describes_me_perfectly,describes_me_perfectly,describes_me_a_little,describes_me_perfectly,describes_me_very_well,describes_me_very_well,does_not_describe_me_at_all,describes_me_perfectly,describes_me_very_little,describes_me_very_well,describes_me_perfectly,describes_me_moderately,describes_me_perfectly,describes_me_a_little,describes_me_well,describes_me_perfectly,1.0,20.0,5.0,5.0,20.0,0.0,1000.0,0.0,no,yes,yes,2.0,extremely_important,Washington,10000.0
male,2.0,once_a_week,once_a_week,almost_every_day,almost_every_day,almost_every_day,almost_every_day,every_day,two_or_three_times_a_week,almost_every_day,almost_every_day,describes_me_very_well,describes_me_perfectly,describes_me_very_little,describes_me_very_well,describes_me_moderately,describes_me_well,describes_me_a_little,describes_me_perfectly,describes_me_well,describes_me_moderately,describes_me_very_well,describes_me_a_little,describes_me_perfectly,describes_me_very_well,describes_me_moderately,describes_me_perfectly,0.0,15.0,72.0,10.0,72.0,0.0,200.0,0.0,no,yes,no,0.0,extremely_important,New York,11.0
female,2.0,not_in_school_past_30_days,few_times_a_week,almost_every_day,almost_every_day,almost_every_day,two_or_three_times_a_week,once_or_twice,once_or_twice,once_or_twice,never,describes_me_well,describes_me_perfectly,describes_me_a_little,describes_me_well,describes_me_perfectly,describes_me_well,describes_me_well,describes_me_perfectly,describes_me_well,describes_me_well,describes_me_well,describes_me_well,describes_me_very_well,describes_me_very_well,describes_me_moderately,describes_me_perfectly,0.144,4.2543999999999995,4.872960000000001,3.632,21.77376,0.0,481.2399999999999,55.44,no,yes,yes,0.5599999999999999,not_very_important,Michigan,0.0
male,2.0,never,never,every_day,every_day,almost_every_day,once_or_twice,never,two_or_three_times_a_week,two_or_three_times_a_week,almost_every_day,describes_me_moderately,describes_me_very_well,describes_me_moderately,describes_me_well,describes_me_a_little,describes_me_well,describes_me_a_little,describes_me_very_well,describes_me_well,describes_me_very_little,describes_me_well,describes_me_moderately,describes_me_very_well,describes_me_moderately,describes_me_moderately,describes_me_well,0.0,1.0,1.0,2.0,18.0,0.0,1.0,0.0,yes,no,yes,1.0,somewhat_important,Texas,8.5
female,2.0,few_times_a_week,few_times_a_week,almost_every_day,almost_every_day,almost_every_day,two_or_three_times_a_week,about_once_a_week,never,once_or_twice,two_or_three_times_a_week,describes_me_moderately,describes_me_perfectly,describes_me_a_little,describes_me_moderately,describes_me_perfectly,describes_me_perfectly,describes_me_well,describes_me_perfectly,describes_me_perfectly,describes_me_very_little,describes_me_well,describes_me_a_little,describes_me_well,describes_me_moderately,describes_me_very_well,describes_me_well,0.0116224,4.864,4.984,3.984,34.632,0.0,1000.76,195.2,no,yes,no,0.16,not_very_important,Iowa,0.0
female,2.0,not_in_school_past_30_days,every_day,once_or_twice,never,two_or_three_times_a_week,once_or_twice,once_or_twice,never,once_or_twice,never,describes_me_moderately,describes_me_very_little,describes_me_moderately,describes_me_moderately,describes_me_very_well,describes_me_well,describes_me_very_well,describes_me_very_little,describes_me_perfectly,describes_me_perfectly,describes_me_well,describes_me_perfectly,describes_me_very_well,describes_me_moderately,describes_me_very_little,describes_me_well,0.0,19.2,12.656,3.264,17.848000000000003,0.0,0.0,0.0,no,yes,no,0.0,extremely_important,New York,0.0
female,2.0,not_in_school_past_30_days,every_day,almost_every_day,every_day,almost_every_day,almost_every_day,every_day,never,two_or_three_times_a_week,never,describes_me_perfectly,describes_me_perfectly,describes_me_a_little,describes_me_perfectly,describes_me_perfectly,describes_me_moderately,describes_me_a_little,describes_me_perfectly,describes_me_perfectly,describes_me_a_little,describes_me_very_well,describes_me_perfectly,describes_me_perfectly,describes_me_perfectly,describes_me_a_little,describes_me_perfectly,0.0,11.33472,16.695488,6.0516034560000005,21.3430457581568,0.0,1408073.68018688,0.0,no,yes,no,0.0,very_important,North Carolina,0.0
female,2.0,every_day,every_day,every_day,every_day,two_or_three_times_a_week,two_or_three_times_a_week,almost_every_day,once_or_twice,almost_every_day,once_or_twice,describes_me_perfectly,describes_me_perfectly,describes_me_a_little,describes_me_a_little,describes_me_very_well,describes_me_perfectly,does_not_describe_me_at_all,describes_me_well,describes_me_well,describes_me_very_well,describes_me_perfectly,describes_me_moderately,describes_me_very_well,describes_me_moderately,describes_me_well,describes_me_perfectly,1.0,12.0,6.0,2.0,14.0,0.0,1000.0,6000.0,no,yes,no,0.0,somewhat_important,Nevada,15500.0
female,2.0,not_in_school_past_30_days,not_working_past_30_days,every_day,every_day,every_day,almost_every_day,every_day,about_once_a_week,almost_every_day,never,describes_me_perfectly,describes_me_moderately,does_not_describe_me_at_all,describes_me_moderately,describes_me_very_little,describes_me_very_well,does_not_describe_me_at_all,describes_me_well,describes_me_very_well,does_not_describe_me_at_all,describes_me_perfectly,describes_me_well,describes_me_perfectly,describes_me_perfectly,describes_me_very_well,describes_me_perfectly,3.0,35.0,7.0,9.0,4.0,0.0,0.0,0.0,no,no,no,0.0,extremely_important,Illinois,11000.0
female,2.0,every_day,every_day,every_day,every_day,every_day,every_day,every_day,every_day,every_day,two_or_three_times_a_week,describes_me_perfectly,describes_me_perfectly,describes_me_perfectly,describes_me_perfectly,does_not_describe_me_at_all,describes_me_very_well,describes_me_a_little,describes_me_perfectly,describes_me_perfectly,describes_me_very_little,describes_me_perfectly,describes_me_very_well,describes_me_very_well,describes_me_perfectly,describes_me_perfectly,describes_me_perfectly,4.0,30.0,15.0,3.0,3.0,0.0,0.0,0.0,no,no,no,0.0,extremely_important,Georgia,17.86
male,2.0,not_in_school_past_30_days,never,two_or_three_times_a_week,once_or_twice,once_or_twice,never,never,never,once_or_twice,once_or_twice,describes_me_very_little,describes_me_a_little,describes_me_moderately,describes_me_very_little,describes_me_very_well,describes_me_moderately,describes_me_moderately,describes_me_very_little,describes_me_very_little,describes_me_moderately,describes_me_moderately,describes_me_moderately,describes_me_moderately,describes_me_moderately,describes_me_very_little,describes_me_moderately,5.0,2.0,2.0,4.0,6.0,3000.0,0.0,0.0,no,yes,no,0.0,not_at_all_important,Missouri,62318.0
male,2.0,every_day,less_than_once_a_week,almost_every_day,almost_every_day,two_or_three_times_a_week,about_once_a_week,every_day,two_or_three_times_a_week,two_or_three_times_a_week,two_or_three_times_a_week,describes_me_a_little,describes_me_perfectly,describes_me_moderately,describes_me_well,describes_me_very_little,describes_me_well,describes_me_well,describes_me_very_well,describes_me_very_little,describes_me_well,describes_me_moderately,describes_me_a_little,describes_me_moderately,describes_me_very_well,describes_me_moderately,describes_me_well,0.0,3.0,1.0,2.0,110.0,0.0,2.0,0.0,no,yes,no,0.0,very_important,South Carolina,12.0
female,2.0,never,few_times_a_week,two_or_three_times_a_week,almost_every_day,every_day,never,never,never,about_once_a_week,never,describes_me_perfectly,describes_me_a_little,does_not_describe_me_at_all,describes_me_very_well,describes_me_perfectly,describes_me_perfectly,describes_me_very_little,describes_me_well,describes_me_a_little,describes_me_a_little,describes_me_perfectly,describes_me_a_little,does_not_describe_me_at_all,describes_me_very_well,describes_me_moderately,describes_me_well,0.0,2.0,2.0,0.0,5.0,0.0,9999999999.0,0.0,yes,yes,yes,1.0,very_important,Michigan,11500.0
male,2.0,less_than_once_a_week,every_day,almost_every_day,every_day,two_or_three_times_a_week,about_once_a_week,every_day,once_or_twice,once_or_twice,once_or_twice,describes_me_well,describes_me_well,does_not_describe_me_at_all,describes_me_moderately,describes_me_a_little,describes_me_very_well,describes_me_a_little,describes_me_well,describes_me_very_little,describes_me_moderately,describes_me_moderately,describes_me_a_little,describes_me_perfectly,describes_me_perfectly,describes_me_perfectly,describes_me_very_well,0.0,7.0,12.0,6.761973964800001,40.0,0.0,3.0,0.0,no,no,no,0.0,very_important,Vermont,0.0
female,2.0,never,few_times_a_week,every_day,almost_every_day,almost_every_day,almost_every_day,about_once_a_week,once_or_twice,once_or_twice,once_or_twice,describes_me_well,describes_me_a_little,describes_me_very_little,describes_me_very_well,describes_me_well,describes_me_a_little,describes_me_very_little,describes_me_well,describes_me_perfectly,describes_me_moderately,describes_me_perfectly,describes_me_perfectly,describes_me_very_well,describes_me_perfectly,describes_me_very_well,describes_me_perfectly,0.0,8.0,12.0,6.0,3.0,0.0,600.0,0.0,no,yes,no,0.0,extremely_important,Maryland,15000.0
male,2.0,few_times_a_week,every_day,every_day,every_day,every_day,every_day,every_day,two_or_three_times_a_week,two_or_three_times_a_week,about_once_a_week,describes_me_perfectly,describes_me_very_well,describes_me_moderately,describes_me_well,describes_me_perfectly,describes_me_very_little,does_not_describe_me_at_all,describes_me_very_well,describes_me_well,describes_me_very_little,describes_me_perfectly,describes_me_well,describes_me_well,describes_me_perfectly,describes_me_moderately,describes_me_very_well,0.0,10.0,17.0,5.0,20.0,0.0,5000.0,300.0,no,yes,no,0.0,not_at_all_important,New Jersey,26.28
male,2.0,never,never,almost_every_day,two_or_three_times_a_week,never,never,never,never,every_day,never,describes_me_moderately,describes_me_very_well,describes_me_well,describes_me_moderately,describes_me_a_little,describes_me_perfectly,describes_me_perfectly,describes_me_moderately,describes_me_perfectly,describes_me_well,describes_me_very_well,describes_me_well,describes_me_very_well,describes_me_moderately,describes_me_well,describes_me_very_well,0.0,1.0,5.0,3.153801728,112.0,0.0,350.0,0.0,no,no,no,0.0,somewhat_important,Massachusetts,0.0
female,2.0,less_than_once_a_week,every_day,almost_every_day,every_day,every_day,almost_every_day,never,never,once_or_twice,never,describes_me_perfectly,describes_me_well,describes_me_well,describes_me_well,describes_me_perfectly,describes_me_a_little,describes_me_moderately,describes_me_very_well,describes_me_moderately,describes_me_well,describes_me_perfectly,describes_me_very_little,describes_me_moderately,describes_me_a_little,describes_me_well,describes_me_perfectly,0.0,7.0,10.0,2.7184,25.0,0.0,9999999999.0,200.0,no,yes,no,0.0,extremely_important,California,0.0
male,2.0,not_in_school_past_30_days,every_day,about_once_a_week,two_or_three_times_a_week,once_or_twice,almost_every_day,two_or_three_times_a_week,never,once_or_twice,never,describes_me_well,describes_me_well,describes_me_moderately,describes_me_very_little,describes_me_well,describes_me_very_well,describes_me_moderately,describes_me_well,describes_me_very_well,describes_me_a_little,describes_me_moderately,describes_me_perfectly,describes_me_very_well,describes_me_moderately,describes_me_moderately,describes_me_perfectly,0.0,8.0,4.0,3.0,15.0,15000.0,31500.0,0.0,no,yes,no,0.0,somewhat_important,North Carolina,80000.0
male,2.0,few_times_a_week,never,every_day,every_day,every_day,every_day,every_day,almost_every_day,almost_every_day,never,describes_me_perfectly,describes_me_perfectly,describes_me_very_little,describes_me_perfectly,describes_me_very_little,describes_me_a_little,describes_me_moderately,describes_me_perfectly,describes_me_perfectly,describes_me_very_little,describes_me_very_well,describes_me_very_well,describes_me_perfectly,describes_me_perfectly,describes_me_perfectly,describes_me_perfectly,0.0,10.0,10.0,2.0,10.0,0.0,30.0,500.0,no,yes,yes,3.0,very_important,California,14.35
male,2.0,not_in_school_past_30_days,never,once_or_twice,once_or_twice,about_once_a_week,every_day,once_or_twice,never,about_once_a_week,never,describes_me_very_well,describes_me_perfectly,describes_me_a_little,describes_me_perfectly,describes_me_perfectly,describes_me_perfectly,describes_me_well,describes_me_perfectly,describes_me_perfectly,describes_me_very_little,describes_me_very_well,describes_me_moderately,describes_me_perfectly,describes_me_perfectly,describes_me_very_little,describes_me_well,1.0,5.0,5.0,5.0,30.0,0.0,0.0,0.0,no,yes,no,0.0,extremely_important,Ohio,5000.0
male,2.0,never,once_a_week,almost_every_day,every_day,every_day,every_day,once_or_twice,once_or_twice,almost_every_day,once_or_twice,describes_me_perfectly,describes_me_perfectly,describes_me_very_little,describes_me_perfectly,describes_me_very_little,describes_me_perfectly,describes_me_very_little,describes_me_perfectly,describes_me_moderately,describes_me_very_little,describes_me_perfectly,describes_me_very_little,describes_me_perfectly,describes_me_perfectly,describes_me_perfectly,describes_me_perfectly,1.2,6.0,3.0,3.0,6.0,0.0,0.0,0.0,yes,yes,no,0.0,not_at_all_important,Texas,133012.0
female,2.0,never,every_day,two_or_three_times_a_week,almost_every_day,two_or_three_times_a_week,about_once_a_week,never,once_or_twice,two_or_three_times_a_week,never,describes_me_very_well,describes_me_very_well,describes_me_very_little,describes_me_well,describes_me_perfectly,describes_me_well,describes_me_moderately,describes_me_well,describes_me_very_well,describes_me_a_little,describes_me_well,describes_me_very_little,describes_me_very_well,describes_me_well,describes_me_moderately,describes_me_well,1.0,35.0,18.0,10.0,6.0,0.0,4000.0,0.0,no,yes,no,0.0,somewhat_important,Illinois,2300.0
female,2.0,few_times_a_week,never,almost_every_day,every_day,almost_every_day,once_or_twice,two_or_three_times_a_week,never,about_once_a_week,once_or_twice,describes_me_well,describes_me_well,describes_me_very_little,describes_me_well,describes_me_well,describes_me_very_well,describes_me_a_little,describes_me_very_well,describes_me_well,does_not_describe_me_at_all,describes_me_well,describes_me_well,describes_me_perfectly,describes_me_a_little,describes_me_perfectly,describes_me_very_well,0.0,4.0,10.0,4.0,12.0,0.0,2000.0,0.0,no,no,no,0.0,extremely_important,Michigan,27.0
female,2.0,never,every_day,almost_every_day,every_day,almost_every_day,almost_every_day,almost_every_day,two_or_three_times_a_week,about_once_a_week,about_once_a_week,describes_me_perfectly,describes_me_perfectly,does_not_describe_me_at_all,describes_me_perfectly,does_not_describe_me_at_all,describes_me_perfectly,does_not_describe_me_at_all,describes_me_perfectly,describes_me_perfectly,describes_me_perfectly,describes_me_perfectly,describes_me_perfectly,describes_me_perfectly,describes_me_perfectly,describes_me_perfectly,describes_me_perfectly,0.0,7.0,6.0,4.0,4.0,0.0,500.0,0.0,no,yes,no,0.0,extremely_important,Indiana,23000.0
male,2.0,every_day,every_day,almost_every_day,almost_every_day,almost_every_day,about_once_a_week,almost_every_day,about_once_a_week,once_or_twice,once_or_twice,describes_me_perfectly,describes_me_very_well,describes_me_well,describes_me_well,describes_me_very_little,describes_me_very_little,describes_me_very_little,describes_me_well,describes_me_perfectly,describes_me_well,describes_me_very_well,describes_me_very_well,describes_me_very_well,describes_me_very_well,describes_me_well,describes_me_very_well,0.0,2.0,5.0,1.0,5.0,0.0,500.0,2000.0,no,yes,no,0.0,somewhat_important,Minnesota,64000.0
male,2.0,few_times_a_week,less_than_once_a_week,almost_every_day,almost_every_day,two_or_three_times_a_week,about_once_a_week,about_once_a_week,once_or_twice,two_or_three_times_a_week,about_once_a_week,describes_me_well,describes_me_moderately,describes_me_moderately,describes_me_well,describes_me_very_little,describes_me_moderately,describes_me_a_little,describes_me_very_little,does_not_describe_me_at_all,does_not_describe_me_at_all,describes_me_well,describes_me_well,describes_me_well,describes_me_very_well,describes_me_perfectly,describes_me_moderately,0.0,8.376000000000001,14.0,2.0,59.0,0.0,76.0,0.0,no,no,no,0.0,extremely_important,Mississippi,0.0
female,2.0,few_times_a_week,every_day,almost_every_day,almost_every_day,almost_every_day,almost_every_day,almost_every_day,two_or_three_times_a_week,almost_every_day,two_or_three_times_a_week,describes_me_very_well,describes_me_well,describes_me_very_little,describes_me_moderately,describes_me_well,describes_me_very_well,describes_me_very_little,describes_me_well,describes_me_perfectly,describes_me_moderately,describes_me_well,describes_me_well,describes_me_very_well,describes_me_moderately,does_not_describe_me_at_all,describes_me_very_well,0.0,4.0,6.0,1.0,4.0,0.0,480.0,15000.0,yes,yes,no,0.0,not_very_important,Texas,29000.0
female,2.0,not_in_school_past_30_days,every_day,every_day,every_day,almost_every_day,almost_every_day,almost_every_day,two_or_three_times_a_week,about_once_a_week,once_or_twice,describes_me_very_well,describes_me_very_well,describes_me_well,describes_me_perfectly,describes_me_perfectly,describes_me_very_well,describes_me_perfectly,describes_me_well,describes_me_moderately,describes_me_very_well,describes_me_well,describes_me_well,describes_me_very_well,describes_me_perfectly,describes_me_well,describes_me_moderately,2.0,10.0,10.0,5.0,15.0,0.0,2000.0,0.0,no,yes,no,0.0,not_very_important,Arkansas,20000.0
female,2.0,not_in_school_past_30_days,less_than_once_a_week,almost_every_day,almost_every_day,two_or_three_times_a_week,two_or_three_times_a_week,about_once_a_week,once_or_twice,about_once_a_week,never,describes_me_moderately,describes_me_well,describes_me_a_little,describes_me_moderately,describes_me_perfectly,describes_me_well,describes_me_well,describes_me_well,describes_me_well,describes_me_a_little,describes_me_well,describes_me_well,describes_me_very_well,describes_me_well,describes_me_well,describes_me_moderately,4.0,20.0,5.0,15.0,40.0,0.0,0.0,3000.0,yes,yes,no,0.0,extremely_important,Virginia,33.5
female,2.0,not_in_school_past_30_days,every_day,once_or_twice,once_or_twice,never,never,never,never,once_or_twice,almost_every_day,describes_me_very_well,describes_me_perfectly,describes_me_well,describes_me_well,describes_me_perfectly,describes_me_perfectly,describes_me_moderately,describes_me_perfectly,describes_me_very_well,describes_me_well,describes_me_moderately,describes_me_moderately,describes_me_perfectly,describes_me_perfectly,describes_me_a_little,describes_me_very_well,0.0,3.0,10.0,4.0,6.0,3000.0,26.0,545.0,yes,yes,yes,1.0,very_important,Maryland,55000.0
female,2.0,once_a_week,few_times_a_week,almost_every_day,almost_every_day,every_day,two_or_three_times_a_week,almost_every_day,two_or_three_times_a_week,every_day,two_or_three_times_a_week,describes_me_well,describes_me_well,describes_me_very_little,describes_me_moderately,describes_me_very_well,describes_me_well,does_not_describe_me_at_all,describes_me_moderately,describes_me_moderately,describes_me_a_little,describes_me_very_well,describes_me_perfectly,describes_me_perfectly,describes_me_very_well,describes_me_very_well,describes_me_perfectly,0.0,5.0,10.0,3.0,10.0,0.0,200.0,2000.0,yes,yes,no,0.0,not_very_important,Oregon,25.35
female,2.0,few_times_a_week,not_working_past_30_days,almost_every_day,every_day,almost_every_day,almost_every_day,every_day,two_or_three_times_a_week,almost_every_day,two_or_three_times_a_week,describes_me_very_well,describes_me_well,describes_me_very_well,describes_me_well,describes_me_perfectly,describes_me_very_well,describes_me_moderately,describes_me_very_well,describes_me_perfectly,describes_me_moderately,describes_me_well,describes_me_moderately,describes_me_well,describes_me_a_little,describes_me_very_well,describes_me_well,0.0,2.0,2.0,2.0,10.0,0.0,26.0,0.0,no,yes,no,0.0,not_very_important,Massachusetts,0.0
female,2.0,not_in_school_past_30_days,every_day,every_day,every_day,every_day,almost_every_day,almost_every_day,two_or_three_times_a_week,every_day,about_once_a_week,describes_me_perfectly,describes_me_moderately,describes_me_very_little,describes_me_very_well,describes_me_a_little,describes_me_perfectly,describes_me_very_little,describes_me_perfectly,describes_me_well,describes_me_a_little,describes_me_perfectly,describes_me_very_well,describes_me_perfectly,describes_me_well,describes_me_well,describes_me_perfectly,0.0,48.0,13.184,24.0,72.0,0.0,0.0,1000.0,no,yes,no,0.0,extremely_important,Georgia,0.0
male,2.0,not_in_school_past_30_days,every_day,every_day,every_day,almost_every_day,almost_every_day,every_day,two_or_three_times_a_week,about_once_a_week,almost_every_day,describes_me_very_well,describes_me_moderately,describes_me_moderately,describes_me_moderately,describes_me_perfectly,describes_me_well,describes_me_a_little,describes_me_moderately,describes_me_moderately,describes_me_a_little,describes_me_very_well,describes_me_moderately,describes_me_very_well,describes_me_moderately,describes_me_very_well,describes_me_perfectly,0.0,7.88,7.279999999999999,5.5200000000000005,12.0,0.0,26880.0,236.08,no,yes,no,0.0,very_important,California,0.0
male,2.0,not_in_school_past_30_days,few_times_a_week,every_day,every_day,every_day,almost_every_day,every_day,once_or_twice,about_once_a_week,about_once_a_week,describes_me_perfectly,describes_me_perfectly,describes_me_well,describes_me_very_well,describes_me_very_little,describes_me_a_little,describes_me_moderately,describes_me_perfectly,describes_me_well,describes_me_very_little,describes_me_perfectly,describes_me_very_little,describes_me_very_well,describes_me_perfectly,describes_me_very_well,describes_me_perfectly,0.0,8.0,10.0,4.0,20.0,700.0,1200.0,700.0,no,yes,no,0.0,somewhat_important,Nevada,20091.0
female,2.0,every_day,every_day,never,never,never,never,never,never,never,never,describes_me_perfectly,describes_me_perfectly,describes_me_perfectly,describes_me_perfectly,describes_me_perfectly,describes_me_perfectly,describes_me_perfectly,describes_me_perfectly,describes_me_perfectly,does_not_describe_me_at_all,describes_me_perfectly,describes_me_perfectly,describes_me_perfectly,describes_me_perfectly,describes_me_well,describes_me_perfectly,0.0,2.0,2.0,5.0,10.0,0.0,-133.0,0.0,yes,no,yes,3.0,extremely_important,Texas,8.5
female,2.0,few_times_a_week,not_working_past_30_days,every_day,every_day,every_day,every_day,two_or_three_times_a_week,about_once_a_week,every_day,almost_every_day,describes_me_perfectly,describes_me_perfectly,describes_me_very_little,describes_me_perfectly,describes_me_perfectly,describes_me_perfectly,describes_me_a_little,describes_me_perfectly,describes_me_perfectly,describes_me_perfectly,describes_me_perfectly,describes_me_perfectly,describes_me_perfectly,describes_me_perfectly,describes_me_perfectly,describes_me_perfectly,1.0,3.0,1.0,2.0,1.0,0.0,0.0,0.0,no,no,no,0.0,very_important,California,0.0
female,2.0,not_in_school_past_30_days,every_day,every_day,every_day,almost_every_day,every_day,every_day,every_day,every_day,two_or_three_times_a_week,describes_me_perfectly,describes_me_well,describes_me_moderately,describes_me_well,describes_me_perfectly,describes_me_a_little,does_not_describe_me_at_all,describes_me_moderately,describes_me_a_little,describes_me_well,describes_me_perfectly,describes_me_moderately,describes_me_perfectly,describes_me_well,describes_me_a_little,describes_me_perfectly,0.0,5.0,11.0,1.0,10.0,0.0,10000.0,0.0,no,yes,no,0.0,not_at_all_important,Minnesota,16.0
female,2.0,not_in_school_past_30_days,less_than_once_a_week,two_or_three_times_a_week,every_day,two_or_three_times_a_week,two_or_three_times_a_week,almost_every_day,two_or_three_times_a_week,two_or_three_times_a_week,once_or_twice,describes_me_well,describes_me_well,describes_me_very_little,describes_me_moderately,describes_me_moderately,describes_me_well,describes_me_very_little,describes_me_a_little,describes_me_moderately,describes_me_a_little,describes_me_moderately,describes_me_moderately,describes_me_moderately,describes_me_moderately,describes_me_well,describes_me_a_little,0.0,5.0,10.0,3.0,20.0,0.0,0.0,0.0,no,no,no,0.0,very_important,Pennsylvania,20000.0
male,2.0,never,once_a_week,almost_every_day,every_day,every_day,every_day,never,about_once_a_week,two_or_three_times_a_week,almost_every_day,describes_me_perfectly,describes_me_perfectly,describes_me_very_little,describes_me_well,describes_me_a_little,describes_me_well,describes_me_a_little,describes_me_well,describes_me_well,describes_me_a_little,describes_me_very_well,does_not_describe_me_at_all,describes_me_very_well,describes_me_moderately,describes_me_well,describes_me_very_well,6.0,10.0,15.0,30.0,0.0,0.0,0.0,0.0,no,yes,yes,1.0,very_important,Arizona,0.0
female,2.0,not_in_school_past_30_days,not_working_past_30_days,every_day,every_day,almost_every_day,once_or_twice,once_or_twice,once_or_twice,once_or_twice,once_or_twice,describes_me_perfectly,describes_me_very_well,describes_me_a_little,describes_me_well,describes_me_very_well,describes_me_a_little,does_not_describe_me_at_all,describes_me_very_well,does_not_describe_me_at_all,describes_me_very_little,describes_me_perfectly,describes_me_very_little,describes_me_well,describes_me_a_little,describes_me_a_little,describes_me_very_well,1.0,16.0,16.0,5.0,14.0,0.0,550.0,0.0,no,no,no,0.0,not_very_important,Utah,28000.0
female,2.0,not_in_school_past_30_days,every_day,almost_every_day,almost_every_day,two_or_three_times_a_week,every_day,almost_every_day,once_or_twice,once_or_twice,never,describes_me_very_well,describes_me_well,does_not_describe_me_at_all,describes_me_well,describes_me_perfectly,describes_me_very_well,describes_me_well,describes_me_moderately,describes_me_perfectly,describes_me_very_well,describes_me_well,describes_me_well,describes_me_perfectly,describes_me_very_well,describes_me_a_little,describes_me_moderately,0.0,9.0,7.0,3.0,25.0,0.0,830.0,0.0,no,yes,no,0.0,very_important,Illinois,4000.0
female,2.0,not_in_school_past_30_days,every_day,once_or_twice,once_or_twice,never,once_or_twice,about_once_a_week,two_or_three_times_a_week,every_day,almost_every_day,describes_me_moderately,describes_me_moderately,describes_me_well,describes_me_a_little,describes_me_perfectly,describes_me_well,describes_me_very_well,describes_me_well,describes_me_very_well,describes_me_very_well,describes_me_very_little,describes_me_a_little,describes_me_moderately,describes_me_a_little,does_not_describe_me_at_all,describes_me_perfectly,0.0,4.0,5.0,1.0,10.0,0.0,2000.0,20000.0,no,yes,no,0.0,extremely_important,California,78000.0
male,2.0,not_in_school_past_30_days,never,almost_every_day,every_day,almost_every_day,every_day,every_day,about_once_a_week,almost_every_day,once_or_twice,describes_me_perfectly,describes_me_perfectly,describes_me_a_little,describes_me_perfectly,does_not_describe_me_at_all,describes_me_well,describes_me_very_little,describes_me_well,describes_me_very_well,describes_me_very_little,describes_me_very_well,does_not_describe_me_at_all,describes_me_very_well,describes_me_perfectly,describes_me_very_well,describes_me_perfectly,0.0,15.0,8.0,5.0,20.0,1500.0,700.0,0.0,no,no,yes,10.0,extremely_important,Illinois,39000.0
male,2.0,not_in_school_past_30_days,every_day,almost_every_day,almost_every_day,almost_every_day,two_or_three_times_a_week,once_or_twice,once_or_twice,about_once_a_week,two_or_three_times_a_week,describes_me_very_well,describes_me_moderately,describes_me_moderately,describes_me_a_little,describes_me_well,describes_me_very_well,describes_me_well,describes_me_moderately,describes_me_a_little,describes_me_well,describes_me_well,describes_me_well,describes_me_very_well,describes_me_a_little,describes_me_very_little,describes_me_moderately,0.0,12.0,3.0,3.0,12.0,0.0,9999999999.0,0.0,no,yes,no,0.0,somewhat_important,Kentucky,11720.0
male,2.0,never,never,every_day,every_day,every_day,every_day,every_day,every_day,every_day,every_day,describes_me_perfectly,describes_me_perfectly,describes_me_perfectly,describes_me_perfectly,describes_me_perfectly,describes_me_perfectly,describes_me_perfectly,describes_me_perfectly,describes_me_perfectly,describes_me_perfectly,describes_me_perfectly,describes_me_perfectly,describes_me_perfectly,describes_me_perfectly,describes_me_perfectly,describes_me_perfectly,0.0,5.0,5.0,10.0,6.0,0.0,0.0,0.0,no,no,no,0.0,not_at_all_important,Louisiana,140.0
female,2.0,every_day,few_times_a_week,almost_every_day,almost_every_day,almost_every_day,almost_every_day,almost_every_day,two_or_three_times_a_week,two_or_three_times_a_week,two_or_three_times_a_week,describes_me_very_well,describes_me_perfectly,describes_me_moderately,describes_me_well,describes_me_perfectly,describes_me_well,describes_me_moderately,describes_me_perfectly,describes_me_perfectly,describes_me_perfectly,describes_me_very_well,does_not_describe_me_at_all,describes_me_very_well,does_not_describe_me_at_all,describes_me_moderately,describes_me_perfectly,0.0,7.0,14.0,5.0,72.0,0.0,20000.0,0.0,no,yes,no,0.0,not_at_all_important,Texas,29.0
female,2.0,not_in_school_past_30_days,every_day,every_day,every_day,almost_every_day,once_or_twice,never,never,almost_every_day,never,describes_me_perfectly,describes_me_perfectly,does_not_describe_me_at_all,describes_me_perfectly,describes_me_very_little,describes_me_very_little,does_not_describe_me_at_all,describes_me_perfectly,does_not_describe_me_at_all,does_not_describe_me_at_all,describes_me_perfectly,does_not_describe_me_at_all,describes_me_perfectly,describes_me_well,describes_me_well,describes_me_perfectly,2.0,15.0,8.0,3.0,20.0,0.0,0.0,0.0,no,yes,no,0.0,somewhat_important,Tennessee,65000.0
female,2.0,not_in_school_past_30_days,every_day,two_or_three_times_a_week,almost_every_day,two_or_three_times_a_week,two_or_three_times_a_week,about_once_a_week,never,once_or_twice,never,describes_me_well,describes_me_well,describes_me_a_little,describes_me_very_well,describes_me_very_well,describes_me_moderately,describes_me_a_little,describes_me_moderately,describes_me_perfectly,describes_me_moderately,describes_me_well,describes_me_well,describes_me_well,describes_me_very_well,describes_me_very_well,describes_me_very_well,0.0,4.0,2.0,2.0,6.0,0.0,1000.0,2000.0,no,yes,no,0.0,not_at_all_important,Minnesota,25.0
male,2.0,few_times_a_week,less_than_once_a_week,almost_every_day,almost_every_day,two_or_three_times_a_week,two_or_three_times_a_week,two_or_three_times_a_week,two_or_three_times_a_week,about_once_a_week,two_or_three_times_a_week,describes_me_well,describes_me_moderately,describes_me_moderately,describes_me_well,describes_me_well,describes_me_very_well,describes_me_a_little,describes_me_moderately,describes_me_well,describes_me_well,describes_me_well,describes_me_well,describes_me_well,describes_me_well,describes_me_moderately,describes_me_well,0.0,14.0,30.0,2.0,24.0,0.0,300.0,0.0,no,yes,no,0.0,very_important,Georgia,6.25
female,2.0,not_in_school_past_30_days,few_times_a_week,every_day,every_day,almost_every_day,every_day,every_day,two_or_three_times_a_week,almost_every_day,every_day,describes_me_perfectly,describes_me_perfectly,does_not_describe_me_at_all,describes_me_very_well,describes_me_perfectly,describes_me_perfectly,does_not_describe_me_at_all,describes_me_perfectly,describes_me_perfectly,describes_me_moderately,describes_me_perfectly,describes_me_perfectly,describes_me_perfectly,describes_me_perfectly,describes_me_well,describes_me_perfectly,0.0,30.0,30.0,3.0,10.0,0.0,0.0,200.0,no,yes,yes,3.0,very_important,Pennsylvania,9.75
female,2.0,every_day,every_day,every_day,every_day,two_or_three_times_a_week,two_or_three_times_a_week,almost_every_day,every_day,almost_every_day,every_day,describes_me_perfectly,describes_me_perfectly,describes_me_very_little,describes_me_very_well,describes_me_moderately,describes_me_very_well,does_not_describe_me_at_all,describes_me_perfectly,describes_me_very_well,does_not_describe_me_at_all,describes_me_very_well,does_not_describe_me_at_all,describes_me_well,describes_me_well,describes_me_a_little,describes_me_very_well,0.0,5.0,3.0,2.0,4.0,0.0,114.0,0.0,yes,no,no,0.0,not_very_important,Texas,0.0
female,2.0,not_in_school_past_30_days,every_day,almost_every_day,almost_every_day,almost_every_day,almost_every_day,almost_every_day,almost_every_day,almost_every_day,two_or_three_times_a_week,describes_me_very_well,describes_me_very_well,describes_me_moderately,describes_me_moderately,describes_me_a_little,describes_me_very_well,describes_me_moderately,describes_me_perfectly,describes_me_moderately,describes_me_a_little,describes_me_very_well,describes_me_moderately,describes_me_very_well,describes_me_very_well,describes_me_very_well,describes_me_very_well,0.0,6.0,21.0,10.0,28.0,0.0,4000.0,0.0,no,yes,no,0.0,very_important,North Carolina,10.0
male,2.0,not_in_school_past_30_days,every_day,every_day,every_day,almost_every_day,almost_every_day,almost_every_day,two_or_three_times_a_week,almost_every_day,almost_every_day,describes_me_very_well,describes_me_moderately,describes_me_moderately,describes_me_moderately,describes_me_very_little,describes_me_well,describes_me_very_little,describes_me_well,describes_me_moderately,describes_me_a_little,describes_me_very_well,describes_me_moderately,describes_me_very_well,describes_me_moderately,describes_me_very_well,describes_me_perfectly,0.4,8.8,6.8,5.8,13.6,0.0,13400.0,112.4,no,yes,no,0.12,very_important,California,0.0
female,2.0,every_day,every_day,almost_every_day,almost_every_day,almost_every_day,two_or_three_times_a_week,never,never,two_or_three_times_a_week,once_or_twice,describes_me_perfectly,describes_me_perfectly,describes_me_well,describes_me_perfectly,describes_me_perfectly,describes_me_well,describes_me_moderately,describes_me_perfectly,describes_me_perfectly,describes_me_well,describes_me_perfectly,describes_me_well,describes_me_perfectly,describes_me_perfectly,describes_me_moderately,describes_me_perfectly,0.2254847999999999,6.722065919999999,9.81814693888,6.2815552511999995,18.909737330955203,0.0,289.269475770368,6.720000000000001,no,no,no,0.44,extremely_important,North Carolina,0.0
female,2.0,few_times_a_week,every_day,about_once_a_week,almost_every_day,two_or_three_times_a_week,once_or_twice,about_once_a_week,once_or_twice,once_or_twice,once_or_twice,describes_me_very_well,describes_me_well,describes_me_moderately,describes_me_moderately,describes_me_perfectly,describes_me_very_little,describes_me_moderately,describes_me_moderately,describes_me_very_well,describes_me_well,describes_me_perfectly,describes_me_a_little,describes_me_well,describes_me_moderately,describes_me_a_little,describes_me_perfectly,0.4864,4.0,1.0,1.0,2.0,0.0,0.0,700.0,yes,yes,no,0.0,somewhat_important,New York,33.0
female,2.0,never,few_times_a_week,almost_every_day,every_day,two_or_three_times_a_week,every_day,every_day,never,every_day,never,describes_me_perfectly,describes_me_very_well,describes_me_very_little,describes_me_very_well,does_not_describe_me_at_all,describes_me_perfectly,describes_me_moderately,describes_me_very_well,describes_me_perfectly,describes_me_moderately,describes_me_perfectly,describes_me_well,describes_me_perfectly,describes_me_perfectly,describes_me_very_well,describes_me_perfectly,0.0,28.0,20.0,4.0,22.0,0.0,22000.0,2000.0,no,yes,no,0.0,extremely_important,California,39.5
male,2.0,not_in_school_past_30_days,less_than_once_a_week,every_day,every_day,almost_every_day,once_or_twice,once_or_twice,never,once_or_twice,two_or_three_times_a_week,describes_me_well,describes_me_moderately,describes_me_well,describes_me_moderately,describes_me_well,describes_me_moderately,describes_me_a_little,describes_me_a_little,describes_me_well,describes_me_moderately,describes_me_well,describes_me_moderately,describes_me_well,describes_me_well,describes_me_moderately,describes_me_well,0.0,1.0,1.0,1.0,5.0,0.0,1200.0,800.0,no,yes,no,0.0,very_important,Pennsylvania,28.0
male,2.0,never,never,two_or_three_times_a_week,almost_every_day,almost_every_day,two_or_three_times_a_week,never,never,about_once_a_week,two_or_three_times_a_week,describes_me_very_well,describes_me_a_little,describes_me_a_little,describes_me_a_little,describes_me_moderately,describes_me_a_little,describes_me_well,describes_me_very_little,describes_me_very_little,describes_me_very_little,describes_me_moderately,describes_me_moderately,describes_me_a_little,describes_me_a_little,describes_me_a_little,describes_me_well,1.0,10.0,1.0,2.0,4.0,0.0,500.0,0.0,yes,no,no,0.0,not_at_all_important,Michigan,10.0
male,2.0,few_times_a_week,every_day,almost_every_day,two_or_three_times_a_week,two_or_three_times_a_week,two_or_three_times_a_week,almost_every_day,never,almost_every_day,two_or_three_times_a_week,describes_me_perfectly,describes_me_perfectly,describes_me_moderately,describes_me_perfectly,describes_me_perfectly,describes_me_perfectly,describes_me_well,describes_me_perfectly,describes_me_perfectly,describes_me_well,describes_me_perfectly,describes_me_a_little,describes_me_very_well,describes_me_perfectly,describes_me_moderately,describes_me_perfectly,0.1222399999999999,6.794047999999999,6.754505728000001,7.867281407999999,26.15247212661965,0.0,1723.0444695552,92.448,no,yes,no,0.4880000000000001,very_important,California,0.0
male,2.0,less_than_once_a_week,every_day,almost_every_day,almost_every_day,never,every_day,every_day,almost_every_day,once_or_twice,almost_every_day,describes_me_perfectly,describes_me_very_little,describes_me_very_little,describes_me_very_well,describes_me_perfectly,describes_me_a_little,does_not_describe_me_at_all,describes_me_perfectly,describes_me_well,does_not_describe_me_at_all,describes_me_perfectly,describes_me_very_well,describes_me_very_well,describes_me_well,describes_me_perfectly,describes_me_perfectly,1.0,30.0,12.2,100.0,18.0,0.0,9999999998.0,0.0,yes,no,no,0.0,not_at_all_important,Mississippi,28000.0
female,2.0,few_times_a_week,never,almost_every_day,two_or_three_times_a_week,almost_every_day,about_once_a_week,almost_every_day,once_or_twice,almost_every_day,once_or_twice,describes_me_well,describes_me_a_little,describes_me_very_little,describes_me_well,describes_me_well,describes_me_perfectly,describes_me_perfectly,describes_me_well,describes_me_a_little,describes_me_very_well,describes_me_a_little,describes_me_very_well,describes_me_very_well,describes_me_well,describes_me_well,describes_me_a_little,0.0,7.0,28.0,4.0,49.0,0.0,2000.0,0.0,no,no,no,0.0,not_very_important,Minnesota,30.0
female,2.0,every_day,few_times_a_week,almost_every_day,almost_every_day,two_or_three_times_a_week,never,never,never,never,never,describes_me_well,describes_me_well,describes_me_moderately,describes_me_well,describes_me_perfectly,describes_me_very_little,describes_me_moderately,describes_me_moderately,describes_me_well,describes_me_very_well,describes_me_very_well,describes_me_perfectly,describes_me_well,describes_me_moderately,describes_me_moderately,describes_me_well,0.0,3.0,7.0,2.0,85.0,0.0,50.0,0.0,no,yes,no,0.0,not_at_all_important,North Carolina,60.0
female,2.0,every_day,every_day,every_day,every_day,every_day,every_day,every_day,never,never,never,describes_me_perfectly,describes_me_perfectly,describes_me_moderately,describes_me_perfectly,describes_me_well,describes_me_very_well,does_not_describe_me_at_all,describes_me_well,describes_me_perfectly,describes_me_a_little,describes_me_perfectly,describes_me_perfectly,describes_me_very_well,describes_me_perfectly,describes_me_perfectly,describes_me_perfectly,0.0,16.0,21.0,2.0,10.0,0.0,0.0,0.0,no,yes,no,0.0,not_at_all_important,California,103000.0
female,2.0,not_in_school_past_30_days,every_day,almost_every_day,almost_every_day,almost_every_day,two_or_three_times_a_week,never,about_once_a_week,about_once_a_week,never,describes_me_perfectly,describes_me_perfectly,describes_me_moderately,describes_me_perfectly,describes_me_perfectly,describes_me_perfectly,describes_me_a_little,describes_me_perfectly,describes_me_perfectly,describes_me_well,describes_me_perfectly,describes_me_perfectly,describes_me_perfectly,describes_me_perfectly,describes_me_moderately,describes_me_well,0.26098176,5.864768,12.3638887424,4.6509064192,14.57460289817983,0.0,749440365.4326401,0.0,no,yes,no,0.0,very_important,Florida,0.0
female,2.0,every_day,never,two_or_three_times_a_week,almost_every_day,about_once_a_week,about_once_a_week,almost_every_day,once_or_twice,almost_every_day,once_or_twice,describes_me_a_little,describes_me_perfectly,describes_me_perfectly,describes_me_very_well,describes_me_perfectly,describes_me_perfectly,describes_me_perfectly,describes_me_perfectly,describes_me_perfectly,describes_me_perfectly,describes_me_moderately,does_not_describe_me_at_all,describes_me_perfectly,describes_me_perfectly,describes_me_moderately,describes_me_very_well,0.0,6.0,20.0,1.0,6.0,0.0,3000.0,0.0,no,yes,no,0.0,not_at_all_important,Arizona,10.0
male,2.0,few_times_a_week,few_times_a_week,about_once_a_week,almost_every_day,two_or_three_times_a_week,almost_every_day,almost_every_day,two_or_three_times_a_week,almost_every_day,every_day,describes_me_very_well,describes_me_moderately,describes_me_very_little,describes_me_very_well,describes_me_perfectly,describes_me_well,describes_me_moderately,describes_me_well,describes_me_very_well,describes_me_moderately,describes_me_very_well,describes_me_very_well,describes_me_perfectly,describes_me_very_well,describes_me_very_well,describes_me_perfectly,0.0,14.0,12.0,10.0,20.0,0.0,2500.0,0.0,no,yes,no,0.0,not_at_all_important,Massachusetts,12.5
male,2.0,not_in_school_past_30_days,never,almost_every_day,every_day,almost_every_day,almost_every_day,two_or_three_times_a_week,two_or_three_times_a_week,almost_every_day,two_or_three_times_a_week,describes_me_very_well,describes_me_very_well,describes_me_a_little,describes_me_very_well,describes_me_moderately,describes_me_very_well,describes_me_very_little,describes_me_very_well,describes_me_well,describes_me_moderately,describes_me_very_well,describes_me_very_well,describes_me_very_well,describes_me_moderately,describes_me_very_well,describes_me_very_well,1.0,12.0,7.0,2.0,4.0,0.0,3000.0,6000.0,no,yes,no,0.0,not_at_all_important,New Jersey,108000.0
male,2.0,not_in_school_past_30_days,less_than_once_a_week,every_day,almost_every_day,two_or_three_times_a_week,about_once_a_week,every_day,never,about_once_a_week,about_once_a_week,describes_me_very_well,describes_me_perfectly,does_not_describe_me_at_all,describes_me_well,describes_me_moderately,describes_me_well,describes_me_moderately,describes_me_very_well,describes_me_well,describes_me_a_little,describes_me_very_well,describes_me_well,describes_me_perfectly,describes_me_very_well,describes_me_very_well,describes_me_well,0.0,1.0,11.0,0.0,28.0,0.0,100.0,900.0,no,yes,no,0.0,somewhat_important,California,4380.0
male,2.0,not_in_school_past_30_days,every_day,almost_every_day,almost_every_day,almost_every_day,almost_every_day,almost_every_day,almost_every_day,almost_every_day,once_or_twice,describes_me_perfectly,describes_me_perfectly,describes_me_a_little,describes_me_very_well,describes_me_well,describes_me_moderately,describes_me_a_little,describes_me_perfectly,describes_me_perfectly,describes_me_very_well,describes_me_perfectly,describes_me_moderately,describes_me_perfectly,describes_me_perfectly,describes_me_perfectly,describes_me_perfectly,0.0,10.0,10.0,4.8277964873728,9.070513717798503,0.0,0.0,16000.0,yes,yes,no,0.0,extremely_important,California,1000.0
male,2.0,every_day,not_working_past_30_days,almost_every_day,two_or_three_times_a_week,two_or_three_times_a_week,about_once_a_week,almost_every_day,two_or_three_times_a_week,about_once_a_week,about_once_a_week,describes_me_well,describes_me_very_well,describes_me_well,describes_me_well,describes_me_well,describes_me_moderately,describes_me_well,describes_me_very_well,describes_me_moderately,describes_me_well,describes_me_well,describes_me_a_little,describes_me_moderately,describes_me_perfectly,describes_me_moderately,describes_me_very_well,0.0,3.0,4.0,2.0,15.0,0.0,439.0,0.0,no,yes,no,0.0,not_very_important,Alabama,8.0
male,2.0,not_in_school_past_30_days,every_day,about_once_a_week,two_or_three_times_a_week,about_once_a_week,two_or_three_times_a_week,once_or_twice,about_once_a_week,about_once_a_week,never,describes_me_very_well,describes_me_well,describes_me_well,describes_me_well,describes_me_a_little,describes_me_well,does_not_describe_me_at_all,describes_me_moderately,describes_me_perfectly,does_not_describe_me_at_all,describes_me_perfectly,describes_me_very_well,describes_me_very_well,describes_me_well,describes_me_well,describes_me_perfectly,0.0,3.0,7.0,2.0,7.0,0.0,200.0,1800.0,no,yes,no,0.0,not_very_important,Kentucky,18000.0
female,2.0,not_in_school_past_30_days,every_day,almost_every_day,almost_every_day,almost_every_day,almost_every_day,almost_every_day,once_or_twice,never,never,describes_me_moderately,describes_me_well,describes_me_moderately,describes_me_well,describes_me_moderately,describes_me_perfectly,describes_me_well,describes_me_well,describes_me_well,describes_me_well,describes_me_well,describes_me_well,describes_me_well,describes_me_well,describes_me_a_little,describes_me_well,1.0,7.0,7.0,3.0,12.0,0.0,0.0,0.0,no,no,no,0.0,somewhat_important,Nevada,17.25
male,2.0,not_in_school_past_30_days,every_day,about_once_a_week,once_or_twice,never,almost_every_day,two_or_three_times_a_week,never,once_or_twice,never,describes_me_very_well,describes_me_perfectly,does_not_describe_me_at_all,describes_me_perfectly,does_not_describe_me_at_all,describes_me_perfectly,does_not_describe_me_at_all,describes_me_perfectly,describes_me_perfectly,does_not_describe_me_at_all,describes_me_perfectly,does_not_describe_me_at_all,describes_me_perfectly,describes_me_perfectly,describes_me_perfectly,describes_me_perfectly,0.6159999999999999,4.0,8.0,4.0,40.0,0.0,0.0,0.0,no,yes,no,0.0,not_at_all_important,Georgia,1000.0
male,2.0,every_day,every_day,almost_every_day,almost_every_day,almost_every_day,almost_every_day,almost_every_day,two_or_three_times_a_week,two_or_three_times_a_week,two_or_three_times_a_week,describes_me_very_well,describes_me_very_well,does_not_describe_me_at_all,describes_me_very_well,describes_me_very_well,describes_me_very_well,does_not_describe_me_at_all,describes_me_very_well,describes_me_very_well,describes_me_moderately,describes_me_very_well,describes_me_moderately,describes_me_very_well,describes_me_very_well,describes_me_very_well,describes_me_very_well,0.0,8.0,6.0,1.0,8.0,0.0,3100.0,0.0,no,yes,no,0.0,not_very_important,Rhode Island,29.5
male,2.0,not_in_school_past_30_days,not_working_past_30_days,two_or_three_times_a_week,two_or_three_times_a_week,about_once_a_week,once_or_twice,never,never,once_or_twice,once_or_twice,describes_me_moderately,describes_me_moderately,describes_me_very_little,describes_me_moderately,describes_me_very_well,describes_me_well,describes_me_well,describes_me_very_little,describes_me_very_little,describes_me_well,describes_me_moderately,describes_me_very_well,describes_me_very_well,describes_me_very_well,describes_me_well,describes_me_very_well,0.0,10.0,10.0,3.0,20.0,0.0,0.0,10000.0,no,yes,no,0.0,not_at_all_important,New Jersey,30000.0
female,2.0,every_day,every_day,almost_every_day,every_day,two_or_three_times_a_week,almost_every_day,almost_every_day,never,once_or_twice,never,describes_me_perfectly,describes_me_perfectly,describes_me_moderately,describes_me_very_well,describes_me_a_little,describes_me_perfectly,describes_me_moderately,describes_me_perfectly,describes_me_perfectly,describes_me_a_little,describes_me_very_well,describes_me_perfectly,describes_me_perfectly,describes_me_moderately,describes_me_perfectly,describes_me_perfectly,0.08,11.134719999999998,25.880000000000003,10.528,34.032,0.0,2576000722.6224,0.0,no,yes,no,0.0,very_important,Michigan,0.0
female,2.0,never,every_day,almost_every_day,almost_every_day,two_or_three_times_a_week,two_or_three_times_a_week,never,about_once_a_week,two_or_three_times_a_week,two_or_three_times_a_week,describes_me_perfectly,describes_me_perfectly,describes_me_well,describes_me_perfectly,describes_me_perfectly,describes_me_perfectly,describes_me_moderately,describes_me_very_well,describes_me_well,does_not_describe_me_at_all,describes_me_perfectly,describes_me_well,describes_me_perfectly,describes_me_perfectly,describes_me_perfectly,describes_me_perfectly,1.0,10.0,5.0,3.0,5.0,0.0,40.0,0.0,no,yes,no,0.0,extremely_important,Nevada,5000.0
male,2.0,not_in_school_past_30_days,few_times_a_week,two_or_three_times_a_week,almost_every_day,two_or_three_times_a_week,two_or_three_times_a_week,once_or_twice,never,never,never,describes_me_perfectly,describes_me_perfectly,describes_me_perfectly,describes_me_moderately,describes_me_perfectly,describes_me_perfectly,describes_me_perfectly,describes_me_perfectly,describes_me_a_little,describes_me_well,describes_me_perfectly,describes_me_moderately,describes_me_well,describes_me_well,describes_me_very_little,describes_me_well,0.0,4.0,6.0,2.0,20.0,0.0,24.0,0.0,no,yes,no,0.0,extremely_important,Texas,10.75
male,2.0,every_day,few_times_a_week,almost_every_day,almost_every_day,two_or_three_times_a_week,two_or_three_times_a_week,almost_every_day,never,two_or_three_times_a_week,never,describes_me_very_well,describes_me_very_well,describes_me_a_little,describes_me_perfectly,describes_me_perfectly,describes_me_perfectly,describes_me_well,describes_me_perfectly,describes_me_perfectly,describes_me_perfectly,describes_me_well,describes_me_moderately,describes_me_perfectly,describes_me_perfectly,describes_me_well,describes_me_well,0.376,8.414916014080001,8.359510530293758,3.4745876946944003,23.91004178029609,0.0,73.50357134322695,0.0,no,no,no,0.0053956419584,somewhat_important,Michigan,0.0
female,2.0,not_in_school_past_30_days,every_day,once_or_twice,almost_every_day,almost_every_day,once_or_twice,never,about_once_a_week,once_or_twice,almost_every_day,describes_me_very_well,describes_me_moderately,does_not_describe_me_at_all,describes_me_perfectly,describes_me_very_little,describes_me_well,describes_me_moderately,describes_me_a_little,describes_me_perfectly,describes_me_moderately,describes_me_perfectly,describes_me_very_well,describes_me_perfectly,describes_me_perfectly,describes_me_very_little,describes_me_very_well,0.0,3.0,6.0,1.0,3.0,0.0,200.0,0.0,no,no,no,0.0,very_important,Florida,12.0
male,2.0,not_in_school_past_30_days,every_day,two_or_three_times_a_week,every_day,two_or_three_times_a_week,once_or_twice,never,two_or_three_times_a_week,two_or_three_times_a_week,two_or_three_times_a_week,describes_me_moderately,describes_me_moderately,does_not_describe_me_at_all,describes_me_well,does_not_describe_me_at_all,describes_me_well,does_not_describe_me_at_all,describes_me_very_well,describes_me_perfectly,does_not_describe_me_at_all,describes_me_well,describes_me_well,describes_me_very_well,describes_me_well,describes_me_moderately,describes_me_well,0.0,2.0,2.0,2.0,8.0,0.0,4000.0,0.0,no,no,no,0.0,extremely_important,California,24.0
female,2.0,once_a_week,every_day,every_day,every_day,every_day,almost_every_day,about_once_a_week,once_or_twice,once_or_twice,every_day,describes_me_perfectly,describes_me_perfectly,does_not_describe_me_at_all,describes_me_perfectly,describes_me_moderately,describes_me_perfectly,does_not_describe_me_at_all,describes_me_perfectly,describes_me_well,does_not_describe_me_at_all,describes_me_perfectly,describes_me_perfectly,describes_me_perfectly,describes_me_well,describes_me_well,describes_me_perfectly,0.0,2.0,2.0,4.0,3.0,0.0,100.0,0.0,no,no,no,0.0,very_important,New York,8010.0
female,2.0,once_a_week,less_than_once_a_week,almost_every_day,almost_every_day,two_or_three_times_a_week,almost_every_day,two_or_three_times_a_week,once_or_twice,about_once_a_week,about_once_a_week,describes_me_very_well,describes_me_moderately,describes_me_very_little,describes_me_a_little,describes_me_well,describes_me_perfectly,describes_me_a_little,describes_me_very_well,describes_me_moderately,describes_me_perfectly,describes_me_very_well,describes_me_very_well,describes_me_perfectly,describes_me_a_little,describes_me_a_little,describes_me_well,1.0,14.0,21.0,5.0,5.0,0.0,0.0,800.0,no,yes,no,0.0,not_very_important,West Virginia,75.0
male,2.0,not_in_school_past_30_days,every_day,once_or_twice,once_or_twice,about_once_a_week,once_or_twice,never,never,once_or_twice,once_or_twice,describes_me_very_well,describes_me_moderately,describes_me_very_well,describes_me_well,describes_me_perfectly,describes_me_well,describes_me_very_well,describes_me_well,describes_me_perfectly,describes_me_perfectly,describes_me_very_well,describes_me_well,describes_me_a_little,describes_me_perfectly,describes_me_moderately,describes_me_very_well,0.0,4.0,2.0,5.001253888000001,60.0,0.0,50.0,0.0,no,yes,no,0.0,somewhat_important,Georgia,17.0
male,2.0,once_a_week,never,every_day,every_day,every_day,almost_every_day,never,about_once_a_week,about_once_a_week,once_or_twice,describes_me_very_well,describes_me_perfectly,describes_me_a_little,describes_me_perfectly,describes_me_well,describes_me_well,describes_me_a_little,describes_me_well,describes_me_well,describes_me_well,describes_me_moderately,describes_me_moderately,describes_me_very_well,describes_me_very_well,describes_me_perfectly,describes_me_perfectly,1.0,2.0,2.0,1.0,2.0,0.0,60.0,200.0,no,yes,no,0.0,extremely_important,Ohio,15640.0
male,2.0,every_day,never,almost_every_day,every_day,almost_every_day,almost_every_day,never,almost_every_day,almost_every_day,two_or_three_times_a_week,describes_me_perfectly,describes_me_perfectly,describes_me_moderately,describes_me_very_well,describes_me_very_well,describes_me_perfectly,describes_me_well,describes_me_very_well,describes_me_well,describes_me_well,describes_me_perfectly,describes_me_very_well,describes_me_perfectly,describes_me_well,describes_me_perfectly,describes_me_very_well,0.4,1.0,1.0,3.0,15.0,0.0,400.0,0.0,no,no,no,0.0,not_at_all_important,Florida,8000.0
male,2.0,not_in_school_past_30_days,every_day,two_or_three_times_a_week,almost_every_day,almost_every_day,two_or_three_times_a_week,almost_every_day,never,never,two_or_three_times_a_week,describes_me_well,describes_me_very_well,describes_me_well,describes_me_moderately,describes_me_a_little,describes_me_very_little,describes_me_a_little,describes_me_very_well,describes_me_very_well,describes_me_a_little,describes_me_well,describes_me_very_little,describes_me_moderately,describes_me_a_little,describes_me_moderately,describes_me_well,0.0,4.0,7.0,1.0,18.0,0.0,3900.0,0.0,no,yes,no,0.0,not_very_important,Washington,15.0
male,2.0,every_day,every_day,almost_every_day,every_day,almost_every_day,almost_every_day,never,never,two_or_three_times_a_week,never,describes_me_perfectly,describes_me_well,describes_me_a_little,describes_me_well,describes_me_perfectly,describes_me_well,describes_me_a_little,describes_me_perfectly,describes_me_moderately,describes_me_well,describes_me_very_well,describes_me_perfectly,describes_me_perfectly,describes_me_very_well,describes_me_moderately,describes_me_perfectly,0.0,10.4,9.2,2.6,21.2,0.0,880003259.5119998,0.0,no,yes,no,0.0,not_at_all_important,California,0.0
female,2.0,few_times_a_week,few_times_a_week,almost_every_day,almost_every_day,almost_every_day,almost_every_day,once_or_twice,never,once_or_twice,never,describes_me_very_well,describes_me_perfectly,describes_me_a_little,describes_me_moderately,describes_me_perfectly,describes_me_very_well,describes_me_moderately,describes_me_perfectly,describes_me_moderately,describes_me_moderately,describes_me_perfectly,describes_me_perfectly,describes_me_well,describes_me_well,describes_me_a_little,describes_me_perfectly,0.2,16.0,10.4,2.6,21.2,0.0,877.2,0.0,no,yes,no,0.0,extremely_important,Michigan,0.0
male,2.0,not_in_school_past_30_days,every_day,two_or_three_times_a_week,two_or_three_times_a_week,about_once_a_week,about_once_a_week,once_or_twice,once_or_twice,about_once_a_week,once_or_twice,describes_me_well,describes_me_very_well,describes_me_moderately,describes_me_moderately,describes_me_well,describes_me_moderately,describes_me_moderately,describes_me_well,describes_me_moderately,describes_me_moderately,describes_me_well,describes_me_a_little,describes_me_moderately,describes_me_a_little,describes_me_moderately,describes_me_a_little,0.0,5.0,3.0,4.0,10.0,0.0,2000.0,0.0,no,yes,no,0.0,not_at_all_important,North Dakota,16.8
male,2.0,once_a_week,few_times_a_week,two_or_three_times_a_week,almost_every_day,about_once_a_week,almost_every_day,about_once_a_week,about_once_a_week,once_or_twice,once_or_twice,describes_me_very_well,describes_me_well,describes_me_very_little,describes_me_well,describes_me_well,describes_me_perfectly,describes_me_a_little,describes_me_well,describes_me_very_well,describes_me_well,describes_me_very_well,describes_me_well,describes_me_perfectly,describes_me_well,describes_me_perfectly,describes_me_perfectly,2.0,3.0,10.0,2.0,15.0,0.0,0.0,0.0,yes,yes,no,0.0,very_important,Maryland,12.0
male,2.0,few_times_a_week,once_a_week,almost_every_day,every_day,almost_every_day,every_day,every_day,almost_every_day,almost_every_day,about_once_a_week,describes_me_perfectly,describes_me_well,describes_me_moderately,describes_me_moderately,describes_me_moderately,describes_me_perfectly,describes_me_well,describes_me_very_well,describes_me_moderately,describes_me_well,describes_me_moderately,describes_me_moderately,describes_me_very_well,describes_me_very_little,describes_me_moderately,describes_me_perfectly,1.0,2.0,72.0,5.31616,10.0,0.0,0.0,0.0,no,no,no,0.0,very_important,Texas,0.0
male,2.0,every_day,every_day,almost_every_day,every_day,two_or_three_times_a_week,once_or_twice,every_day,almost_every_day,almost_every_day,two_or_three_times_a_week,describes_me_well,describes_me_perfectly,does_not_describe_me_at_all,describes_me_moderately,describes_me_perfectly,describes_me_very_well,describes_me_moderately,describes_me_perfectly,describes_me_perfectly,describes_me_well,describes_me_perfectly,describes_me_a_little,describes_me_well,describes_me_well,describes_me_moderately,describes_me_perfectly,0.005312,10.784,8.703999999999999,10.904,17.3504,0.0,2010.304,200.0,no,yes,no,0.0,very_important,California,0.0
female,2.0,few_times_a_week,few_times_a_week,almost_every_day,every_day,almost_every_day,almost_every_day,almost_every_day,about_once_a_week,almost_every_day,two_or_three_times_a_week,describes_me_very_well,describes_me_well,describes_me_a_little,describes_me_moderately,describes_me_very_well,describes_me_well,describes_me_moderately,describes_me_very_well,describes_me_moderately,describes_me_well,describes_me_well,describes_me_a_little,describes_me_perfectly,describes_me_perfectly,describes_me_moderately,describes_me_very_well,0.0,4.312,8.784,2.8080000000000003,23.024,0.0,3444.0,12.0,no,yes,no,0.0,somewhat_important,California,0.0
female,2.0,every_day,every_day,every_day,every_day,every_day,every_day,every_day,every_day,every_day,every_day,describes_me_perfectly,describes_me_perfectly,describes_me_a_little,describes_me_perfectly,describes_me_perfectly,does_not_describe_me_at_all,describes_me_perfectly,describes_me_perfectly,describes_me_perfectly,describes_me_well,describes_me_perfectly,describes_me_perfectly,describes_me_perfectly,describes_me_perfectly,describes_me_perfectly,describes_me_perfectly,2.0,8.0,5.0,4.0,4.0,0.0,0.0,0.0,yes,yes,yes,2.0,not_at_all_important,Texas,56000.0
male,2.0,never,never,once_or_twice,almost_every_day,about_once_a_week,every_day,about_once_a_week,once_or_twice,two_or_three_times_a_week,almost_every_day,describes_me_well,describes_me_moderately,describes_me_a_little,describes_me_moderately,describes_me_perfectly,describes_me_well,describes_me_well,describes_me_very_little,describes_me_very_well,describes_me_perfectly,describes_me_moderately,describes_me_moderately,describes_me_very_well,describes_me_perfectly,describes_me_perfectly,describes_me_well,0.0,3.0,1.0,0.0,10.0,0.0,0.0,0.0,yes,no,yes,1.0,not_very_important,Arkansas,307.0
male,2.0,few_times_a_week,few_times_a_week,almost_every_day,almost_every_day,two_or_three_times_a_week,two_or_three_times_a_week,almost_every_day,never,two_or_three_times_a_week,never,describes_me_very_well,describes_me_very_well,describes_me_a_little,describes_me_perfectly,describes_me_perfectly,describes_me_perfectly,describes_me_well,describes_me_perfectly,describes_me_perfectly,describes_me_perfectly,describes_me_well,describes_me_perfectly,describes_me_perfectly,describes_me_perfectly,describes_me_well,describes_me_well,0.376,8.414916014080001,8.2338082152448,3.4233766789119997,24.196014759313407,0.0,75.70745381228379,0.0,no,no,no,0.006337093632,somewhat_important,Michigan,0.0
male,2.0,few_times_a_week,every_day,almost_every_day,almost_every_day,almost_every_day,every_day,almost_every_day,two_or_three_times_a_week,two_or_three_times_a_week,almost_every_day,describes_me_very_well,describes_me_well,describes_me_a_little,describes_me_moderately,describes_me_moderately,describes_me_moderately,describes_me_very_well,describes_me_well,describes_me_very_well,describes_me_well,describes_me_well,describes_me_very_well,describes_me_very_well,describes_me_very_well,describes_me_moderately,describes_me_very_well,0.0,1.0,1.0,3.0,15.0,0.0,700.0,3800.0,no,yes,no,0.0,very_important,Florida,0.0
female,2.0,not_in_school_past_30_days,every_day,almost_every_day,almost_every_day,two_or_three_times_a_week,two_or_three_times_a_week,once_or_twice,two_or_three_times_a_week,two_or_three_times_a_week,never,describes_me_very_well,describes_me_a_little,describes_me_moderately,describes_me_well,describes_me_moderately,describes_me_perfectly,describes_me_very_well,describes_me_well,describes_me_perfectly,describes_me_very_well,describes_me_very_well,describes_me_very_well,describes_me_perfectly,describes_me_perfectly,describes_me_very_well,describes_me_perfectly,0.0,4.0,8.0,3.0,110.0,0.0,2000.0,0.0,yes,yes,no,0.0,somewhat_important,Texas,0.0
male,2.0,every_day,every_day,almost_every_day,every_day,almost_every_day,almost_every_day,almost_every_day,never,almost_every_day,once_or_twice,describes_me_perfectly,describes_me_perfectly,does_not_describe_me_at_all,describes_me_perfectly,describes_me_very_well,describes_me_well,describes_me_a_little,describes_me_perfectly,describes_me_perfectly,describes_me_well,describes_me_perfectly,describes_me_perfectly,describes_me_perfectly,describes_me_perfectly,describes_me_very_well,describes_me_perfectly,0.44576,8.255520727039999,14.569600967114752,4.301590175744001,10.20313897189376,0.0,532572808.6086073,0.0,no,yes,no,0.0,very_important,North Carolina,0.0
male,2.0,once_a_week,less_than_once_a_week,almost_every_day,every_day,almost_every_day,two_or_three_times_a_week,every_day,about_once_a_week,two_or_three_times_a_week,about_once_a_week,describes_me_very_well,describes_me_moderately,describes_me_very_little,describes_me_very_well,does_not_describe_me_at_all,describes_me_well,describes_me_well,describes_me_moderately,describes_me_very_well,does_not_describe_me_at_all,describes_me_very_well,describes_me_very_well,describes_me_very_well,describes_me_perfectly,describes_me_perfectly,describes_me_very_well,0.0,10.0,4.0,5.0,20.0,500.0,9999999999.0,500.0,no,yes,yes,2.0,somewhat_important,Kentucky,16500.0
female,2.0,once_a_week,never,almost_every_day,almost_every_day,two_or_three_times_a_week,never,never,about_once_a_week,about_once_a_week,about_once_a_week,describes_me_perfectly,describes_me_perfectly,does_not_describe_me_at_all,describes_me_a_little,describes_me_perfectly,describes_me_perfectly,describes_me_very_little,describes_me_perfectly,describes_me_perfectly,does_not_describe_me_at_all,describes_me_perfectly,describes_me_perfectly,describes_me_perfectly,describes_me_well,describes_me_very_well,describes_me_perfectly,3.0,8.0,7.0,7.0,30.0,0.0,0.0,0.0,no,no,no,0.0,somewhat_important,Michigan,9.25
male,2.0,less_than_once_a_week,less_than_once_a_week,almost_every_day,almost_every_day,almost_every_day,almost_every_day,almost_every_day,almost_every_day,almost_every_day,almost_every_day,describes_me_perfectly,describes_me_perfectly,does_not_describe_me_at_all,describes_me_perfectly,does_not_describe_me_at_all,describes_me_perfectly,does_not_describe_me_at_all,describes_me_perfectly,describes_me_perfectly,does_not_describe_me_at_all,describes_me_perfectly,describes_me_perfectly,describes_me_perfectly,describes_me_perfectly,describes_me_perfectly,describes_me_perfectly,2.0,20.0,20.0,5.0,3.0,700.0,300.0,0.0,yes,no,no,0.0,extremely_important,Mississippi,60000.0
female,2.0,less_than_once_a_week,less_than_once_a_week,almost_every_day,almost_every_day,almost_every_day,almost_every_day,almost_every_day,almost_every_day,almost_every_day,never,describes_me_perfectly,describes_me_perfectly,does_not_describe_me_at_all,describes_me_perfectly,describes_me_a_little,describes_me_a_little,does_not_describe_me_at_all,describes_me_very_well,describes_me_well,describes_me_a_little,describes_me_well,describes_me_well,describes_me_perfectly,describes_me_well,describes_me_moderately,describes_me_perfectly,3.0,21.0,4.0,1.0,15.0,450.0,0.0,0.0,no,yes,no,0.0,very_important,Texas,33.75
female,2.0,less_than_once_a_week,every_day,almost_every_day,almost_every_day,almost_every_day,almost_every_day,every_day,two_or_three_times_a_week,two_or_three_times_a_week,two_or_three_times_a_week,describes_me_well,describes_me_well,describes_me_moderately,describes_me_well,describes_me_well,describes_me_very_well,describes_me_a_little,describes_me_moderately,describes_me_well,describes_me_very_little,describes_me_very_well,describes_me_moderately,describes_me_well,describes_me_well,describes_me_a_little,describes_me_well,0.0,10.0,7.0,4.0,20.0,0.0,6000.0,800.0,no,yes,no,0.0,somewhat_important,Wisconsin,41145.0
male,2.0,every_day,every_day,every_day,every_day,never,every_day,every_day,every_day,every_day,every_day,describes_me_perfectly,describes_me_perfectly,describes_me_perfectly,describes_me_perfectly,does_not_describe_me_at_all,describes_me_perfectly,does_not_describe_me_at_all,describes_me_perfectly,describes_me_perfectly,describes_me_very_little,describes_me_perfectly,describes_me_perfectly,describes_me_perfectly,describes_me_perfectly,describes_me_perfectly,describes_me_perfectly,1.0,6.0,6.0,2.0,8.0,0.0,300.0,0.0,no,yes,no,0.0,not_at_all_important,South Carolina,120.0
female,2.0,few_times_a_week,never,every_day,every_day,every_day,every_day,every_day,almost_every_day,every_day,every_day,describes_me_perfectly,describes_me_perfectly,does_not_describe_me_at_all,describes_me_very_well,describes_me_a_little,describes_me_perfectly,does_not_describe_me_at_all,describes_me_perfectly,describes_me_very_well,does_not_describe_me_at_all,describes_me_perfectly,describes_me_very_little,describes_me_perfectly,describes_me_perfectly,describes_me_perfectly,describes_me_perfectly,0.0,2.0,7.0,1.0,14.0,0.0,2000.0,0.0,no,no,no,0.0,extremely_important,South Carolina,2000.0
female,2.0,few_times_a_week,few_times_a_week,almost_every_day,two_or_three_times_a_week,two_or_three_times_a_week,two_or_three_times_a_week,almost_every_day,about_once_a_week,about_once_a_week,two_or_three_times_a_week,describes_me_perfectly,describes_me_very_well,describes_me_a_little,describes_me_very_well,describes_me_moderately,describes_me_moderately,describes_me_very_little,describes_me_very_well,does_not_describe_me_at_all,describes_me_a_little,describes_me_perfectly,describes_me_moderately,describes_me_well,describes_me_a_little,describes_me_moderately,describes_me_very_well,0.0,3.0,5.0,1.0,10.0,0.0,9000.0,0.0,no,yes,no,0.0,not_very_important,Pennsylvania,20.0
female,2.0,few_times_a_week,every_day,two_or_three_times_a_week,almost_every_day,almost_every_day,two_or_three_times_a_week,two_or_three_times_a_week,never,about_once_a_week,about_once_a_week,describes_me_well,describes_me_very_little,does_not_describe_me_at_all,describes_me_moderately,describes_me_well,describes_me_very_well,describes_me_very_well,describes_me_very_little,does_not_describe_me_at_all,describes_me_well,describes_me_perfectly,describes_me_very_well,describes_me_perfectly,describes_me_a_little,describes_me_well,describes_me_well,0.0,6.0,4.0,3.0,5.0,0.0,6000.0,500.0,no,yes,no,0.0,not_at_all_important,Tennessee,38000.0
female,2.0,not_in_school_past_30_days,every_day,almost_every_day,almost_every_day,almost_every_day,almost_every_day,almost_every_day,almost_every_day,almost_every_day,almost_every_day,describes_me_perfectly,describes_me_moderately,does_not_describe_me_at_all,describes_me_perfectly,describes_me_a_little,describes_me_perfectly,describes_me_moderately,describes_me_well,describes_me_perfectly,describes_me_a_little,describes_me_well,describes_me_very_well,describes_me_perfectly,describes_me_perfectly,describes_me_perfectly,describes_me_perfectly,2.0,20.0,15.0,4.0,15.0,0.0,1000.0,0.0,no,yes,no,0.0,not_at_all_important,Minnesota,13.5
male,2.0,few_times_a_week,few_times_a_week,almost_every_day,every_day,once_or_twice,almost_every_day,almost_every_day,about_once_a_week,two_or_three_times_a_week,two_or_three_times_a_week,describes_me_perfectly,describes_me_perfectly,describes_me_well,describes_me_perfectly,does_not_describe_me_at_all,describes_me_well,describes_me_a_little,describes_me_very_well,describes_me_perfectly,describes_me_moderately,describes_me_perfectly,describes_me_very_well,describes_me_very_well,describes_me_perfectly,describes_me_well,describes_me_very_well,2.0,8.0,4.0,3.0,24.0,0.0,0.0,0.0,yes,yes,yes,8.0,extremely_important,Missouri,16.58
female,2.0,every_day,every_day,almost_every_day,almost_every_day,almost_every_day,every_day,almost_every_day,almost_every_day,almost_every_day,two_or_three_times_a_week,describes_me_perfectly,describes_me_perfectly,does_not_describe_me_at_all,describes_me_perfectly,describes_me_perfectly,describes_me_perfectly,does_not_describe_me_at_all,describes_me_perfectly,describes_me_perfectly,describes_me_moderately,describes_me_perfectly,describes_me_moderately,describes_me_perfectly,describes_me_perfectly,describes_me_perfectly,describes_me_perfectly,0.0,15.0,10.0,10.0,10.0,0.0,700.0,0.0,yes,yes,no,0.0,extremely_important,Georgia,23.5
male,2.0,not_in_school_past_30_days,less_than_once_a_week,two_or_three_times_a_week,two_or_three_times_a_week,two_or_three_times_a_week,about_once_a_week,about_once_a_week,never,about_once_a_week,never,describes_me_very_well,describes_me_moderately,does_not_describe_me_at_all,describes_me_very_little,describes_me_very_little,describes_me_moderately,describes_me_moderately,describes_me_well,describes_me_moderately,describes_me_very_little,describes_me_very_well,describes_me_very_little,describes_me_very_well,describes_me_a_little,describes_me_well,describes_me_very_well,0.0,5.0,2.0,1.0,8.0,0.0,0.0,0.0,no,yes,yes,1.0,not_at_all_important,Arizona,40000.0
male,2.0,not_in_school_past_30_days,never,two_or_three_times_a_week,about_once_a_week,about_once_a_week,never,never,once_or_twice,once_or_twice,once_or_twice,describes_me_perfectly,describes_me_moderately,does_not_describe_me_at_all,describes_me_moderately,describes_me_very_well,describes_me_a_little,describes_me_a_little,describes_me_moderately,describes_me_well,describes_me_moderately,describes_me_perfectly,describes_me_moderately,describes_me_very_well,describes_me_perfectly,describes_me_very_well,describes_me_a_little,0.0,9.032,2.0,1.0,89.0,0.0,0.0,0.0,no,no,no,0.0,not_at_all_important,Washington,0.0
female,2.0,few_times_a_week,every_day,almost_every_day,every_day,two_or_three_times_a_week,every_day,every_day,never,once_or_twice,never,describes_me_perfectly,describes_me_perfectly,describes_me_well,describes_me_perfectly,describes_me_perfectly,describes_me_well,describes_me_a_little,describes_me_perfectly,describes_me_perfectly,describes_me_moderately,describes_me_perfectly,describes_me_a_little,describes_me_well,describes_me_perfectly,describes_me_moderately,describes_me_perfectly,0.2,8.4,9.8,4.4,22.2,0.0,3630.0,344.6,no,yes,no,0.2,very_important,Michigan,0.0
female,2.0,never,few_times_a_week,almost_every_day,every_day,almost_every_day,about_once_a_week,never,about_once_a_week,two_or_three_times_a_week,two_or_three_times_a_week,describes_me_perfectly,describes_me_well,describes_me_a_little,describes_me_very_well,describes_me_a_little,describes_me_perfectly,describes_me_well,describes_me_perfectly,describes_me_well,describes_me_moderately,describes_me_perfectly,describes_me_moderately,describes_me_perfectly,describes_me_perfectly,describes_me_a_little,describes_me_moderately,3.0,0.0,0.0,0.0,0.0,0.0,0.0,0.0,no,no,yes,1.0,somewhat_important,Texas,9.0
female,2.0,not_in_school_past_30_days,less_than_once_a_week,two_or_three_times_a_week,two_or_three_times_a_week,about_once_a_week,once_or_twice,never,never,never,never,describes_me_very_well,describes_me_moderately,describes_me_a_little,describes_me_a_little,describes_me_perfectly,describes_me_well,describes_me_very_well,describes_me_moderately,describes_me_moderately,describes_me_perfectly,describes_me_moderately,describes_me_well,describes_me_well,describes_me_moderately,does_not_describe_me_at_all,describes_me_very_well,0.0,5.2,6.9888,4.752000000000001,40.044799999999995,0.0,0.0,0.0,no,no,no,0.0,not_very_important,Texas,0.0
male,2.0,not_in_school_past_30_days,few_times_a_week,almost_every_day,almost_every_day,almost_every_day,almost_every_day,almost_every_day,two_or_three_times_a_week,almost_every_day,two_or_three_times_a_week,describes_me_very_well,describes_me_well,describes_me_moderately,describes_me_well,describes_me_moderately,describes_me_very_well,describes_me_moderately,describes_me_well,describes_me_very_well,describes_me_moderately,describes_me_well,describes_me_well,describes_me_very_well,describes_me_well,describes_me_well,describes_me_very_well,0.0,3.0,2.0,1.0,7.0,0.0,10000.0,0.0,no,no,no,0.0,very_important,Tennessee,0.0
female,2.0,every_day,every_day,every_day,every_day,every_day,two_or_three_times_a_week,never,never,two_or_three_times_a_week,never,describes_me_perfectly,describes_me_perfectly,does_not_describe_me_at_all,describes_me_well,describes_me_well,describes_me_perfectly,does_not_describe_me_at_all,describes_me_very_well,describes_me_well,describes_me_very_little,describes_me_perfectly,describes_me_perfectly,describes_me_perfectly,describes_me_moderately,describes_me_very_well,describes_me_perfectly,1.0,15.0,10.0,5.0,5.0,0.0,3000.0,500.0,no,yes,no,0.0,very_important,Kansas,39000.0
female,2.0,never,few_times_a_week,almost_every_day,two_or_three_times_a_week,once_or_twice,never,never,never,almost_every_day,never,describes_me_well,does_not_describe_me_at_all,does_not_describe_me_at_all,describes_me_moderately,describes_me_perfectly,describes_me_a_little,describes_me_a_little,does_not_describe_me_at_all,does_not_describe_me_at_all,describes_me_perfectly,describes_me_well,describes_me_perfectly,describes_me_very_well,describes_me_very_well,does_not_describe_me_at_all,describes_me_well,0.0,10.0,7.0,3.617614848,20.0,0.0,5.0,0.0,yes,yes,no,0.0,somewhat_important,Indiana,9.0
female,2.0,every_day,every_day,almost_every_day,almost_every_day,almost_every_day,two_or_three_times_a_week,every_day,never,about_once_a_week,almost_every_day,describes_me_perfectly,describes_me_perfectly,describes_me_very_little,describes_me_a_little,describes_me_very_well,describes_me_perfectly,describes_me_a_little,describes_me_very_well,describes_me_perfectly,describes_me_very_little,describes_me_perfectly,describes_me_perfectly,describes_me_very_well,describes_me_well,describes_me_well,describes_me_perfectly,0.0,4.0,2.0,1.0,2.0,0.0,400.0,0.0,no,yes,no,0.0,not_at_all_important,Virginia,13.0
male,2.0,less_than_once_a_week,every_day,every_day,every_day,never,every_day,every_day,once_or_twice,almost_every_day,every_day,describes_me_perfectly,describes_me_well,describes_me_very_little,describes_me_perfectly,describes_me_moderately,describes_me_perfectly,describes_me_very_little,describes_me_well,describes_me_perfectly,does_not_describe_me_at_all,describes_me_very_well,does_not_describe_me_at_all,describes_me_perfectly,describes_me_perfectly,describes_me_a_little,describes_me_perfectly,0.0,21.0,14.0,2.0,49.0,0.0,2400.0,256.0,no,yes,no,0.0,somewhat_important,South Carolina,0.0
male,2.0,not_in_school_past_30_days,few_times_a_week,almost_every_day,almost_every_day,two_or_three_times_a_week,about_once_a_week,about_once_a_week,two_or_three_times_a_week,almost_every_day,two_or_three_times_a_week,describes_me_very_well,describes_me_a_little,describes_me_moderately,describes_me_well,describes_me_a_little,describes_me_very_well,describes_me_very_well,describes_me_very_little,describes_me_very_well,describes_me_well,describes_me_well,describes_me_very_well,describes_me_well,describes_me_well,describes_me_well,describes_me_very_well,0.0,10.0,8.0,2.0,15.0,0.0,15000.0,0.0,no,no,no,0.0,somewhat_important,Arkansas,45000.0
male,2.0,never,once_a_week,every_day,every_day,every_day,every_day,every_day,every_day,every_day,every_day,describes_me_perfectly,describes_me_well,describes_me_moderately,describes_me_well,describes_me_very_well,describes_me_very_well,describes_me_very_little,describes_me_moderately,describes_me_moderately,describes_me_well,describes_me_very_well,describes_me_well,describes_me_well,describes_me_very_well,describes_me_very_well,describes_me_very_well,0.0,5.0,2.0,1.0,5.0,0.0,5000.0,200.0,no,yes,no,0.0,somewhat_important,California,25000.0
male,2.0,never,never,every_day,every_day,almost_every_day,almost_every_day,two_or_three_times_a_week,two_or_three_times_a_week,two_or_three_times_a_week,two_or_three_times_a_week,describes_me_perfectly,describes_me_very_well,does_not_describe_me_at_all,describes_me_well,describes_me_perfectly,describes_me_perfectly,does_not_describe_me_at_all,describes_me_very_well,describes_me_perfectly,describes_me_very_little,describes_me_perfectly,describes_me_well,describes_me_very_well,describes_me_perfectly,describes_me_very_well,describes_me_perfectly,2.0,14.0,7.0,3.0,12.0,250.0,9999999999.0,0.0,no,yes,yes,1.0,not_very_important,South Carolina,16.0
male,2.0,few_times_a_week,every_day,almost_every_day,every_day,almost_every_day,almost_every_day,two_or_three_times_a_week,about_once_a_week,almost_every_day,about_once_a_week,describes_me_moderately,describes_me_very_well,describes_me_very_little,describes_me_very_well,describes_me_moderately,describes_me_well,describes_me_a_little,describes_me_very_well,describes_me_perfectly,describes_me_very_little,describes_me_well,describes_me_very_little,describes_me_very_well,describes_me_perfectly,describes_me_well,describes_me_very_well,0.0,5.0,7.0,1.0,20.0,0.0,18000.0,0.0,no,yes,no,0.0,not_very_important,California,15.5
female,2.0,few_times_a_week,once_a_week,every_day,every_day,almost_every_day,almost_every_day,almost_every_day,never,once_or_twice,once_or_twice,describes_me_perfectly,describes_me_well,does_not_describe_me_at_all,describes_me_moderately,describes_me_perfectly,describes_me_perfectly,does_not_describe_me_at_all,describes_me_very_little,describes_me_moderately,describes_me_perfectly,describes_me_very_well,describes_me_very_well,describes_me_perfectly,describes_me_very_well,describes_me_moderately,describes_me_well,0.0,4.0,8.0,2.0,5.0,0.0,20000.0,900.0,no,yes,no,0.0,not_at_all_important,New York,20.0
female,2.0,not_in_school_past_30_days,never,every_day,every_day,every_day,never,never,never,about_once_a_week,almost_every_day,describes_me_well,describes_me_a_little,describes_me_moderately,describes_me_very_well,describes_me_very_well,describes_me_a_little,does_not_describe_me_at_all,describes_me_a_little,describes_me_very_little,describes_me_moderately,describes_me_very_little,describes_me_moderately,describes_me_moderately,describes_me_moderately,describes_me_a_little,describes_me_moderately,2.0,5.0,1.0,2.0,5.0,0.0,100.0,0.0,no,no,no,0.0,very_important,Florida,4000.0
female,2.0,not_in_school_past_30_days,every_day,two_or_three_times_a_week,two_or_three_times_a_week,two_or_three_times_a_week,never,never,once_or_twice,about_once_a_week,never,describes_me_well,describes_me_very_well,describes_me_moderately,describes_me_very_little,describes_me_perfectly,describes_me_moderately,describes_me_well,describes_me_perfectly,describes_me_perfectly,describes_me_very_well,describes_me_well,describes_me_a_little,describes_me_very_well,describes_me_moderately,does_not_describe_me_at_all,does_not_describe_me_at_all,1.0,10.0,7.0,4.0,15.0,0.0,1.0,306.0,no,no,no,0.0,somewhat_important,Indiana,24000.0
male,2.0,few_times_a_week,every_day,almost_every_day,every_day,almost_every_day,almost_every_day,never,almost_every_day,almost_every_day,never,describes_me_perfectly,describes_me_perfectly,describes_me_very_little,describes_me_perfectly,describes_me_perfectly,describes_me_very_well,describes_me_a_little,describes_me_perfectly,describes_me_perfectly,describes_me_moderately,describes_me_perfectly,describes_me_perfectly,describes_me_perfectly,describes_me_perfectly,describes_me_a_little,describes_me_perfectly,0.0,13.55136,16.982592,4.44096,17.316131328,0.0,19200131.162112,0.0,no,no,no,0.0,extremely_important,North Carolina,0.0
male,2.0,not_in_school_past_30_days,never,about_once_a_week,never,never,two_or_three_times_a_week,never,never,about_once_a_week,two_or_three_times_a_week,describes_me_perfectly,describes_me_moderately,describes_me_very_little,describes_me_moderately,describes_me_perfectly,describes_me_well,describes_me_very_little,describes_me_moderately,does_not_describe_me_at_all,describes_me_a_little,describes_me_perfectly,describes_me_a_little,describes_me_very_well,describes_me_a_little,describes_me_moderately,describes_me_perfectly,5.0,49.0,21.0,6.0,15.184,0.0,0.0,0.0,no,yes,yes,10.0,very_important,Virginia,1800.0
male,2.0,few_times_a_week,once_a_week,about_once_a_week,two_or_three_times_a_week,two_or_three_times_a_week,two_or_three_times_a_week,two_or_three_times_a_week,about_once_a_week,about_once_a_week,once_or_twice,describes_me_well,describes_me_well,describes_me_very_little,describes_me_well,describes_me_perfectly,describes_me_moderately,describes_me_well,describes_me_moderately,describes_me_perfectly,describes_me_moderately,describes_me_moderately,describes_me_very_well,describes_me_moderately,describes_me_very_well,describes_me_moderately,describes_me_perfectly,0.0,12.0,9.0,6.0,15.0,0.0,500.0,0.0,no,yes,no,0.0,very_important,California,2012.5
male,2.0,few_times_a_week,few_times_a_week,almost_every_day,almost_every_day,almost_every_day,almost_every_day,almost_every_day,two_or_three_times_a_week,two_or_three_times_a_week,two_or_three_times_a_week,describes_me_very_well,describes_me_very_well,describes_me_moderately,describes_me_well,describes_me_a_little,describes_me_moderately,describes_me_moderately,describes_me_well,describes_me_well,describes_me_moderately,describes_me_well,describes_me_well,describes_me_well,describes_me_well,describes_me_moderately,describes_me_well,1.0,6.0,3.0,3.0,15.0,0.0,3000.0,3000.0,yes,yes,yes,2.0,very_important,California,56000.0
female,2.0,once_a_week,few_times_a_week,every_day,every_day,every_day,every_day,never,two_or_three_times_a_week,two_or_three_times_a_week,once_or_twice,describes_me_perfectly,describes_me_perfectly,describes_me_a_little,describes_me_moderately,describes_me_well,describes_me_well,describes_me_a_little,describes_me_very_well,describes_me_well,describes_me_moderately,describes_me_perfectly,describes_me_well,describes_me_perfectly,describes_me_perfectly,describes_me_very_well,describes_me_perfectly,0.0,15.0,7.0,3.0,15.0,0.0,0.0,3000.0,no,yes,no,0.0,somewhat_important,California,11.0
female,2.0,not_in_school_past_30_days,once_a_week,almost_every_day,every_day,two_or_three_times_a_week,once_or_twice,never,never,about_once_a_week,never,describes_me_perfectly,describes_me_perfectly,describes_me_well,describes_me_perfectly,describes_me_perfectly,describes_me_perfectly,describes_me_a_little,describes_me_perfectly,describes_me_very_well,describes_me_well,describes_me_perfectly,describes_me_perfectly,describes_me_perfectly,describes_me_perfectly,describes_me_a_little,describes_me_very_well,0.0576,6.89152,11.4352400171008,5.36920348672,14.22737137505643,0.0,784128723.7479681,0.0,no,no,no,0.0,very_important,Florida,0.0
female,2.0,less_than_once_a_week,every_day,two_or_three_times_a_week,two_or_three_times_a_week,two_or_three_times_a_week,two_or_three_times_a_week,once_or_twice,once_or_twice,once_or_twice,once_or_twice,describes_me_moderately,describes_me_a_little,describes_me_a_little,describes_me_moderately,describes_me_moderately,describes_me_moderately,describes_me_moderately,describes_me_a_little,describes_me_a_little,describes_me_moderately,describes_me_a_little,describes_me_moderately,describes_me_a_little,describes_me_perfectly,describes_me_a_little,describes_me_a_little,3.0,8.0,8.0,2.0,8.0,0.0,25.0,0.0,no,no,no,0.0,somewhat_important,Georgia,9000.0
female,2.0,less_than_once_a_week,few_times_a_week,almost_every_day,every_day,every_day,every_day,every_day,two_or_three_times_a_week,almost_every_day,never,describes_me_perfectly,describes_me_perfectly,describes_me_very_well,describes_me_moderately,describes_me_perfectly,describes_me_very_well,describes_me_perfectly,describes_me_perfectly,describes_me_a_little,does_not_describe_me_at_all,describes_me_perfectly,describes_me_very_well,describes_me_very_well,describes_me_perfectly,does_not_describe_me_at_all,describes_me_perfectly,1.0,7.0,8.0,10.0,10.0,0.0,1000.0,0.0,yes,yes,no,0.0,extremely_important,North Carolina,5000.0
female,2.0,not_in_school_past_30_days,every_day,two_or_three_times_a_week,every_day,two_or_three_times_a_week,every_day,every_day,once_or_twice,about_once_a_week,never,describes_me_perfectly,describes_me_very_well,describes_me_a_little,describes_me_very_well,does_not_describe_me_at_all,describes_me_well,does_not_describe_me_at_all,describes_me_perfectly,describes_me_well,describes_me_a_little,describes_me_perfectly,describes_me_moderately,describes_me_perfectly,describes_me_perfectly,describes_me_perfectly,describes_me_very_well,1.0,14.0,7.0,4.0,14.0,0.0,60.0,0.0,no,yes,no,0.0,very_important,North Carolina,0.0
male,2.0,few_times_a_week,less_than_once_a_week,almost_every_day,every_day,almost_every_day,once_or_twice,never,once_or_twice,almost_every_day,every_day,describes_me_well,describes_me_moderately,describes_me_very_little,describes_me_moderately,describes_me_perfectly,describes_me_perfectly,describes_me_a_little,describes_me_well,describes_me_perfectly,describes_me_moderately,describes_me_perfectly,describes_me_well,describes_me_perfectly,describes_me_perfectly,describes_me_moderately,describes_me_perfectly,0.4,4.8,7.2,4.4,8.8,0.0,3.6,1999999999.8,no,yes,no,0.0,very_important,California,0.0
male,2.0,every_day,every_day,every_day,every_day,every_day,every_day,every_day,two_or_three_times_a_week,almost_every_day,two_or_three_times_a_week,describes_me_very_well,describes_me_perfectly,describes_me_very_little,describes_me_very_well,describes_me_perfectly,describes_me_very_well,describes_me_very_little,describes_me_perfectly,describes_me_well,describes_me_well,describes_me_very_well,describes_me_well,describes_me_well,describes_me_perfectly,describes_me_well,describes_me_perfectly,0.0,13.0,9.6,2.4,20.2,100.0,1820.0,4168.0,no,yes,no,0.0,very_important,Texas,0.0
male,2.0,not_in_school_past_30_days,once_a_week,almost_every_day,every_day,almost_every_day,two_or_three_times_a_week,never,never,almost_every_day,almost_every_day,describes_me_perfectly,describes_me_perfectly,describes_me_well,describes_me_perfectly,describes_me_perfectly,describes_me_perfectly,describes_me_moderately,describes_me_perfectly,describes_me_well,describes_me_well,describes_me_perfectly,does_not_describe_me_at_all,describes_me_perfectly,describes_me_perfectly,describes_me_perfectly,describes_me_perfectly,0.24,5.427443199999999,9.5359228690432,6.27090689032192,20.635059508982792,0.0,177.1695764382679,159.9136,no,yes,yes,0.5951807692800001,extremely_important,Michigan,0.0
male,2.0,not_in_school_past_30_days,few_times_a_week,almost_every_day,almost_every_day,almost_every_day,almost_every_day,almost_every_day,almost_every_day,almost_every_day,about_once_a_week,describes_me_very_well,describes_me_very_well,describes_me_very_little,describes_me_a_little,describes_me_well,describes_me_well,describes_me_very_little,describes_me_very_well,describes_me_well,describes_me_well,describes_me_well,describes_me_well,describes_me_well,describes_me_well,describes_me_moderately,describes_me_well,0.0,4.0,2.0,1.0,5.0,0.0,2600.0,0.0,no,yes,no,0.0,very_important,Pennsylvania,11.37
female,2.0,not_in_school_past_30_days,few_times_a_week,every_day,every_day,about_once_a_week,two_or_three_times_a_week,almost_every_day,never,about_once_a_week,never,describes_me_very_well,describes_me_very_well,describes_me_very_well,describes_me_very_well,describes_me_very_well,describes_me_very_well,describes_me_a_little,describes_me_well,describes_me_very_well,describes_me_well,describes_me_well,describes_me_very_well,describes_me_very_well,describes_me_very_well,describes_me_a_little,describes_me_perfectly,0.0,5.0,4.0,2.0,15.0,0.0,3000.0,0.0,yes,yes,no,0.0,somewhat_important,New York,28400.0
male,2.0,every_day,once_a_week,almost_every_day,almost_every_day,almost_every_day,almost_every_day,almost_every_day,about_once_a_week,two_or_three_times_a_week,almost_every_day,describes_me_well,describes_me_very_well,describes_me_very_little,describes_me_moderately,describes_me_moderately,describes_me_well,describes_me_moderately,describes_me_very_well,describes_me_very_well,describes_me_very_little,describes_me_very_well,describes_me_very_little,describes_me_very_well,describes_me_very_well,describes_me_very_well,describes_me_very_well,0.0,2.0,2.0,1.0,30.0,0.0,3400.0,0.0,no,yes,no,0.0,not_at_all_important,New York,7400.0
male,2.0,not_in_school_past_30_days,few_times_a_week,every_day,two_or_three_times_a_week,two_or_three_times_a_week,two_or_three_times_a_week,never,never,never,never,describes_me_perfectly,describes_me_perfectly,describes_me_perfectly,describes_me_perfectly,does_not_describe_me_at_all,describes_me_perfectly,describes_me_moderately,describes_me_perfectly,describes_me_perfectly,describes_me_very_little,describes_me_perfectly,describes_me_moderately,describes_me_perfectly,describes_me_perfectly,describes_me_well,describes_me_perfectly,0.0,12.0,3.0,10.0,12.0,0.0,9999999999.0,0.0,no,no,no,0.0,not_at_all_important,Tennessee,12009.25
male,2.0,every_day,few_times_a_week,never,two_or_three_times_a_week,two_or_three_times_a_week,about_once_a_week,once_or_twice,never,never,never,describes_me_well,describes_me_moderately,describes_me_very_well,describes_me_very_little,describes_me_moderately,does_not_describe_me_at_all,describes_me_perfectly,describes_me_a_little,describes_me_very_little,describes_me_well,describes_me_well,describes_me_well,describes_me_very_little,describes_me_a_little,describes_me_very_little,describes_me_a_little,0.0,3.0,4.0,1.0,20.0,0.0,4000.0,0.0,no,yes,no,0.0,not_at_all_important,Arizona,21000.0
female,2.0,less_than_once_a_week,less_than_once_a_week,almost_every_day,every_day,every_day,about_once_a_week,every_day,about_once_a_week,about_once_a_week,about_once_a_week,describes_me_well,describes_me_moderately,describes_me_very_little,describes_me_well,describes_me_very_little,describes_me_very_little,describes_me_a_little,describes_me_a_little,does_not_describe_me_at_all,describes_me_a_little,describes_me_very_well,describes_me_very_well,describes_me_very_well,describes_me_very_well,describes_me_moderately,describes_me_very_well,2.0,20.0,14.0,2.0,15.0,0.0,9999999999.0,0.0,no,no,yes,1.0,very_important,Texas,8000.0
male,2.0,every_day,every_day,every_day,every_day,every_day,every_day,about_once_a_week,every_day,two_or_three_times_a_week,every_day,describes_me_perfectly,describes_me_perfectly,describes_me_moderately,describes_me_perfectly,describes_me_perfectly,describes_me_perfectly,describes_me_a_little,describes_me_perfectly,describes_me_perfectly,describes_me_perfectly,describes_me_perfectly,describes_me_perfectly,describes_me_perfectly,describes_me_perfectly,describes_me_well,describes_me_perfectly,0.0,4.0,2.0,0.0,24.0,0.0,0.0,0.0,no,yes,yes,4.0,extremely_important,California,10.5
male,2.0,few_times_a_week,not_working_past_30_days,almost_every_day,two_or_three_times_a_week,two_or_three_times_a_week,about_once_a_week,about_once_a_week,once_or_twice,every_day,about_once_a_week,describes_me_very_well,describes_me_very_little,describes_me_very_little,describes_me_moderately,describes_me_moderately,describes_me_very_well,describes_me_well,describes_me_very_little,describes_me_very_well,describes_me_well,describes_me_a_little,describes_me_well,describes_me_well,describes_me_well,describes_me_moderately,describes_me_moderately,0.0,15.0,15.0,3.0,15.0,0.0,1300.0,0.0,no,no,no,0.0,not_very_important,Florida,0.0
male,2.0,once_a_week,few_times_a_week,two_or_three_times_a_week,every_day,almost_every_day,never,never,never,about_once_a_week,never,describes_me_perfectly,describes_me_perfectly,describes_me_perfectly,describes_me_perfectly,describes_me_perfectly,describes_me_a_little,describes_me_well,describes_me_very_little,describes_me_perfectly,describes_me_a_little,describes_me_very_well,does_not_describe_me_at_all,describes_me_very_well,describes_me_perfectly,describes_me_a_little,describes_me_perfectly,0.0,12.0,7.0,4.0,18.0,0.0,0.0,0.0,no,yes,no,0.0,extremely_important,Michigan,33500.0
female,2.0,not_in_school_past_30_days,every_day,almost_every_day,every_day,every_day,two_or_three_times_a_week,once_or_twice,two_or_three_times_a_week,two_or_three_times_a_week,every_day,describes_me_well,describes_me_perfectly,describes_me_well,describes_me_perfectly,describes_me_perfectly,describes_me_perfectly,describes_me_moderately,describes_me_perfectly,describes_me_well,describes_me_moderately,describes_me_well,describes_me_well,describes_me_well,describes_me_very_well,describes_me_perfectly,describes_me_perfectly,1.0,5.0,3.0,10.0,15.0,200.0,0.0,0.0,yes,yes,yes,1.0,very_important,Michigan,15.0
female,2.0,not_in_school_past_30_days,every_day,almost_every_day,every_day,about_once_a_week,almost_every_day,every_day,about_once_a_week,almost_every_day,about_once_a_week,describes_me_perfectly,describes_me_perfectly,does_not_describe_me_at_all,describes_me_perfectly,describes_me_perfectly,describes_me_perfectly,does_not_describe_me_at_all,describes_me_perfectly,describes_me_perfectly,describes_me_very_little,describes_me_perfectly,describes_me_moderately,describes_me_perfectly,describes_me_perfectly,describes_me_very_well,describes_me_perfectly,1.0,14.0,7.0,3.0,10.0,0.0,0.0,5000.0,no,yes,no,0.0,somewhat_important,New York,11000.0
male,2.0,less_than_once_a_week,every_day,every_day,every_day,every_day,every_day,every_day,never,two_or_three_times_a_week,never,describes_me_perfectly,describes_me_perfectly,describes_me_a_little,describes_me_perfectly,describes_me_moderately,describes_me_very_well,describes_me_a_little,describes_me_perfectly,describes_me_very_well,describes_me_very_little,describes_me_perfectly,describes_me_well,describes_me_perfectly,describes_me_perfectly,describes_me_very_well,describes_me_perfectly,0.0,14.0,4.0,2.0,8.0,0.0,1000.0,0.0,yes,yes,no,0.0,somewhat_important,South Carolina,18000.0
male,2.0,every_day,few_times_a_week,almost_every_day,almost_every_day,almost_every_day,once_or_twice,never,never,never,never,describes_me_perfectly,describes_me_well,describes_me_very_little,describes_me_perfectly,describes_me_perfectly,describes_me_very_well,describes_me_a_little,describes_me_perfectly,describes_me_very_well,describes_me_well,describes_me_perfectly,describes_me_very_little,describes_me_perfectly,describes_me_very_well,describes_me_a_little,describes_me_perfectly,0.0,8.470272,10.132544,2.4349491199999997,13.808000000000002,0.0,880002151.5784321,0.0,no,yes,no,0.0,not_at_all_important,Maryland,0.0
male,2.0,every_day,every_day,almost_every_day,every_day,two_or_three_times_a_week,every_day,two_or_three_times_a_week,almost_every_day,every_day,never,describes_me_perfectly,describes_me_perfectly,describes_me_moderately,describes_me_perfectly,describes_me_a_little,describes_me_perfectly,describes_me_a_little,describes_me_very_well,describes_me_well,describes_me_a_little,describes_me_very_well,describes_me_moderately,describes_me_very_well,describes_me_well,describes_me_well,describes_me_perfectly,0.2,10.6,26.6,5.6,9.0,40.0,2000002119.8,0.0,no,yes,no,0.0,very_important,California,0.0
male,2.0,every_day,few_times_a_week,almost_every_day,almost_every_day,almost_every_day,almost_every_day,never,never,two_or_three_times_a_week,never,describes_me_well,describes_me_well,does_not_describe_me_at_all,describes_me_well,describes_me_perfectly,describes_me_perfectly,describes_me_very_well,describes_me_moderately,describes_me_perfectly,describes_me_well,describes_me_perfectly,describes_me_very_little,describes_me_perfectly,describes_me_well,describes_me_moderately,describes_me_perfectly,0.0,6.008,6.8,2.432,13.256,100.0,480000201.5519999,0.0,no,yes,no,0.0,very_important,Maryland,0.0
female,2.0,not_in_school_past_30_days,few_times_a_week,almost_every_day,almost_every_day,almost_every_day,two_or_three_times_a_week,never,never,two_or_three_times_a_week,never,describes_me_a_little,describes_me_very_well,describes_me_a_little,describes_me_a_little,describes_me_moderately,describes_me_very_well,describes_me_moderately,describes_me_very_well,describes_me_well,describes_me_well,describes_me_very_well,describes_me_moderately,describes_me_very_well,describes_me_moderately,describes_me_moderately,describes_me_very_well,0.0,4.720000000000001,5.24,1.56,22.76,0.0,2400002307.76,0.0,no,yes,no,0.0,not_very_important,Michigan,0.0
male,2.0,few_times_a_week,not_working_past_30_days,almost_every_day,two_or_three_times_a_week,two_or_three_times_a_week,two_or_three_times_a_week,almost_every_day,never,once_or_twice,two_or_three_times_a_week,describes_me_well,describes_me_perfectly,describes_me_moderately,describes_me_moderately,describes_me_perfectly,describes_me_very_well,describes_me_well,describes_me_perfectly,describes_me_well,describes_me_moderately,describes_me_well,describes_me_well,describes_me_perfectly,describes_me_perfectly,describes_me_moderately,describes_me_well,0.2,3.6,5.6,4.0,36.6,0.0,320.0,0.0,no,yes,no,0.4,not_very_important,Texas,0.0
male,2.0,not_in_school_past_30_days,few_times_a_week,almost_every_day,every_day,almost_every_day,almost_every_day,every_day,two_or_three_times_a_week,two_or_three_times_a_week,once_or_twice,describes_me_very_well,describes_me_moderately,does_not_describe_me_at_all,describes_me_very_well,describes_me_very_little,describes_me_perfectly,does_not_describe_me_at_all,describes_me_very_well,describes_me_perfectly,does_not_describe_me_at_all,describes_me_perfectly,describes_me_very_well,describes_me_very_well,describes_me_perfectly,describes_me_perfectly,describes_me_very_well,0.0,40.0,14.0,3.0,15.0,0.0,0.0,0.0,no,no,no,0.0,very_important,Michigan,40000.0
female,2.0,not_in_school_past_30_days,never,every_day,every_day,almost_every_day,almost_every_day,every_day,almost_every_day,almost_every_day,two_or_three_times_a_week,describes_me_perfectly,describes_me_perfectly,describes_me_moderately,describes_me_perfectly,describes_me_well,describes_me_very_well,describes_me_moderately,describes_me_perfectly,describes_me_perfectly,does_not_describe_me_at_all,describes_me_perfectly,describes_me_moderately,describes_me_moderately,describes_me_perfectly,describes_me_very_well,describes_me_perfectly,3.0,48.0,15.0,8.0,10.0,0.0,71.0,0.0,yes,yes,no,0.0,extremely_important,South Carolina,10010.75
female,2.0,every_day,every_day,almost_every_day,every_day,almost_every_day,almost_every_day,almost_every_day,never,two_or_three_times_a_week,once_or_twice,describes_me_perfectly,describes_me_perfectly,describes_me_moderately,describes_me_well,describes_me_perfectly,describes_me_moderately,describes_me_moderately,describes_me_perfectly,describes_me_moderately,describes_me_a_little,describes_me_very_well,describes_me_perfectly,describes_me_perfectly,describes_me_perfectly,describes_me_a_little,describes_me_perfectly,0.0,11.33472,19.544292864,6.577219411968,31.809231668930146,0.0,915200192.7381288,0.0,no,yes,no,0.0,very_important,South Carolina,0.0
female,2.0,not_in_school_past_30_days,few_times_a_week,almost_every_day,every_day,almost_every_day,almost_every_day,about_once_a_week,about_once_a_week,about_once_a_week,once_or_twice,describes_me_very_well,describes_me_perfectly,describes_me_very_little,describes_me_well,describes_me_a_little,describes_me_well,describes_me_very_little,describes_me_perfectly,describes_me_well,describes_me_very_little,describes_me_very_well,does_not_describe_me_at_all,describes_me_very_well,describes_me_perfectly,describes_me_well,describes_me_perfectly,0.8,15.0,10.0,2.0,12.0,0.0,800.0,3600.0,no,yes,no,0.0,extremely_important,Washington,22000.0
female,2.0,not_in_school_past_30_days,every_day,two_or_three_times_a_week,two_or_three_times_a_week,once_or_twice,almost_every_day,once_or_twice,once_or_twice,almost_every_day,once_or_twice,describes_me_perfectly,describes_me_well,describes_me_very_little,describes_me_very_well,does_not_describe_me_at_all,describes_me_perfectly,describes_me_moderately,describes_me_moderately,describes_me_perfectly,describes_me_perfectly,describes_me_perfectly,describes_me_perfectly,describes_me_perfectly,describes_me_very_well,describes_me_very_little,describes_me_moderately,0.0,4.0,6.0,1.0,15.0,0.0,700.0,5000.0,no,yes,no,0.0,not_at_all_important,Minnesota,32200.0
female,2.0,few_times_a_week,few_times_a_week,two_or_three_times_a_week,two_or_three_times_a_week,two_or_three_times_a_week,two_or_three_times_a_week,two_or_three_times_a_week,two_or_three_times_a_week,two_or_three_times_a_week,once_or_twice,describes_me_well,describes_me_perfectly,describes_me_a_little,describes_me_moderately,describes_me_well,describes_me_moderately,describes_me_a_little,describes_me_well,describes_me_well,describes_me_very_little,describes_me_well,describes_me_moderately,describes_me_very_well,describes_me_a_little,describes_me_well,describes_me_well,0.0,7.0,14.0,6.0,16.0,0.0,0.0,0.0,no,no,no,0.0,very_important,Maryland,18.0
male,2.0,few_times_a_week,once_a_week,about_once_a_week,never,never,never,never,never,never,never,describes_me_moderately,describes_me_well,describes_me_very_well,describes_me_moderately,describes_me_perfectly,describes_me_very_well,describes_me_perfectly,describes_me_very_little,describes_me_well,describes_me_moderately,describes_me_very_well,describes_me_moderately,describes_me_perfectly,describes_me_a_little,describes_me_a_little,describes_me_very_well,0.0,7.0,4.0,1.0,21.0,0.0,45.0,0.0,no,yes,no,0.0,not_at_all_important,Texas,0.0
female,2.0,not_in_school_past_30_days,never,two_or_three_times_a_week,once_or_twice,once_or_twice,never,never,never,once_or_twice,never,describes_me_perfectly,describes_me_perfectly,describes_me_very_little,describes_me_very_well,describes_me_perfectly,describes_me_perfectly,describes_me_a_little,describes_me_well,describes_me_perfectly,describes_me_perfectly,describes_me_perfectly,describes_me_perfectly,describes_me_perfectly,describes_me_perfectly,does_not_describe_me_at_all,describes_me_perfectly,0.0,22.0,5.0,2.0,4.0,0.0,0.0,4000.0,yes,yes,no,0.0,not_at_all_important,Washington,2750.0
male,2.0,not_in_school_past_30_days,once_a_week,once_or_twice,once_or_twice,once_or_twice,once_or_twice,never,never,never,never,describes_me_very_well,describes_me_moderately,describes_me_well,describes_me_very_well,describes_me_moderately,describes_me_very_little,describes_me_very_little,describes_me_very_little,describes_me_very_little,does_not_describe_me_at_all,describes_me_very_well,describes_me_perfectly,describes_me_very_little,describes_me_very_well,describes_me_a_little,describes_me_moderately,0.0,8.0,4.0,4.0,2.0,0.0,2000.0,0.0,no,yes,no,0.0,not_very_important,Tennessee,14000.0
male,2.0,not_in_school_past_30_days,not_working_past_30_days,once_or_twice,once_or_twice,once_or_twice,never,never,never,about_once_a_week,once_or_twice,does_not_describe_me_at_all,describes_me_moderately,describes_me_very_little,describes_me_a_little,describes_me_well,describes_me_moderately,describes_me_perfectly,describes_me_moderately,does_not_describe_me_at_all,describes_me_moderately,describes_me_well,describes_me_very_well,describes_me_very_well,describes_me_perfectly,describes_me_moderately,describes_me_moderately,0.0,3.0,1.0,2.0,100.0,0.0,500.0,0.0,no,yes,no,0.0,not_very_important,Iowa,10.0
female,2.0,every_day,every_day,every_day,every_day,almost_every_day,almost_every_day,every_day,almost_every_day,almost_every_day,almost_every_day,describes_me_very_well,describes_me_very_well,describes_me_very_little,describes_me_moderately,describes_me_moderately,describes_me_well,describes_me_well,describes_me_well,describes_me_a_little,describes_me_moderately,describes_me_well,describes_me_a_little,describes_me_well,describes_me_well,describes_me_well,describes_me_well,0.0,5.0,5.0,5.0,15.0,0.0,120000.0,0.0,no,yes,no,0.0,very_important,Colorado,90000.0
female,2.0,less_than_once_a_week,few_times_a_week,every_day,every_day,two_or_three_times_a_week,two_or_three_times_a_week,once_or_twice,once_or_twice,about_once_a_week,once_or_twice,describes_me_very_well,describes_me_a_little,does_not_describe_me_at_all,describes_me_perfectly,describes_me_moderately,describes_me_very_well,describes_me_moderately,describes_me_very_little,describes_me_very_well,describes_me_a_little,describes_me_perfectly,describes_me_perfectly,describes_me_well,describes_me_well,describes_me_a_little,describes_me_very_well,1.0,14.0,7.0,2.0,18.0,0.0,30.0,0.0,no,yes,yes,1.0,extremely_important,Georgia,22612.0
female,2.0,every_day,few_times_a_week,almost_every_day,almost_every_day,two_or_three_times_a_week,almost_every_day,almost_every_day,two_or_three_times_a_week,almost_every_day,almost_every_day,describes_me_perfectly,describes_me_well,describes_me_well,describes_me_perfectly,describes_me_moderately,describes_me_moderately,describes_me_a_little,describes_me_very_well,describes_me_perfectly,describes_me_well,describes_me_very_well,describes_me_well,describes_me_perfectly,describes_me_very_well,describes_me_well,describes_me_perfectly,0.0,20.0,45.0,15.0,25.0,0.0,400.0,0.0,no,yes,no,0.0,not_very_important,Georgia,15.0
female,2.0,never,few_times_a_week,almost_every_day,every_day,almost_every_day,every_day,every_day,two_or_three_times_a_week,two_or_three_times_a_week,two_or_three_times_a_week,describes_me_very_well,describes_me_perfectly,describes_me_very_little,describes_me_perfectly,describes_me_perfectly,describes_me_perfectly,describes_me_moderately,describes_me_perfectly,describes_me_perfectly,describes_me_very_well,describes_me_perfectly,describes_me_well,describes_me_perfectly,describes_me_perfectly,describes_me_well,describes_me_very_well,1.0,15.0,15.0,5.0,15.0,0.0,700.0,500.0,yes,no,no,0.0,extremely_important,Texas,18000.0
male,2.0,not_in_school_past_30_days,every_day,every_day,almost_every_day,almost_every_day,two_or_three_times_a_week,every_day,two_or_three_times_a_week,almost_every_day,two_or_three_times_a_week,describes_me_perfectly,describes_me_well,describes_me_a_little,describes_me_moderately,describes_me_a_little,describes_me_very_well,describes_me_very_little,describes_me_moderately,describes_me_a_little,describes_me_very_little,describes_me_very_well,describes_me_moderately,describes_me_very_well,describes_me_well,describes_me_very_well,describes_me_very_well,0.0,5.0,4.0,3.924416,15.0,0.0,15000.0,0.0,no,no,no,0.0,not_very_important,Michigan,36.0
female,2.0,not_in_school_past_30_days,once_a_week,two_or_three_times_a_week,almost_every_day,almost_every_day,almost_every_day,almost_every_day,almost_every_day,almost_every_day,almost_every_day,describes_me_perfectly,describes_me_perfectly,describes_me_very_well,describes_me_very_well,describes_me_moderately,describes_me_moderately,describes_me_very_little,describes_me_perfectly,describes_me_perfectly,describes_me_a_little,describes_me_very_well,describes_me_well,describes_me_well,describes_me_well,describes_me_well,describes_me_well,1.0,10.0,10.0,3.0,10.0,0.0,0.0,0.0,no,yes,no,0.0,somewhat_important,Illinois,33.75
male,2.0,few_times_a_week,few_times_a_week,almost_every_day,two_or_three_times_a_week,almost_every_day,two_or_three_times_a_week,every_day,never,about_once_a_week,two_or_three_times_a_week,describes_me_very_well,describes_me_very_well,describes_me_very_little,describes_me_very_well,does_not_describe_me_at_all,describes_me_perfectly,describes_me_a_little,describes_me_perfectly,describes_me_moderately,does_not_describe_me_at_all,describes_me_perfectly,describes_me_moderately,describes_me_very_well,describes_me_a_little,describes_me_perfectly,describes_me_very_well,0.0,2.0,12.0,1.0,12.0,0.0,100.0,1500.0,no,yes,no,0.0,not_very_important,Michigan,41.0
female,2.0,not_in_school_past_30_days,not_working_past_30_days,almost_every_day,every_day,about_once_a_week,about_once_a_week,two_or_three_times_a_week,about_once_a_week,two_or_three_times_a_week,about_once_a_week,describes_me_perfectly,describes_me_perfectly,describes_me_well,describes_me_well,describes_me_perfectly,describes_me_very_well,describes_me_very_little,describes_me_well,describes_me_perfectly,describes_me_well,describes_me_very_well,describes_me_a_little,describes_me_very_well,describes_me_very_well,describes_me_well,describes_me_perfectly,2.0,11.0,8.0,1.0,14.0,0.0,2500.0,7000.0,no,no,no,0.0,not_at_all_important,Missouri,250.0
female,2.0,few_times_a_week,every_day,almost_every_day,two_or_three_times_a_week,almost_every_day,almost_every_day,almost_every_day,almost_every_day,almost_every_day,almost_every_day,describes_me_perfectly,describes_me_perfectly,describes_me_well,describes_me_very_well,describes_me_very_little,describes_me_perfectly,does_not_describe_me_at_all,describes_me_very_well,does_not_describe_me_at_all,describes_me_a_little,describes_me_perfectly,describes_me_perfectly,describes_me_perfectly,describes_me_perfectly,describes_me_a_little,describes_me_very_well,0.2,12.0,15.0,75.0,112.0,0.0,0.0,9999999999.0,yes,no,no,0.0,not_very_important,New Jersey,6000.0
female,2.0,every_day,every_day,every_day,every_day,every_day,every_day,every_day,every_day,every_day,every_day,describes_me_perfectly,describes_me_perfectly,describes_me_perfectly,describes_me_perfectly,describes_me_perfectly,describes_me_perfectly,does_not_describe_me_at_all,describes_me_well,describes_me_well,describes_me_well,describes_me_well,describes_me_moderately,describes_me_well,describes_me_well,describes_me_well,describes_me_well,0.0,8.0,8.0,3.0,8.0,0.0,0.0,0.0,no,yes,no,0.0,not_at_all_important,Michigan,53000.0
female,2.0,few_times_a_week,not_working_past_30_days,almost_every_day,almost_every_day,almost_every_day,two_or_three_times_a_week,almost_every_day,never,about_once_a_week,two_or_three_times_a_week,describes_me_well,describes_me_very_well,describes_me_moderately,describes_me_perfectly,describes_me_perfectly,describes_me_very_well,describes_me_well,describes_me_perfectly,describes_me_well,describes_me_well,describes_me_well,describes_me_a_little,describes_me_perfectly,describes_me_well,describes_me_very_well,describes_me_perfectly,0.41472,3.4073060352,5.8311089995776,3.887381602304,24.3475341213696,0.0,464.9393022566401,0.0,no,no,no,0.0,not_very_important,South Carolina,0.0
male,2.0,not_in_school_past_30_days,few_times_a_week,almost_every_day,almost_every_day,almost_every_day,almost_every_day,almost_every_day,about_once_a_week,almost_every_day,once_or_twice,describes_me_very_well,describes_me_very_little,describes_me_moderately,describes_me_very_little,describes_me_a_little,describes_me_well,describes_me_very_little,describes_me_very_little,does_not_describe_me_at_all,describes_me_very_little,describes_me_perfectly,describes_me_very_well,describes_me_moderately,describes_me_a_little,describes_me_perfectly,describes_me_moderately,2.0,15.0,5.0,1.0,15.0,0.0,35000.0,0.0,no,yes,no,0.0,very_important,Washington,82000.0
female,2.0,few_times_a_week,every_day,every_day,every_day,every_day,never,never,never,once_or_twice,never,describes_me_perfectly,describes_me_perfectly,describes_me_a_little,describes_me_perfectly,describes_me_very_little,describes_me_moderately,describes_me_very_little,describes_me_moderately,describes_me_perfectly,describes_me_a_little,describes_me_perfectly,describes_me_well,describes_me_very_well,describes_me_perfectly,describes_me_well,describes_me_perfectly,0.0,3.0,9.0,10.0,15.0,0.0,30.0,3000.0,yes,no,no,0.0,very_important,Georgia,25300.0
female,2.0,not_in_school_past_30_days,every_day,almost_every_day,every_day,almost_every_day,almost_every_day,every_day,never,two_or_three_times_a_week,never,describes_me_perfectly,describes_me_perfectly,describes_me_a_little,describes_me_perfectly,describes_me_perfectly,describes_me_very_well,describes_me_moderately,describes_me_perfectly,describes_me_perfectly,describes_me_a_little,describes_me_very_well,describes_me_perfectly,describes_me_perfectly,describes_me_perfectly,describes_me_a_little,describes_me_perfectly,0.0,12.521664,15.364767744,6.600458006528001,21.27265944383652,0.0,337987.7182912512,0.0,no,no,no,0.0,extremely_important,Arizona,0.0
male,2.0,every_day,every_day,two_or_three_times_a_week,almost_every_day,two_or_three_times_a_week,almost_every_day,never,once_or_twice,once_or_twice,never,describes_me_well,describes_me_well,describes_me_moderately,describes_me_well,describes_me_moderately,describes_me_moderately,describes_me_moderately,describes_me_moderately,describes_me_well,describes_me_perfectly,describes_me_well,describes_me_well,describes_me_moderately,describes_me_well,describes_me_a_little,describes_me_well,1.0,12.0,10.0,1.0,12.0,0.0,0.0,1500.0,no,yes,no,0.0,somewhat_important,Mississippi,28000.0
female,2.0,not_in_school_past_30_days,once_a_week,almost_every_day,almost_every_day,about_once_a_week,almost_every_day,never,once_or_twice,once_or_twice,once_or_twice,describes_me_well,describes_me_perfectly,does_not_describe_me_at_all,describes_me_well,describes_me_perfectly,describes_me_perfectly,describes_me_moderately,describes_me_moderately,describes_me_perfectly,describes_me_perfectly,describes_me_well,describes_me_well,describes_me_perfectly,describes_me_very_well,describes_me_moderately,describes_me_well,1.0,14.0,21.0,4.0,40.0,0.0,300.0,0.0,no,no,no,0.0,somewhat_important,Georgia,17000.0
male,2.0,every_day,not_working_past_30_days,almost_every_day,almost_every_day,almost_every_day,two_or_three_times_a_week,almost_every_day,never,about_once_a_week,two_or_three_times_a_week,describes_me_well,describes_me_very_well,describes_me_moderately,describes_me_perfectly,describes_me_perfectly,describes_me_well,describes_me_well,describes_me_perfectly,describes_me_well,describes_me_well,describes_me_well,describes_me_a_little,describes_me_perfectly,describes_me_well,describes_me_moderately,describes_me_perfectly,0.41472,3.4073060352,5.832737823391744,3.870923646861312,24.69890833552507,0.0,434.5593743671296,0.0,no,no,no,0.0,not_very_important,South Carolina,0.0
female,2.0,never,less_than_once_a_week,almost_every_day,every_day,almost_every_day,never,never,never,once_or_twice,once_or_twice,describes_me_well,describes_me_perfectly,does_not_describe_me_at_all,describes_me_moderately,describes_me_perfectly,describes_me_moderately,describes_me_moderately,describes_me_very_well,describes_me_a_little,describes_me_a_little,describes_me_moderately,describes_me_very_little,describes_me_perfectly,describes_me_a_little,describes_me_very_little,describes_me_perfectly,4.0,5.0,10.0,15.0,5.0,0.0,9999999999.0,0.0,no,no,no,0.0,not_very_important,Mississippi,1068.0
female,2.0,not_in_school_past_30_days,every_day,almost_every_day,almost_every_day,almost_every_day,never,never,never,two_or_three_times_a_week,once_or_twice,describes_me_well,describes_me_moderately,describes_me_very_little,describes_me_very_little,describes_me_well,describes_me_very_well,describes_me_moderately,describes_me_very_little,describes_me_a_little,describes_me_very_well,describes_me_well,describes_me_a_little,describes_me_very_well,describes_me_a_little,describes_me_a_little,describes_me_moderately,0.0,1.0,4.0,2.0,28.0,0.0,3000.0,500.0,no,yes,no,0.0,not_at_all_important,Missouri,34000.0
female,2.0,few_times_a_week,every_day,almost_every_day,almost_every_day,two_or_three_times_a_week,almost_every_day,once_or_twice,never,about_once_a_week,once_or_twice,describes_me_very_well,describes_me_very_well,describes_me_very_well,describes_me_very_little,describes_me_perfectly,describes_me_perfectly,describes_me_perfectly,describes_me_moderately,describes_me_very_well,describes_me_very_well,describes_me_very_well,describes_me_moderately,describes_me_very_well,does_not_describe_me_at_all,describes_me_a_little,describes_me_very_well,0.0,2.0,20.0,3.0,10.0,0.0,3000.0,4200.0,no,no,no,0.0,very_important,California,60000.0
female,2.0,not_in_school_past_30_days,every_day,almost_every_day,almost_every_day,every_day,almost_every_day,almost_every_day,never,every_day,never,describes_me_perfectly,describes_me_well,does_not_describe_me_at_all,describes_me_moderately,describes_me_perfectly,describes_me_very_well,describes_me_very_little,describes_me_well,describes_me_perfectly,describes_me_perfectly,describes_me_very_well,describes_me_moderately,describes_me_very_well,describes_me_well,describes_me_very_little,describes_me_well,0.0,5.0,10.0,2.0,20.0,0.0,12000.0,0.0,no,yes,no,0.0,not_at_all_important,Florida,10.0
female,2.0,every_day,every_day,almost_every_day,almost_every_day,two_or_three_times_a_week,almost_every_day,two_or_three_times_a_week,two_or_three_times_a_week,two_or_three_times_a_week,two_or_three_times_a_week,describes_me_well,describes_me_very_well,describes_me_moderately,describes_me_well,describes_me_moderately,describes_me_moderately,describes_me_moderately,describes_me_very_well,describes_me_well,describes_me_moderately,describes_me_very_well,describes_me_moderately,describes_me_well,describes_me_well,describes_me_moderately,describes_me_very_well,0.0,6.0,10.0,3.0,24.0,2500.0,2000.0,10000.0,no,yes,no,0.0,somewhat_important,Tennessee,33000.0
male,2.0,once_a_week,every_day,every_day,every_day,two_or_three_times_a_week,every_day,every_day,almost_every_day,almost_every_day,every_day,describes_me_perfectly,does_not_describe_me_at_all,does_not_describe_me_at_all,describes_me_perfectly,describes_me_perfectly,describes_me_perfectly,does_not_describe_me_at_all,describes_me_well,describes_me_perfectly,does_not_describe_me_at_all,describes_me_perfectly,describes_me_moderately,describes_me_perfectly,describes_me_perfectly,describes_me_perfectly,describes_me_perfectly,1.0,50.0,25.0,8.0,1.0,0.0,2500.0,0.0,no,no,yes,1.0,extremely_important,Texas,0.0
female,2.0,not_in_school_past_30_days,every_day,almost_every_day,every_day,almost_every_day,almost_every_day,never,never,almost_every_day,never,describes_me_perfectly,describes_me_perfectly,describes_me_very_little,describes_me_perfectly,describes_me_perfectly,describes_me_well,describes_me_a_little,describes_me_perfectly,describes_me_very_well,describes_me_well,describes_me_perfectly,describes_me_perfectly,describes_me_perfectly,describes_me_perfectly,describes_me_moderately,describes_me_perfectly,0.0,10.8399104,11.54224734683136,4.624264921088001,9.068891576827903,0.0,600063923.3289992,0.0,no,no,no,0.0,extremely_important,Florida,0.0
female,2.0,every_day,never,about_once_a_week,once_or_twice,about_once_a_week,two_or_three_times_a_week,almost_every_day,two_or_three_times_a_week,two_or_three_times_a_week,two_or_three_times_a_week,describes_me_very_well,describes_me_perfectly,describes_me_well,describes_me_well,describes_me_moderately,describes_me_perfectly,describes_me_very_well,describes_me_very_well,describes_me_perfectly,describes_me_very_well,describes_me_perfectly,describes_me_a_little,describes_me_very_well,describes_me_well,describes_me_very_well,describes_me_perfectly,0.0,7.0,10.0,5.0,15.0,0.0,3000.0,0.0,no,yes,no,0.0,very_important,California,400.0
female,2.0,every_day,few_times_a_week,every_day,every_day,every_day,every_day,every_day,almost_every_day,almost_every_day,almost_every_day,describes_me_perfectly,describes_me_perfectly,describes_me_very_well,describes_me_very_well,describes_me_moderately,describes_me_well,describes_me_moderately,describes_me_very_well,describes_me_moderately,describes_me_well,describes_me_very_well,describes_me_moderately,describes_me_very_well,describes_me_very_well,describes_me_very_well,describes_me_very_well,0.0,16.4,1.0,6.8,1.0,0.0,0.0,0.0,no,no,no,0.0,somewhat_important,Mississippi,600.0
female,2.0,once_a_week,once_a_week,almost_every_day,every_day,every_day,every_day,every_day,about_once_a_week,every_day,about_once_a_week,describes_me_perfectly,describes_me_moderately,does_not_describe_me_at_all,describes_me_perfectly,describes_me_moderately,describes_me_very_well,describes_me_well,describes_me_well,describes_me_very_little,describes_me_very_little,describes_me_perfectly,describes_me_perfectly,describes_me_perfectly,describes_me_very_well,describes_me_very_well,describes_me_moderately,1.0,7.0,10.0,5.0,8.0,0.0,0.0,0.0,no,yes,no,0.0,somewhat_important,South Carolina,33.0
male,2.0,not_in_school_past_30_days,less_than_once_a_week,almost_every_day,almost_every_day,almost_every_day,almost_every_day,almost_every_day,almost_every_day,almost_every_day,almost_every_day,describes_me_perfectly,describes_me_perfectly,describes_me_a_little,describes_me_perfectly,describes_me_perfectly,describes_me_perfectly,does_not_describe_me_at_all,describes_me_perfectly,describes_me_very_well,describes_me_a_little,describes_me_perfectly,describes_me_perfectly,describes_me_moderately,describes_me_well,describes_me_very_well,describes_me_perfectly,5.0,30.0,10.0,10.0,20.0,0.0,500.0,0.0,no,yes,no,0.0,not_at_all_important,West Virginia,40000.0
female,2.0,not_in_school_past_30_days,every_day,almost_every_day,almost_every_day,almost_every_day,almost_every_day,two_or_three_times_a_week,once_or_twice,about_once_a_week,about_once_a_week,describes_me_very_well,describes_me_well,describes_me_a_little,describes_me_well,describes_me_well,describes_me_very_well,describes_me_very_little,describes_me_moderately,describes_me_a_little,describes_me_very_well,describes_me_very_well,describes_me_moderately,describes_me_very_well,describes_me_well,describes_me_moderately,describes_me_well,1.0,5.0,10.0,2.0,5.0,0.0,0.0,0.0,no,yes,no,0.0,very_important,Illinois,10.0
male,2.0,every_day,every_day,almost_every_day,almost_every_day,every_day,once_or_twice,never,about_once_a_week,about_once_a_week,once_or_twice,describes_me_well,describes_me_moderately,describes_me_very_little,describes_me_a_little,describes_me_well,describes_me_well,describes_me_moderately,describes_me_well,describes_me_well,describes_me_a_little,describes_me_moderately,describes_me_well,describes_me_very_well,describes_me_well,describes_me_well,describes_me_moderately,0.0,8.0,3.0,1.0,20.0,0.0,2000.0,0.0,no,yes,yes,2.0,not_at_all_important,Indiana,56000.0
female,2.0,not_in_school_past_30_days,every_day,two_or_three_times_a_week,two_or_three_times_a_week,two_or_three_times_a_week,about_once_a_week,never,never,once_or_twice,once_or_twice,describes_me_very_well,describes_me_moderately,describes_me_well,describes_me_a_little,describes_me_perfectly,describes_me_moderately,describes_me_moderately,describes_me_moderately,describes_me_perfectly,describes_me_perfectly,describes_me_well,describes_me_very_well,describes_me_very_well,describes_me_well,describes_me_moderately,describes_me_very_well,0.0,12.0,5.0,2.0,0.0,0.0,13.0,0.0,no,no,no,0.0,not_very_important,Tennessee,1000.0
female,2.0,every_day,every_day,almost_every_day,every_day,almost_every_day,every_day,every_day,almost_every_day,every_day,two_or_three_times_a_week,describes_me_very_well,describes_me_perfectly,describes_me_a_little,describes_me_very_well,describes_me_very_well,describes_me_well,describes_me_very_little,describes_me_very_well,describes_me_perfectly,describes_me_moderately,describes_me_perfectly,describes_me_perfectly,describes_me_very_well,describes_me_very_well,describes_me_well,describes_me_perfectly,0.0,3.0,4.0,2.0,8.0,0.0,500.0,450.0,yes,yes,no,0.0,extremely_important,Missouri,608.65
male,2.0,every_day,every_day,every_day,every_day,every_day,every_day,every_day,two_or_three_times_a_week,almost_every_day,two_or_three_times_a_week,describes_me_perfectly,describes_me_perfectly,describes_me_a_little,describes_me_very_well,describes_me_moderately,describes_me_very_well,describes_me_very_little,describes_me_perfectly,describes_me_well,describes_me_moderately,describes_me_very_well,describes_me_well,describes_me_very_well,describes_me_well,describes_me_well,describes_me_perfectly,0.0,15.8,6.32,7.744,26.32,0.0,1548.0,4064.0,no,yes,no,0.0,not_at_all_important,Texas,0.0
male,2.0,every_day,few_times_a_week,almost_every_day,almost_every_day,almost_every_day,almost_every_day,almost_every_day,once_or_twice,two_or_three_times_a_week,never,describes_me_very_well,describes_me_very_well,describes_me_very_little,describes_me_well,describes_me_perfectly,describes_me_perfectly,describes_me_well,describes_me_perfectly,describes_me_perfectly,describes_me_well,describes_me_well,describes_me_perfectly,describes_me_perfectly,describes_me_perfectly,describes_me_well,describes_me_well,0.376,8.70823936,7.605296640000001,3.1673216,25.6258796544,0.0,86.726866157568,0.0,no,no,no,0.011044352,somewhat_important,Michigan,0.0
male,2.0,not_in_school_past_30_days,few_times_a_week,almost_every_day,almost_every_day,almost_every_day,two_or_three_times_a_week,two_or_three_times_a_week,about_once_a_week,two_or_three_times_a_week,about_once_a_week,describes_me_perfectly,describes_me_perfectly,describes_me_moderately,describes_me_moderately,describes_me_very_little,describes_me_well,describes_me_a_little,describes_me_well,describes_me_well,describes_me_moderately,describes_me_perfectly,describes_me_moderately,describes_me_very_well,describes_me_well,describes_me_well,describes_me_moderately,0.0,4.0,20.0,3.0,10.0,0.0,700.0,0.0,no,yes,no,0.0,not_at_all_important,South Carolina,84422.0
female,2.0,not_in_school_past_30_days,less_than_once_a_week,two_or_three_times_a_week,every_day,never,every_day,once_or_twice,never,never,never,describes_me_perfectly,describes_me_a_little,describes_me_well,describes_me_moderately,describes_me_very_well,describes_me_moderately,describes_me_perfectly,describes_me_well,describes_me_well,does_not_describe_me_at_all,describes_me_well,describes_me_well,describes_me_well,describes_me_well,describes_me_a_little,describes_me_perfectly,0.0,10.0,15.0,10.0,28.0,0.0,10.0,0.0,yes,yes,yes,3.0,extremely_important,South Carolina,31000.0
female,2.0,few_times_a_week,once_a_week,almost_every_day,almost_every_day,almost_every_day,about_once_a_week,about_once_a_week,once_or_twice,almost_every_day,about_once_a_week,describes_me_very_well,describes_me_moderately,describes_me_moderately,describes_me_well,describes_me_perfectly,describes_me_a_little,describes_me_well,describes_me_well,describes_me_well,describes_me_very_well,describes_me_perfectly,describes_me_well,describes_me_well,describes_me_well,describes_me_a_little,describes_me_well,3.0,30.0,3.0,4.0,15.0,0.0,0.0,2000.0,no,yes,no,0.0,not_very_important,Indiana,12000.0
female,2.0,not_in_school_past_30_days,every_day,almost_every_day,every_day,almost_every_day,almost_every_day,never,never,two_or_three_times_a_week,never,describes_me_perfectly,describes_me_perfectly,describes_me_very_little,describes_me_perfectly,describes_me_perfectly,describes_me_perfectly,describes_me_a_little,describes_me_perfectly,describes_me_very_well,describes_me_well,describes_me_perfectly,describes_me_perfectly,describes_me_perfectly,describes_me_perfectly,describes_me_moderately,describes_me_perfectly,0.0,10.8399104,11.1759256576,4.541285888,8.823754338304001,0.0,603832762.9131181,0.0,no,no,no,0.0,extremely_important,North Carolina,0.0
female,2.0,not_in_school_past_30_days,every_day,two_or_three_times_a_week,two_or_three_times_a_week,two_or_three_times_a_week,two_or_three_times_a_week,about_once_a_week,two_or_three_times_a_week,two_or_three_times_a_week,two_or_three_times_a_week,describes_me_very_well,describes_me_a_little,describes_me_very_little,describes_me_well,describes_me_perfectly,describes_me_well,describes_me_moderately,describes_me_moderately,describes_me_perfectly,describes_me_very_well,describes_me_very_well,describes_me_well,describes_me_well,describes_me_very_well,describes_me_very_well,describes_me_moderately,0.0,6.0,7.0,2.0,20.0,0.0,13000.0,0.0,no,yes,no,0.0,not_at_all_important,Pennsylvania,20000.0
female,2.0,few_times_a_week,few_times_a_week,almost_every_day,every_day,almost_every_day,every_day,every_day,every_day,almost_every_day,almost_every_day,describes_me_perfectly,describes_me_well,describes_me_a_little,describes_me_moderately,does_not_describe_me_at_all,describes_me_perfectly,does_not_describe_me_at_all,describes_me_perfectly,describes_me_perfectly,describes_me_well,does_not_describe_me_at_all,describes_me_perfectly,describes_me_perfectly,describes_me_very_well,describes_me_perfectly,describes_me_perfectly,2.0,6.0,2.0,1.0,4.0,0.0,9999999999.0,0.0,no,no,no,0.0,extremely_important,Alabama,8000.0
male,2.0,once_a_week,every_day,almost_every_day,every_day,every_day,almost_every_day,two_or_three_times_a_week,two_or_three_times_a_week,almost_every_day,about_once_a_week,describes_me_well,describes_me_perfectly,describes_me_moderately,describes_me_a_little,describes_me_well,describes_me_moderately,describes_me_very_well,describes_me_perfectly,describes_me_a_little,describes_me_well,describes_me_very_well,does_not_describe_me_at_all,describes_me_moderately,describes_me_perfectly,describes_me_very_little,describes_me_well,0.0,8.0,10.0,5.0,14.0,0.0,200.0,0.0,no,no,yes,1.0,extremely_important,Georgia,14600.0
male,2.0,few_times_a_week,few_times_a_week,almost_every_day,almost_every_day,almost_every_day,almost_every_day,never,almost_every_day,almost_every_day,once_or_twice,describes_me_well,describes_me_perfectly,describes_me_a_little,describes_me_moderately,describes_me_perfectly,describes_me_perfectly,describes_me_moderately,describes_me_well,describes_me_perfectly,describes_me_perfectly,describes_me_well,describes_me_well,describes_me_very_well,describes_me_very_well,describes_me_moderately,describes_me_very_well,0.48,3.72,3.4,1.7600000000000002,7.24,0.0,3201.6,0.0,no,no,no,0.0,very_important,California,0.0
female,2.0,less_than_once_a_week,few_times_a_week,almost_every_day,almost_every_day,almost_every_day,almost_every_day,about_once_a_week,once_or_twice,two_or_three_times_a_week,two_or_three_times_a_week,describes_me_very_well,describes_me_perfectly,describes_me_very_little,describes_me_very_well,describes_me_perfectly,describes_me_perfectly,describes_me_moderately,describes_me_very_well,describes_me_very_well,describes_me_well,describes_me_very_well,describes_me_very_well,describes_me_very_well,describes_me_very_well,describes_me_well,describes_me_very_well,0.0,12.0,20.0,6.0,8.0,2500.0,700.0,0.0,no,no,no,0.0,not_at_all_important,California,40000.0
male,2.0,once_a_week,less_than_once_a_week,every_day,every_day,almost_every_day,every_day,every_day,every_day,every_day,every_day,describes_me_well,describes_me_well,describes_me_a_little,describes_me_well,describes_me_a_little,describes_me_well,describes_me_moderately,describes_me_very_well,describes_me_a_little,describes_me_very_little,describes_me_well,describes_me_moderately,describes_me_very_well,describes_me_well,describes_me_well,describes_me_a_little,0.0,10.0,15.0,3.0,15.0,0.0,200.0,0.0,no,yes,yes,3.0,not_at_all_important,Kentucky,10013.5
male,2.0,not_in_school_past_30_days,few_times_a_week,about_once_a_week,once_or_twice,once_or_twice,every_day,never,never,two_or_three_times_a_week,never,describes_me_perfectly,describes_me_perfectly,describes_me_a_little,describes_me_perfectly,describes_me_a_little,describes_me_perfectly,describes_me_perfectly,describes_me_very_well,describes_me_perfectly,describes_me_perfectly,describes_me_perfectly,describes_me_perfectly,describes_me_perfectly,describes_me_perfectly,describes_me_moderately,describes_me_perfectly,0.0,4.0,7.0,10.0,24.0,0.0,2500.0,3000.0,no,yes,no,0.0,not_at_all_important,Arkansas,425.0
male,2.0,not_in_school_past_30_days,every_day,every_day,every_day,almost_every_day,every_day,almost_every_day,once_or_twice,two_or_three_times_a_week,about_once_a_week,describes_me_very_well,describes_me_moderately,describes_me_well,describes_me_well,does_not_describe_me_at_all,describes_me_perfectly,describes_me_very_little,describes_me_well,describes_me_very_well,does_not_describe_me_at_all,describes_me_very_well,describes_me_a_little,describes_me_well,describes_me_perfectly,describes_me_perfectly,describes_me_moderately,0.0,2.0,7.0,2.0,7.0,0.0,8000.0,0.0,no,yes,no,0.0,not_at_all_important,Massachusetts,3000.0
male,2.0,less_than_once_a_week,once_a_week,almost_every_day,every_day,almost_every_day,almost_every_day,once_or_twice,once_or_twice,two_or_three_times_a_week,once_or_twice,describes_me_very_well,describes_me_moderately,describes_me_very_well,describes_me_well,describes_me_moderately,describes_me_well,describes_me_well,describes_me_a_little,describes_me_moderately,describes_me_a_little,describes_me_well,describes_me_a_little,describes_me_a_little,describes_me_well,describes_me_a_little,describes_me_very_well,0.0,2.0,5.0,1.0,2.0,0.0,400.0,400.0,no,no,no,0.0,somewhat_important,Iowa,18000.0
female,2.0,not_in_school_past_30_days,not_working_past_30_days,every_day,every_day,almost_every_day,almost_every_day,never,two_or_three_times_a_week,two_or_three_times_a_week,two_or_three_times_a_week,describes_me_well,describes_me_very_well,describes_me_very_little,describes_me_moderately,describes_me_very_well,describes_me_well,describes_me_moderately,describes_me_perfectly,describes_me_a_little,describes_me_moderately,describes_me_perfectly,describes_me_very_well,describes_me_very_well,describes_me_moderately,describes_me_very_well,describes_me_very_well,2.0,28.0,12.0,5.0,21.0,0.0,0.0,0.0,no,no,no,0.0,very_important,California,10.5
female,2.0,few_times_a_week,every_day,almost_every_day,every_day,once_or_twice,two_or_three_times_a_week,never,never,about_once_a_week,never,describes_me_well,describes_me_well,describes_me_very_little,describes_me_moderately,describes_me_perfectly,describes_me_a_little,describes_me_a_little,describes_me_very_well,describes_me_perfectly,describes_me_well,describes_me_well,describes_me_perfectly,describes_me_very_well,describes_me_very_well,describes_me_well,describes_me_perfectly,0.12,16.119999999999997,9.2864,2.42368,38.88,0.0,2000000099.8,0.0,no,yes,no,0.0,extremely_important,California,0.0
male,2.0,once_a_week,once_a_week,two_or_three_times_a_week,almost_every_day,almost_every_day,never,never,about_once_a_week,two_or_three_times_a_week,about_once_a_week,describes_me_perfectly,describes_me_well,does_not_describe_me_at_all,describes_me_perfectly,describes_me_a_little,describes_me_perfectly,does_not_describe_me_at_all,describes_me_perfectly,describes_me_very_little,does_not_describe_me_at_all,describes_me_very_well,describes_me_well,describes_me_well,describes_me_well,describes_me_well,describes_me_moderately,2.0,2.0,7.0,0.0,15.0,0.0,23.0,0.0,no,yes,no,0.0,very_important,Mississippi,10.35
male,2.0,every_day,never,almost_every_day,almost_every_day,two_or_three_times_a_week,about_once_a_week,almost_every_day,almost_every_day,every_day,almost_every_day,describes_me_a_little,describes_me_very_well,describes_me_moderately,describes_me_very_well,describes_me_perfectly,describes_me_well,describes_me_well,describes_me_perfectly,describes_me_well,describes_me_very_well,describes_me_well,describes_me_a_little,describes_me_very_well,describes_me_very_well,describes_me_a_little,describes_me_very_well,0.0,3.0,10.0,5.073600000000001,20.0,0.0,1500.0,0.0,no,yes,no,0.0,not_at_all_important,South Carolina,7.25
female,2.0,once_a_week,every_day,every_day,every_day,every_day,never,never,every_day,every_day,every_day,describes_me_perfectly,describes_me_perfectly,does_not_describe_me_at_all,describes_me_perfectly,does_not_describe_me_at_all,describes_me_perfectly,does_not_describe_me_at_all,describes_me_perfectly,describes_me_perfectly,does_not_describe_me_at_all,describes_me_perfectly,describes_me_perfectly,describes_me_perfectly,describes_me_perfectly,describes_me_perfectly,describes_me_perfectly,2.0,2.0,3.0,1.0,5.0,0.0,0.0,0.0,no,no,no,0.0,very_important,North Carolina,3000.0
female,2.0,few_times_a_week,once_a_week,almost_every_day,two_or_three_times_a_week,two_or_three_times_a_week,about_once_a_week,about_once_a_week,never,once_or_twice,never,describes_me_well,describes_me_very_well,describes_me_moderately,describes_me_moderately,describes_me_moderately,does_not_describe_me_at_all,describes_me_moderately,describes_me_well,describes_me_moderately,describes_me_moderately,describes_me_moderately,describes_me_moderately,describes_me_well,describes_me_well,describes_me_moderately,describes_me_very_little,0.0,2.0,3.0,3.0,6.0,0.0,2500.0,58.0,no,no,no,0.0,not_very_important,Ohio,250.0
female,2.0,not_in_school_past_30_days,few_times_a_week,two_or_three_times_a_week,two_or_three_times_a_week,two_or_three_times_a_week,once_or_twice,once_or_twice,once_or_twice,once_or_twice,once_or_twice,describes_me_very_well,describes_me_well,describes_me_a_little,describes_me_well,describes_me_well,describes_me_well,describes_me_moderately,describes_me_moderately,describes_me_very_well,describes_me_very_little,describes_me_very_well,describes_me_moderately,describes_me_very_well,describes_me_very_well,describes_me_moderately,describes_me_well,0.0,5.0,15.0,2.0,10.0,0.0,5.0,0.0,yes,yes,no,0.0,not_at_all_important,Alaska,21774.0
male,2.0,few_times_a_week,few_times_a_week,almost_every_day,every_day,almost_every_day,almost_every_day,every_day,never,almost_every_day,about_once_a_week,describes_me_perfectly,describes_me_perfectly,describes_me_very_little,describes_me_perfectly,describes_me_perfectly,describes_me_perfectly,describes_me_well,describes_me_perfectly,describes_me_perfectly,describes_me_very_well,describes_me_perfectly,describes_me_a_little,describes_me_perfectly,describes_me_well,describes_me_well,describes_me_perfectly,0.2,6.0,19.6,3.6,17.6,0.0,730.0,1000.0,no,yes,no,0.0,very_important,Texas,0.0
male,2.0,once_a_week,every_day,almost_every_day,every_day,every_day,every_day,every_day,almost_every_day,almost_every_day,almost_every_day,describes_me_perfectly,describes_me_a_little,describes_me_very_well,describes_me_perfectly,describes_me_perfectly,describes_me_well,does_not_describe_me_at_all,describes_me_very_little,describes_me_perfectly,does_not_describe_me_at_all,describes_me_perfectly,describes_me_very_well,describes_me_well,describes_me_perfectly,describes_me_well,describes_me_perfectly,0.0,10.0,14.0,3.7760000000000007,14.0,0.0,2000.0,0.0,no,no,no,0.0,very_important,North Carolina,0.0
female,2.0,not_in_school_past_30_days,every_day,almost_every_day,almost_every_day,almost_every_day,two_or_three_times_a_week,never,never,never,never,describes_me_perfectly,describes_me_a_little,does_not_describe_me_at_all,describes_me_moderately,describes_me_well,describes_me_well,describes_me_a_little,describes_me_moderately,describes_me_moderately,describes_me_a_little,describes_me_very_well,describes_me_moderately,describes_me_very_well,describes_me_very_well,describes_me_well,describes_me_moderately,0.0,2.0,1.0,1.0,4.0,0.0,600.0,0.0,no,no,no,0.0,extremely_important,Georgia,13000.0
female,2.0,every_day,every_day,two_or_three_times_a_week,two_or_three_times_a_week,about_once_a_week,two_or_three_times_a_week,two_or_three_times_a_week,once_or_twice,once_or_twice,once_or_twice,describes_me_very_well,describes_me_very_well,describes_me_moderately,describes_me_perfectly,describes_me_well,describes_me_very_well,describes_me_moderately,describes_me_very_well,describes_me_perfectly,describes_me_well,describes_me_very_well,describes_me_perfectly,describes_me_perfectly,describes_me_very_well,describes_me_a_little,describes_me_very_well,0.0,4.0,7.0,4.0,4.0,0.0,1000.0,0.0,no,no,no,0.0,extremely_important,California,11000.0
male,2.0,every_day,few_times_a_week,almost_every_day,almost_every_day,almost_every_day,two_or_three_times_a_week,two_or_three_times_a_week,once_or_twice,once_or_twice,two_or_three_times_a_week,describes_me_very_well,describes_me_well,describes_me_a_little,describes_me_very_well,describes_me_very_well,describes_me_a_little,describes_me_a_little,describes_me_perfectly,describes_me_well,describes_me_very_little,describes_me_well,describes_me_a_little,describes_me_well,describes_me_very_well,describes_me_moderately,describes_me_very_well,0.0,5.0,2.0,2.8384,21.0,0.0,6500.0,0.0,no,yes,no,0.0,somewhat_important,California,0.0
male,2.0,never,few_times_a_week,almost_every_day,almost_every_day,almost_every_day,once_or_twice,never,never,two_or_three_times_a_week,never,describes_me_well,describes_me_very_little,describes_me_very_well,describes_me_very_little,describes_me_well,describes_me_moderately,describes_me_very_well,describes_me_very_little,describes_me_well,describes_me_well,describes_me_well,describes_me_very_well,describes_me_a_little,describes_me_very_little,describes_me_a_little,describes_me_well,0.0,0.0,7.0,1.0,30.0,0.0,15000.0,0.0,no,yes,no,0.0,not_very_important,California,38000.0
female,2.0,few_times_a_week,less_than_once_a_week,two_or_three_times_a_week,every_day,about_once_a_week,about_once_a_week,never,never,two_or_three_times_a_week,every_day,describes_me_well,describes_me_moderately,does_not_describe_me_at_all,describes_me_very_well,describes_me_perfectly,describes_me_perfectly,describes_me_very_well,describes_me_moderately,describes_me_a_little,describes_me_well,describes_me_moderately,describes_me_well,describes_me_perfectly,describes_me_moderately,describes_me_a_little,describes_me_very_well,0.0,14.0,21.0,10.0,20.0,0.0,26.0,0.0,yes,yes,no,0.0,very_important,North Carolina,17.5
male,2.0,every_day,every_day,almost_every_day,almost_every_day,almost_every_day,almost_every_day,almost_every_day,once_or_twice,never,once_or_twice,describes_me_well,describes_me_very_well,describes_me_very_little,describes_me_moderately,describes_me_very_little,describes_me_well,describes_me_well,describes_me_very_well,describes_me_perfectly,describes_me_a_little,describes_me_moderately,describes_me_a_little,describes_me_very_well,describes_me_well,describes_me_perfectly,describes_me_very_well,0.0,5.0,2.0,4.0,12.0,0.0,3400.0,0.0,no,no,no,0.0,not_very_important,Georgia,25.0
female,2.0,every_day,not_working_past_30_days,almost_every_day,almost_every_day,almost_every_day,two_or_three_times_a_week,almost_every_day,about_once_a_week,about_once_a_week,two_or_three_times_a_week,describes_me_well,describes_me_very_well,describes_me_moderately,describes_me_well,describes_me_well,describes_me_well,describes_me_very_well,describes_me_well,describes_me_a_little,describes_me_well,describes_me_well,describes_me_a_little,describes_me_well,describes_me_a_little,describes_me_well,describes_me_well,0.0,2.0,5.0,1.0,20.0,0.0,3000.0,0.0,no,yes,no,0.0,somewhat_important,Ohio,9.25
female,2.0,few_times_a_week,less_than_once_a_week,almost_every_day,almost_every_day,almost_every_day,two_or_three_times_a_week,two_or_three_times_a_week,about_once_a_week,almost_every_day,about_once_a_week,describes_me_very_well,describes_me_well,describes_me_very_little,describes_me_well,describes_me_perfectly,describes_me_perfectly,describes_me_moderately,describes_me_well,describes_me_very_well,describes_me_well,describes_me_moderately,describes_me_a_little,describes_me_perfectly,describes_me_moderately,describes_me_a_little,describes_me_well,0.0,10.0,15.0,5.0,20.0,0.0,1200.0,800.0,no,yes,no,0.0,not_at_all_important,Georgia,11000.0
male,2.0,once_a_week,not_working_past_30_days,almost_every_day,every_day,about_once_a_week,two_or_three_times_a_week,never,never,once_or_twice,never,describes_me_perfectly,describes_me_well,does_not_describe_me_at_all,describes_me_well,describes_me_a_little,describes_me_well,describes_me_very_well,describes_me_well,describes_me_moderately,describes_me_a_little,describes_me_very_well,describes_me_well,describes_me_perfectly,describes_me_very_well,describes_me_well,describes_me_well,0.6092799999999999,50.0,8.0,2.0,100.0,0.0,300.0,0.0,no,yes,no,0.0,extremely_important,Maryland,11.0
female,2.0,not_in_school_past_30_days,few_times_a_week,about_once_a_week,about_once_a_week,about_once_a_week,about_once_a_week,about_once_a_week,never,once_or_twice,never,describes_me_perfectly,describes_me_very_little,describes_me_a_little,describes_me_very_well,describes_me_perfectly,describes_me_perfectly,does_not_describe_me_at_all,describes_me_very_little,describes_me_perfectly,describes_me_perfectly,describes_me_perfectly,describes_me_perfectly,describes_me_perfectly,describes_me_very_well,describes_me_moderately,describes_me_well,2.0,5.0607999999999995,6.065600000000001,2.6528,21.5056,0.0,80.0,0.0,no,no,no,0.0,somewhat_important,Mississippi,0.0
male,2.0,few_times_a_week,few_times_a_week,two_or_three_times_a_week,two_or_three_times_a_week,about_once_a_week,about_once_a_week,two_or_three_times_a_week,once_or_twice,once_or_twice,never,describes_me_moderately,describes_me_perfectly,describes_me_moderately,describes_me_well,describes_me_well,describes_me_well,describes_me_well,describes_me_perfectly,describes_me_perfectly,describes_me_well,describes_me_well,describes_me_very_little,describes_me_very_well,describes_me_very_well,describes_me_well,describes_me_moderately,0.0,3.0,5.0,2.0,35.0,0.0,60.0,0.0,no,yes,no,0.0,not_very_important,Wisconsin,9.25
male,2.0,less_than_once_a_week,less_than_once_a_week,once_or_twice,once_or_twice,never,never,never,never,about_once_a_week,never,describes_me_moderately,describes_me_very_well,describes_me_very_well,describes_me_a_little,describes_me_perfectly,describes_me_very_well,describes_me_perfectly,describes_me_well,describes_me_very_little,describes_me_perfectly,describes_me_very_little,describes_me_moderately,describes_me_well,describes_me_very_little,does_not_describe_me_at_all,describes_me_well,0.0,2.0,5.0,1.0,4.0,0.0,3000.0,0.0,no,yes,no,0.0,not_at_all_important,Michigan,20000.0
male,2.0,every_day,once_a_week,every_day,every_day,two_or_three_times_a_week,once_or_twice,two_or_three_times_a_week,once_or_twice,once_or_twice,almost_every_day,describes_me_very_well,describes_me_moderately,describes_me_very_little,describes_me_a_little,describes_me_well,describes_me_very_well,describes_me_a_little,describes_me_well,describes_me_moderately,describes_me_very_well,describes_me_very_well,describes_me_a_little,describes_me_very_well,describes_me_very_well,describes_me_a_little,describes_me_perfectly,0.0,7.0,5.0,3.0,15.0,0.0,7500.0,0.0,no,yes,no,0.0,very_important,California,550.0
male,2.0,not_in_school_past_30_days,every_day,every_day,every_day,every_day,every_day,every_day,every_day,almost_every_day,every_day,describes_me_very_well,describes_me_well,does_not_describe_me_at_all,describes_me_well,does_not_describe_me_at_all,describes_me_perfectly,describes_me_very_little,describes_me_well,describes_me_well,describes_me_very_little,describes_me_perfectly,describes_me_well,describes_me_perfectly,describes_me_well,describes_me_perfectly,describes_me_well,1.0,28.0,14.0,10.0,28.0,0.0,1400.0,0.0,no,no,no,0.0,very_important,New York,37.33
male,2.0,less_than_once_a_week,less_than_once_a_week,two_or_three_times_a_week,two_or_three_times_a_week,two_or_three_times_a_week,two_or_three_times_a_week,about_once_a_week,two_or_three_times_a_week,two_or_three_times_a_week,two_or_three_times_a_week,describes_me_well,describes_me_well,describes_me_a_little,describes_me_well,describes_me_very_well,describes_me_very_well,describes_me_a_little,describes_me_moderately,describes_me_moderately,describes_me_moderately,describes_me_well,describes_me_well,describes_me_well,describes_me_very_well,describes_me_well,describes_me_well,0.288,2.0,1.0,1.0,2.0,0.0,1400.0,0.0,no,yes,yes,1.0,somewhat_important,California,0.0
male,2.0,not_in_school_past_30_days,less_than_once_a_week,almost_every_day,almost_every_day,almost_every_day,two_or_three_times_a_week,two_or_three_times_a_week,about_once_a_week,two_or_three_times_a_week,two_or_three_times_a_week,describes_me_well,describes_me_a_little,describes_me_a_little,describes_me_very_well,describes_me_moderately,describes_me_well,describes_me_very_little,describes_me_well,describes_me_well,describes_me_very_little,describes_me_very_well,describes_me_moderately,describes_me_well,describes_me_very_well,describes_me_perfectly,describes_me_very_well,1.0,15.0,10.0,4.0,16.0,0.0,23000.0,3500.0,no,yes,no,0.0,extremely_important,South Carolina,46000.0
female,2.0,not_in_school_past_30_days,every_day,every_day,every_day,every_day,every_day,every_day,about_once_a_week,two_or_three_times_a_week,about_once_a_week,describes_me_moderately,describes_me_well,describes_me_moderately,describes_me_moderately,describes_me_perfectly,describes_me_perfectly,describes_me_very_well,describes_me_very_well,describes_me_a_little,describes_me_perfectly,describes_me_very_well,describes_me_well,describes_me_perfectly,describes_me_moderately,describes_me_very_little,describes_me_well,0.0,10.0,5.0,3.0,20.0,0.0,0.0,10000.0,no,yes,no,0.0,not_very_important,California,67000.0
female,2.0,every_day,few_times_a_week,almost_every_day,every_day,almost_every_day,almost_every_day,never,almost_every_day,almost_every_day,once_or_twice,describes_me_perfectly,describes_me_well,does_not_describe_me_at_all,describes_me_moderately,describes_me_perfectly,describes_me_well,describes_me_very_little,describes_me_well,describes_me_moderately,describes_me_perfectly,describes_me_perfectly,describes_me_well,describes_me_perfectly,describes_me_very_well,describes_me_a_little,describes_me_perfectly,1.0,8.0,10.0,6.0,40.0,0.0,0.0,0.0,no,yes,no,0.0,extremely_important,Mississippi,180.0
male,2.0,never,less_than_once_a_week,every_day,every_day,almost_every_day,once_or_twice,about_once_a_week,almost_every_day,every_day,almost_every_day,does_not_describe_me_at_all,describes_me_perfectly,describes_me_moderately,describes_me_well,describes_me_very_little,describes_me_very_well,describes_me_well,describes_me_well,describes_me_very_well,describes_me_moderately,describes_me_perfectly,describes_me_a_little,describes_me_perfectly,describes_me_moderately,describes_me_perfectly,describes_me_perfectly,5.0,4.0,5.0,6.0,8.0,0.0,1000.0,0.0,no,no,no,0.0,very_important,Mississippi,37000.0
male,2.0,few_times_a_week,few_times_a_week,once_or_twice,about_once_a_week,once_or_twice,never,never,never,never,once_or_twice,describes_me_a_little,describes_me_a_little,describes_me_a_little,does_not_describe_me_at_all,describes_me_a_little,describes_me_moderately,describes_me_a_little,describes_me_well,describes_me_very_little,describes_me_well,describes_me_very_little,describes_me_moderately,describes_me_well,describes_me_moderately,describes_me_moderately,describes_me_very_little,1.0,5.0,5.0,2.0,4.0,0.0,0.0,0.0,no,no,no,0.0,not_at_all_important,Illinois,40000.0
female,2.0,once_a_week,every_day,every_day,every_day,every_day,every_day,every_day,every_day,every_day,almost_every_day,describes_me_perfectly,describes_me_very_well,does_not_describe_me_at_all,describes_me_perfectly,describes_me_moderately,describes_me_perfectly,does_not_describe_me_at_all,describes_me_perfectly,describes_me_perfectly,describes_me_a_little,describes_me_perfectly,describes_me_perfectly,describes_me_perfectly,describes_me_perfectly,describes_me_well,describes_me_perfectly,0.0,4.0,2.0,2.0,65.4,0.0,0.0,0.0,yes,no,no,0.0,very_important,Mississippi,9.38
female,2.0,once_a_week,once_a_week,almost_every_day,every_day,almost_every_day,almost_every_day,almost_every_day,almost_every_day,once_or_twice,once_or_twice,describes_me_perfectly,describes_me_perfectly,describes_me_a_little,describes_me_very_well,describes_me_a_little,describes_me_well,describes_me_moderately,describes_me_perfectly,describes_me_perfectly,describes_me_a_little,describes_me_well,describes_me_moderately,describes_me_well,describes_me_very_well,describes_me_moderately,describes_me_well,1.0,8.0,12.0,3.0,5.0,0.0,500.0,0.0,no,yes,no,0.0,somewhat_important,Pennsylvania,0.0
female,2.0,few_times_a_week,less_than_once_a_week,every_day,almost_every_day,every_day,almost_every_day,every_day,once_or_twice,almost_every_day,about_once_a_week,describes_me_very_well,describes_me_well,describes_me_a_little,describes_me_moderately,describes_me_very_well,describes_me_very_well,describes_me_well,describes_me_very_well,describes_me_moderately,describes_me_a_little,describes_me_well,describes_me_moderately,describes_me_well,describes_me_well,describes_me_very_well,describes_me_very_well,0.0,3.0,5.0,1.0,30.0,0.0,700.0,0.0,no,yes,no,0.0,not_very_important,Idaho,3528.5
male,2.0,never,few_times_a_week,almost_every_day,almost_every_day,every_day,two_or_three_times_a_week,two_or_three_times_a_week,about_once_a_week,once_or_twice,about_once_a_week,describes_me_very_well,describes_me_perfectly,describes_me_moderately,describes_me_very_well,describes_me_well,describes_me_very_well,describes_me_moderately,describes_me_perfectly,describes_me_perfectly,describes_me_a_little,describes_me_very_well,describes_me_very_well,describes_me_very_well,describes_me_perfectly,describes_me_very_well,describes_me_very_well,0.0,14.0,10.0,4.0,8.0,0.0,12000.0,1000.0,no,yes,yes,1.0,very_important,Nevada,29.25
female,2.0,few_times_a_week,few_times_a_week,every_day,every_day,almost_every_day,almost_every_day,never,two_or_three_times_a_week,never,every_day,describes_me_moderately,does_not_describe_me_at_all,describes_me_very_little,describes_me_well,describes_me_perfectly,describes_me_perfectly,describes_me_very_well,describes_me_very_little,describes_me_very_well,describes_me_perfectly,describes_me_well,describes_me_perfectly,describes_me_very_well,describes_me_perfectly,does_not_describe_me_at_all,describes_me_moderately,0.0,5.0,9.0,1.0,25.0,0.0,10.0,0.0,no,yes,no,0.0,not_at_all_important,Indiana,0.0
male,2.0,once_a_week,every_day,every_day,every_day,every_day,every_day,every_day,every_day,every_day,every_day,describes_me_moderately,describes_me_moderately,describes_me_a_little,describes_me_very_well,describes_me_very_little,describes_me_a_little,describes_me_a_little,describes_me_moderately,describes_me_moderately,describes_me_moderately,describes_me_moderately,describes_me_moderately,describes_me_moderately,describes_me_moderately,describes_me_moderately,describes_me_moderately,0.0,12.601663999999998,15.080339148799998,6.179082266705921,23.243547311054257,0.0,0.0,9999999999.0,no,no,no,0.0,extremely_important,South Carolina,0.0
male,2.0,not_in_school_past_30_days,never,every_day,every_day,every_day,almost_every_day,never,never,almost_every_day,never,describes_me_perfectly,describes_me_perfectly,describes_me_very_little,describes_me_perfectly,describes_me_perfectly,describes_me_perfectly,describes_me_very_little,describes_me_perfectly,describes_me_very_little,describes_me_a_little,describes_me_perfectly,does_not_describe_me_at_all,describes_me_perfectly,describes_me_perfectly,describes_me_well,describes_me_perfectly,1.0,5.0,7.0,2.0,28.0,0.0,100.0,0.0,no,yes,no,0.0,very_important,Virginia,44160.0
male,2.0,every_day,every_day,almost_every_day,almost_every_day,every_day,every_day,every_day,almost_every_day,almost_every_day,almost_every_day,describes_me_perfectly,describes_me_perfectly,describes_me_very_little,describes_me_very_well,describes_me_very_well,describes_me_well,describes_me_very_little,describes_me_well,describes_me_very_well,describes_me_very_well,describes_me_perfectly,describes_me_perfectly,describes_me_perfectly,describes_me_well,describes_me_very_well,describes_me_perfectly,0.0,3.0,4.0,1.0,7.0,0.0,2000.0,0.0,yes,yes,no,0.0,extremely_important,Texas,102100.0
male,2.0,less_than_once_a_week,few_times_a_week,every_day,every_day,every_day,every_day,almost_every_day,about_once_a_week,once_or_twice,once_or_twice,describes_me_very_well,describes_me_very_well,does_not_describe_me_at_all,describes_me_very_little,describes_me_moderately,describes_me_moderately,describes_me_very_little,describes_me_well,describes_me_very_little,describes_me_moderately,describes_me_well,describes_me_moderately,describes_me_perfectly,describes_me_perfectly,describes_me_very_well,describes_me_perfectly,1.0,10.0,10.0,8.0,8.0,0.0,2000.0,0.0,no,yes,no,0.0,somewhat_important,California,800.0
female,2.0,few_times_a_week,few_times_a_week,almost_every_day,every_day,almost_every_day,almost_every_day,almost_every_day,once_or_twice,about_once_a_week,about_once_a_week,describes_me_very_well,describes_me_moderately,describes_me_very_little,describes_me_perfectly,describes_me_well,describes_me_perfectly,describes_me_moderately,describes_me_moderately,describes_me_perfectly,describes_me_moderately,describes_me_perfectly,describes_me_very_well,describes_me_very_well,describes_me_perfectly,describes_me_well,describes_me_perfectly,1.0,3.0,5.0,3.0,6.0,0.0,1900.0,0.0,yes,no,yes,1.0,extremely_important,Pennsylvania,1016.0
male,2.0,never,few_times_a_week,almost_every_day,every_day,two_or_three_times_a_week,two_or_three_times_a_week,every_day,every_day,every_day,never,describes_me_perfectly,describes_me_perfectly,describes_me_a_little,describes_me_well,describes_me_very_little,describes_me_very_well,describes_me_very_little,describes_me_very_well,describes_me_very_well,does_not_describe_me_at_all,describes_me_moderately,describes_me_very_little,describes_me_well,describes_me_moderately,describes_me_very_well,describes_me_perfectly,0.0,10.0,12.0,2.0,50.0,0.0,400.0,0.0,no,yes,no,0.0,not_at_all_important,Oregon,26.25
male,2.0,few_times_a_week,few_times_a_week,two_or_three_times_a_week,two_or_three_times_a_week,two_or_three_times_a_week,once_or_twice,never,once_or_twice,two_or_three_times_a_week,never,describes_me_perfectly,describes_me_very_well,describes_me_very_little,describes_me_very_well,does_not_describe_me_at_all,describes_me_perfectly,describes_me_very_little,describes_me_a_little,describes_me_very_well,describes_me_well,describes_me_perfectly,describes_me_very_well,describes_me_perfectly,describes_me_well,describes_me_perfectly,describes_me_perfectly,6.0,6.0,6.0,5.0,3.0,0.0,0.0,0.0,no,yes,yes,6.0,extremely_important,Tennessee,4500.0
female,2.0,every_day,few_times_a_week,almost_every_day,almost_every_day,almost_every_day,once_or_twice,once_or_twice,about_once_a_week,about_once_a_week,two_or_three_times_a_week,describes_me_perfectly,describes_me_moderately,describes_me_very_little,describes_me_moderately,describes_me_moderately,describes_me_moderately,does_not_describe_me_at_all,describes_me_moderately,describes_me_moderately,describes_me_moderately,describes_me_very_well,describes_me_moderately,describes_me_moderately,describes_me_moderately,describes_me_moderately,describes_me_well,1.0,4.0,15.0,2.0,15.29792,0.0,10.0,0.0,no,no,no,0.0,extremely_important,Indiana,0.0
male,2.0,few_times_a_week,not_working_past_30_days,every_day,every_day,almost_every_day,about_once_a_week,every_day,once_or_twice,once_or_twice,never,describes_me_well,describes_me_very_well,describes_me_well,describes_me_moderately,describes_me_very_little,describes_me_very_well,describes_me_perfectly,describes_me_perfectly,describes_me_well,describes_me_moderately,describes_me_moderately,describes_me_moderately,describes_me_very_well,describes_me_very_well,describes_me_moderately,describes_me_perfectly,0.0,5.0,5.0,1.0,40.0,0.0,20400.0,0.0,no,yes,yes,1.0,not_very_important,New Jersey,22.5
female,2.0,every_day,not_working_past_30_days,every_day,every_day,almost_every_day,about_once_a_week,every_day,almost_every_day,every_day,every_day,describes_me_well,describes_me_a_little,describes_me_very_little,describes_me_well,describes_me_very_well,describes_me_very_well,describes_me_moderately,describes_me_a_little,describes_me_well,describes_me_a_little,describes_me_moderately,describes_me_very_well,describes_me_perfectly,describes_me_moderately,describes_me_perfectly,describes_me_perfectly,0.0,3.0,7.0,2.0,10.0,0.0,800.0,0.0,no,no,no,0.0,not_very_important,Utah,0.0
male,2.0,never,never,every_day,almost_every_day,two_or_three_times_a_week,never,never,never,every_day,once_or_twice,describes_me_perfectly,describes_me_perfectly,describes_me_very_well,describes_me_perfectly,describes_me_perfectly,describes_me_well,does_not_describe_me_at_all,describes_me_perfectly,describes_me_very_well,describes_me_a_little,describes_me_perfectly,describes_me_perfectly,describes_me_perfectly,describes_me_well,describes_me_very_well,describes_me_perfectly,0.0,3.2,4.6,1.0,4.6,0.0,0.0,0.0,no,no,no,0.0,extremely_important,North Carolina,500.0
female,2.0,every_day,every_day,almost_every_day,every_day,two_or_three_times_a_week,almost_every_day,almost_every_day,about_once_a_week,once_or_twice,never,describes_me_perfectly,describes_me_perfectly,does_not_describe_me_at_all,describes_me_very_well,describes_me_a_little,describes_me_perfectly,describes_me_moderately,describes_me_perfectly,describes_me_very_well,describes_me_a_little,describes_me_perfectly,describes_me_perfectly,describes_me_perfectly,describes_me_perfectly,describes_me_perfectly,describes_me_perfectly,0.2415999999999999,8.28,35.96,10.928,35.232,0.0,480000602.35199994,0.0,no,yes,no,0.0,very_important,North Carolina,0.0
male,2.0,once_a_week,few_times_a_week,once_or_twice,once_or_twice,never,never,once_or_twice,never,never,never,describes_me_very_well,describes_me_well,describes_me_moderately,describes_me_well,describes_me_perfectly,describes_me_very_well,describes_me_very_well,describes_me_very_little,describes_me_well,describes_me_very_well,describes_me_well,describes_me_perfectly,describes_me_very_well,describes_me_perfectly,describes_me_a_little,describes_me_a_little,0.0,2.0,4.0,1.0,10.0,0.0,911.0,0.0,no,yes,no,0.0,very_important,Nebraska,5943.0
female,2.0,every_day,not_working_past_30_days,once_or_twice,almost_every_day,once_or_twice,once_or_twice,never,never,never,once_or_twice,describes_me_well,describes_me_well,does_not_describe_me_at_all,describes_me_a_little,describes_me_very_well,describes_me_perfectly,describes_me_very_well,describes_me_moderately,describes_me_a_little,describes_me_well,describes_me_perfectly,describes_me_well,describes_me_perfectly,describes_me_well,describes_me_a_little,describes_me_moderately,0.0,7.0,7.0,2.0,14.0,0.0,5000.0,0.0,no,yes,no,0.0,extremely_important,Maryland,0.0
female,2.0,not_in_school_past_30_days,less_than_once_a_week,two_or_three_times_a_week,about_once_a_week,about_once_a_week,once_or_twice,about_once_a_week,once_or_twice,two_or_three_times_a_week,once_or_twice,describes_me_very_well,describes_me_moderately,describes_me_a_little,describes_me_very_little,describes_me_moderately,describes_me_moderately,describes_me_a_little,describes_me_a_little,describes_me_moderately,describes_me_moderately,describes_me_well,describes_me_a_little,describes_me_moderately,describes_me_a_little,describes_me_very_little,describes_me_moderately,0.0,12.0,4.0,2.0,8.0,0.0,9999999999.0,2400.0,yes,yes,no,0.0,not_very_important,Oklahoma,7000.0
male,2.0,not_in_school_past_30_days,every_day,almost_every_day,every_day,two_or_three_times_a_week,never,never,once_or_twice,once_or_twice,once_or_twice,describes_me_perfectly,describes_me_well,describes_me_very_little,describes_me_moderately,describes_me_perfectly,describes_me_perfectly,describes_me_well,describes_me_moderately,describes_me_moderately,describes_me_a_little,describes_me_perfectly,describes_me_perfectly,describes_me_perfectly,describes_me_well,describes_me_very_well,describes_me_well,1.0,10.0,10.0,2.0,100.0,0.0,9999999999.0,0.0,yes,no,no,0.0,very_important,Maryland,9.0
female,2.0,few_times_a_week,every_day,every_day,every_day,almost_every_day,almost_every_day,never,almost_every_day,almost_every_day,almost_every_day,describes_me_well,describes_me_perfectly,describes_me_moderately,describes_me_well,describes_me_well,describes_me_well,describes_me_very_well,describes_me_perfectly,describes_me_a_little,describes_me_moderately,describes_me_well,describes_me_well,describes_me_well,describes_me_well,describes_me_well,describes_me_moderately,1.0,48.0,48.0,10.0,36.0,0.0,0.0,3000.0,no,yes,no,0.0,very_important,Texas,800.0
male,2.0,few_times_a_week,few_times_a_week,almost_every_day,almost_every_day,almost_every_day,two_or_three_times_a_week,almost_every_day,never,two_or_three_times_a_week,almost_every_day,describes_me_very_well,describes_me_very_well,describes_me_a_little,describes_me_moderately,describes_me_perfectly,describes_me_perfectly,describes_me_well,describes_me_perfectly,describes_me_well,describes_me_moderately,describes_me_perfectly,describes_me_a_little,describes_me_perfectly,describes_me_well,describes_me_moderately,describes_me_perfectly,0.41472,3.4735180800000003,5.74893568,3.9795072,26.75273728,0.0,388.502272,477.2,no,yes,no,0.014464,not_very_important,Texas,0.0
female,2.0,every_day,every_day,two_or_three_times_a_week,two_or_three_times_a_week,once_or_twice,almost_every_day,about_once_a_week,never,never,never,describes_me_moderately,describes_me_well,describes_me_very_well,describes_me_well,describes_me_perfectly,describes_me_moderately,describes_me_well,describes_me_moderately,describes_me_moderately,describes_me_moderately,describes_me_moderately,describes_me_well,describes_me_well,describes_me_very_well,describes_me_very_little,describes_me_moderately,0.0,10.0,5.0,0.0,10.0,0.0,0.0,0.0,no,yes,no,0.0,extremely_important,Rhode Island,30000.0
female,2.0,not_in_school_past_30_days,every_day,almost_every_day,almost_every_day,almost_every_day,almost_every_day,never,never,about_once_a_week,once_or_twice,describes_me_perfectly,describes_me_well,describes_me_perfectly,describes_me_very_well,describes_me_perfectly,describes_me_well,describes_me_a_little,does_not_describe_me_at_all,describes_me_well,describes_me_well,describes_me_very_well,describes_me_well,describes_me_very_well,describes_me_perfectly,does_not_describe_me_at_all,describes_me_perfectly,0.0,10.0,7.0,4.0,14.0,0.0,286.0,0.0,yes,yes,no,0.0,very_important,Pennsylvania,35000.0
female,2.0,few_times_a_week,once_a_week,almost_every_day,almost_every_day,almost_every_day,about_once_a_week,never,about_once_a_week,two_or_three_times_a_week,about_once_a_week,describes_me_a_little,describes_me_very_little,describes_me_very_little,describes_me_very_little,describes_me_well,describes_me_moderately,describes_me_well,describes_me_a_little,describes_me_moderately,describes_me_very_well,describes_me_very_well,describes_me_very_well,describes_me_very_well,describes_me_perfectly,describes_me_very_little,describes_me_moderately,0.0,4.0,4.0,2.0,5.0,0.0,9999999999.0,0.0,no,no,no,0.0,not_very_important,Virginia,15.0
male,2.0,every_day,every_day,almost_every_day,almost_every_day,never,about_once_a_week,every_day,never,never,almost_every_day,describes_me_perfectly,describes_me_well,describes_me_well,describes_me_well,describes_me_very_little,describes_me_very_little,describes_me_perfectly,describes_me_well,describes_me_perfectly,describes_me_very_little,describes_me_very_well,describes_me_moderately,describes_me_very_well,describes_me_moderately,describes_me_very_well,describes_me_perfectly,0.0,7.0,14.0,3.0,10.0,0.0,9999999999.0,0.0,no,yes,no,0.0,extremely_important,Virginia,290.0
male,2.0,never,few_times_a_week,almost_every_day,every_day,almost_every_day,once_or_twice,almost_every_day,once_or_twice,almost_every_day,once_or_twice,describes_me_perfectly,describes_me_moderately,does_not_describe_me_at_all,describes_me_moderately,does_not_describe_me_at_all,describes_me_very_well,does_not_describe_me_at_all,describes_me_well,describes_me_well,describes_me_very_little,describes_me_very_well,describes_me_perfectly,describes_me_perfectly,describes_me_moderately,describes_me_perfectly,describes_me_perfectly,2.0,21.0,21.0,6.0,8.0,2500.0,6000.0,0.0,no,no,no,0.0,extremely_important,Michigan,60000.0
female,2.0,not_in_school_past_30_days,not_working_past_30_days,two_or_three_times_a_week,almost_every_day,two_or_three_times_a_week,once_or_twice,never,once_or_twice,about_once_a_week,once_or_twice,describes_me_perfectly,describes_me_perfectly,describes_me_well,describes_me_well,describes_me_perfectly,describes_me_perfectly,describes_me_perfectly,describes_me_perfectly,describes_me_well,describes_me_perfectly,describes_me_well,does_not_describe_me_at_all,describes_me_perfectly,describes_me_perfectly,does_not_describe_me_at_all,describes_me_moderately,2.0,4.0,4.0,1.0,4.0,0.0,0.0,0.0,no,yes,no,0.0,not_very_important,Texas,10.5
female,2.0,less_than_once_a_week,less_than_once_a_week,almost_every_day,almost_every_day,two_or_three_times_a_week,two_or_three_times_a_week,once_or_twice,about_once_a_week,two_or_three_times_a_week,once_or_twice,describes_me_well,describes_me_well,describes_me_well,describes_me_well,describes_me_moderately,describes_me_well,describes_me_well,describes_me_very_little,describes_me_very_well,describes_me_very_well,describes_me_well,describes_me_a_little,describes_me_moderately,describes_me_perfectly,does_not_describe_me_at_all,describes_me_very_well,0.0,6.0,8.0,4.0,14.0,0.0,1400.0,0.0,no,yes,no,0.0,not_very_important,Virginia,8.0
male,2.0,every_day,every_day,almost_every_day,every_day,almost_every_day,almost_every_day,every_day,two_or_three_times_a_week,two_or_three_times_a_week,two_or_three_times_a_week,describes_me_perfectly,describes_me_perfectly,describes_me_a_little,describes_me_well,describes_me_perfectly,describes_me_well,describes_me_a_little,describes_me_perfectly,describes_me_moderately,describes_me_well,describes_me_very_well,describes_me_moderately,describes_me_very_well,describes_me_very_well,describes_me_moderately,describes_me_perfectly,0.04,7.48,9.72,4.04,27.68,0.0,2400000324.96,0.0,no,yes,no,0.0,extremely_important,California,0.0
female,2.0,few_times_a_week,few_times_a_week,almost_every_day,every_day,almost_every_day,two_or_three_times_a_week,never,never,two_or_three_times_a_week,about_once_a_week,describes_me_perfectly,describes_me_perfectly,describes_me_perfectly,describes_me_perfectly,describes_me_moderately,describes_me_well,describes_me_very_little,describes_me_perfectly,describes_me_perfectly,does_not_describe_me_at_all,describes_me_perfectly,describes_me_perfectly,describes_me_perfectly,describes_me_well,describes_me_perfectly,describes_me_perfectly,0.0,10.0,20.0,15.0,20.0,0.0,9999999999.0,0.0,no,yes,no,0.0,extremely_important,Illinois,22.0
female,2.0,never,few_times_a_week,almost_every_day,two_or_three_times_a_week,almost_every_day,almost_every_day,almost_every_day,about_once_a_week,two_or_three_times_a_week,once_or_twice,describes_me_well,describes_me_very_well,describes_me_a_little,describes_me_moderately,describes_me_moderately,describes_me_well,does_not_describe_me_at_all,describes_me_moderately,describes_me_moderately,describes_me_a_little,describes_me_well,describes_me_moderately,describes_me_well,describes_me_moderately,describes_me_well,describes_me_well,2.0,30.0,12.0,10.0,5.0,150.0,0.0,0.0,yes,no,no,0.0,extremely_important,Missouri,15.75
female,2.0,few_times_a_week,every_day,two_or_three_times_a_week,almost_every_day,two_or_three_times_a_week,about_once_a_week,once_or_twice,once_or_twice,once_or_twice,once_or_twice,describes_me_very_well,describes_me_moderately,describes_me_a_little,describes_me_moderately,describes_me_perfectly,describes_me_a_little,describes_me_moderately,describes_me_very_well,describes_me_well,describes_me_very_well,describes_me_very_well,describes_me_moderately,describes_me_well,describes_me_well,describes_me_a_little,describes_me_well,0.0,20.0,30.0,15.0,15.0,3000.0,7200.0,0.0,no,yes,no,0.0,somewhat_important,Utah,34000.0
female,2.0,every_day,every_day,two_or_three_times_a_week,two_or_three_times_a_week,once_or_twice,once_or_twice,about_once_a_week,once_or_twice,about_once_a_week,never,describes_me_perfectly,describes_me_perfectly,describes_me_moderately,describes_me_well,describes_me_very_well,describes_me_perfectly,describes_me_a_little,describes_me_well,describes_me_well,describes_me_very_well,describes_me_perfectly,describes_me_a_little,describes_me_very_well,describes_me_perfectly,describes_me_very_little,describes_me_perfectly,0.0,4.0,6.0,2.0,5.0,0.0,450.0,2500.0,yes,yes,no,0.0,not_at_all_important,Missouri,17.15
female,2.0,not_in_school_past_30_days,every_day,almost_every_day,almost_every_day,almost_every_day,almost_every_day,almost_every_day,almost_every_day,almost_every_day,two_or_three_times_a_week,describes_me_perfectly,describes_me_perfectly,describes_me_moderately,describes_me_very_well,describes_me_perfectly,describes_me_perfectly,describes_me_moderately,describes_me_perfectly,describes_me_perfectly,describes_me_very_well,describes_me_very_well,describes_me_very_well,describes_me_perfectly,describes_me_perfectly,describes_me_well,describes_me_perfectly,0.0,6.0,10.0,1.0,20.0,0.0,0.0,0.0,no,yes,no,0.0,extremely_important,Texas,9.0
female,2.0,few_times_a_week,few_times_a_week,two_or_three_times_a_week,almost_every_day,two_or_three_times_a_week,once_or_twice,once_or_twice,once_or_twice,almost_every_day,about_once_a_week,describes_me_very_well,describes_me_moderately,describes_me_well,describes_me_well,describes_me_perfectly,describes_me_very_well,describes_me_very_little,describes_me_a_little,describes_me_well,describes_me_perfectly,describes_me_very_well,describes_me_well,describes_me_very_well,describes_me_very_well,describes_me_very_little,describes_me_perfectly,0.0,10.0,10.0,1.0,12.0,0.0,2500.0,0.0,no,no,no,0.0,not_at_all_important,Colorado,0.0
female,2.0,not_in_school_past_30_days,every_day,every_day,every_day,every_day,every_day,every_day,never,about_once_a_week,never,describes_me_perfectly,describes_me_perfectly,describes_me_perfectly,describes_me_perfectly,describes_me_well,describes_me_moderately,describes_me_moderately,describes_me_well,describes_me_a_little,describes_me_moderately,describes_me_very_well,describes_me_moderately,describes_me_perfectly,describes_me_perfectly,describes_me_a_little,describes_me_well,0.0,5.0,7.0,2.0,15.0,0.0,9999999999.0,9999999999.0,no,no,no,0.0,not_at_all_important,New York,28000.0
male,2.0,never,every_day,two_or_three_times_a_week,two_or_three_times_a_week,two_or_three_times_a_week,two_or_three_times_a_week,about_once_a_week,about_once_a_week,two_or_three_times_a_week,never,describes_me_very_well,describes_me_perfectly,describes_me_well,describes_me_well,describes_me_perfectly,describes_me_well,describes_me_moderately,describes_me_perfectly,describes_me_well,describes_me_moderately,describes_me_well,describes_me_well,describes_me_very_well,describes_me_perfectly,describes_me_well,describes_me_well,1.0,92.0,100.0,24.0,72.0,0.0,0.0,0.0,no,yes,no,0.0,very_important,Maryland,10000.0
male,2.0,not_in_school_past_30_days,every_day,almost_every_day,almost_every_day,almost_every_day,almost_every_day,about_once_a_week,once_or_twice,two_or_three_times_a_week,two_or_three_times_a_week,describes_me_very_well,describes_me_perfectly,describes_me_a_little,describes_me_moderately,describes_me_moderately,describes_me_very_well,describes_me_very_little,describes_me_perfectly,describes_me_well,describes_me_very_little,describes_me_very_well,describes_me_very_little,describes_me_very_well,describes_me_moderately,describes_me_well,describes_me_perfectly,3.0,2.0,1.0,4.0,15.0,0.0,1000.0,0.0,yes,yes,yes,4.0,somewhat_important,Tennessee,45600.0
female,2.0,once_a_week,every_day,two_or_three_times_a_week,almost_every_day,about_once_a_week,once_or_twice,never,never,almost_every_day,never,describes_me_well,describes_me_moderately,describes_me_moderately,describes_me_moderately,describes_me_perfectly,describes_me_well,describes_me_moderately,describes_me_a_little,describes_me_well,describes_me_perfectly,describes_me_well,describes_me_very_well,describes_me_very_well,describes_me_a_little,describes_me_very_little,describes_me_very_well,0.0,2.0,10.0,2.0,20.0,0.0,0.0,0.0,no,yes,no,0.0,not_at_all_important,California,71500.0
female,2.0,not_in_school_past_30_days,less_than_once_a_week,almost_every_day,almost_every_day,two_or_three_times_a_week,almost_every_day,once_or_twice,once_or_twice,two_or_three_times_a_week,never,describes_me_well,describes_me_perfectly,describes_me_a_little,describes_me_perfectly,describes_me_very_well,describes_me_perfectly,describes_me_moderately,describes_me_well,describes_me_well,describes_me_moderately,describes_me_well,describes_me_well,describes_me_well,describes_me_well,describes_me_moderately,describes_me_well,0.4512,2.9031967744,2.9872,1.685056,8.54987993088,0.0,1747.1808,110.9376,no,yes,yes,0.66464,very_important,California,0.0
female,2.0,not_in_school_past_30_days,never,two_or_three_times_a_week,about_once_a_week,two_or_three_times_a_week,once_or_twice,about_once_a_week,never,once_or_twice,almost_every_day,describes_me_well,describes_me_very_little,describes_me_well,describes_me_moderately,describes_me_well,describes_me_very_well,describes_me_moderately,describes_me_a_little,describes_me_well,describes_me_perfectly,describes_me_moderately,describes_me_moderately,describes_me_well,describes_me_well,describes_me_a_little,describes_me_perfectly,0.0,10.0,5.0,3.0,15.0,0.0,50.0,9999999999.0,no,yes,no,0.0,not_at_all_important,California,4532.0
male,2.0,every_day,every_day,every_day,every_day,every_day,every_day,every_day,never,never,every_day,describes_me_perfectly,describes_me_moderately,describes_me_well,describes_me_perfectly,describes_me_well,describes_me_very_well,does_not_describe_me_at_all,describes_me_very_little,describes_me_very_little,does_not_describe_me_at_all,describes_me_perfectly,describes_me_perfectly,describes_me_moderately,describes_me_very_well,describes_me_perfectly,describes_me_perfectly,0.0,2.0,4.0,3.0,14.0,0.0,700.0,0.0,no,no,no,0.0,somewhat_important,California,14800.0
female,2.0,every_day,not_working_past_30_days,two_or_three_times_a_week,almost_every_day,about_once_a_week,about_once_a_week,almost_every_day,never,never,never,describes_me_perfectly,does_not_describe_me_at_all,describes_me_a_little,describes_me_moderately,describes_me_perfectly,describes_me_a_little,describes_me_a_little,does_not_describe_me_at_all,describes_me_moderately,describes_me_perfectly,describes_me_perfectly,describes_me_perfectly,describes_me_very_well,does_not_describe_me_at_all,does_not_describe_me_at_all,describes_me_perfectly,0.0,5.539187199999999,10.0,10.0,24.0,0.0,0.0,0.0,no,no,no,0.0,extremely_important,South Carolina,0.0
male,2.0,once_a_week,once_a_week,about_once_a_week,about_once_a_week,about_once_a_week,about_once_a_week,about_once_a_week,about_once_a_week,once_or_twice,once_or_twice,describes_me_perfectly,describes_me_perfectly,describes_me_perfectly,describes_me_perfectly,describes_me_perfectly,describes_me_perfectly,describes_me_moderately,describes_me_well,describes_me_well,describes_me_a_little,describes_me_moderately,describes_me_moderately,describes_me_moderately,describes_me_well,describes_me_well,describes_me_perfectly,0.04,10.0,5.0,2.0,4.0,0.0,1000.0,9999999999.0,no,yes,no,0.0,not_at_all_important,Pennsylvania,35000.0
female,2.0,every_day,not_working_past_30_days,almost_every_day,almost_every_day,almost_every_day,almost_every_day,almost_every_day,two_or_three_times_a_week,almost_every_day,two_or_three_times_a_week,describes_me_perfectly,describes_me_very_well,describes_me_moderately,describes_me_moderately,describes_me_very_little,describes_me_a_little,describes_me_well,describes_me_very_well,describes_me_well,describes_me_very_little,describes_me_very_well,describes_me_a_little,describes_me_well,describes_me_well,describes_me_well,describes_me_very_well,0.0,10.0,2.0,1.0,3.0,0.0,20000.0,0.0,yes,yes,no,0.0,not_very_important,Nevada,11000.0
female,2.0,every_day,once_a_week,every_day,every_day,every_day,every_day,never,never,about_once_a_week,never,describes_me_perfectly,describes_me_perfectly,describes_me_perfectly,describes_me_well,describes_me_very_well,describes_me_well,describes_me_perfectly,describes_me_perfectly,describes_me_well,describes_me_well,describes_me_very_well,describes_me_well,describes_me_very_well,describes_me_very_well,describes_me_moderately,describes_me_perfectly,0.0,2.0,6.0,8.0,23.997134336,0.0,0.0,0.0,no,no,no,0.0,not_very_important,North Carolina,0.0
male,2.0,never,every_day,once_or_twice,every_day,once_or_twice,never,once_or_twice,never,once_or_twice,once_or_twice,describes_me_very_well,describes_me_moderately,describes_me_very_little,describes_me_a_little,describes_me_very_well,describes_me_well,describes_me_well,describes_me_a_little,describes_me_very_well,describes_me_well,describes_me_very_well,describes_me_moderately,describes_me_well,describes_me_well,describes_me_well,describes_me_well,0.0,10.0,5.0,3.0,15.0,0.0,2000.0,3000.0,no,yes,no,0.0,not_very_important,Virginia,46000.0
male,2.0,not_in_school_past_30_days,every_day,almost_every_day,almost_every_day,almost_every_day,almost_every_day,never,never,once_or_twice,about_once_a_week,describes_me_very_well,describes_me_moderately,does_not_describe_me_at_all,describes_me_perfectly,describes_me_very_little,describes_me_perfectly,describes_me_very_well,describes_me_a_little,describes_me_perfectly,describes_me_a_little,describes_me_very_well,describes_me_very_well,describes_me_perfectly,describes_me_perfectly,describes_me_perfectly,describes_me_well,0.0,9.4167424,7.0,4.891122688,40.0,0.0,9999999999.0,0.0,no,yes,yes,1.0,extremely_important,Indiana,9.0
male,2.0,not_in_school_past_30_days,few_times_a_week,almost_every_day,every_day,never,almost_every_day,two_or_three_times_a_week,once_or_twice,never,never,describes_me_perfectly,describes_me_well,describes_me_a_little,describes_me_very_well,describes_me_very_well,describes_me_moderately,describes_me_a_little,describes_me_well,describes_me_moderately,describes_me_very_little,describes_me_well,describes_me_moderately,describes_me_very_well,describes_me_well,describes_me_moderately,describes_me_perfectly,0.0,5.0,1.0,0.0,10.0,0.0,9999999999.0,0.0,no,yes,no,0.0,extremely_important,Virginia,75000.0
female,2.0,every_day,every_day,almost_every_day,every_day,almost_every_day,two_or_three_times_a_week,never,never,about_once_a_week,never,describes_me_perfectly,describes_me_perfectly,describes_me_very_little,describes_me_perfectly,describes_me_perfectly,describes_me_well,describes_me_moderately,describes_me_perfectly,describes_me_perfectly,describes_me_well,describes_me_perfectly,describes_me_perfectly,describes_me_perfectly,describes_me_perfectly,describes_me_a_little,describes_me_well,0.28992,4.936,11.4,4.2,13.481792000000002,0.0,2000000531.0,0.0,no,yes,no,0.0,very_important,Michigan,0.0
male,2.0,never,few_times_a_week,every_day,every_day,two_or_three_times_a_week,two_or_three_times_a_week,never,never,almost_every_day,every_day,describes_me_moderately,describes_me_moderately,describes_me_well,describes_me_a_little,describes_me_moderately,describes_me_perfectly,describes_me_perfectly,describes_me_well,describes_me_well,describes_me_well,describes_me_a_little,describes_me_very_well,describes_me_perfectly,describes_me_moderately,describes_me_a_little,does_not_describe_me_at_all,0.0,6.0,7.0,5.118360576000001,23.37796942831786,0.0,20.0,9999999999.0,no,yes,no,0.0,extremely_important,Maryland,0.0
male,2.0,few_times_a_week,not_working_past_30_days,almost_every_day,almost_every_day,every_day,about_once_a_week,almost_every_day,never,once_or_twice,once_or_twice,describes_me_well,describes_me_moderately,describes_me_very_little,describes_me_very_well,describes_me_moderately,describes_me_perfectly,describes_me_well,describes_me_a_little,describes_me_perfectly,describes_me_well,describes_me_very_well,describes_me_very_well,describes_me_very_well,describes_me_very_well,describes_me_very_well,describes_me_moderately,0.0,5.0,8.0,1.0,50.0,0.0,2600.0,0.0,no,no,no,0.0,not_at_all_important,North Carolina,9.0
female,2.0,few_times_a_week,few_times_a_week,every_day,every_day,every_day,every_day,every_day,about_once_a_week,about_once_a_week,two_or_three_times_a_week,describes_me_perfectly,describes_me_well,does_not_describe_me_at_all,describes_me_very_well,describes_me_a_little,describes_me_well,does_not_describe_me_at_all,describes_me_moderately,describes_me_perfectly,describes_me_moderately,describes_me_very_well,describes_me_well,describes_me_perfectly,describes_me_perfectly,describes_me_very_well,describes_me_perfectly,0.0,10.0,7.0,1.0,5.0,0.0,0.0,0.0,yes,no,no,0.0,not_very_important,Colorado,80000.0
male,2.0,not_in_school_past_30_days,few_times_a_week,almost_every_day,almost_every_day,almost_every_day,never,never,never,once_or_twice,never,describes_me_perfectly,describes_me_perfectly,describes_me_well,describes_me_very_well,describes_me_perfectly,describes_me_a_little,describes_me_a_little,describes_me_perfectly,describes_me_perfectly,describes_me_perfectly,describes_me_perfectly,describes_me_very_well,describes_me_perfectly,describes_me_perfectly,describes_me_moderately,describes_me_moderately,0.0,2.0,2.0,1.0,12.0,0.0,0.0,0.0,no,no,no,0.0,extremely_important,Delaware,0.0
female,2.0,few_times_a_week,few_times_a_week,about_once_a_week,once_or_twice,once_or_twice,two_or_three_times_a_week,two_or_three_times_a_week,about_once_a_week,two_or_three_times_a_week,never,describes_me_well,describes_me_well,does_not_describe_me_at_all,describes_me_moderately,describes_me_perfectly,describes_me_perfectly,describes_me_perfectly,describes_me_very_well,describes_me_a_little,describes_me_very_well,describes_me_well,describes_me_moderately,describes_me_perfectly,describes_me_well,describes_me_a_little,describes_me_perfectly,0.0,3.0,8.0,2.0,30.0,0.0,900.0,2000.0,yes,yes,no,0.0,not_very_important,Ohio,17.1
