Series_Title,Released_Year,Genre,Runtime,IMDB_Rating,Overview,Series_Title_exact_copy,Series_Title_with_noise,Genre_with_nan_noise,Runtime_abbv
Star Wars,1977,"Action, Adventure, Fantasy",121 min,8.6,"Luke Skywalker joins forces with a Jedi Knight, a cocky pilot, a Wookiee and two droids to save the galaxy from the Empire's world-destroying battle station, while also attempting to rescue Princess Leia from the mysterious Darth Vader.",Star Wars,Star Wars,,121
Dawn of the Dead,1978,"Action, Adventure, Horror",127 min,7.9,"Following an ever-growing epidemic of zombies that have risen from the dead, two Philadelphia S.W.A.T. team members, a traffic reporter, and his television executive girlfriend seek refuge in a secluded shopping mall.",Dawn of the Dead,Dawn of the Dead,"Action, Adventure, Horror",127
The Day of the Jackal,1973,"Crime, Drama, Thriller",143 min,7.8,"A professional assassin codenamed ""Jackal"" plots to kill Charles de Gaulle, the President of France.",The Day of the Jackal,The Day of the Jackal,,143
Harvey,1950,"Comedy, Drama, Fantasy",104 min,7.9,"Due to his insistence that he has an invisible six foot-tall rabbit for a best friend, a whimsical middle-aged man is thought by his family to be insane - but he may be wiser than anyone knows.",Harvey,Harvey,,104
After Hours,1985,"Comedy, Crime, Drama",97 min,7.7,An ordinary word processor has the worst night of his life after he agrees to visit a girl in Soho who he met that evening at a coffee shop.,After Hours,La battaglia di Algeri,,97 
Toy Story 4,2019,"Animation, Adventure, Comedy",100 min,7.8,"When a new toy called ""Forky"" joins Woody and the gang, a road trip alongside old and new friends reveals how big the world can be for a toy.",Toy Story 4,Toy Story 4,,100
Casino,1995,"Crime, Drama",178 min,8.2,"A tale of greed, deception, money, power, and murder occur between two best friends: a mafia enforcer and a casino executive compete against each other over a gambling empire, and over a fast-living and fast-loving socialite.",Casino,Casino,,178
Eastern Promises,2007,"Action, Crime, Drama",100 min,7.6,A teenager who dies during childbirth leaves clues in her journal that could tie her child to a rape involving a violent Russian mob family.,Eastern Promises,Eastern Promises,,100
The Man from Earth,2007,"Drama, Fantasy, Mystery",87 min,7.9,An impromptu goodbye party for Professor John Oldman becomes a mysterious interrogation after the retiring scholar reveals to his colleagues he has a longer and stranger past than they can imagine.,The Man from Earth,The Man from Earth,,87 
A Few Good Men,1992,"Drama, Thriller",138 min,7.7,Military lawyer Lieutenant Daniel Kaffee defends Marines accused of murder. They contend they were acting under orders.,A Few Good Men,A Few Good Men,,138
Taare Zameen Par,2007,"Drama, Family",165 min,8.4,"An eight-year-old boy is thought to be a lazy trouble-maker, until the new art teacher has the patience and compassion to discover the real problem behind his struggles in school.",Taare Zameen Par,Taare Zameen Par,,165
Udaan,2010,Drama,134 min,8.2,"Expelled from his school, a 16-year old boy returns home to his abusive and oppressive father.",Udaan,Udaan,,134
The Illusionist,2006,"Drama, Fantasy, Mystery",110 min,7.6,"In turn-of-the-century Vienna, a magician uses his abilities to secure the love of a woman far above his social standing.",The Illusionist,The Illusionist,,110
Miller's Crossing,1990,"Crime, Drama, Thriller",115 min,7.7,"Tom Reagan, an advisor to a Prohibition-era crime boss, tries to keep the peace between warring mobs but gets caught in divided loyalties.",Miller's Crossing,Nightcrawler,,115
The Game,1997,"Action, Drama, Mystery",129 min,7.8,"After a wealthy banker is given an opportunity to participate in a mysterious game, his life is turned upside down when he becomes unable to distinguish between the game and reality.",The Game,The Game,,129
Bãhubali: The Beginning,2015,"Action, Drama",159 min,8.0,"In ancient India, an adventurous and daring man becomes involved in a decades-old feud between two warring peoples.",Bãhubali: The Beginning,Bãhubali: The Beginning,,159
A Bronx Tale,1993,"Crime, Drama, Romance",121 min,7.8,A father becomes worried when a local gangster befriends his son in the Bronx in the 1960s.,A Bronx Tale,Koe no katachi,"Crime, Drama, Romance",121
La leggenda del pianista sull'oceano,1998,"Drama, Music, Romance",169 min,8.1,"A baby boy, discovered in 1900 on an ocean liner, grows into a musical prodigy, never setting foot on land.",La leggenda del pianista sull'oceano,La leggenda del pianista sull'oceano,,169
50/50,2011,"Comedy, Drama, Romance",100 min,7.6,"Inspired by a true story, a comedy centered on a 27-year-old guy who learns of his cancer diagnosis and his subsequent struggle to beat the disease.",50/50,50/50,"Comedy, Drama, Romance",100
À bout de souffle,1960,"Crime, Drama",90 min,7.8,"A small-time thief steals a car and impulsively murders a motorcycle policeman. Wanted by the authorities, he reunites with a hip American journalism student and attempts to persuade her to run away with him to Italy.",À bout de souffle,À bout de souffle,"Crime, Drama",90 
On the Waterfront,1954,"Crime, Drama, Thriller",108 min,8.1,An ex-prize fighter turned longshoreman struggles to stand up to his corrupt union bosses.,On the Waterfront,On the Waterfront,,108
La vie d'Adèle,2013,"Drama, Romance",180 min,7.7,"Adèle's life is changed when she meets Emma, a young woman with blue hair, who will allow her to discover desire and to assert herself as a woman and as an adult. In front of others, Adèle grows, seeks herself, loses herself, and ultimately finds herself through love and loss.",La vie d'Adèle,La vie d'Adèle,,180
When Harry Met Sally...,1989,"Comedy, Drama, Romance",95 min,7.6,"Harry and Sally have known each other for years, and are very good friends, but they fear sex would ruin the friendship.",When Harry Met Sally...,When Harry Met Sally...,,95 
Psycho,1960,"Horror, Mystery, Thriller",109 min,8.5,"A Phoenix secretary embezzles $40,000 from her employer's client, goes on the run, and checks into a remote motel run by a young man under the domination of his mother.",Psycho,Psycho,,109
Hell or High Water,2016,"Action, Crime, Drama",102 min,7.6,A divorced father and his ex-con older brother resort to a desperate scheme in order to save their family's ranch in West Texas.,Hell or High Water,Mar adentro,,102
The Dark Knight,2008,"Action, Crime, Drama",152 min,9.0,"When the menace known as the Joker wreaks havoc and chaos on the people of Gotham, Batman must accept one of the greatest psychological and physical tests of his ability to fight injustice.",The Dark Knight,The Dark Knight,,152
Night of the Living Dead,1968,"Horror, Thriller",96 min,7.9,A ragtag group of Pennsylvanians barricade themselves in an old farmhouse to remain safe from a horde of flesh-eating ghouls that are ravaging the East Coast of the United States.,Night of the Living Dead,Night of the Living Dead,,96 
Dev.D,2009,"Drama, Romance",144 min,8.0,"After breaking up with his childhood sweetheart, a young man finds solace in drugs. Meanwhile, a teenage girl is caught in the world of prostitution. Will they be destroyed, or will they find redemption?",Dev.D,Dev.D,,144
True Grit,2010,"Drama, Western",110 min,7.6,A stubborn teenager enlists the help of a tough U.S. Marshal to track down her father's murderer.,True Grit,True Grit,"Drama, Western",110
All the President's Men,1976,"Biography, Drama, History",138 min,7.9,"""The Washington Post"" reporters Bob Woodward and Carl Bernstein uncover the details of the Watergate scandal that leads to President Richard Nixon's resignation.",All the President's Men,All the President's Men,,138
The Perks of Being a Wallflower,2012,"Drama, Romance",103 min,8.0,An introvert freshman is taken under the wings of two seniors who welcome him to the real world,The Perks of Being a Wallflower,The Perks of Being a Wallflower,,103
A Hard Day's Night,1964,"Comedy, Music, Musical",87 min,7.6,"Over two ""typical"" days in the life of The Beatles, the boys struggle to keep themselves and Sir Paul McCartney's mischievous grandfather in check while preparing for a live television performance.",A Hard Day's Night,A Hard Day's Night,"Comedy, Music, Musical",87 
The Artist,2011,"Comedy, Drama, Romance",100 min,7.9,An egomaniacal film star develops a relationship with a young dancer against the backdrop of Hollywood's silent era.,The Artist,The Artist,,100
Hidden Figures,2016,"Biography, Drama, History",127 min,7.8,The story of a team of female African-American mathematicians who served a vital role in NASA during the early years of the U.S. space program.,Hidden Figures,Hidden Figures,"Biography, Drama, History",127
Joker,2019,"Crime, Drama, Thriller",122 min,8.5,"In Gotham City, mentally troubled comedian Arthur Fleck is disregarded and mistreated by society. He then embarks on a downward spiral of revolution and bloody crime. This path brings him face-to-face with his alter-ego: the Joker.",Joker,Joker,,122
Shichinin no samurai,1954,"Action, Adventure, Drama",207 min,8.6,A poor village under attack by bandits recruits seven unemployed samurai to help them defend themselves.,Shichinin no samurai,Shichinin no samurai,,207
Into the Wild,2007,"Adventure, Biography, Drama",148 min,8.1,"After graduating from Emory University, top student and athlete Christopher McCandless abandons his possessions, gives his entire $24,000 savings account to charity and hitchhikes to Alaska to live in the wilderness. Along the way, Christopher encounters a series of characters that shape his life.",Into the Wild,Into the Wild,,148
Die Hard: With a Vengeance,1995,"Action, Adventure, Thriller",128 min,7.6,"John McClane and a Harlem store owner are targeted by German terrorist Simon in New York City, where he plans to rob the Federal Reserve Building.",Die Hard: With a Vengeance,Die Hard: With a Vengeance,,128
To Be or Not to Be,1942,"Comedy, War",99 min,8.2,"During the Nazi occupation of Poland, an acting troupe becomes embroiled in a Polish soldier's efforts to track down a German spy.",To Be or Not to Be,To Be or Not to Be,,99 
Wonder,2017,"Drama, Family",113 min,8.0,"Based on the New York Times bestseller, this movie tells the incredibly inspiring and heartwarming story of August Pullman, a boy with facial differences who enters the fifth grade, attending a mainstream elementary school for the first time.",Wonder,Wonder,,113
The Godfather: Part II,1974,"Crime, Drama",202 min,9.0,"The early life and career of Vito Corleone in 1920s New York City is portrayed, while his son, Michael, expands and tightens his grip on the family crime syndicate.",The Godfather: Part II,The Godfather: Part II,,202
Relatos salvajes,2014,"Comedy, Drama, Thriller",122 min,8.1,Six short stories that explore the extremities of human behavior involving people in distress.,Relatos salvajes,Serenity,"Comedy, Drama, Thriller",122
Almost Famous,2000,"Adventure, Comedy, Drama",122 min,7.9,A high-school boy is given the chance to write a story for Rolling Stone Magazine about an up-and-coming rock band as he accompanies them on their concert tour.,Almost Famous,Almost Famous,,122
"South Park: Bigger, Longer & Uncut",1999,"Animation, Comedy, Fantasy",81 min,7.7,"When Stan Marsh and his friends go see an R-rated movie, they start cursing and their parents think that Canada is to blame.","South Park: Bigger, Longer & Uncut","South Park: Bigger, Longer & Uncut","Animation, Comedy, Fantasy",81 
Le salaire de la peur,1953,"Adventure, Drama, Thriller",131 min,8.1,"In a decrepit South American village, four men are hired to transport an urgent nitroglycerine shipment without the equipment that would make it safe.",Le salaire de la peur,Le salaire de la peur,"Adventure, Drama, Thriller",131
Star Wars: Episode VI - Return of the Jedi,1983,"Action, Adventure, Fantasy",131 min,8.3,"After a daring mission to rescue Han Solo from Jabba the Hutt, the Rebels dispatch to Endor to destroy the second Death Star. Meanwhile, Luke struggles to help Darth Vader back from the dark side without falling into the Emperor's trap.",Star Wars: Episode VI - Return of the Jedi,Star Wars: Episode VI - Return of the Jedi,"Action, Adventure, Fantasy",131
Doctor Zhivago,1965,"Drama, Romance, War",197 min,8.0,"The life of a Russian physician and poet who, although married to another, falls in love with a political activist's wife and experiences hardship during World War I and then the October Revolution.",Doctor Zhivago,Doctor Zhivago,,197
Tengoku to jigoku,1963,"Crime, Drama, Mystery",143 min,8.4,An executive of a shoe company becomes a victim of extortion when his chauffeur's son is kidnapped and held for ransom.,Tengoku to jigoku,Tengoku to jigoku,,143
1917,2019,"Drama, Thriller, War",119 min,8.3,"April 6th, 1917. As a regiment assembles to wage war deep in enemy territory, two soldiers are assigned to race against time and deliver a message that will stop 1,600 men from walking straight into a deadly trap.",1917,1917,,119
Solaris,1972,"Drama, Mystery, Sci-Fi",167 min,8.1,A psychologist is sent to a station orbiting a distant planet in order to discover what has caused the crew to go insane.,Solaris,La Grande Illusion,,167
Sunset Blvd.,1950,"Drama, Film-Noir",110 min,8.4,A screenwriter develops a dangerous relationship with a faded film star determined to make a triumphant return.,Sunset Blvd.,Sunset Blvd.,,110
Kelly's Heroes,1970,"Adventure, Comedy, War",144 min,7.6,A group of U.S. soldiers sneaks across enemy lines to get their hands on a secret stash of Nazi treasure.,Kelly's Heroes,Kelly's Heroes,,144
Adaptation.,2002,"Comedy, Drama",115 min,7.7,A lovelorn screenwriter becomes desperate as he tries and fails to adapt 'The Orchid Thief' by Susan Orlean for the screen.,Adaptation.,Adaptation.,,115
Creed,2015,"Drama, Sport",133 min,7.6,"The former World Heavyweight Champion Rocky Balboa serves as a trainer and mentor to Adonis Johnson, the son of his late friend and former rival Apollo Creed.",Creed,American Beauty,,133
Scent of a Woman,1992,Drama,156 min,8.0,"A prep school student needing money agrees to ""babysit"" a blind man, but the job is not at all what he anticipated.",Scent of a Woman,Scent of a Woman,,156
Togo,2019,"Adventure, Biography, Drama",113 min,8.0,"The story of Togo, the sled dog who led the 1925 serum run yet was considered by most to be too small and weak to lead such an intense race.",Togo,Togo,,113
Once Were Warriors,1994,"Crime, Drama",102 min,7.9,A family descended from Maori warriors is bedeviled by a violent father and the societal problems of being treated as outcasts.,Once Were Warriors,Once Were Warriors,,102
The Visitor,2007,Drama,104 min,7.6,A college professor travels to New York City to attend a conference and finds a young couple living in his apartment.,The Visitor,The Visitor,,104
Gone Baby Gone,2007,"Crime, Drama, Mystery",114 min,7.6,"Two Boston area detectives investigate a little girl's kidnapping, which ultimately turns into a crisis both professionally and personally.",Gone Baby Gone,Gone Baby Gone,"Crime, Drama, Mystery",114
The Lord of the Rings: The Return of the King,2003,"Action, Adventure, Drama",201 min,8.9,Gandalf and Aragorn lead the World of Men against Sauron's army to draw his gaze from Frodo and Sam as they approach Mount Doom with the One Ring.,The Lord of the Rings: The Return of the King,À bout de souffle,,201
The Fault in Our Stars,2014,"Drama, Romance",126 min,7.7,Two teenage cancer patients begin a life-affirming journey to visit a reclusive author in Amsterdam.,The Fault in Our Stars,The Fault in Our Stars,,126
Manbiki kazoku,2018,"Crime, Drama",121 min,7.9,A family of small-time crooks take in a child they find outside in the cold.,Manbiki kazoku,Manbiki kazoku,,121
Requiem for a Dream,2000,Drama,102 min,8.3,The drug-induced utopias of four Coney Island people are shattered when their addictions run deep.,Requiem for a Dream,Requiem for a Dream,Drama,102
Dead Poets Society,1989,"Comedy, Drama",128 min,8.1,Maverick teacher John Keating uses poetry to embolden his boarding school students to new heights of self-expression.,Dead Poets Society,Dead Poets Society,,128
The Avengers,2012,"Action, Adventure, Sci-Fi",143 min,8.0,Earth's mightiest heroes must come together and learn to fight as a team if they are going to stop the mischievous Loki and his alien army from enslaving humanity.,The Avengers,The Avengers,"Action, Adventure, Sci-Fi",143
Rebel Without a Cause,1955,Drama,111 min,7.7,"A rebellious young man with a troubled past comes to a new town, finding friends and enemies.",Rebel Without a Cause,Rebel Without a Cause,,111
Interstate 60: Episodes of the Road,2002,"Adventure, Comedy, Drama",116 min,7.7,"Neal Oliver, a very confused young man and an artist, takes a journey of a lifetime on a highway I60 that doesn't exist on any of the maps, going to the places he never even heard of, searching for an answer and his dreamgirl.",Interstate 60: Episodes of the Road,Interstate 60: Episodes of the Road,,116
Dogville,2003,"Crime, Drama",178 min,8.0,"A woman on the run from the mob is reluctantly accepted in a small Colorado community in exchange for labor, but when a search visits the town she finds out that their support has a price.",Dogville,Dogville,,178
Pride & Prejudice,2005,"Drama, Romance",129 min,7.8,"Sparks fly when spirited Elizabeth Bennet meets single, rich, and proud Mr. Darcy. But Mr. Darcy reluctantly finds himself falling in love with a woman beneath his class. Can each overcome their own pride and prejudice?",Pride & Prejudice,Pride & Prejudice,,129
Vizontele,2001,"Comedy, Drama",110 min,8.0,Lives of residents in a small Anatolian village change when television is introduced to them,Vizontele,Sense and Sensibility,,110
Jab We Met,2007,"Comedy, Drama, Romance",138 min,7.9,A depressed wealthy businessman finds his life changing after he meets a spunky and care-free young woman.,Jab We Met,Jab We Met,,138
North by Northwest,1959,"Adventure, Mystery, Thriller",136 min,8.3,A New York City advertising executive goes on the run after being mistaken for a government agent by a group of foreign spies.,North by Northwest,North by Northwest,,136
Serbuan maut,2011,"Action, Thriller",101 min,7.6,A S.W.A.T. team becomes trapped in a tenement run by a ruthless mobster and his army of killers and thugs.,Serbuan maut,Serbuan maut,"Action, Thriller",101
The Truman Show,1998,"Comedy, Drama",103 min,8.1,An insurance salesman discovers his whole life is actually a reality TV show.,The Truman Show,The Truman Show,,103
Carlito's Way,1993,"Crime, Drama, Thriller",144 min,7.9,"A Puerto Rican former convict, just released from prison, pledges to stay away from drugs and violence despite the pressure around him and lead on to a better life outside of N.Y.C.",Carlito's Way,Carlito's Way,,144
Fight Club,1999,Drama,139 min,8.8,"An insomniac office worker and a devil-may-care soapmaker form an underground fight club that evolves into something much, much more.",Fight Club,Fight Club,,139
Pink,2016,"Drama, Thriller",136 min,8.1,"When three young women are implicated in a crime, a retired lawyer steps forward to help them clear their names.",Pink,Pink,,136
The Girl with the Dragon Tattoo,2011,"Crime, Drama, Mystery",158 min,7.8,"Journalist Mikael Blomkvist is aided in his search for a woman who has been missing for forty years by Lisbeth Salander, a young computer hacker.",The Girl with the Dragon Tattoo,The Girl with the Dragon Tattoo,"Crime, Drama, Mystery",158
Rear Window,1954,"Mystery, Thriller",112 min,8.4,A wheelchair-bound photographer spies on his neighbors from his apartment window and becomes convinced one of them has committed murder.,Rear Window,Rear Window,,112
Coraline,2009,"Animation, Drama, Family",100 min,7.7,"An adventurous 11-year-old girl finds another world that is a strangely idealized version of her frustrating home, but it has sinister secrets.",Coraline,Coraline,,100
Pride,2014,"Biography, Comedy, Drama",119 min,7.8,U.K. gay activists work to help miners during their lengthy strike of the National Union of Mineworkers in the summer of 1984.,Pride,Pride,,119
"O Brother, Where Art Thou?",2000,"Adventure, Comedy, Crime",107 min,7.7,"In the deep south during the 1930s, three escaped convicts search for hidden treasure while a relentless lawman pursues them.","O Brother, Where Art Thou?","O Brother, Where Art Thou?",,107
Salinui chueok,2003,"Crime, Drama, Mystery",131 min,8.1,"In a small Korean province in 1986, two detectives struggle with the case of multiple young women being found raped and murdered by an unknown culprit.",Salinui chueok,Salinui chueok,,131
Andrei Rublev,1966,"Biography, Drama, History",205 min,8.1,"The life, times and afflictions of the fifteenth-century Russian iconographer St. Andrei Rublev.",Andrei Rublev,Andrei Rublev,"Biography, Drama, History",205
Ôkami kodomo no Ame to Yuki,2012,"Animation, Drama, Fantasy",117 min,8.1,"After her werewolf lover unexpectedly dies in an accident while hunting for food for their children, a young woman must find ways to raise the werewolf son and daughter that she had with him while keeping their trait hidden from society.",Ôkami kodomo no Ame to Yuki,Ôkami kodomo no Ame to Yuki,,117
Duck Soup,1933,"Comedy, Musical, War",69 min,7.8,Rufus T. Firefly is named president/dictator of bankrupt Freedonia and declares war on neighboring Sylvania over the love of wealthy Mrs. Teasdale.,Duck Soup,Duck Soup,"Comedy, Musical, War",69 
Dallas Buyers Club,2013,"Biography, Drama",117 min,8.0,"In 1985 Dallas, electrician and hustler Ron Woodroof works around the system to help AIDS patients get the medication they need after he is diagnosed with the disease.",Dallas Buyers Club,Dallas Buyers Club,,117
Kind Hearts and Coronets,1949,"Comedy, Crime",106 min,8.0,A distant poor relative of the Duke D'Ascoyne plots to inherit the title by murdering the eight other heirs who stand ahead of him in the line of succession.,Kind Hearts and Coronets,Incendies,,106
Okuribito,2008,"Drama, Music",130 min,8.1,A newly unemployed cellist takes a job preparing the dead for funerals.,Okuribito,Okuribito,,130
Enemy at the Gates,2001,"Drama, History, War",131 min,7.6,A Russian and a German sniper play a game of cat-and-mouse during the Battle of Stalingrad.,Enemy at the Gates,Enemy at the Gates,,131
Y tu mamá también,2001,Drama,106 min,7.6,"In Mexico, two teenage boys and an attractive older woman embark on a road trip and learn a thing or two about life, friendship, sex, and each other.",Y tu mamá también,Y tu mamá también,,106
Vampire Hunter D: Bloodlust,2000,"Animation, Action, Fantasy",103 min,7.7,"When a girl is abducted by a vampire, a legendary bounty hunter is hired to bring her back.",Vampire Hunter D: Bloodlust,Vampire Hunter D: Bloodlust,,103
Les choristes,2004,"Drama, Music",97 min,7.9,The new teacher at a severely administered boys' boarding school works to positively affect the students' lives through music.,Les choristes,Les choristes,"Drama, Music",97 
Dil Bechara,2020,"Comedy, Drama, Romance",101 min,7.9,"The emotional journey of two hopelessly in love youngsters, a young girl, Kizie, suffering from cancer, and a boy, Manny, whom she meets at a support group.",Dil Bechara,Dil Bechara,"Comedy, Drama, Romance",101
The Bourne Ultimatum,2007,"Action, Mystery, Thriller",115 min,8.0,Jason Bourne dodges a ruthless C.I.A. official and his Agents from a new assassination program while searching for the origins of his life as a trained killer.,The Bourne Ultimatum,The Bourne Ultimatum,,115
"I, Daniel Blake",2016,Drama,100 min,7.9,"After having suffered a heart-attack, a 59-year-old carpenter must fight the bureaucratic forces of the system in order to receive Employment and Support Allowance.","I, Daniel Blake","I, Daniel Blake",,100
Jeux d'enfants,2003,"Comedy, Drama, Romance",93 min,7.6,"As adults, best friends Julien and Sophie continue the odd game they started as children -- a fearless competition to outdo one another with daring and outrageous stunts. While they often act out to relieve one another's pain, their game might be a way to avoid the fact that they are truly meant for one another.",Jeux d'enfants,Jeux d'enfants,,93 
Who's Afraid of Virginia Woolf?,1966,Drama,131 min,8.0,"A bitter, aging couple, with the help of alcohol, use their young houseguests to fuel anguish and emotional pain towards each other over the course of a distressing night.",Who's Afraid of Virginia Woolf?,Who's Afraid of Virginia Woolf?,,131
Schindler's List,1993,"Biography, Drama, History",195 min,8.9,"In German-occupied Poland during World War II, industrialist Oskar Schindler gradually becomes concerned for his Jewish workforce after witnessing their persecution by the Nazis.",Schindler's List,Schindler's List,,195
Batman Begins,2005,"Action, Adventure",140 min,8.2,"After training with his mentor, Batman begins his fight to free crime-ridden Gotham City from corruption.",Batman Begins,Batman Begins,,140
Harold and Maude,1971,"Comedy, Drama, Romance",91 min,7.9,"Young, rich, and obsessed with death, Harold finds himself changed forever when he meets lively septuagenarian Maude at a funeral.",Harold and Maude,Back to the Future Part II,,91 
Sweet Smell of Success,1957,"Drama, Film-Noir",96 min,8.0,Powerful but unethical Broadway columnist J.J. Hunsecker coerces unscrupulous press agent Sidney Falco into breaking up his sister's romance with a jazz musician.,Sweet Smell of Success,Sweet Smell of Success,,96 
Edge of Tomorrow,2014,"Action, Adventure, Sci-Fi",113 min,7.9,"A soldier fighting aliens gets to relive the same day over and over again, the day restarting every time he dies.",Edge of Tomorrow,Mission: Impossible - Fallout,"Action, Adventure, Sci-Fi",113
Fiddler on the Roof,1971,"Drama, Family, Musical",181 min,8.0,"In prerevolutionary Russia, a Jewish peasant contends with marrying off three of his daughters while growing anti-Semitic sentiment threatens his village.",Fiddler on the Roof,Fiddler on the Roof,,181
The Machinist,2004,"Drama, Thriller",101 min,7.7,An industrial worker who hasn't slept in a year begins to doubt his own sanity.,The Machinist,The Machinist,,101
Blow,2001,"Biography, Crime, Drama",124 min,7.6,"The story of how George Jung, along with the Medellín Cartel headed by Pablo Escobar, established the American cocaine market in the 1970s in the United States.",Blow,Blow,,124
Gully Boy,2019,"Drama, Music, Romance",154 min,8.0,A coming-of-age story based on the lives of street rappers in Mumbai.,Gully Boy,Gully Boy,,154
Paddington 2,2017,"Adventure, Comedy, Family",103 min,7.8,"Paddington (Ben Whishaw), now happily settled with the Brown family and a popular member of the local community, picks up a series of odd jobs to buy the perfect present for his Aunt Lucy's (Imelda Staunton's) 100th birthday, only for the gift to be stolen.",Paddington 2,Paddington 2,,103
Mysterious Skin,2004,Drama,105 min,7.6,"A teenage hustler and a young man obsessed with alien abductions cross paths, together discovering a horrible, liberating truth.",Mysterious Skin,Uri: The Surgical Strike,,105
Freaks,1932,"Drama, Horror",64 min,7.9,"A circus' beautiful trapeze artist agrees to marry the leader of side-show performers, but his deformed friends discover she is only marrying him for his inheritance.",Freaks,Freaks,,64 
English Vinglish,2012,"Comedy, Drama, Family",134 min,7.8,"A quiet, sweet tempered housewife endures small slights from her well-educated husband and daughter every day because of her inability to speak and understand English.",English Vinglish,English Vinglish,"Comedy, Drama, Family",134
This Is Spinal Tap,1984,"Comedy, Music",82 min,7.9,"Spinal Tap, one of England's loudest bands, is chronicled by film director Marty DiBergi on what proves to be a fateful tour.",This Is Spinal Tap,This Is Spinal Tap,"Comedy, Music",82 
Under sandet,2015,"Drama, History, War",100 min,7.8,"In post-World War II Denmark, a group of young German POWs are forced to clear a beach of thousands of land mines under the watch of a Danish Sergeant who slowly learns to appreciate their plight.",Under sandet,Under sandet,,100
The Innocents,1961,Horror,100 min,7.8,A young governess for two children becomes convinced that the house and grounds are haunted.,The Innocents,The Innocents,Horror,100
In a Lonely Place,1950,"Drama, Film-Noir, Mystery",94 min,8.0,"A potentially violent screenwriter is a murder suspect until his lovely neighbor clears him. However, she soon starts to have her doubts.",In a Lonely Place,Logan,,94 
Laura,1944,"Drama, Film-Noir, Mystery",88 min,8.0,A police detective falls in love with the woman whose murder he is investigating.,Laura,Laura,"Drama, Film-Noir, Mystery",88 
Hachi: A Dog's Tale,2009,"Biography, Drama, Family",93 min,8.1,A college professor bonds with an abandoned dog he takes into his home.,Hachi: A Dog's Tale,Hachi: A Dog's Tale,,93 
My Name Is Khan,2010,Drama,165 min,8.0,An Indian Muslim man with Asperger's syndrome takes a challenge to speak to the President of the United States seriously and embarks on a cross-country journey.,My Name Is Khan,My Name Is Khan,,165
Omoide no Mânî,2014,"Animation, Drama, Family",103 min,7.7,"Due to 12 y.o. Anna's asthma, she's sent to stay with relatives of her guardian in the Japanese countryside. She likes to be alone, sketching. She befriends Marnie. Who is the mysterious, blonde Marnie.",Omoide no Mânî,Omoide no Mânî,,103
Hacksaw Ridge,2016,"Biography, Drama, History",139 min,8.1,"World War II American Army Medic Desmond T. Doss, who served during the Battle of Okinawa, refuses to kill people, and becomes the first man in American history to receive the Medal of Honor without firing a shot.",Hacksaw Ridge,Hacksaw Ridge,"Biography, Drama, History",139
Witness for the Prosecution,1957,"Crime, Drama, Mystery",116 min,8.4,A veteran British barrister must defend his client in a murder trial that has surprise after surprise.,Witness for the Prosecution,Witness for the Prosecution,,116
Chak De! India,2007,"Drama, Family, Sport",153 min,8.2,Kabir Khan is the coach of the Indian Women's National Hockey Team and his dream is to make his all girls team emerge victorious against all odds.,Chak De! India,Chak De! India,,153
Le notti di Cabiria,1957,Drama,110 min,8.1,A waifish prostitute wanders the streets of Rome looking for true love but finds only heartbreak.,Le notti di Cabiria,Le notti di Cabiria,,110
The Curious Case of Benjamin Button,2008,"Drama, Fantasy, Romance",166 min,7.8,"Tells the story of Benjamin Button, a man who starts aging backwards with consequences.",The Curious Case of Benjamin Button,The Curious Case of Benjamin Button,,166
The Bourne Supremacy,2004,"Action, Mystery, Thriller",108 min,7.7,"When Jason Bourne is framed for a CIA operation gone awry, he is forced to resume his former life as a trained assassin to survive.",The Bourne Supremacy,The Bourne Supremacy,,108
Harry Potter and the Prisoner of Azkaban,2004,"Adventure, Family, Fantasy",142 min,7.9,"Harry Potter, Ron and Hermione return to Hogwarts School of Witchcraft and Wizardry for their third year of study, where they delve into the mystery surrounding an escaped prisoner who poses a dangerous threat to the young wizard.",Harry Potter and the Prisoner of Azkaban,Harry Potter and the Prisoner of Azkaban,,142
Bohemian Rhapsody,2018,"Biography, Drama, Music",134 min,8.0,"The story of the legendary British rock band Queen and lead singer Freddie Mercury, leading up to their famous performance at Live Aid (1985).",Bohemian Rhapsody,Tropa de Elite 2: O Inimigo Agora é Outro,,134
Un prophète,2009,"Crime, Drama",155 min,7.9,A young Arab man is sent to a French prison.,Un prophète,Un prophète,,155
To Have and Have Not,1944,"Adventure, Comedy, Film-Noir",100 min,7.8,"During World War II, American expatriate Harry Morgan helps transport a French Resistance leader and his beautiful wife to Martinique while romancing a sensuous lounge singer.",To Have and Have Not,There Will Be Blood,,100
Talvar,2015,"Crime, Drama, Mystery",132 min,8.2,An experienced investigator confronts several conflicting theories about the perpetrators of a violent double homicide.,Talvar,Talvar,,132
My Fair Lady,1964,"Drama, Family, Musical",170 min,7.8,Snobbish phonetics Professor Henry Higgins agrees to a wager that he can make flower girl Eliza Doolittle presentable in high society.,My Fair Lady,My Fair Lady,,170
The Shop Around the Corner,1940,"Comedy, Drama, Romance",99 min,8.1,"Two employees at a gift shop can barely stand each other, without realizing that they are falling in love through the post as each other's anonymous pen pal.",The Shop Around the Corner,The Shop Around the Corner,,99 
Deadpool 2,2018,"Action, Adventure, Comedy",119 min,7.7,"Foul-mouthed mutant mercenary Wade Wilson (a.k.a. Deadpool), brings together a team of fellow mutant rogues to protect a young boy with supernatural abilities from the brutal, time-traveling cyborg Cable.",Deadpool 2,Deadpool 2,,119
Veer-Zaara,2004,"Drama, Family, Musical",192 min,7.8,"Veer-Zaara is a saga of love, separation, courage and sacrifice. A love story that is an inspiration and will remain a legend forever.",Veer-Zaara,Veer-Zaara,,192
The Shawshank Redemption,1994,Drama,142 min,9.3,"Two imprisoned men bond over a number of years, finding solace and eventual redemption through acts of common decency.",The Shawshank Redemption,The Shawshank Redemption,,142
It Happened One Night,1934,"Comedy, Romance",105 min,8.1,"A renegade reporter and a crazy young heiress meet on a bus heading for New York, and end up stuck with each other when the bus leaves them behind at one of the stops.",It Happened One Night,It Happened One Night,,105
Jules et Jim,1962,"Drama, Romance",105 min,7.8,Decades of a love triangle concerning two friends and an impulsive woman.,Jules et Jim,Jules et Jim,"Drama, Romance",105
Charade,1963,"Comedy, Mystery, Romance",113 min,7.9,Romance and suspense ensue in Paris as a woman is pursued by several men who want a fortune her murdered husband had stolen. Whom can she trust?,Charade,Charade,,113
The Day the Earth Stood Still,1951,"Drama, Sci-Fi",92 min,7.7,An alien lands and tells the people of Earth that they must live peacefully or be destroyed as a danger to other planets.,The Day the Earth Stood Still,The Day the Earth Stood Still,,92 
The Blues Brothers,1980,"Action, Adventure, Comedy",133 min,7.9,"Jake Blues, just released from prison, puts together his old band to save the Catholic home where he and his brother Elwood were raised.",The Blues Brothers,The Blues Brothers,,133
Star Wars: Episode VII - The Force Awakens,2015,"Action, Adventure, Sci-Fi",138 min,7.9,"As a new threat to the galaxy rises, Rey, a desert scavenger, and Finn, an ex-stormtrooper, must join Han Solo and Chewbacca to search for the one hope of restoring peace.",Star Wars: Episode VII - The Force Awakens,Star Wars: Episode VII - The Force Awakens,,138
Rain Man,1988,Drama,133 min,8.0,Selfish yuppie Charlie Babbitt's father left a fortune to his savant brother Raymond and a pittance to Charlie; they travel cross-country.,Rain Man,Rain Man,,133
Ran,1985,"Action, Drama, War",162 min,8.2,"In Medieval Japan, an elderly warlord retires, handing over his empire to his three sons. However, he vastly underestimates how the new-found power will corrupt them and cause them to turn on each other...and him.",Ran,Ran,,162
M - Eine Stadt sucht einen Mörder,1931,"Crime, Mystery, Thriller",117 min,8.3,"When the police in a German city are unable to catch a child-murderer, other criminals join in the manhunt.",M - Eine Stadt sucht einen Mörder,Life of Pi,,117
Kôkaku Kidôtai,1995,"Animation, Action, Crime",83 min,8.0,A cyborg policewoman and her partner hunt a mysterious and powerful hacker called the Puppet Master.,Kôkaku Kidôtai,Kôkaku Kidôtai,"Animation, Action, Crime",83 
Sleuth,1972,"Mystery, Thriller",138 min,8.0,"A man who loves games and theater invites his wife's lover to meet him, setting up a battle of wits with potentially deadly results.",Sleuth,Sleuth,,138
The Ten Commandments,1956,"Adventure, Drama",220 min,7.9,"Moses, an Egyptian Prince, learns of his true heritage as a Hebrew and his divine mission as the deliverer of his people.",The Ten Commandments,The Ten Commandments,,220
A Star Is Born,2018,"Drama, Music, Romance",136 min,7.6,A musician helps a young singer find fame as age and alcoholism send his own career into a downward spiral.,A Star Is Born,Le passé,,136
Incendies,2010,"Drama, Mystery, War",131 min,8.3,Twins journey to the Middle East to discover their family history and fulfill their mother's last wishes.,Incendies,Incendies,"Drama, Mystery, War",131
Boksuneun naui geot,2002,"Crime, Drama, Thriller",129 min,7.6,"A recently laid off factory worker kidnaps his former boss' friend's daughter, hoping to use the ransom money to pay for his sister's kidney transplant.",Boksuneun naui geot,Boksuneun naui geot,,129
Yôjinbô,1961,"Action, Drama, Thriller",110 min,8.2,A crafty ronin comes to a town divided by two criminal gangs and decides to play them against each other to free the town.,Yôjinbô,Yôjinbô,,110
Fanny och Alexander,1982,Drama,188 min,8.1,"Two young Swedish children experience the many comedies and tragedies of their family, the Ekdahls.",Fanny och Alexander,Fanny och Alexander,,188
Leviafan,2014,"Crime, Drama",140 min,7.6,"In a Russian coastal town, Kolya is forced to fight the corrupt mayor when he is told that his house will be demolished. He recruits a lawyer friend to help, but the man's arrival brings further misfortune for Kolya and his family.",Leviafan,Leviafan,"Crime, Drama",140
Memento,2000,"Mystery, Thriller",113 min,8.4,A man with short-term memory loss attempts to track down his wife's murderer.,Memento,Memento,,113
La battaglia di Algeri,1966,"Drama, War",121 min,8.1,"In the 1950s, fear and violence escalate as the people of Algiers fight for independence from the French government.",La battaglia di Algeri,La battaglia di Algeri,,121
Green Book,2018,"Biography, Comedy, Drama",130 min,8.2,A working-class Italian-American bouncer becomes the driver of an African-American classical pianist on a tour of venues through the 1960s American South.,Green Book,Green Book,,130
Ben-Hur,1959,"Adventure, Drama, History",212 min,8.1,"After a Jewish prince is betrayed and sent into slavery by a Roman friend, he regains his freedom and comes back for revenge.",Ben-Hur,Ben-Hur,,212
Butch Cassidy and the Sundance Kid,1969,"Biography, Crime, Drama",110 min,8.0,"Wyoming, early 1900s. Butch Cassidy and The Sundance Kid are the leaders of a band of outlaws. After a train robbery goes wrong they find themselves on the run with a posse hard on their heels. Their solution - escape to Bolivia.",Butch Cassidy and the Sundance Kid,Butch Cassidy and the Sundance Kid,,110
Baby,2015,"Action, Crime, Thriller",159 min,8.0,"An elite counter-intelligence unit learns of a plot, masterminded by a maniacal madman. With the clock ticking, it's up to them to track the terrorists' international tentacles and prevent them from striking at the heart of India.",Baby,Boyhood,,159
Warrior,2011,"Action, Drama, Sport",140 min,8.2,"The youngest son of an alcoholic former boxer returns home, where he's trained by his father for competition in a mixed martial arts tournament - a path that puts the fighter on a collision course with his estranged, older brother.",Warrior,Warrior,,140
Il conformista,1970,Drama,113 min,8.0,"A weak-willed Italian man becomes a fascist flunky who goes abroad to arrange the assassination of his old teacher, now a political dissident.",Il conformista,Il conformista,Drama,113
Manchester by the Sea,2016,Drama,137 min,7.8,A depressed uncle is asked to take care of his teenage nephew after the boy's father dies.,Manchester by the Sea,Manchester by the Sea,,137
Klaus,2019,"Animation, Adventure, Comedy",96 min,8.2,"A simple act of kindness always sparks another, even in a frozen, faraway place. When Smeerensburg's new postman, Jesper, befriends toymaker Klaus, their gifts melt an age-old feud and deliver a sleigh full of holiday traditions.",Klaus,Klaus,,96 
Rope,1948,"Crime, Drama, Mystery",80 min,8.0,Two men attempt to prove they committed the perfect crime by hosting a dinner party after strangling their former classmate to death.,Rope,Rope,,80 
Heat,1995,"Crime, Drama, Thriller",170 min,8.2,A group of professional bank robbers start to feel the heat from police when they unknowingly leave a clue at their latest heist.,Heat,Heat,,170
The Silence of the Lambs,1991,"Crime, Drama, Thriller",118 min,8.6,"A young F.B.I. cadet must receive the help of an incarcerated and manipulative cannibal killer to help catch another serial killer, a madman who skins his victims.",The Silence of the Lambs,The Silence of the Lambs,"Crime, Drama, Thriller",118
Brokeback Mountain,2005,"Drama, Romance",134 min,7.7,"The story of a forbidden and secretive relationship between two cowboys, and their lives over the years.",Brokeback Mountain,Brokeback Mountain,,134
The Gold Rush,1925,"Adventure, Comedy, Drama",95 min,8.2,A prospector goes to the Klondike in search of gold and finds it and more.,The Gold Rush,The Gold Rush,,95 
Central do Brasil,1998,Drama,110 min,8.0,"An emotive journey of a former school teacher, who writes letters for illiterate people, and a young boy, whose mother has just died, as they search for the father he never knew.",Central do Brasil,The Breakfast Club,Drama,110
The French Connection,1971,"Action, Crime, Drama",104 min,7.7,A pair of NYC cops in the Narcotics Bureau stumble onto a drug smuggling job with a French connection.,The French Connection,The French Connection,,104
Dom za vesanje,1988,"Comedy, Crime, Drama",142 min,8.2,"In this luminous tale set in the area around Sarajevo and in Italy, Perhan, an engaging young Romany (gypsy) with telekinetic powers, is seduced by the quick-cash world of petty crime, which threatens to destroy him and those he loves.",Dom za vesanje,Dom za vesanje,"Comedy, Crime, Drama",142
The Longest Day,1962,"Action, Drama, History",178 min,7.8,"The events of D-Day, told on a grand scale from both the Allied and German points of view.",The Longest Day,The Longest Day,,178
Gangs of Wasseypur,2012,"Action, Comedy, Crime",321 min,8.2,"A clash between Sultan and Shahid Khan leads to the expulsion of Khan from Wasseypur, and ignites a deadly blood feud spanning three generations.",Gangs of Wasseypur,Gangs of Wasseypur,,321
Raging Bull,1980,"Biography, Drama, Sport",129 min,8.2,"The life of boxer Jake LaMotta, whose violence and temper that led him to the top in the ring destroyed his life outside of it.",Raging Bull,Raging Bull,,129
Pulp Fiction,1994,"Crime, Drama",154 min,8.9,"The lives of two mob hitmen, a boxer, a gangster and his wife, and a pair of diner bandits intertwine in four tales of violence and redemption.",Pulp Fiction,Mystic River,,154
Gravity,2013,"Drama, Sci-Fi, Thriller",91 min,7.7,Two astronauts work together to survive after an accident leaves them stranded in space.,Gravity,The Bridges of Madison County,,91 
Before Midnight,2013,"Drama, Romance",109 min,7.9,We meet Jesse and Celine nine years on in Greece. Almost two decades have passed since their first meeting on that train bound for Vienna.,Before Midnight,The Big Lebowski,,109
The Shining,1980,"Drama, Horror",146 min,8.4,"A family heads to an isolated hotel for the winter where a sinister presence influences the father into violence, while his psychic son sees horrific forebodings from both past and future.",The Shining,The Shining,"Drama, Horror",146
Moneyball,2011,"Biography, Drama, Sport",133 min,7.6,Oakland A's general manager Billy Beane's successful attempt to assemble a baseball team on a lean budget by employing computer-generated analysis to acquire new players.,Moneyball,Moneyball,,133
A Little Princess,1995,"Drama, Family, Fantasy",97 min,7.7,A young girl is relegated to servitude at a boarding school when her father goes missing and is presumed dead.,A Little Princess,A Little Princess,"Drama, Family, Fantasy",97 
Munna Bhai M.B.B.S.,2003,"Comedy, Drama, Musical",156 min,8.1,A gangster sets out to fulfill his father's dream of becoming a doctor.,Munna Bhai M.B.B.S.,Munna Bhai M.B.B.S.,,156
Shutter Island,2010,"Mystery, Thriller",138 min,8.2,"In 1954, a U.S. Marshal investigates the disappearance of a murderer who escaped from a hospital for the criminally insane.",Shutter Island,Shutter Island,,138
Das Experiment,2001,"Drama, Thriller",120 min,7.7,"For two weeks, 20 male participants are hired to play prisoners and guards in a prison. The ""prisoners"" have to follow seemingly mild rules, and the ""guards"" are told to retain order without using physical violence.",Das Experiment,My Name Is Khan,,120
Million Dollar Baby,2004,"Drama, Sport",132 min,8.1,A determined woman works with a hardened boxing trainer to become a professional.,Million Dollar Baby,Million Dollar Baby,,132
Kahaani,2012,"Mystery, Thriller",122 min,8.1,"A pregnant woman's search for her missing husband takes her from London to Kolkata, but everyone she questions denies having ever met him.",Kahaani,Kahaani,"Mystery, Thriller",122
La Vie En Rose,2007,"Biography, Drama, Music",140 min,7.6,"Biopic of the iconic French singer Édith Piaf. Raised by her grandmother in a brothel, she was discovered while singing on a street corner at the age of 19. Despite her success, Piaf's life was filled with tragedy.",La Vie En Rose,La Vie En Rose,,140
C.R.A.Z.Y.,2005,"Comedy, Drama",129 min,7.9,"A young French-Canadian, growing up in the 1960s and 1970s, struggles to reconcile his emerging homosexuality with his father's conservative values and his own Catholic beliefs.",C.R.A.Z.Y.,C.R.A.Z.Y.,,129
"Three Billboards Outside Ebbing, Missouri",2017,"Comedy, Crime, Drama",115 min,8.2,A mother personally challenges the local authorities to solve her daughter's murder when they fail to catch the culprit.,"Three Billboards Outside Ebbing, Missouri",Once Were Warriors,,115
Giù la testa,1971,"Drama, War, Western",157 min,7.6,A low-life bandit and an I.R.A. explosives expert rebel against the government and become heroes of the Mexican Revolution.,Giù la testa,Giù la testa,,157
3:10 to Yuma,2007,"Action, Crime, Drama",122 min,7.7,A small-time rancher agrees to hold a captured outlaw who's awaiting a train to go to court in Yuma. A battle of wills ensues as the outlaw tries to psych out the rancher.,3:10 to Yuma,3:10 to Yuma,,122
Det sjunde inseglet,1957,"Drama, Fantasy, History",96 min,8.2,"A man seeks answers about life, death, and the existence of God as he plays chess against the Grim Reaper during the Black Plague.",Det sjunde inseglet,Rupan sansei: Kariosutoro no shiro,,96 
The Usual Suspects,1995,"Crime, Mystery, Thriller",106 min,8.5,"A sole survivor tells of the twisty events leading up to a horrific gun battle on a boat, which began when five criminals met at a seemingly random police lineup.",The Usual Suspects,The Usual Suspects,,106
Badlands,1973,"Action, Crime, Drama",94 min,7.8,An impressionable teenage girl from a dead-end town and her older greaser boyfriend embark on a killing spree in the South Dakota badlands.,Badlands,Badlands,,94 
Scarface,1983,"Crime, Drama",170 min,8.3,"In 1980 Miami, a determined Cuban immigrant takes over a drug cartel and succumbs to greed.",Scarface,Scarface,,170
Le passé,2013,"Drama, Mystery",130 min,7.8,"An Iranian man deserts his French wife and her two children to return to his homeland. Meanwhile, his wife starts up a new relationship, a reality her husband confronts upon his wife's request for a divorce.",Le passé,Le passé,,130
Kimi no na wa.,2016,"Animation, Drama, Fantasy",106 min,8.4,"Two strangers find themselves linked in a bizarre way. When a connection forms, will distance be the only thing to keep them apart?",Kimi no na wa.,Kimi no na wa.,,106
Akira,1988,"Animation, Action, Sci-Fi",124 min,8.0,A secret military project endangers Neo-Tokyo when it turns a biker gang member into a rampaging psychic psychopath who can only be stopped by two teenagers and a group of psychics.,Akira,Harvey,,124
The Night of the Hunter,1955,"Crime, Drama, Film-Noir",92 min,8.0,"A religious fanatic marries a gullible widow whose young children are reluctant to tell him where their real daddy hid the $10,000 he'd stolen in a robbery.",The Night of the Hunter,The Night of the Hunter,,92 
Frost/Nixon,2008,"Biography, Drama, History",122 min,7.7,A dramatic retelling of the post-Watergate television interviews between British talk-show host David Frost and former president Richard Nixon.,Frost/Nixon,Frost/Nixon,"Biography, Drama, History",122
From Here to Eternity,1953,"Drama, Romance, War",118 min,7.6,"In Hawaii in 1941, a private is cruelly punished for not boxing on his unit's team, while his captain's wife and second-in-command are falling in love.",From Here to Eternity,Vivre sa vie: Film en douze tableaux,,118
Saving Private Ryan,1998,"Drama, War",169 min,8.6,"Following the Normandy Landings, a group of U.S. soldiers go behind enemy lines to retrieve a paratrooper whose brothers have been killed in action.",Saving Private Ryan,Saving Private Ryan,,169
Call Me by Your Name,2017,"Drama, Romance",132 min,7.9,"In 1980s Italy, romance blossoms between a seventeen-year-old student and the older man hired as his father's research assistant.",Call Me by Your Name,Call Me by Your Name,,132
Le charme discret de la bourgeoisie,1972,Comedy,102 min,7.9,"A surreal, virtually plotless series of dreams centered around six middle-class people and their consistently interrupted attempts to have a meal together.",Le charme discret de la bourgeoisie,Forushande,Comedy,102
A Christmas Story,1983,"Comedy, Family",93 min,7.9,"In the 1940s, a young boy named Ralphie attempts to convince his parents, his teacher and Santa that a Red Ryder BB gun really is the perfect Christmas gift.",A Christmas Story,A Christmas Story,,93 
The Hobbit: An Unexpected Journey,2012,"Adventure, Fantasy",169 min,7.8,"A reluctant Hobbit, Bilbo Baggins, sets out to the Lonely Mountain with a spirited group of dwarves to reclaim their mountain home, and the gold within it from the dragon Smaug.",The Hobbit: An Unexpected Journey,The Hobbit: An Unexpected Journey,,169
La planète sauvage,1973,"Animation, Sci-Fi",72 min,7.8,"On a faraway planet where blue giants rule, oppressed humanoids rebel against their machine-like leaders.",La planète sauvage,La planète sauvage,,72 
Dead Man's Shoes,2004,"Crime, Drama, Thriller",90 min,7.6,A disaffected soldier returns to his hometown to get even with the thugs who brutalized his mentally-challenged brother years ago.,Dead Man's Shoes,Dead Man's Shoes,,90 
The Imitation Game,2014,"Biography, Drama, Thriller",114 min,8.0,"During World War II, the English mathematical genius Alan Turing tries to crack the German Enigma code with help from fellow mathematicians.",The Imitation Game,The Imitation Game,,114
Modern Times,1936,"Comedy, Drama, Family",87 min,8.5,The Tramp struggles to live in modern industrial society with the help of a young homeless woman.,Modern Times,Modern Times,,87 
Ying xiong,2002,"Action, Adventure, History",120 min,7.9,"A defense officer, Nameless, was summoned by the King of Qin regarding his success of terminating three warriors.",Ying xiong,Ying xiong,,120
Toy Story 2,1999,"Animation, Adventure, Comedy",92 min,7.9,"When Woody is stolen by a toy collector, Buzz and his friends set out on a rescue mission to save Woody before he becomes a museum toy property with his roundup gang Jessie, Prospector, and Bullseye.",Toy Story 2,Toy Story 2,,92 
The Secret of Kells,2009,"Animation, Adventure, Family",71 min,7.6,"A young boy in a remote medieval outpost under siege from barbarian raids is beckoned to adventure when a celebrated master illuminator arrives with an ancient book, brimming with secret wisdom and powers.",The Secret of Kells,The Secret of Kells,,71 
Harry Potter and the Goblet of Fire,2005,"Adventure, Family, Fantasy",157 min,7.7,"Harry Potter finds himself competing in a hazardous tournament between rival schools of magic, but he is distracted by recurring nightmares.",Harry Potter and the Goblet of Fire,Harry Potter and the Goblet of Fire,,157
Ba wang bie ji,1993,"Drama, Music, Romance",171 min,8.1,Two boys meet at an opera training school in Peking in 1924. Their resulting friendship will span nearly 70 years and will endure some of the most troublesome times in China's history.,Ba wang bie ji,Ba wang bie ji,,171
Short Cuts,1993,"Comedy, Drama",188 min,7.7,The day-to-day lives of several suburban Los Angeles residents.,Short Cuts,Short Cuts,"Comedy, Drama",188
Key Largo,1948,"Action, Crime, Drama",100 min,7.8,"A man visits his war buddy's family hotel and finds a gangster running things. As a hurricane approaches, the two end up confronting each other.",Key Largo,Key Largo,,100
The Color Purple,1985,Drama,154 min,7.8,A black Southern woman struggles to find her identity after suffering abuse from her father and others over four decades.,The Color Purple,The Color Purple,,154
Empire of the Sun,1987,"Action, Drama, History",153 min,7.7,A young English boy struggles to survive under Japanese occupation during World War II.,Empire of the Sun,Empire of the Sun,,153
Mimi wo sumaseba,1995,"Animation, Drama, Family",111 min,7.9,"A love story between a girl who loves reading books, and a boy who has previously checked out all of the library books she chooses.",Mimi wo sumaseba,Mimi wo sumaseba,,111
A Streetcar Named Desire,1951,Drama,122 min,8.0,Disturbed Blanche DuBois moves in with her sister in New Orleans and is tormented by her brutish brother-in-law while her reality crumbles around her.,A Streetcar Named Desire,A Streetcar Named Desire,Drama,122
Hamilton,2020,"Biography, Drama, History",160 min,8.6,"The real life of one of America's foremost founding fathers and first Secretary of the Treasury, Alexander Hamilton. Captured live on Broadway from the Richard Rodgers Theater with the original Broadway cast.",Hamilton,Hamilton,,160
Bringing Up Baby,1938,"Comedy, Family, Romance",102 min,7.8,"While trying to secure a $1 million donation for his museum, a befuddled paleontologist is pursued by a flighty and often irritating heiress and her pet leopard, Baby.",Bringing Up Baby,Bringing Up Baby,,102
Amour,2012,"Drama, Romance",127 min,7.9,"Georges and Anne are an octogenarian couple. They are cultivated, retired music teachers. Their daughter, also a musician, lives in Britain with her family. One day, Anne has a stroke, and the couple's bond of love is severely tested.",Amour,Amour,,127
Nosferatu,1922,"Fantasy, Horror",94 min,7.9,Vampire Count Orlok expresses interest in a new residence and real estate agent Hutter's wife.,Nosferatu,Nosferatu,"Fantasy, Horror",94 
Vivre sa vie: Film en douze tableaux,1962,Drama,80 min,8.0,Twelve episodic tales in the life of a Parisian woman and her slow descent into prostitution.,Vivre sa vie: Film en douze tableaux,Vivre sa vie: Film en douze tableaux,,80 
Ratatouille,2007,"Animation, Adventure, Comedy",111 min,8.0,A rat who can cook makes an unusual alliance with a young kitchen worker at a famous restaurant.,Ratatouille,Ratatouille,,111
The Great Dictator,1940,"Comedy, Drama, War",125 min,8.4,Dictator Adenoid Hynkel tries to expand his empire while a poor Jewish barber tries to avoid persecution from Hynkel's regime.,The Great Dictator,"Three Billboards Outside Ebbing, Missouri","Comedy, Drama, War",125
Coco,2017,"Animation, Adventure, Family",105 min,8.4,"Aspiring musician Miguel, confronted with his family's ancestral ban on music, enters the Land of the Dead to find his great-great-grandfather, a legendary singer.",Coco,Coco,"Animation, Adventure, Family",105
Diarios de motocicleta,2004,"Adventure, Biography, Drama",126 min,7.8,The dramatization of a motorcycle road trip Che Guevara went on in his youth that showed him his life's calling.,Diarios de motocicleta,Diarios de motocicleta,,126
Pink Floyd: The Wall,1982,"Drama, Fantasy, Music",95 min,8.1,A confined but troubled rock star descends into madness in the midst of his physical and social isolation from everyone.,Pink Floyd: The Wall,It Happened One Night,,95 
Viskningar och rop,1972,Drama,91 min,8.1,"When a woman dying of cancer in early twentieth-century Sweden is visited by her two sisters, long-repressed feelings between the siblings rise to the surface.",Viskningar och rop,Viskningar och rop,Drama,91 
The Pursuit of Happyness,2006,"Biography, Drama",117 min,8.0,A struggling salesman takes custody of his son as he's poised to begin a life-changing professional career.,The Pursuit of Happyness,The Pursuit of Happyness,,117
Slumdog Millionaire,2008,"Drama, Romance",120 min,8.0,"A Mumbai teenager reflects on his life after being accused of cheating on the Indian version of ""Who Wants to be a Millionaire?"".",Slumdog Millionaire,Slumdog Millionaire,,120
The Maltese Falcon,1941,"Film-Noir, Mystery",100 min,8.0,"A private detective takes on a case that involves him with three eccentric criminals, a gorgeous liar, and their quest for a priceless statuette.",The Maltese Falcon,The Maltese Falcon,,100
The Deer Hunter,1978,"Drama, War",183 min,8.1,An in-depth examination of the ways in which the U.S. Vietnam War impacts and disrupts the lives of people in a small industrial town in Pennsylvania.,The Deer Hunter,The Deer Hunter,,183
"Il buono, il brutto, il cattivo",1966,Western,161 min,8.8,A bounty hunting scam joins two men in an uneasy alliance against a third in a race to find a fortune in gold buried in a remote cemetery.,"Il buono, il brutto, il cattivo","Il buono, il brutto, il cattivo",,161
Judgment at Nuremberg,1961,"Drama, War",179 min,8.2,"In 1948, an American court in occupied Germany tries four Nazis judged for war crimes.",Judgment at Nuremberg,Judgment at Nuremberg,"Drama, War",179
Casino Royale,2006,"Action, Adventure, Thriller",144 min,8.0,"After earning 00 status and a licence to kill, Secret Agent James Bond sets out on his first mission as 007. Bond must defeat a private banker funding terrorists in a high-stakes game of poker at Casino Royale, Montenegro.",Casino Royale,Casino Royale,,144
The Florida Project,2017,Drama,111 min,7.6,"Set over one summer, the film follows precocious six-year-old Moonee as she courts mischief and adventure with her ragtag playmates and bonds with her rebellious but caring mother, all while living in the shadows of Walt Disney World.",The Florida Project,The Florida Project,Drama,111
Taken,2008,"Action, Thriller",90 min,7.8,"A retired CIA agent travels across Europe and relies on his old skills to save his estranged daughter, who has been kidnapped while on a trip to Paris.",Taken,Taken,,90 
Mad Max: Fury Road,2015,"Action, Adventure, Sci-Fi",120 min,8.1,"In a post-apocalyptic wasteland, a woman rebels against a tyrannical ruler in search for her homeland with the aid of a group of female prisoners, a psychotic worshiper, and a drifter named Max.",Mad Max: Fury Road,The Right Stuff,,120
Forushande,2016,Drama,124 min,7.8,"While both participating in a production of ""Death of a Salesman,"" a teacher's wife is assaulted in her new home, which leaves him determined to find the perpetrator over his wife's traumatized objections.",Forushande,Forushande,,124
My Cousin Vinny,1992,"Comedy, Crime",120 min,7.6,"Two New Yorkers accused of murder in rural Alabama while on their way back to college call in the help of one of their cousins, a loudmouth lawyer with no trial experience.",My Cousin Vinny,My Cousin Vinny,,120
Hana-bi,1997,"Crime, Drama, Romance",103 min,7.8,"Nishi leaves the police in the face of harrowing personal and professional difficulties. Spiraling into depression, he makes questionable decisions.",Hana-bi,Hana-bi,,103
The Lion in Winter,1968,"Biography, Drama, History",134 min,7.9,"1183 A.D.: King Henry II's three sons all want to inherit the throne, but he won't commit to a choice. They and his wife variously plot to force him.",The Lion in Winter,The Lion in Winter,,134
Rogue One,2016,"Action, Adventure, Sci-Fi",133 min,7.8,The daughter of an Imperial scientist joins the Rebel Alliance in a risky move to steal the plans for the Death Star.,Rogue One,Rogue One,,133
Tôkyô goddofâzâzu,2003,"Animation, Adventure, Comedy",90 min,7.8,"On Christmas Eve, three homeless people living on the streets of Tokyo discover a newborn baby among the trash and set out to find its parents.",Tôkyô goddofâzâzu,Tôkyô goddofâzâzu,,90 
The Message,1976,"Biography, Drama, History",177 min,8.2,This epic historical drama chronicles the life and times of Prophet Muhammad and serves as an introduction to early Islamic history.,The Message,The Message,,177
Batman: Mask of the Phantasm,1993,"Animation, Action, Crime",76 min,7.8,Batman is wrongly implicated in a series of murders of mob bosses actually done by a new vigilante assassin.,Batman: Mask of the Phantasm,Batman: Mask of the Phantasm,,76 
Glory,1989,"Biography, Drama, History",122 min,7.8,"Robert Gould Shaw leads the U.S. Civil War's first all-black volunteer company, fighting prejudices from both his own Union Army, and the Confederates.",Glory,Glory,"Biography, Drama, History",122
Little Women,2019,"Drama, Romance",135 min,7.8,"Jo March reflects back and forth on her life, telling the beloved story of the March sisters - four young women, each determined to live life on her own terms.",Little Women,Little Women,,135
The African Queen,1951,"Adventure, Drama, Romance",105 min,7.7,"In WWI Africa, a gin-swilling riverboat captain is persuaded by a strait-laced missionary to use his boat to attack an enemy warship.",The African Queen,The African Queen,,105
Twelve Monkeys,1995,"Mystery, Sci-Fi, Thriller",129 min,8.0,"In a future world devastated by disease, a convict is sent back in time to gather information about the man-made virus that wiped out most of the human population on the planet.",Twelve Monkeys,Twelve Monkeys,,129
Eskiya,1996,"Crime, Drama, Thriller",128 min,8.2,"Baran the Bandit, released from prison after 35 years, searches for vengeance and his lover.",Eskiya,Eskiya,,128
The Sixth Sense,1999,"Drama, Mystery, Thriller",107 min,8.1,A boy who communicates with spirits seeks the help of a disheartened child psychologist.,The Sixth Sense,The Sixth Sense,,107
Serenity,2005,"Action, Adventure, Sci-Fi",119 min,7.8,The crew of the ship Serenity try to evade an assassin sent to recapture one of their members who is telepathic.,Serenity,Metropolis,,119
Victoria,2015,"Crime, Drama, Romance",138 min,7.6,A young Spanish woman who has recently moved to Berlin finds her flirtation with a local guy turn potentially deadly as their night out with his friends reveals a dangerous secret.,Victoria,Victoria,,138
Boyz n the Hood,1991,"Crime, Drama",112 min,7.8,"Follows the lives of three young males living in the Crenshaw ghetto of Los Angeles, dissecting questions of race, relationships, violence, and future prospects.",Boyz n the Hood,Boyz n the Hood,,112
Mou gaan dou,2002,"Action, Crime, Drama",101 min,8.0,"A story between a mole in the police department and an undercover cop. Their objectives are the same: to find out who is the mole, and who is the cop.",Mou gaan dou,Mou gaan dou,,101
Kagemusha,1980,"Drama, History, War",180 min,8.0,A petty thief with an utter resemblance to a samurai warlord is hired as the lord's double. When the warlord later dies the thief is forced to take up arms in his place.,Kagemusha,Kagemusha,"Drama, History, War",180
Apocalypse Now,1979,"Drama, Mystery, War",147 min,8.4,A U.S. Army officer serving in Vietnam is tasked with assassinating a renegade Special Forces Colonel who sees himself as a god.,Apocalypse Now,Apocalypse Now,,147
A Clockwork Orange,1971,"Crime, Drama, Sci-Fi",136 min,8.3,"In the future, a sadistic gang leader is imprisoned and volunteers for a conduct-aversion experiment, but it doesn't go as planned.",A Clockwork Orange,A Clockwork Orange,,136
Moonrise Kingdom,2012,"Comedy, Drama, Romance",94 min,7.8,"A pair of young lovers flee their New England town, which causes a local search party to fan out to find them.",Moonrise Kingdom,Moonrise Kingdom,,94 
Lost Highway,1997,"Mystery, Thriller",134 min,7.6,"Anonymous videotapes presage a musician's murder conviction, and a gangster's girlfriend leads a mechanic astray.",Lost Highway,Lost Highway,,134
Knockin' on Heaven's Door,1997,"Action, Crime, Comedy",87 min,8.0,"Two terminally ill patients escape from a hospital, steal a car and rush towards the sea.",Knockin' on Heaven's Door,Ordinary People,,87 
Full Metal Jacket,1987,"Drama, War",116 min,8.3,A pragmatic U.S. Marine observes the dehumanizing effects the Vietnam War has on his fellow recruits from their brutal boot camp training to the bloody street fighting in Hue.,Full Metal Jacket,Full Metal Jacket,,116
2001: A Space Odyssey,1968,"Adventure, Sci-Fi",149 min,8.3,"After discovering a mysterious artifact buried beneath the Lunar surface, mankind sets off on a quest to find its origins with help from intelligent supercomputer H.A.L. 9000.",2001: A Space Odyssey,2001: A Space Odyssey,,149
Young Frankenstein,1974,Comedy,106 min,8.0,"An American grandson of the infamous scientist, struggling to prove that his grandfather was not as insane as people believe, is invited to Transylvania, where he discovers the process that reanimates a dead body.",Young Frankenstein,Young Frankenstein,,106
My Left Foot: The Story of Christy Brown,1989,"Biography, Drama",103 min,7.9,"Christy Brown, born with cerebral palsy, learns to paint and write with his only controllable limb - his left foot.",My Left Foot: The Story of Christy Brown,My Left Foot: The Story of Christy Brown,"Biography, Drama",103
The Grapes of Wrath,1940,"Drama, History",129 min,8.0,"A poor Midwest family is forced off their land. They travel to California, suffering the misfortunes of the homeless in the Great Depression.",The Grapes of Wrath,The Grapes of Wrath,,129
Tenkû no shiro Rapyuta,1986,"Animation, Adventure, Drama",125 min,8.0,A young boy and a girl with a magic crystal must race against pirates and foreign agents in a search for a legendary floating castle.,Tenkû no shiro Rapyuta,Tenkû no shiro Rapyuta,,125
Babam ve Oglum,2005,"Drama, Family",112 min,8.3,The family of a left-wing journalist is torn apart after the military coup of Turkey in 1980.,Babam ve Oglum,Babam ve Oglum,,112
Watchmen,2009,"Action, Drama, Mystery",162 min,7.6,"In 1985 where former superheroes exist, the murder of a colleague sends active vigilante Rorschach into his own sprawling investigation, uncovering something that could completely change the course of history as we know it.",Watchmen,Watchmen,,162
Jodaeiye Nader az Simin,2011,Drama,123 min,8.3,A married couple are faced with a difficult decision - to improve the life of their child by moving to another country or to stay in Iran and look after a deteriorating parent who has Alzheimer's disease.,Jodaeiye Nader az Simin,Jodaeiye Nader az Simin,,123
Short Term 12,2013,Drama,96 min,8.0,A 20-something supervising staff member of a residential treatment facility navigates the troubled waters of that world alongside her co-worker and longtime boyfriend.,Short Term 12,Short Term 12,,96 
Close Encounters of the Third Kind,1977,"Drama, Sci-Fi",138 min,7.6,"Roy Neary, an electric lineman, watches how his quiet and ordinary daily life turns upside down after a close encounter with a UFO.",Close Encounters of the Third Kind,Close Encounters of the Third Kind,,138
Inside Man,2006,"Crime, Drama, Mystery",129 min,7.6,"A police detective, a bank robber, and a high-power broker enter high-stakes negotiations after the criminal's brilliant heist spirals into a hostage situation.",Inside Man,Inside Man,,129
"Synecdoche, New York",2008,Drama,124 min,7.6,"A theatre director struggles with his work, and the women in his life, as he creates a life-size replica of New York City inside a warehouse as part of his new play.","Synecdoche, New York","Synecdoche, New York",,124
Ajeossi,2010,"Action, Crime, Drama",119 min,7.8,A quiet pawnshop keeper with a violent past takes on a drug-and-organ trafficking ring in hope of saving the child who is his only friend.,Ajeossi,Ajeossi,,119
About Time,2013,"Comedy, Drama, Fantasy",123 min,7.8,"At the age of 21, Tim discovers he can travel in time and change what happens and has happened in his own life. His decision to make his world a better place by getting a girlfriend turns out not to be as easy as you might think.",About Time,About Time,,123
Män som hatar kvinnor,2009,"Crime, Drama, Mystery",152 min,7.8,A journalist is aided by a young female hacker in his search for the killer of a woman who has been dead for forty years.,Män som hatar kvinnor,Män som hatar kvinnor,,152
Eternal Sunshine of the Spotless Mind,2004,"Drama, Romance, Sci-Fi",108 min,8.3,"When their relationship turns sour, a couple undergoes a medical procedure to have each other erased from their memories.",Eternal Sunshine of the Spotless Mind,Eternal Sunshine of the Spotless Mind,"Drama, Romance, Sci-Fi",108
Forrest Gump,1994,"Drama, Romance",142 min,8.8,"The presidencies of Kennedy and Johnson, the events of Vietnam, Watergate and other historical events unfold through the perspective of an Alabama man with an IQ of 75, whose only desire is to be reunited with his childhood sweetheart.",Forrest Gump,Forrest Gump,,142
Groundhog Day,1993,"Comedy, Fantasy, Romance",101 min,8.0,A weatherman finds himself inexplicably living the same day over and over again.,Groundhog Day,Groundhog Day,,101
Manhattan,1979,"Comedy, Drama, Romance",96 min,7.9,The life of a divorced television writer dating a teenage girl is further complicated when he falls in love with his best friend's mistress.,Manhattan,Manhattan,,96 
The Lion King,1994,"Animation, Adventure, Drama",88 min,8.5,"Lion prince Simba and his father are targeted by his bitter uncle, who wants to ascend the throne himself.",The Lion King,The Lion King,,88 
Léon,1994,"Action, Crime, Drama",110 min,8.5,"Mathilda, a 12-year-old girl, is reluctantly taken in by Léon, a professional assassin, after her family is murdered. An unusual relationship forms as she becomes his protégée and learns the assassin's trade.",Léon,Vizontele,"Action, Crime, Drama",110
The Martian,2015,"Adventure, Drama, Sci-Fi",144 min,8.0,"An astronaut becomes stranded on Mars after his team assume him dead, and must rely on his ingenuity to find a way to signal to Earth that he is alive.",The Martian,Call Me by Your Name,,144
Unforgiven,1992,"Drama, Western",130 min,8.2,"Retired Old West gunslinger William Munny reluctantly takes on one last job, with the help of his old partner Ned Logan and a young man, The ""Schofield Kid.""",Unforgiven,Sunset Blvd.,"Drama, Western",130
The Fall,2006,"Adventure, Drama, Fantasy",117 min,7.9,"In a hospital on the outskirts of 1920s Los Angeles, an injured stuntman begins to tell a fellow patient, a little girl with a broken arm, a fantastic story of five mythical heroes. Thanks to his fractured state of mind and her vivid imagination, the line between fiction and reality blurs as the tale advances.",The Fall,The Fall,,117
The Invisible Man,1933,"Horror, Sci-Fi",71 min,7.7,"A scientist finds a way of becoming invisible, but in doing so, he becomes murderously insane.",The Invisible Man,The Invisible Man,,71 
La migliore offerta,2013,"Crime, Drama, Mystery",131 min,7.8,A lonely art expert working for a mysterious and reclusive heiress finds not only her art worth examining.,La migliore offerta,La migliore offerta,,131
Gake no ue no Ponyo,2008,"Animation, Adventure, Comedy",101 min,7.7,"A five-year-old boy develops a relationship with Ponyo, a young goldfish princess who longs to become a human after falling in love with him.",Gake no ue no Ponyo,Duck Soup,,101
Bacheha-Ye aseman,1997,"Drama, Family, Sport",89 min,8.3,"After a boy loses his sister's pair of shoes, he goes on a series of adventures in order to find them. When he can't, he tries a new way to ""win"" a new pair.",Bacheha-Ye aseman,Bacheha-Ye aseman,"Drama, Family, Sport",89 
Planet of the Apes,1968,"Adventure, Sci-Fi",112 min,8.0,"An astronaut crew crash-lands on a planet in the distant future where intelligent talking apes are the dominant species, and humans are the oppressed and enslaved.",Planet of the Apes,Planet of the Apes,,112
Monty Python and the Holy Grail,1975,"Adventure, Comedy, Fantasy",91 min,8.2,"King Arthur and his Knights of the Round Table embark on a surreal, low-budget search for the Holy Grail, encountering many, very silly obstacles.",Monty Python and the Holy Grail,Planet of the Apes,,91 
Les diaboliques,1955,"Crime, Drama, Horror",117 min,8.0,The wife and mistress of a loathed school principal plan to murder him with what they believe is the perfect alibi.,Les diaboliques,Les diaboliques,,117
Dog Day Afternoon,1975,"Biography, Crime, Drama",125 min,8.0,"Three amateur bank robbers plan to hold up a bank. A nice simple robbery: Walk in, take the money, and run. Unfortunately, the supposedly uncomplicated heist suddenly becomes a bizarre nightmare as everything that could go wrong does.",Dog Day Afternoon,Dog Day Afternoon,,125
Sabrina,1954,"Comedy, Drama, Romance",113 min,7.7,"A playboy becomes interested in the daughter of his family's chauffeur, but it's his more serious brother who would be the better man for her.",Sabrina,Sabrina,,113
Just Mercy,2019,"Biography, Crime, Drama",137 min,7.6,World-renowned civil rights defense attorney Bryan Stevenson works to free a wrongly condemned death row prisoner.,Just Mercy,Zombieland,,137
Down by Law,1986,"Comedy, Crime, Drama",107 min,7.8,"Two men are framed and sent to jail, where they meet a murderer who helps them escape and leave the state.",Down by Law,Down by Law,,107
Sholay,1975,"Action, Adventure, Comedy",204 min,8.2,"After his family is murdered by a notorious and ruthless bandit, a former police officer enlists the services of two outlaws to capture the bandit.",Sholay,Sholay,,204
The Nightmare Before Christmas,1993,"Animation, Family, Fantasy",76 min,8.0,"Jack Skellington, king of Halloween Town, discovers Christmas Town, but his attempts to bring Christmas to his home causes confusion.",The Nightmare Before Christmas,The Nightmare Before Christmas,,76 
La piel que habito,2011,"Drama, Horror, Thriller",120 min,7.6,"A brilliant plastic surgeon, haunted by past tragedies, creates a type of synthetic skin that withstands any kind of damage. His guinea pig: a mysterious and volatile woman who holds the key to his obsession.",La piel que habito,Batman: Mask of the Phantasm,,120
Billy Elliot,2000,"Drama, Music",110 min,7.7,A talented young boy becomes torn between his unexpected love of dance and the disintegration of his family.,Billy Elliot,Billy Elliot,,110
Sleepers,1996,"Crime, Drama, Thriller",147 min,7.6,"After a prank goes disastrously wrong, a group of boys are sent to a detention center where they are brutalized. Thirteen years later, an unexpected random encounter with a former guard gives them a chance for revenge.",Sleepers,Sleepers,,147
The Killing Fields,1984,"Biography, Drama, History",141 min,7.8,"A journalist is trapped in Cambodia during tyrant Pol Pot's bloody 'Year Zero' cleansing campaign, which claimed the lives of two million 'undesirable' civilians.",The Killing Fields,The Man from Earth,,141
Magnolia,1999,Drama,188 min,8.0,"An epic mosaic of interrelated characters in search of love, forgiveness, and meaning in the San Fernando Valley.",Magnolia,Magnolia,,188
Mulan,1998,"Animation, Adventure, Family",88 min,7.6,"To save her father from death in the army, a young maiden secretly goes in his place and becomes one of China's greatest heroines in the process.",Mulan,Mulan,,88 
Skyfall,2012,"Action, Adventure, Thriller",143 min,7.7,"James Bond's loyalty to M is tested when her past comes back to haunt her. When MI6 comes under attack, 007 must track down and destroy the threat, no matter how personal the cost.",Skyfall,Skyfall,,143
La haine,1995,"Crime, Drama",98 min,8.1,24 hours in the lives of three young men in the French suburbs the day after a violent riot.,La haine,La haine,"Crime, Drama",98 
Amarcord,1973,"Comedy, Drama, Family",123 min,7.9,A series of comedic and nostalgic vignettes set in a 1930s Italian coastal town.,Amarcord,Amarcord,,123
Special Chabbis,2013,"Crime, Drama, Thriller",144 min,8.0,A gang of con-men rob prominent rich businessmen and politicians by posing as C.B.I and income tax officers.,Special Chabbis,Special Chabbis,,144
Goodfellas,1990,"Biography, Crime, Drama",146 min,8.7,"The story of Henry Hill and his life in the mob, covering his relationship with his wife Karen Hill and his mob partners Jimmy Conway and Tommy DeVito in the Italian-American crime syndicate.",Goodfellas,Goodfellas,,146
Airlift,2016,"Drama, History",130 min,8.0,"When Iraq invades Kuwait in August 1990, a callous Indian businessman becomes the spokesperson for more than 170,000 stranded countrymen.",Airlift,Airlift,"Drama, History",130
Papurika,2006,"Animation, Drama, Fantasy",90 min,7.7,"When a machine that allows therapists to enter their patients' dreams is stolen, all Hell breaks loose. Only a young female therapist, Paprika, can stop it.",Papurika,Papurika,,90 
Prisoners,2013,"Crime, Drama, Mystery",153 min,8.1,"When Keller Dover's daughter and her friend go missing, he takes matters into his own hands as the police pursue multiple leads and the pressure mounts.",Prisoners,Mustang,,153
The Great Escape,1963,"Adventure, Drama, History",172 min,8.2,Allied prisoners of war plan for several hundred of their number to escape from a German camp during World War II.,The Great Escape,Jaws,,172
The Warriors,1979,"Action, Crime, Thriller",92 min,7.6,"In the near future, a charismatic leader summons the street gangs of New York City in a bid to take it over. When he is killed, The Warriors are falsely blamed and now must fight their way home while every other gang is hunting them down.",The Warriors,The Warriors,,92 
Cidade de Deus,2002,"Crime, Drama",130 min,8.6,"In the slums of Rio, two kids' paths diverge as one struggles to become a photographer and the other a kingpin.",Cidade de Deus,Cidade de Deus,,130
Tropa de Elite,2007,"Action, Crime, Drama",115 min,8.0,"In 1997 Rio de Janeiro, Captain Nascimento has to find a substitute for his position while trying to take down drug dealers and criminals before the Pope visits.",Tropa de Elite,Tropa de Elite,"Action, Crime, Drama",115
Lat sau san taam,1992,"Action, Crime, Thriller",128 min,7.8,A tough-as-nails cop teams up with an undercover agent to shut down a sinister mobster and his crew.,Lat sau san taam,Lat sau san taam,,128
Goldfinger,1964,"Action, Adventure, Thriller",110 min,7.7,"While investigating a gold magnate's smuggling, James Bond uncovers a plot to contaminate the Fort Knox gold reserve.",Goldfinger,Goldfinger,"Action, Adventure, Thriller",110
Blade Runner 2049,2017,"Action, Drama, Mystery",164 min,8.0,"Young Blade Runner K's discovery of a long-buried secret leads him to track down former Blade Runner Rick Deckard, who's been missing for thirty years.",Blade Runner 2049,Blade Runner 2049,,164
Per un pugno di dollari,1964,"Action, Drama, Western",99 min,8.0,"A wandering gunfighter plays two rival families against each other in a town torn apart by greed, pride, and revenge.",Per un pugno di dollari,Per un pugno di dollari,,99 
Hiroshima mon amour,1959,"Drama, Romance",90 min,7.9,A French actress filming an anti-war film in Hiroshima has an affair with a married Japanese architect as they share their differing perspectives on war.,Hiroshima mon amour,Hiroshima mon amour,,90 
Der Name der Rose,1986,"Crime, Drama, Mystery",130 min,7.7,An intellectually nonconformist friar investigates a series of mysterious deaths in an isolated abbey.,Der Name der Rose,Der Name der Rose,"Crime, Drama, Mystery",130
Room,2015,"Drama, Thriller",118 min,8.1,"Held captive for 7 years in an enclosed space, a woman and her young son finally gain their freedom, allowing the boy to experience the outside world for the first time.",Room,Room,,118
Adams æbler,2005,"Comedy, Crime, Drama",94 min,7.8,A neo-nazi sentenced to community service at a church clashes with the blindly devotional priest.,Adams æbler,Adams æbler,,94 
Inglourious Basterds,2009,"Adventure, Drama, War",153 min,8.3,"In Nazi-occupied France during World War II, a plan to assassinate Nazi leaders by a group of Jewish U.S. soldiers coincides with a theatre owner's vengeful plans for the same.",Inglourious Basterds,Inglourious Basterds,,153
Miracle on 34th Street,1947,"Comedy, Drama, Family",96 min,7.9,"When a nice old man who claims to be Santa Claus is institutionalized as insane, a young lawyer decides to defend him by arguing in court that he is the real thing.",Miracle on 34th Street,Miracle on 34th Street,,96 
Oldeuboi,2003,"Action, Drama, Mystery",101 min,8.4,"After being kidnapped and imprisoned for fifteen years, Oh Dae-Su is released, only to find that he must find his captor in five days.",Oldeuboi,Oldeuboi,"Action, Drama, Mystery",101
American Gangster,2007,"Biography, Crime, Drama",157 min,7.8,"An outcast New York City cop is charged with bringing down Harlem drug lord Frank Lucas, whose real life inspired this partly biographical film.",American Gangster,American Gangster,,157
Paper Moon,1973,"Comedy, Crime, Drama",102 min,8.1,"During the Great Depression, a con man finds himself saddled with a young girl who may or may not be his daughter, and the two forge an unlikely partnership.",Paper Moon,Paper Moon,,102
Halloween,1978,"Horror, Thriller",91 min,7.7,"Fifteen years after murdering his sister on Halloween night 1963, Michael Myers escapes from a mental hospital and returns to the small town of Haddonfield, Illinois to kill again.",Halloween,Halloween,,91 
The Hustler,1961,"Drama, Sport",134 min,8.0,An up-and-coming pool player plays a long-time champion in a single high-stakes match.,The Hustler,The Hustler,,134
Rang De Basanti,2006,"Comedy, Crime, Drama",167 min,8.2,"The story of six young Indians who assist an English woman to film a documentary on the freedom fighters from their past, and the events that lead them to relive the long-forgotten saga of freedom.",Rang De Basanti,Rang De Basanti,,167
Alien,1979,"Horror, Sci-Fi",117 min,8.4,"After a space merchant vessel receives an unknown transmission as a distress call, one of the crew is attacked by a mysterious life form and they soon realize that its life cycle has merely begun.",Alien,The Lost Weekend,,117
Kingsman: The Secret Service,2014,"Action, Adventure, Comedy",129 min,7.7,"A spy organisation recruits a promising street kid into the agency's training program, while a global threat emerges from a twisted tech genius.",Kingsman: The Secret Service,Kingsman: The Secret Service,"Action, Adventure, Comedy",129
Roman Holiday,1953,"Comedy, Romance",118 min,8.0,A bored and sheltered princess escapes her guardians and falls in love with an American newsman in Rome.,Roman Holiday,Mimi wo sumaseba,,118
Tôkyô monogatari,1953,Drama,136 min,8.2,"An old couple visit their children and grandchildren in the city, but receive little attention.",Tôkyô monogatari,Tôkyô monogatari,,136
The Thing,1982,"Horror, Mystery, Sci-Fi",109 min,8.1,A research team in Antarctica is hunted by a shape-shifting alien that assumes the appearance of its victims.,The Thing,The Thing,"Horror, Mystery, Sci-Fi",109
Taegukgi hwinalrimyeo,2004,"Action, Drama, War",140 min,8.1,"When two brothers are forced to fight in the Korean War, the elder decides to take the riskiest missions if it will help shield the younger from battle.",Taegukgi hwinalrimyeo,Taegukgi hwinalrimyeo,,140
Låt den rätte komma in,2008,"Crime, Drama, Fantasy",114 min,7.9,"Oskar, an overlooked and bullied boy, finds love and revenge through Eli, a beautiful but peculiar girl.",Låt den rätte komma in,Awakenings,"Crime, Drama, Fantasy",114
The Apartment,1960,"Comedy, Drama, Romance",125 min,8.3,"A man tries to rise in his company by letting its executives use his apartment for trysts, but complications and a romance of his own ensue.",The Apartment,The Apartment,"Comedy, Drama, Romance",125
28 Days Later...,2002,"Drama, Horror, Sci-Fi",113 min,7.6,"Four weeks after a mysterious, incurable virus spreads throughout the UK, a handful of survivors try to find sanctuary.",28 Days Later...,28 Days Later...,,113
Nueve reinas,2000,"Crime, Drama, Thriller",114 min,7.9,"Two con artists try to swindle a stamp collector by selling him a sheet of counterfeit rare stamps (the ""nine queens"").",Nueve reinas,Nueve reinas,,114
Fried Green Tomatoes,1991,Drama,130 min,7.7,A housewife who is unhappy with her life befriends an old lady in a nursing home and is enthralled by the tales she tells of people she used to know.,Fried Green Tomatoes,Fried Green Tomatoes,,130
Vicky Donor,2012,"Comedy, Romance",126 min,7.8,"A man is brought in by an infertility doctor to supply him with his sperm, where he becomes the biggest sperm donor for his clinic.",Vicky Donor,Vicky Donor,"Comedy, Romance",126
Metropolis,1927,"Drama, Sci-Fi",153 min,8.3,"In a futuristic city sharply divided between the working class and the city planners, the son of the city's mastermind falls in love with a working-class prophet who predicts the coming of a savior to mediate their differences.",Metropolis,Metropolis,,153
Lawrence of Arabia,1962,"Adventure, Biography, Drama",228 min,8.3,"The story of T.E. Lawrence, the English officer who successfully united and led the diverse, often warring, Arab tribes during World War I in order to fight the Turks.",Lawrence of Arabia,Lawrence of Arabia,"Adventure, Biography, Drama",228
Thor: Ragnarok,2017,"Action, Adventure, Comedy",130 min,7.9,"Imprisoned on the planet Sakaar, Thor must race against time to return to Asgard and stop Ragnarök, the destruction of his world, at the hands of the powerful and ruthless villain Hela.",Thor: Ragnarok,Thor: Ragnarok,,130
The Conversation,1974,"Drama, Mystery, Thriller",113 min,7.8,"A paranoid, secretive surveillance expert has a crisis of conscience when he suspects that the couple he is spying on will be murdered.",The Conversation,The Conversation,,113
Dangal,2016,"Action, Biography, Drama",161 min,8.4,Former wrestler Mahavir Singh Phogat and his two wrestler daughters struggle towards glory at the Commonwealth Games in the face of societal oppression.,Dangal,Dangal,,161
Cape Fear,1962,"Drama, Thriller",106 min,7.7,A lawyer's family is stalked by a man he once helped put in jail.,Cape Fear,Cape Fear,,106
Zombieland,2009,"Adventure, Comedy, Fantasy",88 min,7.6,"A shy student trying to reach his family in Ohio, a gun-toting tough guy trying to find the last Twinkie, and a pair of sisters trying to get to an amusement park join forces to travel across a zombie-filled America.",Zombieland,Bonnie and Clyde,,88 
Kill Bill: Vol. 2,2004,"Action, Crime, Thriller",137 min,8.0,"The Bride continues her quest of vengeance against her former boss and lover Bill, the reclusive bouncer Budd, and the treacherous, one-eyed Elle.",Kill Bill: Vol. 2,Kill Bill: Vol. 2,,137
Platoon,1986,"Drama, War",120 min,8.1,"Chris Taylor, a neophyte recruit in Vietnam, finds himself caught in a battle of wills between two sergeants, one good and the other evil. A shrewd examination of the brutality of war and the duality of man in conflict.",Platoon,Platoon,,120
Hotaru no haka,1988,"Animation, Drama, War",89 min,8.5,A young boy and his little sister struggle to survive in Japan during World War II.,Hotaru no haka,Hotaru no haka,,89 
Darbareye Elly,2009,"Drama, Mystery",119 min,8.0,The mysterious disappearance of a kindergarten teacher during a picnic in the north of Iran is followed by a series of misadventures for her fellow travelers.,Darbareye Elly,Darbareye Elly,,119
Portrait de la jeune fille en feu,2019,"Drama, Romance",122 min,8.1,"On an isolated island in Brittany at the end of the eighteenth century, a female painter is obliged to paint a wedding portrait of a young woman.",Portrait de la jeune fille en feu,Portrait de la jeune fille en feu,"Drama, Romance",122
The 39 Steps,1935,"Crime, Mystery, Thriller",86 min,7.6,"A man in London tries to help a counter-espionage Agent. But when the Agent is killed, and the man stands accused, he must go on the run to save himself and stop a spy ring which is trying to steal top secret information.",The 39 Steps,The 39 Steps,,86 
Blue Velvet,1986,"Drama, Mystery, Thriller",120 min,7.7,"The discovery of a severed human ear found in a field leads a young man on an investigation related to a beautiful, mysterious nightclub singer and a group of psychopathic criminals who have kidnapped her child.",Blue Velvet,Blue Velvet,"Drama, Mystery, Thriller",120
The Broken Circle Breakdown,2012,"Drama, Music, Romance",111 min,7.7,"Elise and Didier fall in love at first sight, in spite of their differences. He talks, she listens. He's a romantic atheist, she's a religious realist. When their daughter becomes seriously ill, their love is put on trial.",The Broken Circle Breakdown,The Broken Circle Breakdown,"Drama, Music, Romance",111
In the Name of the Father,1993,"Biography, Crime, Drama",133 min,8.1,A man's coerced confession to an I.R.A. bombing he did not commit results in the imprisonment of his father as well. An English lawyer fights to free them.,In the Name of the Father,In the Name of the Father,,133
La Strada,1954,Drama,108 min,8.0,"A care-free girl is sold to a traveling entertainer, consequently enduring physical and emotional pain along the way.",La Strada,The Remains of the Day,,108
Back to the Future Part II,1989,"Adventure, Comedy, Sci-Fi",108 min,7.8,"After visiting 2015, Marty McFly must repeat his visit to 1955 to prevent disastrous changes to 1985...without interfering with his first trip.",Back to the Future Part II,Back to the Future Part II,,108
The Bridge on the River Kwai,1957,"Adventure, Drama, War",161 min,8.1,"British POWs are forced to build a railway bridge across the river Kwai for their Japanese captors, not knowing that the allied forces are planning to destroy it.",The Bridge on the River Kwai,The Bridge on the River Kwai,,161
Her,2013,"Drama, Romance, Sci-Fi",126 min,8.0,"In a near future, a lonely writer develops an unlikely relationship with an operating system designed to meet his every need.",Her,Her,,126
Apollo 13,PG,"Adventure, Drama, History",140 min,7.6,NASA must devise a strategy to return Apollo 13 to Earth safely after the spacecraft undergoes massive internal damage putting the lives of the three astronauts on board in jeopardy.,Apollo 13,Apollo 13,,140
There Will Be Blood,2007,Drama,158 min,8.2,"A story of family, religion, hatred, oil and madness, focusing on a turn-of-the-century prospector in the early days of the business.",There Will Be Blood,There Will Be Blood,,158
Citizen Kane,1941,"Drama, Mystery",119 min,8.3,"Following the death of publishing tycoon Charles Foster Kane, reporters scramble to uncover the meaning of his final utterance; 'Rosebud'.",Citizen Kane,Citizen Kane,"Drama, Mystery",119
Good Bye Lenin!,2003,"Comedy, Drama, Romance",121 min,7.7,"In 1990, to protect his fragile mother from a fatal shock after a long coma, a young man must keep her from learning that her beloved nation of East Germany as she knew it has disappeared.",Good Bye Lenin!,Good Bye Lenin!,,121
Casablanca,1942,"Drama, Romance, War",102 min,8.5,A cynical expatriate American cafe owner struggles to decide whether or not to help his former lover and her fugitive husband escape the Nazis in French Morocco.,Casablanca,Casablanca,,102
Nefes: Vatan Sagolsun,2009,"Action, Drama, Thriller",128 min,8.0,Story of 40-man Turkish task force who must defend a relay station.,Nefes: Vatan Sagolsun,Nefes: Vatan Sagolsun,,128
Harry Potter and the Half-Blood Prince,2009,"Action, Adventure, Family",153 min,7.6,"As Harry Potter begins his sixth year at Hogwarts, he discovers an old book marked as ""the property of the Half-Blood Prince"" and begins to learn more about Lord Voldemort's dark past.",Harry Potter and the Half-Blood Prince,Harry Potter and the Half-Blood Prince,,153
Paan Singh Tomar,2012,"Action, Biography, Crime",135 min,8.2,"The story of Paan Singh Tomar, an Indian athlete and seven-time national steeplechase champion who becomes one of the most feared dacoits in Chambal Valley after his retirement.",Paan Singh Tomar,Paan Singh Tomar,,135
Hunt for the Wilderpeople,2016,"Adventure, Comedy, Drama",101 min,7.9,A national manhunt is ordered for a rebellious kid and his foster uncle who go missing in the wild New Zealand bush.,Hunt for the Wilderpeople,Hunt for the Wilderpeople,,101
Aladdin,1992,"Animation, Adventure, Comedy",90 min,8.0,A kindhearted street urchin and a power-hungry Grand Vizier vie for a magic lamp that has the power to make their deepest wishes come true.,Aladdin,Aladdin,,90 
Apocalypto,2006,"Action, Adventure, Drama",139 min,7.8,"As the Mayan kingdom faces its decline, a young man is taken on a perilous journey to a world ruled by fear and oppression.",Apocalypto,Apocalypto,,139
The General,1926,"Action, Adventure, Comedy",67 min,8.1,"When Union spies steal an engineer's beloved locomotive, he pursues it single-handedly and straight through enemy lines.",The General,The General,"Action, Adventure, Comedy",67 
Gisaengchung,2019,"Comedy, Drama, Thriller",132 min,8.6,Greed and class discrimination threaten the newly formed symbiotic relationship between the wealthy Park family and the destitute Kim clan.,Gisaengchung,Gisaengchung,"Comedy, Drama, Thriller",132
Donnie Brasco,1997,"Biography, Crime, Drama",127 min,7.7,"An FBI undercover agent infiltrates the mob and finds himself identifying more with the mafia life, at the expense of his regular one.",Donnie Brasco,Minority Report,"Biography, Crime, Drama",127
Black Hawk Down,2001,"Drama, History, War",144 min,7.7,160 elite U.S. soldiers drop into Somalia to capture two top lieutenants of a renegade warlord and find themselves in a desperate battle with a large force of heavily-armed Somalis.,Black Hawk Down,Black Hawk Down,,144
Le dîner de cons,1998,Comedy,80 min,7.7,"A few friends have a weekly fools' dinner, where each brings a fool along. Pierre finds a champion fool for next dinner. Surprise.",Le dîner de cons,A Bronx Tale,Comedy,80 
Der Himmel über Berlin,1987,"Drama, Fantasy, Romance",128 min,8.0,An angel tires of overseeing human activity and wishes to become human when he falls in love with a mortal.,Der Himmel über Berlin,Der Himmel über Berlin,,128
La montaña sagrada,1973,"Adventure, Drama, Fantasy",114 min,7.9,"In a corrupt, greed-fueled world, a powerful alchemist leads a messianic character and seven materialistic figures to the Holy Mountain, where they hope to achieve enlightenment.",La montaña sagrada,La montaña sagrada,,114
Atonement,2007,"Drama, Mystery, Romance",123 min,7.8,Thirteen-year-old fledgling writer Briony Tallis irrevocably changes the course of several lives when she accuses her older sister's lover of a crime he did not commit.,Atonement,Atonement,,123
The Pianist,2002,"Biography, Drama, Music",150 min,8.5,A Polish Jewish musician struggles to survive the destruction of the Warsaw ghetto of World War II.,The Pianist,The Pianist,,150
Höstsonaten,1978,"Drama, Music",99 min,8.2,"A married daughter who longs for her mother's love is visited by the latter, a successful concert pianist.",Höstsonaten,Dances with Wolves,,99 
"Monsters, Inc.",2001,"Animation, Adventure, Comedy",92 min,8.1,"In order to power the city, monsters have to scare children so that they scream. However, the children are toxic to the monsters, and after a child gets through, 2 monsters realize things may not be what they think.","Monsters, Inc.","Monsters, Inc.","Animation, Adventure, Comedy",92 
Who Framed Roger Rabbit,1988,"Animation, Adventure, Comedy",104 min,7.7,A toon-hating detective is a cartoon rabbit's only hope to prove his innocence when he is accused of murder.,Who Framed Roger Rabbit,Who Framed Roger Rabbit,,104
Night on Earth,1991,"Comedy, Drama",129 min,7.8,An anthology of 5 different cab drivers in 5 American and European cities and their remarkable fares on the same eventful night.,Night on Earth,Night on Earth,,129
(500) Days of Summer,2009,"Comedy, Drama, Romance",95 min,7.7,"An offbeat romantic comedy about a woman who doesn't believe true love exists, and the young man who falls for her.",(500) Days of Summer,(500) Days of Summer,"Comedy, Drama, Romance",95 
A Man for All Seasons,1966,"Biography, Drama, History",120 min,7.7,"The story of Sir Thomas More, who stood up to King Henry VIII when the King rejected the Roman Catholic Church to obtain a divorce and remarry.",A Man for All Seasons,The Lord of the Rings: The Return of the King,,120
Black,2005,Drama,122 min,8.2,"The cathartic tale of a young woman who can't see, hear or talk and the teacher who brings a ray of light into her dark world.",Black,Black,,122
Le samouraï,1967,"Crime, Drama, Mystery",105 min,8.1,After professional hitman Jef Costello is seen by witnesses his efforts to provide himself an alibi drive him further into a corner.,Le samouraï,Le samouraï,,105
Ang-ma-reul bo-at-da,2010,"Action, Crime, Drama",144 min,7.8,A secret agent exacts revenge on a serial killer through a series of captures and releases.,Ang-ma-reul bo-at-da,Ang-ma-reul bo-at-da,,144
The Gentlemen,2019,"Action, Comedy, Crime",113 min,7.8,"An American expat tries to sell off his highly profitable marijuana empire in London, triggering plots, schemes, bribery and blackmail in an attempt to steal his domain out from under him.",The Gentlemen,The Truman Show,,113
Midnight in Paris,2011,"Comedy, Fantasy, Romance",96 min,7.7,"While on a trip to Paris with his fiancée's family, a nostalgic screenwriter finds himself mysteriously going back to the 1920s every day at midnight.",Midnight in Paris,Midnight in Paris,,96 
One Flew Over the Cuckoo's Nest,1975,Drama,133 min,8.7,"A criminal pleads insanity and is admitted to a mental institution, where he rebels against the oppressive nurse and rallies up the scared patients.",One Flew Over the Cuckoo's Nest,One Flew Over the Cuckoo's Nest,Drama,133
The Kid,1921,"Comedy, Drama, Family",68 min,8.3,"The Tramp cares for an abandoned child, but events put that relationship in jeopardy.",The Kid,The Kid,,68 
Badhaai ho,2018,"Comedy, Drama",124 min,8.0,A man is embarrassed when he finds out his mother is pregnant.,Badhaai ho,Cool Hand Luke,,124
Fargo,1996,"Crime, Drama, Thriller",98 min,8.1,Jerry Lundegaard's inept crime falls apart due to his and his henchmen's bungling and the persistent police work of the quite pregnant Marge Gunderson.,Fargo,Fargo,,98 
Ed Wood,1994,"Biography, Comedy, Drama",127 min,7.8,"Ambitious but troubled movie director Edward D. Wood Jr. tries his best to fulfill his dreams, despite his lack of talent.",Ed Wood,Cast Away,,127
Dead Man,1995,"Adventure, Drama, Fantasy",121 min,7.6,"On the run after murdering a man, accountant William Blake encounters a strange aboriginal American man named Nobody who prepares him for his journey into the spiritual world.",Dead Man,Dead Man,,121
All About Eve,1950,Drama,138 min,8.2,A seemingly timid but secretly ruthless ingénue insinuates herself into the lives of an aging Broadway star and her circle of theater friends.,All About Eve,All About Eve,,138
Per qualche dollaro in più,1965,Western,132 min,8.3,Two bounty hunters with the same intentions team up to track down a Western outlaw.,Per qualche dollaro in più,Per qualche dollaro in più,Western,132
The Boy in the Striped Pyjamas,2008,"Drama, History, War",94 min,7.8,"Through the innocent eyes of Bruno, the eight-year-old son of the commandant at a German concentration camp, a forbidden friendship with a Jewish boy on the other side of the camp fence has startling and unexpected consequences.",The Boy in the Striped Pyjamas,The Straight Story,,94 
Straight Outta Compton,2015,"Biography, Drama, History",147 min,7.8,"The rap group NWA emerges from the mean streets of Compton in Los Angeles, California, in the mid-1980s and revolutionizes Hip Hop culture with their music and tales about life in the hood.",Straight Outta Compton,Straight Outta Compton,,147
To Kill a Mockingbird,1962,"Crime, Drama",129 min,8.2,"Atticus Finch, a lawyer in the Depression-era South, defends a black man against an undeserved rape charge, and his children against prejudice.",To Kill a Mockingbird,To Kill a Mockingbird,"Crime, Drama",129
Kakushi-toride no san-akunin,1958,"Adventure, Drama",139 min,8.1,"Lured by gold, two greedy peasants unknowingly escort a princess and her general across enemy lines.",Kakushi-toride no san-akunin,Kakushi-toride no san-akunin,,139
Changeling,2008,"Biography, Crime, Drama",141 min,7.7,Grief-stricken mother Christine Collins (Angelina Jolie) takes on the L.A.P.D. to her own detriment when it tries to pass off an obvious impostor as her missing child.,Changeling,Changeling,,141
Shadow of a Doubt,1943,"Film-Noir, Thriller",108 min,7.8,"A young girl, overjoyed when her favorite uncle comes to visit the family, slowly begins to suspect that he is in fact the ""Merry Widow"" killer sought by the authorities.",Shadow of a Doubt,Shadow of a Doubt,,108
Wind River,2017,"Crime, Drama, Mystery",107 min,7.7,A veteran hunter helps an FBI agent investigate the murder of a young woman on a Wyoming Native American reservation.,Wind River,Wind River,,107
Ghostbusters,1984,"Action, Comedy, Fantasy",105 min,7.8,Three former parapsychology professors set up shop as a unique ghost removal service.,Ghostbusters,Ghostbusters,,105
Lethal Weapon,1987,"Action, Crime, Thriller",109 min,7.6,Two newly paired cops who are complete opposites must put aside their differences in order to catch a gang of drug smugglers.,Lethal Weapon,Lethal Weapon,,109
Boogie Nights,1997,Drama,155 min,7.9,"Back when sex was safe, pleasure was a business and business was booming, an idealistic porn producer aspires to elevate his craft to an art when he discovers a hot young talent.",Boogie Nights,The Boy in the Striped Pyjamas,,155
The Muppet Movie,1979,"Adventure, Comedy, Family",95 min,7.6,"Kermit and his newfound friends trek across America to find success in Hollywood, but a frog legs merchant is after Kermit.",The Muppet Movie,The Muppet Movie,,95 
Nuovo Cinema Paradiso,1988,"Drama, Romance",155 min,8.5,A filmmaker recalls his childhood when falling in love with the pictures at the cinema of his home village and forms a deep friendship with the cinema's projectionist.,Nuovo Cinema Paradiso,Nuovo Cinema Paradiso,"Drama, Romance",155
Celda 211,2009,"Action, Adventure, Crime",113 min,7.6,"The story of two men on different sides of a prison riot -- the inmate leading the rebellion and the young guard trapped in the revolt, who poses as a prisoner in a desperate attempt to survive the ordeal.",Celda 211,Celda 211,,113
Der Untergang,2004,"Biography, Drama, History",156 min,8.2,"Traudl Junge, the final secretary for Adolf Hitler, tells of the Nazi dictator's final days in his Berlin bunker at the end of WWII.",Der Untergang,Match Point,,156
Deliverance,1972,"Adventure, Drama, Thriller",109 min,7.7,"Intent on seeing the Cahulawassee River before it's dammed and turned into a lake, outdoor fanatic Lewis Medlock takes his friends on a canoeing trip they'll never forget into the dangerous American back-country.",Deliverance,Deliverance,,109
Die Hard,1988,"Action, Thriller",132 min,8.2,An NYPD officer tries to save his wife and several others taken hostage by German terrorists during a Christmas party at the Nakatomi Plaza in Los Angeles.,Die Hard,Die Hard,,132
Star Wars: Episode V - The Empire Strikes Back,1980,"Action, Adventure, Fantasy",124 min,8.7,"After the Rebels are brutally overpowered by the Empire on the ice planet Hoth, Luke Skywalker begins Jedi training with Yoda, while his friends are pursued by Darth Vader and a bounty hunter named Boba Fett all over the galaxy.",Star Wars: Episode V - The Empire Strikes Back,Star Wars: Episode V - The Empire Strikes Back,,124
The Bourne Identity,2002,"Action, Mystery, Thriller",119 min,7.9,"A man is picked up by a fishing boat, bullet-riddled and suffering from amnesia, before racing to elude assassins and attempting to regain his memory.",The Bourne Identity,The Bourne Identity,,119
Once Upon a Time in the West,1968,Western,165 min,8.5,A mysterious stranger with a harmonica joins forces with a notorious desperado to protect a beautiful widow from a ruthless assassin working for the railroad.,Once Upon a Time in the West,Once Upon a Time in the West,Western,165
Omohide poro poro,1991,"Animation, Drama, Romance",118 min,7.6,A twenty-seven-year-old office worker travels to the countryside while reminiscing about her childhood in Tokyo.,Omohide poro poro,This Is Spinal Tap,,118
Finding Neverland,2004,"Biography, Drama, Family",106 min,7.6,The story of Sir J.M. Barrie's friendship with a family who inspired him to create Peter Pan.,Finding Neverland,Finding Neverland,"Biography, Drama, Family",106
Mulholland Dr.,2001,"Drama, Mystery, Thriller",147 min,7.9,"After a car wreck on the winding Mulholland Drive renders a woman amnesiac, she and a perky Hollywood-hopeful search for clues and answers across Los Angeles in a twisting venture beyond dreams and reality.",Mulholland Dr.,Mulholland Dr.,,147
The Hurricane,1999,"Biography, Drama, Sport",146 min,7.6,"The story of Rubin 'Hurricane' Carter, a boxer wrongly imprisoned for murder, and the people who aided in his fight to prove his innocence.",The Hurricane,The Hurricane,"Biography, Drama, Sport",146
Bir Zamanlar Anadolu'da,2011,"Crime, Drama",157 min,7.9,A group of men set out in search of a dead body in the Anatolian steppes.,Bir Zamanlar Anadolu'da,Bir Zamanlar Anadolu'da,,157
Chinatown,1974,"Drama, Mystery, Thriller",130 min,8.1,"A private detective hired to expose an adulterer finds himself caught up in a web of deceit, corruption, and murder.",Chinatown,Chinatown,,130
Scarface: The Shame of the Nation,1932,"Action, Crime, Drama",93 min,7.8,"An ambitious and nearly insane violent gangster climbs the ladder of success in the mob, but his weaknesses prove to be his downfall.",Scarface: The Shame of the Nation,Scarface: The Shame of the Nation,,93 
Dark Waters,2019,"Biography, Drama, History",126 min,7.6,A corporate defense attorney takes on an environmental lawsuit against a chemical company that exposes a lengthy history of pollution.,Dark Waters,Dark Waters,,126
Gran Torino,2008,Drama,116 min,8.1,"Disgruntled Korean War veteran Walt Kowalski sets out to reform his neighbor, Thao Lor, a Hmong teenager who tried to steal Kowalski's prized possession: a 1972 Gran Torino.",Gran Torino,Gran Torino,,116
La vita è bella,1997,"Comedy, Drama, Romance",116 min,8.6,"When an open-minded Jewish librarian and his son become victims of the Holocaust, he uses a perfect mixture of will, humor, and imagination to protect his son from the dangers around their camp.",La vita è bella,La vita è bella,"Comedy, Drama, Romance",116
Lola rennt,1998,"Crime, Drama, Thriller",81 min,7.6,"After a botched money delivery, Lola has 20 minutes to come up with 100,000 Deutschmarks.",Lola rennt,Lola rennt,"Crime, Drama, Thriller",81 
Anatomy of a Murder,1959,"Crime, Drama, Mystery",161 min,8.0,"In a murder trial, the defendant says he suffered temporary insanity after the victim raped his wife. What is the truth, and will he win his case?",Anatomy of a Murder,Tropa de Elite,,161
Minority Report,2002,"Action, Crime, Mystery",145 min,7.6,"In a future where a special police unit is able to arrest murderers before they commit their crimes, an officer from that unit is himself accused of a future murder.",Minority Report,Minority Report,,145
Sin City,2005,"Crime, Thriller",124 min,8.0,"A movie that explores the dark and miserable town, Basin City, tells the story of three different people, all caught up in violent corruption.",Sin City,Sin City,,124
Mary and Max,2009,"Animation, Comedy, Drama",92 min,8.1,"A tale of friendship between two unlikely pen pals: Mary, a lonely, eight-year-old girl living in the suburbs of Melbourne, and Max, a forty-four-year old, severely obese man living in New York.",Mary and Max,Citizen Kane,,92 
The Departed,2006,"Crime, Drama, Thriller",151 min,8.5,An undercover cop and a mole in the police attempt to identify each other while infiltrating an Irish gang in South Boston.,The Departed,The Departed,"Crime, Drama, Thriller",151
The Bridges of Madison County,1995,"Drama, Romance",135 min,7.6,Photographer Robert Kincaid wanders into the life of housewife Francesca Johnson for four days in the 1960s.,The Bridges of Madison County,The Bridges of Madison County,,135
Kal Ho Naa Ho,2003,"Comedy, Drama, Musical",186 min,8.0,"Naina, an introverted, perpetually depressed girl's life changes when she meets Aman. But Aman has a secret of his own which changes their lives forever. Embroiled in all this is Rohit, Naina's best friend who conceals his love for her.",Kal Ho Naa Ho,Kal Ho Naa Ho,,186
Isle of Dogs,2018,"Animation, Adventure, Comedy",101 min,7.9,"Set in Japan, Isle of Dogs follows a boy's odyssey in search of his lost dog.",Isle of Dogs,Isle of Dogs,,101
Trois couleurs: Blanc,1994,"Comedy, Drama, Romance",92 min,7.6,"After his wife divorces him, a Polish immigrant plots to get even with her.",Trois couleurs: Blanc,Trois couleurs: Blanc,,92 
Enter the Dragon,1973,"Action, Crime, Drama",102 min,7.7,A secret agent comes to an opium lord's island fortress with other fighters for a martial-arts tournament.,Enter the Dragon,Enter the Dragon,,102
Mary Poppins,1964,"Comedy, Family, Fantasy",139 min,7.8,"In turn of the century London, a magical nanny employs music and adventure to help two neglected children become closer to their father.",Mary Poppins,Mary Poppins,,139
Ordinary People,1980,Drama,124 min,7.7,"The accidental death of the older son of an affluent family deeply strains the relationships among the bitter mother, the good-natured father, and the guilt-ridden younger son.",Ordinary People,Ordinary People,,124
Sherlock Jr.,1924,"Action, Comedy, Romance",45 min,8.2,"A film projectionist longs to be a detective, and puts his meagre skills to work when he is framed by a rival for stealing his girlfriend's father's pocketwatch.",Sherlock Jr.,The 39 Steps,,45 
Where Eagles Dare,1968,"Action, Adventure, War",158 min,7.7,"Allied agents stage a daring raid on a castle where the Nazis are holding American brigadier general George Carnaby prisoner, but that's not all that's really going on.",Where Eagles Dare,Where Eagles Dare,,158
Peeping Tom,1960,"Drama, Horror, Thriller",101 min,7.7,"A young man murders women, using a movie camera to film their dying expressions of terror.",Peeping Tom,Peeping Tom,,101
Shaun of the Dead,2004,"Comedy, Horror",99 min,7.9,A man's uneventful life is disrupted by the zombie apocalypse.,Shaun of the Dead,Shaun of the Dead,,99 
Dazed and Confused,1993,Comedy,102 min,7.6,The adventures of high school and junior high students on the last day of school in May 1976.,Dazed and Confused,Dazed and Confused,,102
Withnail & I,1987,"Comedy, Drama",107 min,7.7,"In 1969, two substance-abusing, unemployed actors retreat to the countryside for a holiday that proves disastrous.",Withnail & I,Withnail & I,,107
M.S. Dhoni: The Untold Story,2016,"Biography, Drama, Sport",184 min,7.8,The untold story of Mahendra Singh Dhoni's journey from ticket collector to trophy collector - the world-cup-winning captain of the Indian Cricket Team.,M.S. Dhoni: The Untold Story,M.S. Dhoni: The Untold Story,,184
Falling Down,1993,"Action, Crime, Drama",113 min,7.6,An ordinary man frustrated with the various flaws he sees in society begins to psychotically and violently lash out against them.,Falling Down,Falling Down,,113
L.A. Confidential,1997,"Crime, Drama, Mystery",138 min,8.2,"As corruption grows in 1950s Los Angeles, three policemen - one strait-laced, one brutal, and one sleazy - investigate a series of murders with their own brand of justice.",L.A. Confidential,L.A. Confidential,"Crime, Drama, Mystery",138
Kick-Ass,2010,"Action, Comedy, Crime",117 min,7.6,"Dave Lizewski is an unnoticed high school student and comic book fan who one day decides to become a superhero, even though he has no powers, training or meaningful reason to do so.",Kick-Ass,The Killing,"Action, Comedy, Crime",117
V for Vendetta,2005,"Action, Drama, Sci-Fi",132 min,8.2,"In a future British tyranny, a shadowy freedom fighter, known only by the alias of ""V"", plots to overthrow it with the help of a young woman.",V for Vendetta,V for Vendetta,,132
Happiness,1998,"Comedy, Drama",134 min,7.7,"The lives of several individuals intertwine as they go about their lives in their own unique ways, engaging in acts society as a whole might find disturbing in a desperate search for human connection.",Happiness,Donnie Brasco,,134
Blowup,1966,"Drama, Mystery, Thriller",111 min,7.6,A fashion photographer unknowingly captures a death on film after following two lovers in a park.,Blowup,Blowup,"Drama, Mystery, Thriller",111
Harry Potter and the Deathly Hallows: Part 1,2010,"Adventure, Family, Fantasy",146 min,7.7,"As Harry, Ron, and Hermione race against time and evil to destroy the Horcruxes, they uncover the existence of the three most powerful objects in the wizarding world: the Deathly Hallows.",Harry Potter and the Deathly Hallows: Part 1,Harry Potter and the Deathly Hallows: Part 1,,146
Taxi Driver,1976,"Crime, Drama",114 min,8.3,"A mentally unstable veteran works as a nighttime taxi driver in New York City, where the perceived decadence and sleaze fuels his urge for violent action by attempting to liberate a presidential campaign worker and an underage prostitute.",Taxi Driver,Taxi Driver,,114
Harry Potter and the Deathly Hallows: Part 2,2011,"Adventure, Drama, Fantasy",130 min,8.1,"Harry, Ron, and Hermione search for Voldemort's remaining Horcruxes in their effort to destroy the Dark Lord as the final battle rages on at Hogwarts.",Harry Potter and the Deathly Hallows: Part 2,Harry Potter and the Deathly Hallows: Part 2,"Adventure, Drama, Fantasy",130
E.T. the Extra-Terrestrial,1982,"Family, Sci-Fi",115 min,7.8,A troubled child summons the courage to help a friendly alien escape Earth and return to his home world.,E.T. the Extra-Terrestrial,E.T. the Extra-Terrestrial,"Family, Sci-Fi",115
Reservoir Dogs,1992,"Crime, Drama, Thriller",99 min,8.3,"When a simple jewelry heist goes horribly wrong, the surviving criminals begin to suspect that one of them is a police informant.",Reservoir Dogs,Reservoir Dogs,,99 
The Last Picture Show,1971,"Drama, Romance",118 min,8.0,"In 1951, a group of high schoolers come of age in a bleak, isolated, atrophied North Texas town that is slowly dying, both culturally and economically.",The Last Picture Show,The Last Picture Show,,118
The Exorcist,1973,Horror,122 min,8.0,"When a 12-year-old girl is possessed by a mysterious entity, her mother seeks the help of two priests to save her.",The Exorcist,The Exorcist,,122
The Hangover,2009,Comedy,100 min,7.7,"Three buddies wake up from a bachelor party in Las Vegas, with no memory of the previous night and the bachelor missing. They make their way around the city in order to find their friend before his wedding.",The Hangover,The Hangover,Comedy,100
Loving Vincent,2017,"Animation, Biography, Crime",94 min,7.8,"In a story depicted in oil painted animation, a young man comes to the last hometown of painter Vincent van Gogh (Robert Gulaczyk) to deliver the troubled artist's final letter and ends up investigating his final days there.",Loving Vincent,Loving Vincent,,94 
Lost in Translation,2003,"Comedy, Drama",102 min,7.7,A faded movie star and a neglected young woman form an unlikely bond after crossing paths in Tokyo.,Lost in Translation,Lost in Translation,"Comedy, Drama",102
Majo no takkyûbin,1989,"Animation, Adventure, Drama",103 min,7.8,"A young witch, on her mandatory year of independent life, finds fitting into a new community difficult while she supports herself by running an air courier service.",Majo no takkyûbin,Majo no takkyûbin,,103
Vertigo,1958,"Mystery, Romance, Thriller",128 min,8.3,A former police detective juggles wrestling with his personal demons and becoming obsessed with a hauntingly beautiful woman.,Vertigo,The Thing,,128
Capharnaüm,2018,Drama,126 min,8.4,"While serving a five-year sentence for a violent crime, a 12-year-old boy sues his parents for neglect.",Capharnaüm,Nelyubov,,126
Toy Story 3,2010,"Animation, Adventure, Comedy",103 min,8.2,"The toys are mistakenly delivered to a day-care center instead of the attic right before Andy leaves for college, and it's up to Woody to convince the other toys that they weren't abandoned and to return home.",Toy Story 3,La Vie En Rose,,103
Do the Right Thing,1989,"Comedy, Drama",120 min,8.0,"On the hottest day of the year on a street in the Bedford-Stuyvesant section of Brooklyn, everyone's hate and bigotry smolders and builds until it explodes into violence.",Do the Right Thing,Do the Right Thing,,120
The Royal Tenenbaums,2001,"Comedy, Drama",110 min,7.6,The eccentric members of a dysfunctional family reluctantly gather under the same roof for various reasons.,The Royal Tenenbaums,The Royal Tenenbaums,,110
PK,2014,"Comedy, Drama, Musical",153 min,8.1,An alien on Earth loses the only device he can use to communicate with his spaceship. His innocent nature and child-like questions force the country to evaluate the impact of religion on its people.,PK,PK,,153
What's Eating Gilbert Grape,1993,Drama,118 min,7.8,A young man in a small Midwestern town struggles to care for his mentally-disabled younger brother and morbidly obese mother while attempting to pursue his own happiness.,What's Eating Gilbert Grape,What's Eating Gilbert Grape,Drama,118
Rupan sansei: Kariosutoro no shiro,1979,"Animation, Adventure, Family",100 min,7.7,"A dashing thief, his gang of desperadoes and an intrepid policeman struggle to free a princess from an evil count's clutches, and learn the hidden secret to a fabulous treasure that she holds part of a key to.",Rupan sansei: Kariosutoro no shiro,Rupan sansei: Kariosutoro no shiro,,100
Death Note: Desu nôto,2006,"Crime, Drama, Fantasy",126 min,7.7,"A battle between the world's two greatest minds begins when Light Yagami finds the Death Note, a notebook with the power to kill, and decides to rid the world of criminals.",Death Note: Desu nôto,Death Note: Desu nôto,,126
Inception,2010,"Action, Adventure, Sci-Fi",148 min,8.8,A thief who steals corporate secrets through the use of dream-sharing technology is given the inverse task of planting an idea into the mind of a C.E.O.,Inception,Inception,,148
The Fifth Element,1997,"Action, Adventure, Sci-Fi",126 min,7.7,"In the colorful future, a cab driver unwittingly becomes the central figure in the search for a legendary cosmic weapon to keep Evil and Mr. Zorg at bay.",The Fifth Element,The Fifth Element,"Action, Adventure, Sci-Fi",126
The Prestige,2006,"Drama, Mystery, Sci-Fi",130 min,8.5,"After a tragic accident, two stage magicians engage in a battle to create the ultimate illusion while sacrificing everything they have to outwit each other.",The Prestige,The Prestige,,130
Brief Encounter,1945,"Drama, Romance",86 min,8.0,"Meeting a stranger in a railway station, a woman is tempted to cheat on her husband.",Brief Encounter,Brief Encounter,"Drama, Romance",86 
Shrek,2001,"Animation, Adventure, Comedy",90 min,7.8,"A mean lord exiles fairytale creatures to the swamp of a grumpy ogre, who must go on a quest and rescue a princess for the lord in order to get his land back.",Shrek,Shrek,,90 
Fa yeung nin wah,2000,"Drama, Romance",98 min,8.1,"Two neighbors, a woman and a man, form a strong bond after both suspect extramarital activities of their spouses. However, they agree to keep their bond platonic so as not to commit similar wrongs.",Fa yeung nin wah,Fa yeung nin wah,"Drama, Romance",98 
Kumonosu-jô,1957,"Drama, History",110 min,8.1,"A war-hardened general, egged on by his ambitious wife, works to fulfill a prophecy that he would become lord of Spider's Web Castle.",Kumonosu-jô,Kumonosu-jô,,110
Star Trek Into Darkness,2013,"Action, Adventure, Sci-Fi",132 min,7.7,"After the crew of the Enterprise find an unstoppable force of terror from within their own organization, Captain Kirk leads a manhunt to a war-zone world to capture a one-man weapon of mass destruction.",Star Trek Into Darkness,Gravity,,132
Sound of Metal,2019,"Drama, Music",120 min,7.8,A heavy-metal drummer's life is thrown into freefall when he begins to lose his hearing.,Sound of Metal,Sound of Metal,"Drama, Music",120
Avatar,2009,"Action, Adventure, Fantasy",162 min,7.8,A paraplegic Marine dispatched to the moon Pandora on a unique mission becomes torn between following his orders and protecting the world he feels is his home.,Avatar,Avatar,,162
Me and Earl and the Dying Girl,2015,"Comedy, Drama",105 min,7.7,"High schooler Greg, who spends most of his time making parodies of classic movies with his co-worker Earl, finds his outlook forever altered after befriending a classmate who has just been diagnosed with cancer.",Me and Earl and the Dying Girl,Me and Earl and the Dying Girl,"Comedy, Drama",105
Incredibles 2,2018,"Animation, Action, Adventure",118 min,7.6,The Incredibles family takes on a new mission which involves a change in family roles: Bob Parr (Mr. Incredible) must manage the house while his wife Helen (Elastigirl) goes out to save the world.,Incredibles 2,Incredibles 2,"Animation, Action, Adventure",118
Jurassic Park,1993,"Action, Adventure, Sci-Fi",127 min,8.1,A pragmatic paleontologist visiting an almost complete theme park is tasked with protecting a couple of kids after a power failure causes the park's cloned dinosaurs to run loose.,Jurassic Park,Jurassic Park,,127
Das weiße Band - Eine deutsche Kindergeschichte,2009,"Drama, History, Mystery",144 min,7.8,"Strange events happen in a small village in the north of Germany during the years before World War I, which seem to be ritual punishment. Who is responsible?",Das weiße Band - Eine deutsche Kindergeschichte,Persepolis,,144
Jungfrukällan,1960,Drama,89 min,8.1,"An innocent yet pampered young virgin and her family's pregnant and jealous servant set out to deliver candles to church, but only one returns from events that transpire in the woods along the way.",Jungfrukällan,Jungfrukällan,,89 
Annie Hall,1977,"Comedy, Romance",93 min,8.0,Neurotic New York comedian Alvy Singer falls in love with the ditzy Annie Hall.,Annie Hall,Annie Hall,,93 
Pan's Labyrinth,2006,"Drama, Fantasy, War",118 min,8.2,"In the Falangist Spain of 1944, the bookish young stepdaughter of a sadistic army officer escapes into an eerie but captivating fantasy world.",Pan's Labyrinth,Pan's Labyrinth,,118
I Am Sam,2001,Drama,132 min,7.7,A mentally handicapped man fights for custody of his 7-year-old daughter and in the process teaches his cold-hearted lawyer the value of love and family.,I Am Sam,I Am Sam,,132
Les triplettes de Belleville,2003,"Animation, Comedy, Drama",80 min,7.8,"When her grandson is kidnapped during the Tour de France, Madame Souza and her beloved pooch Bruno team up with the Belleville Sisters--an aged song-and-dance team from the days of Fred Astaire--to rescue him.",Les triplettes de Belleville,Les triplettes de Belleville,,80 
Only the Brave,2017,"Action, Biography, Drama",134 min,7.6,"Based on the true story of the Granite Mountain Hotshots, a group of elite firefighters who risk everything to protect a town from a historic wildfire.",Only the Brave,Skyfall,"Action, Biography, Drama",134
L'avventura,1960,"Drama, Mystery",144 min,7.9,"A woman disappears during a Mediterranean boating trip. During the search, her lover and her best friend become attracted to each other.",L'avventura,L'avventura,,144
Mustang,2015,Drama,97 min,7.6,"When five orphan girls are seen innocently playing with boys on a beach, their scandalized conservative guardians confine them while forced marriages are arranged.",Mustang,Mustang,Drama,97 
District 9,2009,"Action, Sci-Fi, Thriller",112 min,7.9,Violence ensues after an extraterrestrial race forced to live in slum-like conditions on Earth finds a kindred spirit in a government agent exposed to their biotechnology.,District 9,District 9,"Action, Sci-Fi, Thriller",112
The Wolf of Wall Street,2013,"Biography, Crime, Drama",180 min,8.2,"Based on the true story of Jordan Belfort, from his rise to a wealthy stock-broker living the high life to his fall involving crime, corruption and the federal government.",The Wolf of Wall Street,The Wolf of Wall Street,"Biography, Crime, Drama",180
Up,2009,"Animation, Adventure, Comedy",96 min,8.2,"78-year-old Carl Fredricksen travels to Paradise Falls in his house equipped with balloons, inadvertently taking a young stowaway.",Up,Up,,96 
Roma,2018,Drama,135 min,7.7,A year in the life of a middle-class family's maid in Mexico City in the early 1970s.,Roma,Roma,,135
Lord of War,2005,"Action, Crime, Drama",122 min,7.6,An arms dealer confronts the morality of his work as he is being chased by an INTERPOL Agent.,Lord of War,Lord of War,"Action, Crime, Drama",122
Nebraska,2013,"Adventure, Comedy, Drama",115 min,7.7,"An aging, booze-addled father makes the trip from Montana to Nebraska with his estranged son in order to claim a million-dollar Mega Sweepstakes Marketing prize.",Nebraska,Nebraska,,115
Tombstone,1993,"Action, Biography, Drama",130 min,7.8,"A successful lawman's plans to retire anonymously in Tombstone, Arizona are disrupted by the kind of outlaws he was famous for eliminating.",Tombstone,Tombstone,,130
Deadpool,2016,"Action, Adventure, Comedy",108 min,8.0,"A wisecracking mercenary gets experimented on and becomes immortal but ugly, and sets out to track down the man who ruined his looks.",Deadpool,Deadpool,,108
Knives Out,2019,"Comedy, Crime, Drama",130 min,7.9,"A detective investigates the death of a patriarch of an eccentric, combative family.",Knives Out,Knives Out,,130
Bajrangi Bhaijaan,2015,"Action, Adventure, Comedy",163 min,8.0,An Indian man with a magnanimous heart takes a young mute Pakistani girl back to her homeland to reunite her with her family.,Bajrangi Bhaijaan,Sweet Smell of Success,,163
Du rififi chez les hommes,1955,"Crime, Drama, Thriller",118 min,8.2,"Four men plan a technically perfect crime, but the human element intervenes...",Du rififi chez les hommes,Du rififi chez les hommes,,118
Double Indemnity,1944,"Crime, Drama, Film-Noir",107 min,8.3,An insurance representative lets himself be talked by a seductive housewife into a murder/insurance fraud scheme that arouses the suspicion of an insurance investigator.,Double Indemnity,The Imitation Game,,107
Dirty Harry,1971,"Action, Crime, Thriller",102 min,7.7,"When a madman calling himself ""the Scorpio Killer"" menaces the city, tough-as-nails San Francisco Police Inspector ""Dirty"" Harry Callahan is assigned to track down and ferret out the crazed psychopath.",Dirty Harry,Dirty Harry,,102
Chugyeokja,2008,"Action, Crime, Thriller",125 min,7.8,A disgraced ex-policeman who runs a small ring of prostitutes finds himself in a race against time when one of his women goes missing.,Chugyeokja,Chugyeokja,,125
El secreto de sus ojos,2009,"Drama, Mystery, Romance",129 min,8.2,A retired legal counselor writes a novel hoping to find closure for one of his past unresolved homicide cases and for his unreciprocated love with his superior - both of which still haunt him decades later.,El secreto de sus ojos,El secreto de sus ojos,,129
Funny Games,1997,"Crime, Drama, Thriller",108 min,7.6,"Two violent young men take a mother, father, and son hostage in their vacation cabin and force them to play sadistic ""games"" with one another for their own amusement.",Funny Games,Funny Games,,108
Koe no katachi,2016,"Animation, Drama, Family",130 min,8.1,"A young man is ostracized by his classmates after he bullies a deaf girl to the point where she moves away. Years later, he sets off on a path for redemption.",Koe no katachi,Koe no katachi,,130
The Hobbit: The Desolation of Smaug,2013,"Adventure, Fantasy",161 min,7.8,"The dwarves, along with Bilbo Baggins and Gandalf the Grey, continue their quest to reclaim Erebor, their homeland, from Smaug. Bilbo Baggins is in possession of a mysterious and magical ring.",The Hobbit: The Desolation of Smaug,Haider,,161
Rocky,1976,"Drama, Sport",120 min,8.1,A small-time boxer gets a supremely rare chance to fight a heavy-weight champion in a bout in which he strives to go the distance for his self-respect.,Rocky,Rocky,,120
What Ever Happened to Baby Jane?,1962,"Drama, Horror, Thriller",134 min,8.1,A former child star torments her paraplegic sister in their decaying Hollywood mansion.,What Ever Happened to Baby Jane?,What Ever Happened to Baby Jane?,,134
JFK,1991,"Drama, History, Thriller",189 min,8.0,New Orleans District Attorney Jim Garrison discovers there's more to the Kennedy assassination than the official story.,JFK,JFK,,189
Ladri di biciclette,1948,Drama,89 min,8.3,"In post-war Italy, a working-class man's bicycle is stolen. He and his son set out to find it.",Ladri di biciclette,Ladri di biciclette,,89 
Some Like It Hot,1959,"Comedy, Music, Romance",121 min,8.2,"After two male musicians witness a mob hit, they flee the state in an all-female band disguised as women, but further complications set in.",Some Like It Hot,Some Like It Hot,,121
Logan,2017,"Action, Drama, Sci-Fi",137 min,8.1,"In a future where mutants are nearly extinct, an elderly and weary Logan leads a quiet life. But when Laura, a mutant child pursued by scientists, comes to him for help, he must get her to safety.",Logan,Logan,,137
Touch of Evil,1958,"Crime, Drama, Film-Noir",95 min,8.0,"A stark, perverse story of murder, kidnapping, and police corruption in a Mexican border town.",Touch of Evil,Touch of Evil,,95 
"Shin seiki Evangelion Gekijô-ban: Air/Magokoro wo, kimi ni",1997,"Animation, Action, Drama",87 min,8.1,Concurrent theatrical ending of the TV series Shin seiki evangerion (1995).,"Shin seiki Evangelion Gekijô-ban: Air/Magokoro wo, kimi ni","Shin seiki Evangelion Gekijô-ban: Air/Magokoro wo, kimi ni",,87 
Jaws,1975,"Adventure, Thriller",124 min,8.0,"When a killer shark unleashes chaos on a beach community, it's up to a local sheriff, a marine biologist, and an old seafarer to hunt the beast down.",Jaws,Jaws,,124
Saw,2004,"Horror, Mystery, Thriller",103 min,7.6,"Two strangers awaken in a room with no recollection of how they got there, and soon discover they're pawns in a deadly game perpetrated by a notorious serial killer.",Saw,Saw,,103
Efter brylluppet,2006,Drama,120 min,7.7,"A manager of an orphanage in India is sent to Copenhagen, Denmark, where he discovers a life-altering family secret.",Efter brylluppet,Efter brylluppet,,120
Despicable Me,2010,"Animation, Comedy, Crime",95 min,7.6,"When a criminal mastermind uses a trio of orphan girls as pawns for a grand scheme, he finds their love is profoundly changing him for the better.",Despicable Me,Despicable Me,,95 
The Purple Rose of Cairo,1985,"Comedy, Fantasy, Romance",82 min,7.7,"In New Jersey in 1935, a movie character walks off the screen and into the real world.",The Purple Rose of Cairo,Serbuan maut 2: Berandal,,82 
Guardians of the Galaxy Vol. 2,2017,"Action, Adventure, Comedy",136 min,7.6,"The Guardians struggle to keep together as a team while dealing with their personal family issues, notably Star-Lord's encounter with his father the ambitious celestial being Ego.",Guardians of the Galaxy Vol. 2,Guardians of the Galaxy Vol. 2,,136
Uri: The Surgical Strike,2018,"Action, Drama, War",138 min,8.2,"Indian army special forces execute a covert operation, avenging the killing of fellow army men at their base by a terrorist group.",Uri: The Surgical Strike,Nebraska,,138
The Notebook,2004,"Drama, Romance",123 min,7.8,"A poor yet passionate young man falls in love with a rich young woman, giving her a sense of freedom, but they are soon separated because of their social differences.",The Notebook,My Cousin Vinny,,123
Dances with Wolves,1990,"Adventure, Drama, Western",181 min,8.0,"Lieutenant John Dunbar, assigned to a remote western Civil War outpost, befriends wolves and Indians, making him an intolerable aberration in the military.",Dances with Wolves,White Heat,,181
The Last Samurai,2003,"Action, Drama",154 min,7.7,An American military advisor embraces the Samurai culture he was hired to destroy after he is captured in battle.,The Last Samurai,The Last Samurai,,154
Control,2007,"Biography, Drama, Music",122 min,7.7,"A profile of Ian Curtis, the enigmatic singer of Joy Division whose personal, professional, and romantic troubles led him to commit suicide at the age of 23.",Control,Sholay,,122
Kai po che!,2013,"Drama, Sport",130 min,7.7,Three friends growing up in India at the turn of the millennium set out to open a training academy to produce the country's next cricket stars.,Kai po che!,Kai po che!,,130
Die Welle,2008,"Drama, Thriller",107 min,7.6,A high school teacher's experiment to demonstrate to his students what life is like under a dictatorship spins horribly out of control when he forms a social unit with a life of its own.,Die Welle,Me and Earl and the Dying Girl,,107
Song of the Sea,2014,"Animation, Adventure, Drama",93 min,8.1,"Ben, a young Irish boy, and his little sister Saoirse, a girl who can turn into a seal, go on an adventure to free the fairies and save the spirit world.",Song of the Sea,Song of the Sea,,93 
Gongdong gyeongbi guyeok JSA,2000,"Action, Drama, Thriller",110 min,7.8,"After a shooting incident at the North/South Korean border/DMZ leaves 2 North Korean soldiers dead, a neutral Swiss/Swedish team investigates, what actually happened.",Gongdong gyeongbi guyeok JSA,Gongdong gyeongbi guyeok JSA,,110
The Blind Side,2009,"Biography, Drama, Sport",129 min,7.6,"The story of Michael Oher, a homeless and traumatized boy who became an All-American football player and first-round NFL draft pick with the help of a caring woman and her family.",The Blind Side,The Blind Side,,129
Silver Linings Playbook,2012,"Comedy, Drama, Romance",122 min,7.7,"After a stint in a mental institution, former teacher Pat Solitano moves back in with his parents and tries to reconcile with his ex-wife. Things get more challenging when Pat meets Tiffany, a mysterious girl with problems of her own.",Silver Linings Playbook,Silver Linings Playbook,,122
As Good as It Gets,1997,"Comedy, Drama, Romance",139 min,7.7,"A single mother and waitress, a misanthropic author, and a gay artist form an unlikely friendship after the artist is assaulted in a robbery.",As Good as It Gets,As Good as It Gets,,139
Stardust,2007,"Adventure, Family, Fantasy",127 min,7.6,"In a countryside town bordering on a magical land, a young man makes a promise to his beloved that he'll retrieve a fallen star by venturing into the magical realm.",Stardust,Stardust,,127
Mr. Nobody,2009,"Drama, Fantasy, Romance",141 min,7.8,"A boy stands on a station platform as a train is about to leave. Should he go with his mother or stay with his father? Infinite possibilities arise from this decision. As long as he doesn't choose, anything is possible.",Mr. Nobody,Mr. Nobody,"Drama, Fantasy, Romance",141
Gilda,1946,"Drama, Film-Noir, Romance",110 min,7.7,A small-time gambler hired to work in a Buenos Aires casino discovers his employer's new wife is his former lover.,Gilda,Gilda,,110
Flipped,2010,"Comedy, Drama, Romance",90 min,7.7,Two eighth-graders start to have feelings for each other despite being total opposites.,Flipped,Flipped,"Comedy, Drama, Romance",90 
Pâfekuto burû,1997,"Animation, Crime, Mystery",81 min,8.0,"A pop singer gives up her career to become an actress, but she slowly goes insane when she starts being stalked by an obsessed fan and what seems to be a ghost of her past.",Pâfekuto burû,Lola rennt,"Animation, Crime, Mystery",81 
Delicatessen,1991,"Comedy, Crime",99 min,7.6,Post-apocalyptic surrealist black comedy about the landlord of an apartment building who occasionally prepares a delicacy for his odd tenants.,Delicatessen,Rebel Without a Cause,,99 
No Man's Land,2001,"Comedy, Drama, War",98 min,7.9,"Bosnia and Herzegovina during 1993 at the time of the heaviest fighting between the two warring sides. Two soldiers from opposing sides in the conflict, Nino and Ciki, become trapped in no man's land, whilst a third soldier becomes a living booby trap.",No Man's Land,No Man's Land,,98 
Stand by Me,1986,"Adventure, Drama",89 min,8.1,"After the death of one of his friends, a writer recounts a childhood journey with his friends to find the body of a missing boy.",Stand by Me,Stand by Me,,89 
The Muppet Christmas Carol,1992,"Comedy, Drama, Family",85 min,7.7,The Muppet characters tell their version of the classic tale of an old and bitter miser's redemption on Christmas Eve.,The Muppet Christmas Carol,The Muppet Christmas Carol,,85 
The Killing,1956,"Crime, Drama, Film-Noir",84 min,8.0,Crook Johnny Clay assembles a five man team to plan and execute a daring race-track robbery.,The Killing,The Killing,,84 
Letters from Iwo Jima,2006,"Action, Adventure, Drama",141 min,7.9,"The story of the battle of Iwo Jima between the United States and Imperial Japan during World War II, as told from the perspective of the Japanese who fought it.",Letters from Iwo Jima,Letters from Iwo Jima,,141
The Sting,1973,"Comedy, Crime, Drama",129 min,8.3,Two grifters team up to pull off the ultimate con.,The Sting,The Sting,,129
The Outlaw Josey Wales,1976,Western,135 min,7.8,Missouri farmer Josey Wales joins a Confederate guerrilla unit and winds up on the run from the Union soldiers who murdered his family.,The Outlaw Josey Wales,The Outlaw Josey Wales,Western,135
No Country for Old Men,2007,"Crime, Drama, Thriller",122 min,8.1,Violence and mayhem ensue after a hunter stumbles upon a drug deal gone wrong and more than two million dollars in cash near the Rio Grande.,No Country for Old Men,No Country for Old Men,"Crime, Drama, Thriller",122
The Ladykillers,1955,"Comedy, Crime",91 min,7.7,Five oddball criminals planning a bank robbery rent rooms on a cul-de-sac from an octogenarian widow under the pretext that they are classical musicians.,The Ladykillers,The Ladykillers,,91 
Madeo,2009,"Crime, Drama, Mystery",129 min,7.8,A mother desperately searches for the killer who framed her son for a girl's horrific murder.,Madeo,Madeo,,129
Awakenings,1990,"Biography, Drama",121 min,7.8,"The victims of an encephalitis epidemic many years ago have been catatonic ever since, but now a new drug offers the prospect of reviving them.",Awakenings,Awakenings,,121
Cinderella Man,2005,"Biography, Drama, History",144 min,8.0,"The story of James J. Braddock, a supposedly washed-up boxer who came back to become a champion and an inspiration in the 1930s.",Cinderella Man,Cinderella Man,,144
On Golden Pond,1981,Drama,109 min,7.6,"Norman is a curmudgeon with an estranged relationship with his daughter Chelsea. At Golden Pond, he and his wife nevertheless agree to care for Billy, the son of Chelsea's new boyfriend, and a most unexpected relationship blooms.",On Golden Pond,The Fall,,109
Airplane!,1980,Comedy,88 min,7.7,A man afraid to fly must ensure that a plane lands safely after the pilots become sick.,Airplane!,Airplane!,,88 
Lage Raho Munna Bhai,2006,"Comedy, Drama, Romance",144 min,8.1,Munna Bhai embarks on a journey with Mahatma Gandhi in order to fight against a corrupt property dealer.,Lage Raho Munna Bhai,Lage Raho Munna Bhai,,144
The Magdalene Sisters,2002,Drama,114 min,7.7,Three young Irish women struggle to maintain their spirits while they endure dehumanizing abuse as inmates of a Magdalene Sisters Asylum.,The Magdalene Sisters,The Magdalene Sisters,,114
Mississippi Burning,1988,"Crime, Drama, History",128 min,7.8,Two F.B.I. Agents with wildly different styles arrive in Mississippi to investigate the disappearance of some civil rights activists.,Mississippi Burning,Mississippi Burning,,128
La passion de Jeanne d'Arc,1928,"Biography, Drama, History",110 min,8.1,"In 1431, Jeanne d'Arc is placed on trial on charges of heresy. The ecclesiastical jurists attempt to force Jeanne to recant her claims of holy visions.",La passion de Jeanne d'Arc,La passion de Jeanne d'Arc,,110
The Boondock Saints,1999,"Action, Crime, Thriller",108 min,7.8,Two Irish Catholic brothers become vigilantes and wipe out Boston's criminal underworld in the name of God.,The Boondock Saints,The Boondock Saints,,108
The Terminator,1984,"Action, Sci-Fi",107 min,8.0,"A human soldier is sent from 2029 to 1984 to stop an almost indestructible cyborg killing machine, sent from the same year, which has been programmed to execute a young woman whose unborn son is the key to humanity's future salvation.",The Terminator,The Terminator,,107
Dawn of the Planet of the Apes,2014,"Action, Adventure, Drama",130 min,7.6,A growing nation of genetically evolved apes led by Caesar is threatened by a band of human survivors of the devastating virus unleashed a decade earlier.,Dawn of the Planet of the Apes,Dawn of the Planet of the Apes,"Action, Adventure, Drama",130
Red River,1948,"Action, Adventure, Drama",133 min,7.8,"Dunson leads a cattle drive, the culmination of over 14 years of work, to its destination in Missouri. But his tyrannical behavior along the way causes a mutiny, led by his adopted son.",Red River,The Trial of the Chicago 7,,133
Persepolis,2007,"Animation, Biography, Drama",96 min,8.0,A precocious and outspoken Iranian girl grows up during the Islamic Revolution.,Persepolis,Persepolis,,96 
Dilwale Dulhania Le Jayenge,1995,"Drama, Romance",189 min,8.1,"When Raj meets Simran in Europe, it isn't love at first sight but when Simran moves to India for an arranged marriage, love makes its presence felt.",Dilwale Dulhania Le Jayenge,Dilwale Dulhania Le Jayenge,"Drama, Romance",189
The Lego Movie,2014,"Animation, Action, Adventure",100 min,7.7,"An ordinary LEGO construction worker, thought to be the prophesied as ""special"", is recruited to join a quest to stop an evil tyrant from gluing the LEGO universe into eternal stasis.",The Lego Movie,The Lego Movie,"Animation, Action, Adventure",100
Hot Fuzz,2007,"Action, Comedy, Mystery",121 min,7.8,A skilled London police officer is transferred to a small town with a dark secret.,Hot Fuzz,Hot Fuzz,,121
The World's Fastest Indian,2005,"Biography, Drama, Sport",127 min,7.8,"The story of New Zealander Burt Munro, who spent years rebuilding a 1920 Indian motorcycle, which helped him set the land speed world record at Utah's Bonneville Salt Flats in 1967.",The World's Fastest Indian,Solaris,"Biography, Drama, Sport",127
Zerkalo,1975,"Biography, Drama",107 min,8.1,"A dying man in his forties remembers his past. His childhood, his mother, the war, personal moments and things that tell of the recent history of all the Russian nation.",Zerkalo,Zerkalo,,107
Pirates of the Caribbean: The Curse of the Black Pearl,2003,"Action, Adventure, Fantasy",143 min,8.0,"Blacksmith Will Turner teams up with eccentric pirate ""Captain"" Jack Sparrow to save his love, the governor's daughter, from Jack's former pirate allies, who are now undead.",Pirates of the Caribbean: The Curse of the Black Pearl,Pirates of the Caribbean: The Curse of the Black Pearl,,143
Dancer in the Dark,2000,"Crime, Drama, Musical",140 min,8.0,"An East European girl travels to the United States with her young son, expecting it to be like a Hollywood film.",Dancer in the Dark,Dancer in the Dark,,140
A Wednesday,2008,"Action, Crime, Drama",104 min,8.1,A retiring police officer reminisces about the most astounding day of his career. About a case that was never filed but continues to haunt him in his memories - the case of a man and a Wednesday.,A Wednesday,A Wednesday,,104
American Psycho,2000,"Comedy, Crime, Drama",101 min,7.6,"A wealthy New York City investment banking executive, Patrick Bateman, hides his alternate psychopathic ego from his co-workers and friends as he delves deeper into his violent, hedonistic fantasies.",American Psycho,American Psycho,,101
Do lok tin si,1995,"Comedy, Crime, Drama",99 min,7.7,"This Hong Kong-set crime drama follows the lives of a hitman, hoping to get out of the business, and his elusive female partner.",Do lok tin si,Do lok tin si,,99 
Sing Street,2016,"Comedy, Drama, Music",106 min,7.9,A boy growing up in Dublin during the 1980s escapes his strained family life by starting a band to impress the mysterious girl he likes.,Sing Street,Sing Street,,106
The Help,2011,Drama,146 min,8.0,"An aspiring author during the civil rights movement of the 1960s decides to write a book detailing the African American maids' point of view on the white families for which they work, and the hardships they go through on a daily basis.",The Help,The Help,,146
Mystic River,2003,"Crime, Drama, Mystery",138 min,7.9,The lives of three men who were childhood friends are shattered when one of them has a family tragedy.,Mystic River,3 Idiots,"Crime, Drama, Mystery",138
Lilja 4-ever,2002,"Crime, Drama",109 min,7.8,"Sixteen-year-old Lilja and her only friend, the young boy Volodja, live in Russia, fantasizing about a better life. One day, Lilja falls in love with Andrej, who is going to Sweden, and invites Lilja to come along and start a new life.",Lilja 4-ever,Lilja 4-ever,,109
Midnight Express,1978,"Biography, Crime, Drama",121 min,7.6,"Billy Hayes, an American college student, is caught smuggling drugs out of Turkey and thrown into prison.",Midnight Express,Midnight Express,,121
300,2006,"Action, Drama",117 min,7.6,King Leonidas of Sparta and a force of 300 men fight the Persians at Thermopylae in 480 B.C.,300,300,,117
Hævnen,2010,"Drama, Romance",118 min,7.6,"The lives of two Danish families cross each other, and an extraordinary but risky friendship comes into bud. But loneliness, frailty and sorrow lie in wait.",Hævnen,The Maltese Falcon,,118
Auf der anderen Seite,2007,Drama,122 min,7.8,A Turkish man travels to Istanbul to find the daughter of his father's former girlfriend.,Auf der anderen Seite,Auf der anderen Seite,,122
The Odd Couple,1968,Comedy,105 min,7.7,"Two friends try sharing an apartment, but their ideas of housekeeping and lifestyles are as different as night and day.",The Odd Couple,The Odd Couple,Comedy,105
Rushmore,1998,"Comedy, Drama, Romance",93 min,7.7,The extracurricular king of Rushmore Preparatory School is put on academic probation.,Rushmore,Rushmore,"Comedy, Drama, Romance",93 
Wo hu cang long,2000,"Action, Adventure, Fantasy",120 min,7.8,A young Chinese warrior steals a sword from a famed swordsman and then escapes into a world of romantic adventure with a mysterious man in the frontier of the nation.,Wo hu cang long,Wo hu cang long,,120
Love and Death,1975,"Comedy, War",85 min,7.7,"In czarist Russia, a neurotic soldier and his distant cousin formulate a plot to assassinate Napoleon.",Love and Death,Love and Death,,85 
Strangers on a Train,1951,"Crime, Film-Noir, Thriller",101 min,7.9,A psychopath forces a tennis star to comply with his theory that two strangers can get away with murder.,Strangers on a Train,Strangers on a Train,"Crime, Film-Noir, Thriller",101
Fear and Loathing in Las Vegas,1998,"Adventure, Comedy, Drama",118 min,7.6,An oddball journalist and his psychopathic lawyer travel to Las Vegas for a series of psychedelic escapades.,Fear and Loathing in Las Vegas,Fear and Loathing in Las Vegas,,118
Udta Punjab,2016,"Action, Crime, Drama",148 min,7.8,A story that revolves around drug abuse in the affluent north Indian State of Punjab and how the youth there have succumbed to it en-masse resulting in a socio-economic decline.,Udta Punjab,Udta Punjab,,148
Ocean's Eleven,2001,"Crime, Thriller",116 min,7.7,Danny Ocean and his ten accomplices plan to rob three Las Vegas casinos simultaneously.,Ocean's Eleven,Ocean's Eleven,,116
Tumbbad,2018,"Drama, Fantasy, Horror",104 min,8.3,A mythological story about a goddess who created the entire universe. The plot revolves around the consequences when humans build a temple for her first-born.,Tumbbad,Tumbbad,"Drama, Fantasy, Horror",104
Finding Nemo,2003,"Animation, Adventure, Comedy",100 min,8.1,"After his son is captured in the Great Barrier Reef and taken to Sydney, a timid clownfish sets out on a journey to bring him home.",Finding Nemo,Finding Nemo,,100
Willy Wonka & the Chocolate Factory,1971,"Family, Fantasy, Musical",100 min,7.8,A poor but hopeful boy seeks one of the five coveted golden tickets that will send him on a tour of Willy Wonka's mysterious chocolate factory.,Willy Wonka & the Chocolate Factory,Willy Wonka & the Chocolate Factory,,100
A Beautiful Mind,2001,"Biography, Drama",135 min,8.2,"After John Nash, a brilliant but asocial mathematician, accepts secret work in cryptography, his life takes a turn for the nightmarish.",A Beautiful Mind,A Beautiful Mind,,135
Edward Scissorhands,1990,"Drama, Fantasy, Romance",105 min,7.9,"An artificial man, who was incompletely constructed and has scissors for hands, leads a solitary life. Then one day, a suburban lady meets him and introduces him to her world.",Edward Scissorhands,Edward Scissorhands,,105
The Intouchables,2011,"Biography, Comedy, Drama",112 min,8.5,"After he becomes a quadriplegic from a paragliding accident, an aristocrat hires a young man from the projects to be his caregiver.",The Intouchables,The Intouchables,,112
"Aguirre, der Zorn Gottes",1972,"Action, Adventure, Biography",95 min,7.9,"In the 16th century, the ruthless and insane Don Lope de Aguirre leads a Spanish expedition in search of El Dorado.","Aguirre, der Zorn Gottes","Aguirre, der Zorn Gottes",,95 
Tonari no Totoro,1988,"Animation, Family, Fantasy",86 min,8.2,"When two girls move to the country to be near their ailing mother, they have adventures with the wondrous forest spirits who live nearby.",Tonari no Totoro,Tonari no Totoro,"Animation, Family, Fantasy",86 
Gattaca,1997,"Drama, Sci-Fi, Thriller",106 min,7.8,A genetically inferior man assumes the identity of a superior one in order to pursue his lifelong dream of space travel.,Gattaca,Gattaca,"Drama, Sci-Fi, Thriller",106
Bridge of Spies,2015,"Drama, History, Thriller",142 min,7.6,"During the Cold War, an American lawyer is recruited to defend an arrested Soviet spy in court, and then help the CIA facilitate an exchange of the spy for the Soviet captured American U2 spy plane pilot, Francis Gary Powers.",Bridge of Spies,Bridge of Spies,,142
Belle de jour,1967,"Drama, Romance",100 min,7.7,A frigid young housewife decides to spend her midweek afternoons as a prostitute.,Belle de jour,Witness for the Prosecution,,100
The Taking of Pelham One Two Three,1974,"Action, Crime, Thriller",104 min,7.7,"In New York, armed men hijack a subway car and demand a ransom for the passengers. Even if it's paid, how could they get away?",The Taking of Pelham One Two Three,The Taking of Pelham One Two Three,,104
Batoru rowaiaru,2000,"Action, Adventure, Drama",114 min,7.6,"In the future, the Japanese government captures a class of ninth-grade students and forces them to kill each other under the revolutionary ""Battle Royale"" act.",Batoru rowaiaru,My Left Foot: The Story of Christy Brown,,114
Birdman or (The Unexpected Virtue of Ignorance),2014,"Comedy, Drama",119 min,7.7,"A washed-up superhero actor attempts to revive his fading career by writing, directing, and starring in a Broadway production.",Birdman or (The Unexpected Virtue of Ignorance),Birdman or (The Unexpected Virtue of Ignorance),,119
Amélie,2001,"Comedy, Romance",122 min,8.3,"Amélie is an innocent and naive girl in Paris with her own sense of justice. She decides to help those around her and, along the way, discovers love.",Amélie,Chugyeokja,,122
His Girl Friday,1940,"Comedy, Drama, Romance",92 min,7.9,A newspaper editor uses every trick in the book to keep his ace reporter ex-wife from remarrying.,His Girl Friday,His Girl Friday,,92 
Dil Chahta Hai,2001,"Comedy, Drama, Romance",183 min,8.1,"Three inseparable childhood friends are just out of college. Nothing comes between them - until they each fall in love, and their wildly different approaches to relationships creates tension.",Dil Chahta Hai,Dil Chahta Hai,,183
Detachment,2011,Drama,98 min,7.7,A substitute teacher who drifts from classroom to classroom finds a connection to the students and teachers during his latest assignment.,Detachment,Detachment,,98 
Perfetti sconosciuti,2016,"Comedy, Drama",96 min,7.8,"Seven long-time friends get together for a dinner. When they decide to share with each other the content of every text message, email and phone call they receive, many secrets start to unveil and the equilibrium trembles.",Perfetti sconosciuti,Perfetti sconosciuti,"Comedy, Drama",96 
Days of Heaven,1978,"Drama, Romance",94 min,7.8,A hot-tempered farm laborer convinces the woman he loves to marry their rich but dying boss so that they can have a claim to his fortune.,Days of Heaven,Days of Heaven,,94 
The Thin Man,1934,"Comedy, Crime, Mystery",91 min,8.0,"Former detective Nick Charles and his wealthy wife Nora investigate a murder case, mostly for the fun of it.",The Thin Man,Arrival,,91 
The Searchers,1956,"Adventure, Drama, Western",119 min,7.9,An American Civil War veteran embarks on a journey to rescue his niece from the Comanches.,The Searchers,Ôkami kodomo no Ame to Yuki,"Adventure, Drama, Western",119
Baby Driver,2017,"Action, Crime, Drama",113 min,7.6,"After being coerced into working for a crime boss, a young getaway driver finds himself taking part in a heist doomed to fail.",Baby Driver,Baby Driver,,113
Kis Uykusu,2014,Drama,196 min,8.1,A hotel owner and landlord in a remote Turkish village deals with conflicts within his family and a tenant behind on his rent.,Kis Uykusu,Kis Uykusu,Drama,196
Secrets & Lies,1996,"Comedy, Drama",136 min,8.0,"Following the death of her adoptive parents, a successful young black optometrist establishes contact with her biological mother -- a lonely white factory worker living in poverty in East London.",Secrets & Lies,Birdman or (The Unexpected Virtue of Ignorance),"Comedy, Drama",136
Hedwig and the Angry Inch,2001,"Comedy, Drama, Music",95 min,7.7,A gender-queer punk-rock singer from East Berlin tours the U.S. with her band as she tells her life story and follows the former lover/band-mate who stole her songs.,Hedwig and the Angry Inch,Hedwig and the Angry Inch,,95 
Bound by Honor,1993,"Crime, Drama",180 min,8.0,"Based on the true life experiences of poet Jimmy Santiago Baca, the film focuses on step-brothers Paco and Cruz, and their bi-racial cousin Miklo.",Bound by Honor,Bound by Honor,,180
The Last King of Scotland,2006,"Biography, Drama, History",123 min,7.7,Based on the events of the brutal Ugandan dictator Idi Amin's regime as seen by his personal physician during the 1970s.,The Last King of Scotland,The Last King of Scotland,,123
Blazing Saddles,1974,"Comedy, Western",93 min,7.7,"In order to ruin a western town, a corrupt politician appoints a black Sheriff, who promptly becomes his most formidable adversary.",Blazing Saddles,Blazing Saddles,,93 
Ford v Ferrari,2019,"Action, Biography, Drama",152 min,8.1,American car designer Carroll Shelby and driver Ken Miles battle corporate interference and the laws of physics to build a revolutionary race car for Ford in order to defeat Ferrari at the 24 Hours of Le Mans in 1966.,Ford v Ferrari,Ford v Ferrari,,152
12 Angry Men,1957,"Crime, Drama",96 min,9.0,A jury holdout attempts to prevent a miscarriage of justice by forcing his colleagues to reconsider the evidence.,12 Angry Men,12 Angry Men,,96 
Lucky Number Slevin,2006,"Action, Crime, Drama",110 min,7.7,"A case of mistaken identity lands Slevin into the middle of a war being plotted by two of the city's most rival crime bosses. Under constant surveillance by Detective Brikowski and assassin Goodkat, he must get them before they get him.",Lucky Number Slevin,Lucky Number Slevin,,110
The Count of Monte Cristo,2002,"Action, Adventure, Drama",131 min,7.8,"A young man, falsely imprisoned by his jealous ""friend"", escapes and uses a hidden treasure to exact his revenge.",The Count of Monte Cristo,The Hobbit: The Desolation of Smaug,"Action, Adventure, Drama",131
Match Point,2005,"Drama, Romance, Thriller",124 min,7.6,"At a turning point in his life, a former tennis pro falls for an actress who happens to be dating his friend and soon-to-be brother-in-law.",Match Point,Match Point,,124
The Trial of the Chicago 7,2020,"Drama, History, Thriller",129 min,7.8,"The story of 7 people on trial stemming from various charges surrounding the uprising at the 1968 Democratic National Convention in Chicago, Illinois.",The Trial of the Chicago 7,The Trial of the Chicago 7,"Drama, History, Thriller",129
Rockstar,2011,"Drama, Music, Musical",159 min,7.7,"Janardhan Jakhar chases his dreams of becoming a big Rock star, during which he falls in love with Heer.",Rockstar,Rockstar,,159
In the Heat of the Night,1967,"Crime, Drama, Mystery",110 min,7.9,A black police detective is asked to investigate a murder in a racially hostile southern town.,In the Heat of the Night,In the Heat of the Night,,110
Mission: Impossible - Fallout,2018,"Action, Adventure, Thriller",147 min,7.7,"Ethan Hunt and his IMF team, along with some familiar allies, race against time after a mission gone wrong.",Mission: Impossible - Fallout,Mission: Impossible - Fallout,,147
The Breakfast Club,1985,"Comedy, Drama",97 min,7.8,Five high school students meet in Saturday detention and discover how they have a lot more in common than they thought.,The Breakfast Club,The Breakfast Club,,97 
American Beauty,1999,Drama,122 min,8.3,A sexually frustrated suburban father has a mid-life crisis after becoming infatuated with his daughter's best friend.,American Beauty,American Beauty,,122
Abre los ojos,1997,"Drama, Mystery, Sci-Fi",119 min,7.7,"A very handsome man finds the love of his life, but he suffers an accident and needs to have his face rebuilt by surgery after it is severely disfigured.",Abre los ojos,Abre los ojos,,119
What We Do in the Shadows,2014,"Comedy, Horror",86 min,7.7,"Viago, Deacon and Vladislav are vampires who are finding that modern life has them struggling with the mundane - like paying rent, keeping up with the chore wheel, trying to get into nightclubs and overcoming flatmate conflicts.",What We Do in the Shadows,What We Do in the Shadows,,86 
Dunkirk,2017,"Action, Drama, History",106 min,7.8,"Allied soldiers from Belgium, the British Empire, and France are surrounded by the German Army and evacuated during a fierce battle in World War II.",Dunkirk,Y tu mamá también,,106
The Princess Bride,1987,"Adventure, Family, Fantasy",98 min,8.0,"While home sick in bed, a young boy's grandfather reads him the story of a farmboy-turned-pirate who encounters numerous obstacles, enemies and allies in his quest to be reunited with his true love.",The Princess Bride,The Princess Bride,,98 
Iron Man,2008,"Action, Adventure, Sci-Fi",126 min,7.9,"After being held captive in an Afghan cave, billionaire engineer Tony Stark creates a unique weaponized suit of armor to fight evil.",Iron Man,Iron Man,,126
Back to the Future,1985,"Adventure, Comedy, Sci-Fi",116 min,8.5,"Marty McFly, a 17-year-old high school student, is accidentally sent thirty years into the past in a time-traveling DeLorean invented by his close friend, the eccentric scientist Doc Brown.",Back to the Future,Back to the Future,,116
It's a Wonderful Life,1946,"Drama, Family, Fantasy",130 min,8.6,An angel is sent from Heaven to help a desperately frustrated businessman by showing him what life would have been like if he had never existed.,It's a Wonderful Life,It's a Wonderful Life,,130
Ray,2004,"Biography, Drama, Music",152 min,7.7,"The story of the life and career of the legendary rhythm and blues musician Ray Charles, from his humble beginnings in the South, where he went blind at age seven, to his meteoric rise to stardom during the 1950s and 1960s.",Ray,Ray,,152
Star Trek II: The Wrath of Khan,1982,"Action, Adventure, Sci-Fi",113 min,7.7,"With the assistance of the Enterprise crew, Admiral Kirk must stop an old nemesis, Khan Noonien Singh, from using the life-generating Genesis Device as the ultimate weapon.",Star Trek II: The Wrath of Khan,Star Trek II: The Wrath of Khan,,113
Mommy,2014,Drama,139 min,8.1,"A widowed single mother, raising her violent son alone, finds new hope when a mysterious neighbor inserts herself into their household.",Mommy,Mommy,,139
Baahubali 2: The Conclusion,2017,"Action, Drama",167 min,8.2,"When Shiva, the son of Bahubali, learns about his heritage, he begins to look for answers. His story is juxtaposed with past events that unfolded in the Mahishmati Kingdom.",Baahubali 2: The Conclusion,Baahubali 2: The Conclusion,,167
Se7en,1995,"Crime, Drama, Mystery",127 min,8.6,"Two detectives, a rookie and a veteran, hunt a serial killer who uses the seven deadly sins as his motives.",Se7en,Se7en,,127
Nelyubov,2017,Drama,127 min,7.6,A couple going through a divorce must team up to find their son who has disappeared during one of their bitter arguments.,Nelyubov,Nelyubov,,127
How to Train Your Dragon,2010,"Animation, Action, Adventure",98 min,8.1,"A hapless young Viking who aspires to hunt dragons becomes the unlikely friend of a young dragon himself, and learns there may be more to the creatures than he assumed.",How to Train Your Dragon,How to Train Your Dragon,,98 
The Wrestler,2008,"Drama, Sport",109 min,7.9,"A faded professional wrestler must retire, but finds his quest for a new life outside the ring a dispiriting struggle.",The Wrestler,Stand by Me,,109
Zwartboek,2006,"Drama, Thriller, War",145 min,7.7,"In the Nazi-occupied Netherlands during World War II, a Jewish singer infiltrates the regional Gestapo headquarters for the Dutch resistance.",Zwartboek,Zwartboek,"Drama, Thriller, War",145
The Incredibles,2004,"Animation, Action, Adventure",115 min,8.0,"A family of undercover superheroes, while trying to live the quiet suburban life, are forced into action to save the world.",The Incredibles,The Incredibles,,115
Cool Hand Luke,1967,"Crime, Drama",127 min,8.1,"A laid back Southern man is sentenced to two years in a rural prison, but refuses to conform.",Cool Hand Luke,Cool Hand Luke,"Crime, Drama",127
Papillon,1973,"Biography, Crime, Drama",151 min,8.0,"A man befriends a fellow criminal as the two of them begin serving their sentence on a dreadful prison island, which inspires the man to plot his escape.",Papillon,Papillon,,151
Dip huet seung hung,1989,"Action, Crime, Drama",111 min,7.8,A disillusioned assassin accepts one last hit in hopes of using his earnings to restore vision to a singer he accidentally blinded.,Dip huet seung hung,Dip huet seung hung,"Action, Crime, Drama",111
Sling Blade,1996,Drama,135 min,8.0,"Karl Childers, a simple man hospitalized since his childhood murder of his mother and her lover, is released to start a new life in a small town.",Sling Blade,Sling Blade,,135
Big Hero 6,2014,"Animation, Action, Adventure",102 min,7.8,"A special bond develops between plus-sized inflatable robot Baymax and prodigy Hiro Hamada, who together team up with a group of friends to form a band of high-tech heroes.",Big Hero 6,Big Hero 6,"Animation, Action, Adventure",102
Life of Pi,2012,"Adventure, Drama, Fantasy",127 min,7.9,"A young man who survives a disaster at sea is hurtled into an epic journey of adventure and discovery. While cast away, he forms an unexpected connection with another survivor: a fearsome Bengal tiger.",Life of Pi,Life of Pi,"Adventure, Drama, Fantasy",127
Mandariinid,2013,"Drama, War",87 min,8.2,"In 1992, war rages in Abkhazia, a breakaway region of Georgia. An Estonian man Ivo has decided to stay behind and harvest his crops of tangerines. In a bloody conflict at his door, a wounded man is left behind, and Ivo takes him in.",Mandariinid,Mandariinid,,87 
Django Unchained,2012,"Drama, Western",165 min,8.4,"With the help of a German bounty hunter, a freed slave sets out to rescue his wife from a brutal Mississippi plantation owner.",Django Unchained,Django Unchained,,165
Captain Fantastic,2016,"Comedy, Drama",118 min,7.9,"In the forests of the Pacific Northwest, a father devoted to raising his six kids with a rigorous physical and intellectual education is forced to leave his paradise and enter the world, challenging his idea of what it means to be a parent.",Captain Fantastic,Captain Fantastic,"Comedy, Drama",118
Cast Away,2000,"Adventure, Drama, Romance",143 min,7.8,A FedEx executive undergoes a physical and emotional transformation after crash landing on a deserted island.,Cast Away,The Jungle Book,,143
Chhichhore,2019,"Comedy, Drama",143 min,8.2,"A tragic incident forces Anirudh, a middle-aged man, to take a trip down memory lane and reminisce his college days along with his friends, who were labelled as losers.",Chhichhore,Chhichhore,"Comedy, Drama",143
The Little Mermaid,1989,"Animation, Family, Fantasy",83 min,7.6,A mermaid princess makes a Faustian bargain in an attempt to become human and win a prince's love.,The Little Mermaid,The Little Mermaid,,83 
True Romance,1993,"Crime, Drama, Romance",119 min,7.9,"In Detroit, a lonely pop culture geek marries a call girl, steals cocaine from her pimp, and tries to sell it in Hollywood. Meanwhile, the owners of the cocaine, the Mob, track them down in an attempt to reclaim it.",True Romance,True Romance,,119
The Verdict,1982,Drama,129 min,7.7,A lawyer sees the chance to salvage his career and self-respect by taking a medical malpractice case to trial rather than settling.,The Verdict,The Verdict,Drama,129
Sense and Sensibility,1995,"Drama, Romance",136 min,7.6,"Rich Mr. Dashwood dies, leaving his second wife and her three daughters poor by the rules of inheritance. The two eldest daughters are the title opposites.",Sense and Sensibility,Get Out,,136
3 Idiots,2009,"Comedy, Drama",170 min,8.4,"Two friends are searching for their long lost companion. They revisit their college days and recall the memories of their friend who inspired them to think differently, even as the rest of the world called them ""idiots"".",3 Idiots,Mandariinid,,170
Hamlet,1996,Drama,242 min,7.7,"Hamlet, Prince of Denmark, returns home to find his father murdered and his mother remarrying the murderer, his uncle. Meanwhile, war is brewing.",Hamlet,Hamlet,Drama,242
The Matrix,1999,"Action, Sci-Fi",136 min,8.7,"When a beautiful stranger leads computer hacker Neo to a forbidding underworld, he discovers the shocking truth--the life he knows is the elaborate deception of an evil cyber-intelligence.",The Matrix,The Matrix,,136
"Swades: We, the People",2004,Drama,210 min,8.2,A successful Indian scientist returns to an Indian village to take his nanny to America with him and in the process rediscovers his roots.,"Swades: We, the People","Swades: We, the People",Drama,210
American History X,1998,Drama,119 min,8.5,A former neo-nazi skinhead tries to prevent his younger brother from going down the same wrong path that he did.,American History X,American History X,,119
"4 luni, 3 saptamâni si 2 zile",2007,Drama,113 min,7.9,A woman assists her friend in arranging an illegal abortion in 1980s Romania.,"4 luni, 3 saptamâni si 2 zile","4 luni, 3 saptamâni si 2 zile",Drama,113
Yeopgijeogin geunyeo,2001,"Comedy, Drama, Romance",137 min,8.0,"A young man sees a drunk, cute woman standing too close to the tracks at a metro station in Seoul and pulls her back. She ends up getting him into trouble repeatedly after that, starting on the train.",Yeopgijeogin geunyeo,Yeopgijeogin geunyeo,,137
Dial M for Murder,1954,"Crime, Thriller",105 min,8.2,A former tennis player tries to arrange his wife's murder after learning of her affair.,Dial M for Murder,Dial M for Murder,,105
This Is England,2006,"Crime, Drama",101 min,7.7,"A young boy becomes friends with a gang of skinheads. Friends soon become like family, and relationships will be pushed to the very limit.",This Is England,Tengoku to jigoku,"Crime, Drama",101
Rush,2013,"Action, Biography, Drama",123 min,8.1,The merciless 1970s rivalry between Formula One rivals James Hunt and Niki Lauda.,Rush,Rush,,123
Road to Perdition,2002,"Crime, Drama, Thriller",117 min,7.7,"A mob enforcer's son witnesses a murder, forcing him and his father to take to the road, and his father down a path of redemption and revenge.",Road to Perdition,Road to Perdition,"Crime, Drama, Thriller",117
City Lights,1931,"Comedy, Drama, Romance",87 min,8.5,"With the aid of a wealthy erratic tippler, a dewy-eyed tramp who has fallen in love with a sightless flower girl accumulates money to be able to help her medically.",City Lights,City Lights,"Comedy, Drama, Romance",87 
Searching,2018,"Drama, Mystery, Thriller",102 min,7.6,"After his teenage daughter goes missing, a desperate father tries to find clues on her laptop.",Searching,Le charme discret de la bourgeoisie,,102
Serbuan maut 2: Berandal,2014,"Action, Crime, Thriller",150 min,8.0,"Only a short time after the first raid, Rama goes undercover with the thugs of Jakarta and plans to bring down the syndicate and uncover the corruption within his police force.",Serbuan maut 2: Berandal,Serbuan maut 2: Berandal,,150
The Social Network,2010,"Biography, Drama",120 min,7.7,"As Harvard student Mark Zuckerberg creates the social networking site that would become known as Facebook, he is sued by the twins who claimed he stole their idea, and by the co-founder who was later squeezed out of the business.",The Social Network,The Social Network,,120
Frankenstein,1931,"Drama, Horror, Sci-Fi",70 min,7.8,Dr. Frankenstein dares to tamper with life and death by creating a human monster out of lifeless body parts.,Frankenstein,Frankenstein,"Drama, Horror, Sci-Fi",70 
Get Out,2017,"Horror, Mystery, Thriller",104 min,7.7,"A young African-American visits his white girlfriend's parents for the weekend, where his simmering uneasiness about their reception of him eventually reaches a boiling point.",Get Out,Get Out,"Horror, Mystery, Thriller",104
The Man Who Shot Liberty Valance,1962,"Drama, Western",123 min,8.1,A senator returns to a western town for the funeral of an old friend and tells the story of his origins.,The Man Who Shot Liberty Valance,The Man Who Shot Liberty Valance,,123
Guess Who's Coming to Dinner,1967,"Comedy, Drama",108 min,7.8,A couple's attitudes are challenged when their daughter introduces them to her African-American fiancé.,Guess Who's Coming to Dinner,Guess Who's Coming to Dinner,,108
"Crna macka, beli macor",1998,"Comedy, Crime, Romance",127 min,8.1,Matko and his son Zare live on the banks of the Danube river and get by through hustling and basically doing anything to make a living. In order to pay off a business debt Matko agrees to marry off Zare to the sister of a local gangster.,"Crna macka, beli macor","Crna macka, beli macor",,127
En man som heter Ove,2015,"Comedy, Drama, Romance",116 min,7.7,"Ove, an ill-tempered, isolated retiree who spends his days enforcing block association rules and visiting his wife's grave, has finally given up on life just as an unlikely friendship develops with his boisterous new neighbors.",En man som heter Ove,Boyz n the Hood,,116
All Quiet on the Western Front,1930,"Drama, War",152 min,8.0,"A German youth eagerly enters World War I, but his enthusiasm wanes as he gets a firsthand view of the horror.",All Quiet on the Western Front,All Quiet on the Western Front,,152
Arsenic and Old Lace,1942,"Comedy, Crime, Thriller",118 min,8.0,A writer of books on the futility of marriage risks his reputation when he decides to get married. Things get even more complicated when he learns on his wedding day that his beloved maiden aunts are habitual murderers.,Arsenic and Old Lace,Arsenic and Old Lace,,118
Giant,1956,"Drama, Western",201 min,7.6,Sprawling epic covering the life of a Texas cattle rancher and his family and associates.,Giant,Giant,,201
Il postino,1994,"Biography, Comedy, Drama",108 min,7.7,"A simple Italian postman learns to love poetry while delivering mail to a famous poet, and then uses this to woo local beauty Beatrice.",Il postino,Il postino,,108
The Birds,1963,"Drama, Horror, Mystery",119 min,7.7,A wealthy San Francisco socialite pursues a potential boyfriend to a small Northern California town that slowly takes a turn for the bizarre when birds of all kinds suddenly begin to attack people.,The Birds,Taxi Driver,,119
"Paris, Texas",1984,Drama,145 min,8.1,"Travis Henderson, an aimless drifter who has been missing for four years, wanders out of the desert and must reconnect with society, himself, his life, and his family.","Paris, Texas","Paris, Texas",Drama,145
Haider,2014,"Action, Crime, Drama",160 min,8.1,"A young man returns to Kashmir after his father's disappearance to confront his uncle, whom he suspects of playing a role in his father's fate.",Haider,Haider,"Action, Crime, Drama",160
"Lock, Stock and Two Smoking Barrels",1998,"Action, Comedy, Crime",107 min,8.2,"A botched card game in London triggers four friends, thugs, weed-growers, hard gangsters, loan sharks and debt collectors to collide with each other in a series of unexpected events, all for the sake of weed, cash and two antique shotguns.","Lock, Stock and Two Smoking Barrels","Lock, Stock and Two Smoking Barrels",,107
High Noon,1952,"Drama, Thriller, Western",85 min,7.9,"A town Marshal, despite the disagreements of his newlywed bride and the townspeople around him, must face a gang of deadly killers alone at high noon when the gang leader, an outlaw he sent up years ago, arrives on the noon train.",High Noon,High Noon,,85 
The Theory of Everything,2014,"Biography, Drama, Romance",123 min,7.7,A look at the relationship between the famous physicist Stephen Hawking and his wife.,The Theory of Everything,The Theory of Everything,"Biography, Drama, Romance",123
Beauty and the Beast,1991,"Animation, Family, Fantasy",84 min,8.0,A prince cursed to spend his days as a hideous monster sets out to regain his humanity by earning a young woman's love.,Beauty and the Beast,Beauty and the Beast,,84 
Bonnie and Clyde,1967,"Action, Biography, Crime",111 min,7.8,"Bored waitress Bonnie Parker falls in love with an ex-con named Clyde Barrow and together they start a violent crime spree through the country, stealing cars and robbing banks.",Bonnie and Clyde,Bonnie and Clyde,,111
Arrival,2016,"Drama, Sci-Fi",116 min,7.9,A linguist works with the military to communicate with alien lifeforms after twelve mysterious spacecrafts appear around the world.,Arrival,Arrival,,116
The Last of the Mohicans,1992,"Action, Adventure, Drama",112 min,7.7,Three trappers protect the daughters of a British Colonel in the midst of the French and Indian War.,The Last of the Mohicans,The Last of the Mohicans,,112
Tangled,2010,"Animation, Adventure, Comedy",100 min,7.7,"The magically long-haired Rapunzel has spent her entire life in a tower, but now that a runaway thief has stumbled upon her, she is about to discover the world for the first time, and who she really is.",Tangled,Tangled,,100
Idi i smotri,1985,"Drama, Thriller, War",142 min,8.3,"After finding an old rifle, a young boy joins the Soviet resistance movement against ruthless German forces and experiences the horrors of World War II.",Idi i smotri,Idi i smotri,,142
A Night at the Opera,1935,"Comedy, Music, Musical",96 min,7.9,A sly business manager and two wacky friends of two opera singers help them achieve success while humiliating their stuffy and snobbish enemies.,A Night at the Opera,A Night at the Opera,"Comedy, Music, Musical",96 
The Iron Giant,1999,"Animation, Action, Adventure",86 min,8.0,A young boy befriends a giant robot from outer space that a paranoid government agent wants to destroy.,The Iron Giant,The Iron Giant,,86 
The Godfather,1972,"Crime, Drama",175 min,9.2,An organized crime dynasty's aging patriarch transfers control of his clandestine empire to his reluctant son.,The Godfather,The Godfather,,175
The Station Agent,2003,"Comedy, Drama",89 min,7.6,"When his only friend dies, a man born with dwarfism moves to rural New Jersey to live a life of solitude, only to meet a chatty hot dog vendor and a woman dealing with her own personal loss.",The Station Agent,Le samouraï,,89 
Mad Max 2,1981,"Action, Adventure, Sci-Fi",96 min,7.6,"In the post-apocalyptic Australian wasteland, a cynical drifter agrees to help a small, gasoline-rich community escape a horde of bandits.",Mad Max 2,Mad Max 2,,96 
The Lost Weekend,1945,"Drama, Film-Noir",101 min,7.9,The desperate life of a chronic alcoholic is followed through a four-day drinking bout.,The Lost Weekend,The Lost Weekend,,101
Paths of Glory,1957,"Drama, War",88 min,8.4,"After refusing to attack an enemy position, a general accuses the soldiers of cowardice and their commanding officer must defend them.",Paths of Glory,Moonrise Kingdom,,88 
Soul,2020,"Animation, Adventure, Comedy",100 min,8.1,"After landing the gig of a lifetime, a New York jazz pianist suddenly finds himself trapped in a strange land between Earth and the afterlife.",Soul,Soul,,100
Whiplash,2014,"Drama, Music",106 min,8.5,A promising young drummer enrolls at a cut-throat music conservatory where his dreams of greatness are mentored by an instructor who will stop at nothing to realize a student's potential.,Whiplash,Whiplash,,106
Crash,2004,"Crime, Drama, Thriller",112 min,7.7,"Los Angeles citizens with vastly separate lives collide in interweaving stories of race, loss and redemption.",Crash,Crash,,112
Hable con ella,2002,"Drama, Mystery, Romance",112 min,7.9,Two men share an odd friendship while they care for two women who are both in deep comas.,Hable con ella,Hamlet,,112
The Graduate,1967,"Comedy, Drama, Romance",106 min,8.0,A disillusioned college graduate finds himself torn between his older lover and her daughter.,The Graduate,The Graduate,,106
The Best Years of Our Lives,1946,"Drama, Romance, War",170 min,8.0,Three World War II veterans return home to small-town America to discover that they and their families have been irreparably changed.,The Best Years of Our Lives,The Last Samurai,,170
G.O.R.A.,2004,"Adventure, Comedy, Sci-Fi",127 min,8.0,A slick young Turk kidnapped by extraterrestrials shows his great « humanitarian spirit » by outwitting the evil commander-in-chief of the planet of G.O.R.A.,G.O.R.A.,G.O.R.A.,,127
Miracle in cell NO.7,2019,Drama,132 min,8.3,A story of love between a mentally-ill father who was wrongly accused of murder and his lovely six years old daughter. The prison would be their home. Based on the 2013 Korean movie 7-beon-bang-ui seon-mul (2013).,Miracle in cell NO.7,The Fault in Our Stars,,132
Guardians of the Galaxy,2014,"Action, Adventure, Comedy",121 min,8.0,A group of intergalactic criminals must pull together to stop a fanatical warrior with plans to purge the universe.,Guardians of the Galaxy,Guardians of the Galaxy,,121
Philomena,2013,"Biography, Comedy, Drama",98 min,7.6,"A world-weary political journalist picks up the story of a woman's search for her son, who was taken away from her decades ago after she became pregnant and was forced to live in a convent.",Philomena,Roman Holiday,,98 
The Adventures of Robin Hood,1938,"Action, Adventure, Romance",102 min,7.9,"When Prince John and the Norman Lords begin oppressing the Saxon masses in King Richard's absence, a Saxon lord fights back as the outlaw leader of a rebel guerrilla army.",The Adventures of Robin Hood,The Adventures of Robin Hood,,102
Tropa de Elite 2: O Inimigo Agora é Outro,2010,"Action, Crime, Drama",115 min,8.0,"After a prison riot, former-Captain Nascimento, now a high ranking security officer in Rio de Janeiro, is swept into a bloody political dispute that involves government officials and paramilitary groups.",Tropa de Elite 2: O Inimigo Agora é Outro,Tropa de Elite 2: O Inimigo Agora é Outro,,115
Kung fu,2004,"Action, Comedy, Fantasy",99 min,7.7,"In Shanghai, China in the 1940s, a wannabe gangster aspires to join the notorious ""Axe Gang"" while residents of a housing complex exhibit extraordinary powers in defending their turf.",Kung fu,Kung fu,"Action, Comedy, Fantasy",99 
Kill Bill: Vol. 1,2003,"Action, Crime, Drama",111 min,8.1,"After awakening from a four-year coma, a former assassin wreaks vengeance on the team of assassins who betrayed her.",Kill Bill: Vol. 1,Kill Bill: Vol. 1,,111
The Lord of the Rings: The Two Towers,2002,"Action, Adventure, Drama",179 min,8.7,"While Frodo and Sam edge closer to Mordor with the help of the shifty Gollum, the divided fellowship makes a stand against Sauron's new ally, Saruman, and his hordes of Isengard.",The Lord of the Rings: The Two Towers,The Notebook,,179
La Grande Illusion,1937,"Drama, War",113 min,8.1,"During WWI, two French soldiers are captured and imprisoned in a German P.O.W. camp. Several escape attempts follow until they are eventually sent to a seemingly inescapable fortress.",La Grande Illusion,La Grande Illusion,,113
The Big Short,2015,"Biography, Comedy, Drama",130 min,7.8,In 2006-2007 a group of investors bet against the US mortgage market. In their research they discover how flawed and corrupt the market is.,The Big Short,The Big Short,,130
Festen,1998,Drama,105 min,8.0,"At Helge's 60th birthday party, some unpleasant family truths are revealed.",Festen,Festen,,105
Fitzcarraldo,1982,"Adventure, Drama",158 min,8.1,"The story of Brian Sweeney Fitzgerald, an extremely determined man who intends to build an opera house in the middle of a jungle.",Fitzcarraldo,The Wrestler,,158
Andaz Apna Apna,1994,"Action, Comedy, Romance",160 min,8.2,Two slackers competing for the affections of an heiress inadvertently become her protectors from an evil criminal.,Andaz Apna Apna,Andaz Apna Apna,,160
First Blood,1982,"Action, Adventure",93 min,7.7,A veteran Green Beret is forced by a cruel Sheriff and his deputies to flee into the mountains and wage an escalating one-man war against his pursuers.,First Blood,First Blood,,93 
The Jungle Book,1967,"Animation, Adventure, Family",78 min,7.6,Bagheera the Panther and Baloo the Bear have a difficult time trying to convince a boy to leave the jungle for human civilization.,The Jungle Book,The Jungle Book,,78 
Todo sobre mi madre,1999,Drama,101 min,7.8,"Young Esteban wants to become a writer and also to discover the identity of his second mother, a trans woman, carefully concealed by his mother Manuela.",Todo sobre mi madre,Todo sobre mi madre,,101
Philadelphia,1993,Drama,125 min,7.7,"When a man with HIV is fired by his law firm because of his condition, he hires a homophobic small time lawyer as the only willing advocate for a wrongful dismissal suit.",Philadelphia,Philadelphia,,125
The Irishman,2019,"Biography, Crime, Drama",209 min,7.9,"An old man recalls his time painting houses for his friend, Jimmy Hoffa, through the 1950-70s.",The Irishman,The Irishman,"Biography, Crime, Drama",209
Blood Simple,1984,"Crime, Drama, Thriller",99 min,7.6,"The owner of a seedy small-town Texas bar discovers that one of his employees is having an affair with his wife. A chaotic chain of misunderstandings, lies and mischief ensues after he devises a plot to have them murdered.",Blood Simple,Airlift,,99 
Gegen die Wand,2004,"Drama, Romance",121 min,7.9,"With the intention to break free from the strict familial restrictions, a suicidal young woman sets up a marriage of convenience with a forty-year-old addict, an act that will lead to an outburst of envious love.",Gegen die Wand,Gegen die Wand,,121
The Last Emperor,1987,"Biography, Drama, History",163 min,7.7,The story of the final Emperor of China.,The Last Emperor,The Last Emperor,"Biography, Drama, History",163
Catch Me If You Can,2002,"Biography, Crime, Drama",141 min,8.1,"Barely 21 yet, Frank is a skilled forger who has passed as a doctor, lawyer and pilot. FBI agent Carl becomes obsessed with tracking down the con man, who only revels in the pursuit.",Catch Me If You Can,Jodaeiye Nader az Simin,,141
King Kong,1933,"Adventure, Horror, Sci-Fi",100 min,7.9,A film crew goes to a tropical island for an exotic location shoot and discovers a colossal ape who takes a shine to their female blonde star. He is then captured and brought back to New York City for public exhibition.,King Kong,King Kong,,100
Fantasia,1940,"Animation, Family, Fantasy",125 min,7.7,A collection of animated interpretations of great works of Western classical music.,Fantasia,Fantasia,,125
The Philadelphia Story,1940,"Comedy, Romance",112 min,7.9,"When a rich woman's ex-husband and a tabloid-type reporter turn up just before her planned remarriage, she begins to learn the truth about herself.",The Philadelphia Story,The Philadelphia Story,,112
The Right Stuff,1983,"Adventure, Biography, Drama",193 min,7.8,"The story of the original Mercury 7 astronauts and their macho, seat-of-the-pants approach to the space program.",The Right Stuff,The Right Stuff,,193
Rashômon,1950,"Crime, Drama, Mystery",88 min,8.2,"The rape of a bride and the murder of her samurai husband are recalled from the perspectives of a bandit, the bride, the samurai's ghost and a woodcutter.",Rashômon,Rashômon,,88 
Man on Fire,2004,"Action, Crime, Drama",146 min,7.7,"In Mexico City, a former CIA operative swears vengeance on those who committed an unspeakable act against the family he was hired to protect.",Man on Fire,Man on Fire,,146
Midnight Cowboy,1969,Drama,113 min,7.8,"A naive hustler travels from Texas to New York City to seek personal fortune, finding a new friend in the process.",Midnight Cowboy,Midnight Cowboy,Drama,113
Jojo Rabbit,2019,"Comedy, Drama, War",108 min,7.9,A young boy in Hitler's army finds out his mother is hiding a Jewish girl in their home.,Jojo Rabbit,Jojo Rabbit,,108
The Goonies,1985,"Adventure, Comedy, Family",114 min,7.8,A group of young misfits called The Goonies discover an ancient map and set out on an adventure to find a legendary pirate's long-lost treasure.,The Goonies,The Goonies,"Adventure, Comedy, Family",114
Cowboy Bebop: Tengoku no tobira,2001,"Animation, Action, Crime",115 min,7.9,"A terrorist explosion releases a deadly virus on the masses, and it's up the bounty-hunting Bebop crew to catch the cold-blooded culprit.",Cowboy Bebop: Tengoku no tobira,Cowboy Bebop: Tengoku no tobira,,115
Spider-Man: Into the Spider-Verse,2018,"Animation, Action, Adventure",117 min,8.4,"Teen Miles Morales becomes the Spider-Man of his universe, and must join with five spider-powered individuals from other dimensions to stop a threat for all realities.",Spider-Man: Into the Spider-Verse,Spider-Man: Into the Spider-Verse,,117
Nightcrawler,2014,"Crime, Drama, Thriller",117 min,7.9,"When Louis Bloom, a con man desperate for work, muscles into the world of L.A. crime journalism, he blurs the line between observer and participant to become the star of his own story.",Nightcrawler,Nightcrawler,,117
The Big Sleep,1946,"Crime, Film-Noir, Mystery",114 min,7.9,"Private detective Philip Marlowe is hired by a wealthy family. Before the complex case is over, he's seen murder, blackmail, and what might be love.",The Big Sleep,The Big Sleep,,114
The Dirty Dozen,1967,"Action, Adventure, War",150 min,7.7,"During World War II, a rebellious U.S. Army Major is assigned a dozen convicted murderers to train and lead them into a mass assassination mission of German officers.",The Dirty Dozen,The Hurricane,,150
Beasts of No Nation,2015,"Drama, War",137 min,7.7,"A drama based on the experiences of Agu, a child soldier fighting in the civil war of an unnamed African country.",Beasts of No Nation,"O Brother, Where Art Thou?",,137
The Big Lebowski,1998,"Comedy, Crime, Sport",117 min,8.1,"Jeff ""The Dude"" Lebowski, mistaken for a millionaire of the same name, seeks restitution for his ruined rug and enlists his bowling buddies to help get it.",The Big Lebowski,The Big Lebowski,,117
Interstellar,2014,"Adventure, Drama, Sci-Fi",169 min,8.6,A team of explorers travel through a wormhole in space in an attempt to ensure humanity's survival.,Interstellar,Interstellar,,169
Mr. Smith Goes to Washington,1939,"Comedy, Drama",129 min,8.1,"A naive man is appointed to fill a vacancy in the United States Senate. His plans promptly collide with political corruption, but he doesn't back down.",Mr. Smith Goes to Washington,Mr. Smith Goes to Washington,,129
La règle du jeu,1939,"Comedy, Drama",110 min,8.0,"A bourgeois life in France at the onset of World War II, as the rich and their poor servants meet up at a French chateau.",La règle du jeu,La règle du jeu,,110
Hera Pheri,2000,"Action, Comedy, Crime",156 min,8.2,"Three unemployed men look for answers to all their money problems - but when their opportunity arrives, will they know what to do with it?",Hera Pheri,Hera Pheri,"Action, Comedy, Crime",156
The Elephant Man,1980,"Biography, Drama",124 min,8.1,"A Victorian surgeon rescues a heavily disfigured man who is mistreated while scraping a living as a side-show freak. Behind his monstrous façade, there is revealed a person of kindness, intelligence and sophistication.",The Elephant Man,The Elephant Man,,124
The Thin Red Line,1998,"Drama, War",170 min,7.6,"Adaptation of James Jones' autobiographical 1962 novel, focusing on the conflict at Guadalcanal during the second World War.",The Thin Red Line,The Thin Red Line,,170
The Treasure of the Sierra Madre,1948,"Adventure, Drama, Western",126 min,8.2,Two Americans searching for work in Mexico convince an old prospector to help them mine for gold in the Sierra Madre Mountains.,The Treasure of the Sierra Madre,The Treasure of the Sierra Madre,"Adventure, Drama, Western",126
The Straight Story,1999,"Biography, Drama",112 min,8.0,An old man makes a long journey by lawnmower to mend his relationship with an ill brother.,The Straight Story,The Straight Story,,112
Being John Malkovich,1999,"Comedy, Drama, Fantasy",113 min,7.7,A puppeteer discovers a portal that leads literally into the head of movie star John Malkovich.,Being John Malkovich,Being John Malkovich,,113
Being There,1979,"Comedy, Drama",130 min,8.0,"A simpleminded, sheltered gardener becomes an unlikely trusted advisor to a powerful businessman and an insider in Washington politics.",Being There,La vita è bella,,130
Boyhood,2014,Drama,165 min,7.9,"The life of Mason, from early childhood to his arrival at college.",Boyhood,Boyhood,,165
The Revenant,2015,"Action, Adventure, Drama",156 min,8.0,A frontiersman on a fur trading expedition in the 1820s fights for survival after being mauled by a bear and left for dead by members of his own hunting team.,The Revenant,The Revenant,,156
Joyeux Noël,2005,"Drama, History, Music",116 min,7.7,"In December 1914, an unofficial Christmas truce on the Western Front allows soldiers from opposing sides of the First World War to gain insight into each other's way of life.",Joyeux Noël,Joyeux Noël,,116
White Heat,1949,"Action, Crime, Drama",114 min,8.1,A psychopathic criminal with a mother complex makes a daring break from prison and leads his old gang in a chemical plant payroll heist.,White Heat,The Best Years of Our Lives,,114
The Remains of the Day,1993,"Drama, Romance",134 min,7.8,A butler who sacrificed body and soul to service in the years leading up to World War II realizes too late how misguided his loyalty was to his lordly employer.,The Remains of the Day,The Remains of the Day,,134
K.G.F: Chapter 1,2018,"Action, Drama",156 min,8.2,"In the 1970s, a fierce rebel rises against brutal oppression and becomes the symbol of hope to legions of downtrodden people.",K.G.F: Chapter 1,K.G.F: Chapter 1,,156
The Fugitive,1993,"Action, Crime, Drama",130 min,7.8,"Dr. Richard Kimble, unjustly accused of murdering his wife, must find the real killer while being the target of a nationwide manhunt led by a seasoned U.S. Marshal.",The Fugitive,The Fugitive,,130
The Quiet Man,1952,"Comedy, Drama, Romance",129 min,7.7,"A retired American boxer returns to the village of his birth in Ireland, where he falls for a spirited redhead whose brother is contemptuous of their union.",The Quiet Man,The Quiet Man,"Comedy, Drama, Romance",129
Good Will Hunting,1997,"Drama, Romance",126 min,8.3,"Will Hunting, a janitor at M.I.T., has a gift for mathematics, but needs help from a psychologist to find direction in his life.",Good Will Hunting,Jojo Rabbit,"Drama, Romance",126
Mar adentro,2014,"Biography, Drama",126 min,8.0,"The factual story of Spaniard Ramon Sampedro, who fought a thirty-year campaign in favor of euthanasia and his own right to die.",Mar adentro,Mar adentro,"Biography, Drama",126
Drishyam,2013,"Crime, Drama, Thriller",160 min,8.3,A man goes to extreme lengths to save his family from punishment after the family commits an accidental crime.,Drishyam,Drishyam,,160
The Wizard of Oz,1939,"Adventure, Family, Fantasy",102 min,8.0,Dorothy Gale is swept away from a farm in Kansas to a magical land of Oz in a tornado and embarks on a quest with her new friends to see the Wizard who can help her return home to Kansas and help her friends as well.,The Wizard of Oz,The Wizard of Oz,,102
Zootopia,2016,"Animation, Adventure, Comedy",108 min,8.0,"In a city of anthropomorphic animals, a rookie bunny cop and a cynical con artist fox must work together to uncover a conspiracy.",Zootopia,Inglourious Basterds,,108
Barfi!,2012,"Comedy, Drama, Romance",151 min,8.1,Three young people learn that love can neither be defined nor contained by society's definition of normal and abnormal.,Barfi!,Barfi!,,151
Marriage Story,2019,"Comedy, Drama, Romance",137 min,7.9,Noah Baumbach's incisive and compassionate look at a marriage breaking up and a family staying together.,Marriage Story,Marriage Story,"Comedy, Drama, Romance",137
Ikiru,1952,Drama,143 min,8.3,A bureaucrat tries to find a meaning in his life after he discovers he has terminal cancer.,Ikiru,Ikiru,,143
The Fighter,2010,"Biography, Drama, Sport",116 min,7.8,"Based on the story of Micky Ward, a fledgling boxer who tries to escape the shadow of his more famous but troubled older boxing brother and get his own shot at greatness.",The Fighter,The Fighter,,116
Soorarai Pottru,2020,Drama,153 min,8.6,"Nedumaaran Rajangam ""Maara"" sets out to make the common man fly and in the process takes on the world's most capital intensive industry and several enemies who stand in his way.",Soorarai Pottru,Soorarai Pottru,,153
Wait Until Dark,1967,Thriller,108 min,7.8,A recently blinded woman is terrorized by a trio of thugs while they search for a heroin-stuffed doll they believe is in her apartment.,Wait Until Dark,Psycho,,108
Once Upon a Time in America,1984,"Crime, Drama",229 min,8.4,"A former Prohibition-era Jewish gangster returns to the Lower East Side of Manhattan over thirty years later, where he once again must confront the ghosts and regrets of his old life.",Once Upon a Time in America,Once Upon a Time in America,"Crime, Drama",229
Aliens,1986,"Action, Adventure, Sci-Fi",137 min,8.3,"Fifty-seven years after surviving an apocalyptic attack aboard her space vessel by merciless space creatures, Officer Ripley awakens from hyper-sleep and tries to warn anyone who will listen about the predators.",Aliens,Aliens,,137
Kaze no tani no Naushika,1984,"Animation, Adventure, Fantasy",117 min,8.1,Warrior and pacifist Princess Nausicaä desperately struggles to prevent two warring nations from destroying themselves and their dying planet.,Kaze no tani no Naushika,Kaze no tani no Naushika,,117
Zulu,1964,"Drama, History, War",138 min,7.7,Outnumbered British soldiers do battle with Zulu warriors at Rorke's Drift.,Zulu,Zulu,,138
La dolce vita,1960,"Comedy, Drama",174 min,8.0,A series of stories following a week in the life of a philandering paparazzo journalist living in Rome.,La dolce vita,La dolce vita,"Comedy, Drama",174
Braveheart,1995,"Biography, Drama, History",178 min,8.3,Scottish warrior William Wallace leads his countrymen in a rebellion to free his homeland from the tyranny of King Edward I of England.,Braveheart,Braveheart,,178
