Series_Title,Released_Year,Genre,Runtime,IMDB_Rating,Overview,Series_Title_lower,Series_Title_no_punc,Overview_no_num,Overview_lemmatized,Overview_no_stopwords,Overview_no_num_no_punc,Overview_no_num_no_punc_no_stopwords,orig_index
Trois couleurs: Bleu,1993,"Drama, Music, Mystery",94 min,7.9,A woman struggles to find a way to live her life after the death of her husband and child.,trois couleurs: bleu,Trois couleurs Bleu,A woman struggles to find a way to live her life after the death of her husband and child.,A woman struggles to find a way to live her life after the death of her husband and child.,A woman struggles find way live life death husband child.,A woman struggles to find a way to live her life after the death of her husband and child,A woman struggles find way live life death husband child,0
Captain America: The Winter Soldier,2014,"Action, Adventure, Sci-Fi",136 min,7.7,"As Steve Rogers struggles to embrace his role in the modern world, he teams up with a fellow Avenger and S.H.I.E.L.D agent, Black Widow, to battle a new threat from history: an assassin known as the Winter Soldier.",captain america: the winter soldier,Captain America The Winter Soldier,"As Steve Rogers struggles to embrace his role in the modern world, he teams up with a fellow Avenger and S.H.I.E.L.D agent, Black Widow, to battle a new threat from history: an assassin known as the Winter Soldier.","As Steve Rogers struggles to embrace his role in the modern world, he teams up with a fellow Avenger and S.H.I.E.L.D agent, Black Widow, to battle a new threat from history: an assassin known as the Winter Soldier.","As Steve Rogers struggles embrace role modern world, teams fellow Avenger S.H.I.E.L.D agent, Black Widow, battle new threat history: assassin known Winter Soldier.",As Steve Rogers struggles to embrace his role in the modern world he teams up with a fellow Avenger and SHIELD agent Black Widow to battle a new threat from history an assassin known as the Winter Soldier,As Steve Rogers struggles embrace role modern world teams fellow Avenger SHIELD agent Black Widow battle new threat history assassin known Winter Soldier,1
Wreck-It Ralph,2012,"Animation, Adventure, Comedy",101 min,7.7,"A video game villain wants to be a hero and sets out to fulfill his dream, but his quest brings havoc to the whole arcade where he lives.",wreck-it ralph,WreckIt Ralph,"A video game villain wants to be a hero and sets out to fulfill his dream, but his quest brings havoc to the whole arcade where he lives.","A video game villain wants to be a hero and sets out to fulfill his dream, but his quest brings havoc to the whole arcade where he lives.","A video game villain wants hero sets fulfill dream, quest brings havoc whole arcade lives.",A video game villain wants to be a hero and sets out to fulfill his dream but his quest brings havoc to the whole arcade where he lives,A video game villain wants hero sets fulfill dream quest brings havoc whole arcade lives,2
The Sandlot,1993,"Comedy, Drama, Family",101 min,7.8,"In the summer of 1962, a new kid in town is taken under the wing of a young baseball prodigy and his rowdy team, resulting in many adventures.",the sandlot,The Sandlot,"In the summer of 1962, a new kid in town is taken under the wing of a young baseball prodigy and his rowdy team, resulting in many adventures.","In the summer of 1962, a new kid in town is taken under the wing of a young baseball prodigy and his rowdy team, resulting in many adventures.","In summer 1962, new kid town taken wing young baseball prodigy rowdy team, resulting many adventures.",In the summer of 1962 a new kid in town is taken under the wing of a young baseball prodigy and his rowdy team resulting in many adventures,In summer 1962 new kid town taken wing young baseball prodigy rowdy team resulting many adventures,3
Gandhi,1982,"Biography, Drama, History",191 min,8.0,The life of the lawyer who became the famed leader of the Indian revolts against the British rule through his philosophy of nonviolent protest.,gandhi,Gandhi,The life of the lawyer who became the famed leader of the Indian revolts against the British rule through his philosophy of nonviolent protest.,The life of the lawyer who became the famed leader of the Indian revolts against the British rule through his philosophy of nonviolent protest.,The life lawyer became famed leader Indian revolts British rule philosophy nonviolent protest.,The life of the lawyer who became the famed leader of the Indian revolts against the British rule through his philosophy of nonviolent protest,The life lawyer became famed leader Indian revolts British rule philosophy nonviolent protest,4
Evil Dead II,1987,"Action, Comedy, Fantasy",84 min,7.8,The lone survivor of an onslaught of flesh-possessing spirits holes up in a cabin with a group of strangers while the demons continue their attack.,evil dead ii,Evil Dead II,The lone survivor of an onslaught of flesh-possessing spirits holes up in a cabin with a group of strangers while the demons continue their attack.,The lone survivor of an onslaught of flesh-possessing spirits holes up in a cabin with a group of strangers while the demons continue their attack.,The lone survivor onslaught flesh-possessing spirits holes cabin group strangers demons continue attack.,The lone survivor of an onslaught of fleshpossessing spirits holes up in a cabin with a group of strangers while the demons continue their attack,The lone survivor onslaught fleshpossessing spirits holes cabin group strangers demons continue attack,5
Little Miss Sunshine,2006,"Comedy, Drama",101 min,7.8,A family determined to get their young daughter into the finals of a beauty pageant take a cross-country trip in their VW bus.,little miss sunshine,Little Miss Sunshine,A family determined to get their young daughter into the finals of a beauty pageant take a cross-country trip in their VW bus.,A family determined to get their young daughter into the finals of a beauty pageant take a cross-country trip in their VW bus.,A family determined get young daughter finals beauty pageant take cross-country trip VW bus.,A family determined to get their young daughter into the finals of a beauty pageant take a crosscountry trip in their VW bus,A family determined get young daughter finals beauty pageant take crosscountry trip VW bus,6
Children of Men,2006,"Adventure, Drama, Sci-Fi",109 min,7.9,"In 2027, in a chaotic world in which women have become somehow infertile, a former activist agrees to help transport a miraculously pregnant woman to a sanctuary at sea.",children of men,Children of Men,"In 2027, in a chaotic world in which women have become somehow infertile, a former activist agrees to help transport a miraculously pregnant woman to a sanctuary at sea.","In 2027, in a chaotic world in which women have become somehow infertile, a former activist agrees to help transport a miraculously pregnant woman to a sanctuary at sea.","In 2027, chaotic world women become somehow infertile, former activist agrees help transport miraculously pregnant woman sanctuary sea.",In 2027 in a chaotic world in which women have become somehow infertile a former activist agrees to help transport a miraculously pregnant woman to a sanctuary at sea,In 2027 chaotic world women become somehow infertile former activist agrees help transport miraculously pregnant woman sanctuary sea,7
Repulsion,1965,"Drama, Horror, Thriller",105 min,7.7,A sex-repulsed woman who disapproves of her sister's boyfriend sinks into depression and has horrific visions of rape and violence.,repulsion,Repulsion,A sex-repulsed woman who disapproves of her sister's boyfriend sinks into depression and has horrific visions of rape and violence.,A sex-repulsed woman who disapproves of her sister's boyfriend sinks into depression and has horrific visions of rape and violence.,A sex-repulsed woman disapproves sister's boyfriend sinks depression horrific visions rape violence.,A sexrepulsed woman who disapproves of her sisters boyfriend sinks into depression and has horrific visions of rape and violence,A sexrepulsed woman disapproves sisters boyfriend sinks depression horrific visions rape violence,8
Drishyam,2015,"Crime, Drama, Mystery",163 min,8.2,"Desperate measures are taken by a man who tries to save his family from the dark side of the law, after they commit an unexpected crime.",drishyam,Drishyam,"Desperate measures are taken by a man who tries to save his family from the dark side of the law, after they commit an unexpected crime.","Desperate measures are taken by a man who tries to save his family from the dark side of the law, after they commit an unexpected crime.","Desperate measures taken man tries save family dark side law, commit unexpected crime.",Desperate measures are taken by a man who tries to save his family from the dark side of the law after they commit an unexpected crime,Desperate measures taken man tries save family dark side law commit unexpected crime,9
Primal Fear,1996,"Crime, Drama, Mystery",129 min,7.7,"An altar boy is accused of murdering a priest, and the truth is buried several layers deep.",primal fear,Primal Fear,"An altar boy is accused of murdering a priest, and the truth is buried several layers deep.","An altar boy is accused of murdering a priest, and the truth is buried several layers deep.","An altar boy accused murdering priest, truth buried several layers deep.",An altar boy is accused of murdering a priest and the truth is buried several layers deep,An altar boy accused murdering priest truth buried several layers deep,10
Anand,1971,"Drama, Musical",122 min,8.4,"The story of a terminally ill man who wishes to live life to the fullest before the inevitable occurs, as told by his best friend.",anand,Anand,"The story of a terminally ill man who wishes to live life to the fullest before the inevitable occurs, as told by his best friend.","The story of a terminally ill man who wishes to live life to the fullest before the inevitable occurs, as told by his best friend.","The story terminally ill man wishes live life fullest inevitable occurs, told best friend.",The story of a terminally ill man who wishes to live life to the fullest before the inevitable occurs as told by his best friend,The story terminally ill man wishes live life fullest inevitable occurs told best friend,11
Ondskan,2003,Drama,113 min,7.8,"A teenage boy expelled from school for fighting arrives at a boarding school where the systematic bullying of younger students is encouraged as a means to maintain discipline, and decides to fight back.",ondskan,Ondskan,"A teenage boy expelled from school for fighting arrives at a boarding school where the systematic bullying of younger students is encouraged as a means to maintain discipline, and decides to fight back.","A teenage boy expelled from school for fighting arrives at a boarding school where the systematic bullying of younger students is encouraged as a means to maintain discipline, and decides to fight back.","A teenage boy expelled school fighting arrives boarding school systematic bullying younger students encouraged means maintain discipline, decides fight back.",A teenage boy expelled from school for fighting arrives at a boarding school where the systematic bullying of younger students is encouraged as a means to maintain discipline and decides to fight back,A teenage boy expelled school fighting arrives boarding school systematic bullying younger students encouraged means maintain discipline decides fight back,12
Home Alone,1990,"Comedy, Family",103 min,7.6,An eight-year-old troublemaker must protect his house from a pair of burglars when he is accidentally left home alone by his family during Christmas vacation.,home alone,Home Alone,An eight-year-old troublemaker must protect his house from a pair of burglars when he is accidentally left home alone by his family during Christmas vacation.,An eight-year-old troublemaker must protect his house from a pair of burglars when he is accidentally left home alone by his family during Christmas vacation.,An eight-year-old troublemaker must protect house pair burglars accidentally left home alone family Christmas vacation.,An eightyearold troublemaker must protect his house from a pair of burglars when he is accidentally left home alone by his family during Christmas vacation,An eightyearold troublemaker must protect house pair burglars accidentally left home alone family Christmas vacation,13
21 Grams,2003,"Crime, Drama, Thriller",124 min,7.6,"A freak accident brings together a critically ill mathematician, a grieving mother, and a born-again ex-con.",21 grams,21 Grams,"A freak accident brings together a critically ill mathematician, a grieving mother, and a born-again ex-con.","A freak accident brings together a critically ill mathematician, a grieving mother, and a born-again ex-con.","A freak accident brings together critically ill mathematician, grieving mother, born-again ex-con.",A freak accident brings together a critically ill mathematician a grieving mother and a bornagain excon,A freak accident brings together critically ill mathematician grieving mother bornagain excon,14
El cuerpo,2012,"Mystery, Thriller",112 min,7.6,A detective searches for the body of a femme fatale which has gone missing from a morgue.,el cuerpo,El cuerpo,A detective searches for the body of a femme fatale which has gone missing from a morgue.,A detective searches for the body of a femme fatale which has gone missing from a morgue.,A detective searches body femme fatale gone missing morgue.,A detective searches for the body of a femme fatale which has gone missing from a morgue,A detective searches body femme fatale gone missing morgue,15
Network,1976,Drama,121 min,8.1,A television network cynically exploits a deranged former anchor's ravings and revelations about the news media for its own profit.,network,Network,A television network cynically exploits a deranged former anchor's ravings and revelations about the news media for its own profit.,A television network cynically exploits a deranged former anchor's ravings and revelations about the news media for its own profit.,A television network cynically exploits deranged former anchor's ravings revelations news media profit.,A television network cynically exploits a deranged former anchors ravings and revelations about the news media for its own profit,A television network cynically exploits deranged former anchors ravings revelations news media profit,16
Gifted,2017,Drama,101 min,7.6,"Frank, a single man raising his child prodigy niece Mary, is drawn into a custody battle with his mother.",gifted,Gifted,"Frank, a single man raising his child prodigy niece Mary, is drawn into a custody battle with his mother.","Frank, a single man raising his child prodigy niece Mary, is drawn into a custody battle with his mother.","Frank, single man raising child prodigy niece Mary, drawn custody battle mother.",Frank a single man raising his child prodigy niece Mary is drawn into a custody battle with his mother,Frank single man raising child prodigy niece Mary drawn custody battle mother,17
Toki o kakeru shôjo,2006,"Animation, Adventure, Comedy",98 min,7.7,"A high-school girl named Makoto acquires the power to travel back in time, and decides to use it for her own personal benefits. Little does she know that she is affecting the lives of others just as much as she is her own.",toki o kakeru shôjo,Toki o kakeru shôjo,"A high-school girl named Makoto acquires the power to travel back in time, and decides to use it for her own personal benefits. Little does she know that she is affecting the lives of others just as much as she is her own.","A high-school girl named Makoto acquires the power to travel back in time, and decides to use it for her own personal benefits. Little does she know that she is affecting the lives of others just as much as she is her own.","A high-school girl named Makoto acquires power travel back time, decides use personal benefits. Little know affecting lives others much own.",A highschool girl named Makoto acquires the power to travel back in time and decides to use it for her own personal benefits Little does she know that she is affecting the lives of others just as much as she is her own,A highschool girl named Makoto acquires power travel back time decides use personal benefits Little know affecting lives others much,18
Sunrise: A Song of Two Humans,1927,"Drama, Romance",94 min,8.1,An allegorical tale about a man fighting the good and evil within him. Both sides are made flesh - one a sophisticated woman he is attracted to and the other his wife.,sunrise: a song of two humans,Sunrise A Song of Two Humans,An allegorical tale about a man fighting the good and evil within him. Both sides are made flesh - one a sophisticated woman he is attracted to and the other his wife.,An allegorical tale about a man fighting the good and evil within him. Both sides are made flesh - one a sophisticated woman he is attracted to and the other his wife.,An allegorical tale man fighting good evil within him. Both sides made flesh - one sophisticated woman attracted wife.,An allegorical tale about a man fighting the good and evil within him Both sides are made flesh  one a sophisticated woman he is attracted to and the other his wife,An allegorical tale man fighting good evil within Both sides made flesh one sophisticated woman attracted wife,19
Spartacus,1960,"Adventure, Biography, Drama",197 min,7.9,The slave Spartacus leads a violent revolt against the decadent Roman Republic.,spartacus,Spartacus,The slave Spartacus leads a violent revolt against the decadent Roman Republic.,The slave Spartacus leads a violent revolt against the decadent Roman Republic.,The slave Spartacus leads violent revolt decadent Roman Republic.,The slave Spartacus leads a violent revolt against the decadent Roman Republic,The slave Spartacus leads violent revolt decadent Roman Republic,20
Stalker,1979,"Drama, Sci-Fi",162 min,8.2,A guide leads two men through an area known as the Zone to find a room that grants wishes.,stalker,Stalker,A guide leads two men through an area known as the Zone to find a room that grants wishes.,A guide leads two men through an area known as the Zone to find a room that grants wishes.,A guide leads two men area known Zone find room grants wishes.,A guide leads two men through an area known as the Zone to find a room that grants wishes,A guide leads two men area known Zone find room grants wishes,21
Bom Yeoareum Gaeul Gyeoul Geurigo Bom,2003,"Drama, Romance",103 min,8.0,A boy is raised by a Buddhist monk in an isolated floating temple where the years pass like the seasons.,bom yeoareum gaeul gyeoul geurigo bom,Bom Yeoareum Gaeul Gyeoul Geurigo Bom,A boy is raised by a Buddhist monk in an isolated floating temple where the years pass like the seasons.,A boy is raised by a Buddhist monk in an isolated floating temple where the years pass like the seasons.,A boy raised Buddhist monk isolated floating temple years pass like seasons.,A boy is raised by a Buddhist monk in an isolated floating temple where the years pass like the seasons,A boy raised Buddhist monk isolated floating temple years pass like seasons,22
The Untouchables,1987,"Crime, Drama, Thriller",119 min,7.9,"During the era of Prohibition in the United States, Federal Agent Eliot Ness sets out to stop ruthless Chicago gangster Al Capone and, because of rampant corruption, assembles a small, hand-picked team to help him.",the untouchables,The Untouchables,"During the era of Prohibition in the United States, Federal Agent Eliot Ness sets out to stop ruthless Chicago gangster Al Capone and, because of rampant corruption, assembles a small, hand-picked team to help him.","During the era of Prohibition in the United States, Federal Agent Eliot Ness sets out to stop ruthless Chicago gangster Al Capone and, because of rampant corruption, assembles a small, hand-picked team to help him.","During era Prohibition United States, Federal Agent Eliot Ness sets stop ruthless Chicago gangster Al Capone and, rampant corruption, assembles small, hand-picked team help him.",During the era of Prohibition in the United States Federal Agent Eliot Ness sets out to stop ruthless Chicago gangster Al Capone and because of rampant corruption assembles a small handpicked team to help him,During era Prohibition United States Federal Agent Eliot Ness sets stop ruthless Chicago gangster Al Capone rampant corruption assembles small handpicked team help,23
Gone Girl,2014,"Drama, Mystery, Thriller",149 min,8.1,"With his wife's disappearance having become the focus of an intense media circus, a man sees the spotlight turned on him when it's suspected that he may not be innocent.",gone girl,Gone Girl,"With his wife's disappearance having become the focus of an intense media circus, a man sees the spotlight turned on him when it's suspected that he may not be innocent.","With his wife's disappearance having become the focus of an intense media circus, a man sees the spotlight turned on him when it's suspected that he may not be innocent.","With wife's disappearance become focus intense media circus, man sees spotlight turned suspected may innocent.",With his wifes disappearance having become the focus of an intense media circus a man sees the spotlight turned on him when its suspected that he may not be innocent,With wifes disappearance become focus intense media circus man sees spotlight turned suspected may innocent,24
Hotel Rwanda,2004,"Biography, Drama, History",121 min,8.1,"Paul Rusesabagina, a hotel manager, houses over a thousand Tutsi refugees during their struggle against the Hutu militia in Rwanda, Africa.",hotel rwanda,Hotel Rwanda,"Paul Rusesabagina, a hotel manager, houses over a thousand Tutsi refugees during their struggle against the Hutu militia in Rwanda, Africa.","Paul Rusesabagina, a hotel manager, houses over a thousand Tutsi refugees during their struggle against the Hutu militia in Rwanda, Africa.","Paul Rusesabagina, hotel manager, houses thousand Tutsi refugees struggle Hutu militia Rwanda, Africa.",Paul Rusesabagina a hotel manager houses over a thousand Tutsi refugees during their struggle against the Hutu militia in Rwanda Africa,Paul Rusesabagina hotel manager houses thousand Tutsi refugees struggle Hutu militia Rwanda Africa,25
Toy Story,1995,"Animation, Adventure, Comedy",81 min,8.3,A cowboy doll is profoundly threatened and jealous when a new spaceman figure supplants him as top toy in a boy's room.,toy story,Toy Story,A cowboy doll is profoundly threatened and jealous when a new spaceman figure supplants him as top toy in a boy's room.,A cowboy doll is profoundly threatened and jealous when a new spaceman figure supplants him as top toy in a boy's room.,A cowboy doll profoundly threatened jealous new spaceman figure supplants top toy boy's room.,A cowboy doll is profoundly threatened and jealous when a new spaceman figure supplants him as top toy in a boys room,A cowboy doll profoundly threatened jealous new spaceman figure supplants top toy boys room,26
Watership Down,1978,"Animation, Adventure, Drama",91 min,7.6,"Hoping to escape destruction by human developers and save their community, a colony of rabbits, led by Hazel and Fiver, seek out a safe place to set up a new warren.",watership down,Watership Down,"Hoping to escape destruction by human developers and save their community, a colony of rabbits, led by Hazel and Fiver, seek out a safe place to set up a new warren.","Hoping to escape destruction by human developers and save their community, a colony of rabbits, led by Hazel and Fiver, seek out a safe place to set up a new warren.","Hoping escape destruction human developers save community, colony rabbits, led Hazel Fiver, seek safe place set new warren.",Hoping to escape destruction by human developers and save their community a colony of rabbits led by Hazel and Fiver seek out a safe place to set up a new warren,Hoping escape destruction human developers save community colony rabbits led Hazel Fiver seek safe place set new warren,27
Kari-gurashi no Arietti,2010,"Animation, Adventure, Family",94 min,7.6,"The Clock family are four-inch-tall people who live anonymously in another family's residence, borrowing simple items to make their home. Life changes for the Clocks when their teenage daughter, Arrietty, is discovered.",kari-gurashi no arietti,Karigurashi no Arietti,"The Clock family are four-inch-tall people who live anonymously in another family's residence, borrowing simple items to make their home. Life changes for the Clocks when their teenage daughter, Arrietty, is discovered.","The Clock family are four-inch-tall people who live anonymously in another family's residence, borrowing simple items to make their home. Life changes for the Clocks when their teenage daughter, Arrietty, is discovered.","The Clock family four-inch-tall people live anonymously another family's residence, borrowing simple items make home. Life changes Clocks teenage daughter, Arrietty, discovered.",The Clock family are fourinchtall people who live anonymously in another familys residence borrowing simple items to make their home Life changes for the Clocks when their teenage daughter Arrietty is discovered,The Clock family fourinchtall people live anonymously another familys residence borrowing simple items make home Life changes Clocks teenage daughter Arrietty discovered,28
Harry Potter and the Sorcerer's Stone,2001,"Adventure, Family, Fantasy",152 min,7.6,"An orphaned boy enrolls in a school of wizardry, where he learns the truth about himself, his family and the terrible evil that haunts the magical world.",harry potter and the sorcerer's stone,Harry Potter and the Sorcerers Stone,"An orphaned boy enrolls in a school of wizardry, where he learns the truth about himself, his family and the terrible evil that haunts the magical world.","An orphaned boy enrolls in a school of wizardry, where he learns the truth about himself, his family and the terrible evil that haunts the magical world.","An orphaned boy enrolls school wizardry, learns truth himself, family terrible evil haunts magical world.",An orphaned boy enrolls in a school of wizardry where he learns the truth about himself his family and the terrible evil that haunts the magical world,An orphaned boy enrolls school wizardry learns truth family terrible evil haunts magical world,29
The King's Speech,2010,"Biography, Drama, History",118 min,8.0,"The story of King George VI, his impromptu ascension to the throne of the British Empire in 1936, and the speech therapist who helped the unsure monarch overcome his stammer.",the king's speech,The Kings Speech,"The story of King George VI, his impromptu ascension to the throne of the British Empire in 1936, and the speech therapist who helped the unsure monarch overcome his stammer.","The story of King George VI, his impromptu ascension to the throne of the British Empire in 1936, and the speech therapist who helped the unsure monarch overcome his stammer.","The story King George VI, impromptu ascension throne British Empire 1936, speech therapist helped unsure monarch overcome stammer.",The story of King George VI his impromptu ascension to the throne of the British Empire in 1936 and the speech therapist who helped the unsure monarch overcome his stammer,The story King George VI impromptu ascension throne British Empire 1936 speech therapist helped unsure monarch overcome stammer,30
Bhaag Milkha Bhaag,2013,"Biography, Drama, Sport",186 min,8.2,The truth behind the ascension of Milkha Singh who was scarred because of the India-Pakistan partition.,bhaag milkha bhaag,Bhaag Milkha Bhaag,The truth behind the ascension of Milkha Singh who was scarred because of the India-Pakistan partition.,The truth behind the ascension of Milkha Singh who was scarred because of the India-Pakistan partition.,The truth behind ascension Milkha Singh scarred India-Pakistan partition.,The truth behind the ascension of Milkha Singh who was scarred because of the IndiaPakistan partition,The truth behind ascension Milkha Singh scarred IndiaPakistan partition,31
Drive,2011,"Crime, Drama",100 min,7.8,A mysterious Hollywood stuntman and mechanic moonlights as a getaway driver and finds himself in trouble when he helps out his neighbor.,drive,Drive,A mysterious Hollywood stuntman and mechanic moonlights as a getaway driver and finds himself in trouble when he helps out his neighbor.,A mysterious Hollywood stuntman and mechanic moonlights as a getaway driver and finds himself in trouble when he helps out his neighbor.,A mysterious Hollywood stuntman mechanic moonlights getaway driver finds trouble helps neighbor.,A mysterious Hollywood stuntman and mechanic moonlights as a getaway driver and finds himself in trouble when he helps out his neighbor,A mysterious Hollywood stuntman mechanic moonlights getaway driver finds trouble helps neighbor,32
Fantastic Mr. Fox,2009,"Animation, Adventure, Comedy",87 min,7.9,An urbane fox cannot resist returning to his farm raiding ways and then must help his community survive the farmers' retaliation.,fantastic mr. fox,Fantastic Mr Fox,An urbane fox cannot resist returning to his farm raiding ways and then must help his community survive the farmers' retaliation.,An urbane fox cannot resist returning to his farm raiding ways and then must help his community survive the farmers' retaliation.,An urbane fox cannot resist returning farm raiding ways must help community survive farmers' retaliation.,An urbane fox cannot resist returning to his farm raiding ways and then must help his community survive the farmers retaliation,An urbane fox cannot resist returning farm raiding ways must help community survive farmers retaliation,33
Vozvrashchenie,2003,Drama,110 min,8.0,"In the Russian wilderness, two brothers face a range of new, conflicting emotions when their father - a man they know only through a single photograph - resurfaces.",vozvrashchenie,Vozvrashchenie,"In the Russian wilderness, two brothers face a range of new, conflicting emotions when their father - a man they know only through a single photograph - resurfaces.","In the Russian wilderness, two brothers face a range of new, conflicting emotions when their father - a man they know only through a single photograph - resurfaces.","In Russian wilderness, two brothers face range new, conflicting emotions father - man know single photograph - resurfaces.",In the Russian wilderness two brothers face a range of new conflicting emotions when their father  a man they know only through a single photograph  resurfaces,In Russian wilderness two brothers face range new conflicting emotions father man know single photograph resurfaces,34
Contratiempo,2016,"Crime, Drama, Mystery",106 min,8.1,A successful entrepreneur accused of murder and a witness preparation expert have less than three hours to come up with an impregnable defense.,contratiempo,Contratiempo,A successful entrepreneur accused of murder and a witness preparation expert have less than three hours to come up with an impregnable defense.,A successful entrepreneur accused of murder and a witness preparation expert have less than three hours to come up with an impregnable defense.,A successful entrepreneur accused murder witness preparation expert less three hours come impregnable defense.,A successful entrepreneur accused of murder and a witness preparation expert have less than three hours to come up with an impregnable defense,A successful entrepreneur accused murder witness preparation expert less three hours come impregnable defense,35
The King of Comedy,1982,"Comedy, Crime, Drama",109 min,7.8,"Rupert Pupkin is a passionate yet unsuccessful comic who craves nothing more than to be in the spotlight and to achieve this, he stalks and kidnaps his idol to take the spotlight for himself.",the king of comedy,The King of Comedy,"Rupert Pupkin is a passionate yet unsuccessful comic who craves nothing more than to be in the spotlight and to achieve this, he stalks and kidnaps his idol to take the spotlight for himself.","Rupert Pupkin is a passionate yet unsuccessful comic who craves nothing more than to be in the spotlight and to achieve this, he stalks and kidnaps his idol to take the spotlight for himself.","Rupert Pupkin passionate yet unsuccessful comic craves nothing spotlight achieve this, stalks kidnaps idol take spotlight himself.",Rupert Pupkin is a passionate yet unsuccessful comic who craves nothing more than to be in the spotlight and to achieve this he stalks and kidnaps his idol to take the spotlight for himself,Rupert Pupkin passionate yet unsuccessful comic craves nothing spotlight achieve stalks kidnaps idol take spotlight,36
The Hateful Eight,2015,"Crime, Drama, Mystery",168 min,7.8,"In the dead of a Wyoming winter, a bounty hunter and his prisoner find shelter in a cabin currently inhabited by a collection of nefarious characters.",the hateful eight,The Hateful Eight,"In the dead of a Wyoming winter, a bounty hunter and his prisoner find shelter in a cabin currently inhabited by a collection of nefarious characters.","In the dead of a Wyoming winter, a bounty hunter and his prisoner find shelter in a cabin currently inhabited by a collection of nefarious characters.","In dead Wyoming winter, bounty hunter prisoner find shelter cabin currently inhabited collection nefarious characters.",In the dead of a Wyoming winter a bounty hunter and his prisoner find shelter in a cabin currently inhabited by a collection of nefarious characters,In dead Wyoming winter bounty hunter prisoner find shelter cabin currently inhabited collection nefarious characters,37
End of Watch,2012,"Action, Crime, Drama",109 min,7.6,"Shot documentary-style, this film follows the daily grind of two young police officers in LA who are partners and friends, and what happens when they meet criminal forces greater than themselves.",end of watch,End of Watch,"Shot documentary-style, this film follows the daily grind of two young police officers in LA who are partners and friends, and what happens when they meet criminal forces greater than themselves.","Shot documentary-style, this film follows the daily grind of two young police officers in LA who are partners and friends, and what happens when they meet criminal forces greater than themselves.","Shot documentary-style, film follows daily grind two young police officers LA partners friends, happens meet criminal forces greater themselves.",Shot documentarystyle this film follows the daily grind of two young police officers in LA who are partners and friends and what happens when they meet criminal forces greater than themselves,Shot documentarystyle film follows daily grind two young police officers LA partners friends happens meet criminal forces greater,38
Avengers: Endgame,2019,"Action, Adventure, Drama",181 min,8.4,"After the devastating events of Avengers: Infinity War (2018), the universe is in ruins. With the help of remaining allies, the Avengers assemble once more in order to reverse Thanos' actions and restore balance to the universe.",avengers: endgame,Avengers Endgame,"After the devastating events of Avengers: Infinity War (2018), the universe is in ruins. With the help of remaining allies, the Avengers assemble once more in order to reverse Thanos' actions and restore balance to the universe.","After the devastating events of Avengers: Infinity War (2018), the universe is in ruins. With the help of remaining allies, the Avengers assemble once more in order to reverse Thanos' actions and restore balance to the universe.","After devastating events Avengers: Infinity War (2018), universe ruins. With help remaining allies, Avengers assemble order reverse Thanos' actions restore balance universe.",After the devastating events of Avengers Infinity War 2018 the universe is in ruins With the help of remaining allies the Avengers assemble once more in order to reverse Thanos actions and restore balance to the universe,After devastating events Avengers Infinity War 2018 universe ruins With help remaining allies Avengers assemble order reverse Thanos actions restore balance universe,39
Lion,2016,"Biography, Drama",118 min,8.0,"A five-year-old Indian boy is adopted by an Australian couple after getting lost hundreds of kilometers from home. 25 years later, he sets out to find his lost family.",lion,Lion,"A five-year-old Indian boy is adopted by an Australian couple after getting lost hundreds of kilometers from home. 25 years later, he sets out to find his lost family.","A five-year-old Indian boy is adopted by an Australian couple after getting lost hundreds of kilometers from home. 25 years later, he sets out to find his lost family.","A five-year-old Indian boy adopted Australian couple getting lost hundreds kilometers home. 25 years later, sets find lost family.",A fiveyearold Indian boy is adopted by an Australian couple after getting lost hundreds of kilometers from home 25 years later he sets out to find his lost family,A fiveyearold Indian boy adopted Australian couple getting lost hundreds kilometers home 25 years later sets find lost family,40
Snatch,2000,"Comedy, Crime",104 min,8.3,"Unscrupulous boxing promoters, violent bookmakers, a Russian gangster, incompetent amateur robbers and supposedly Jewish jewelers fight to track down a priceless stolen diamond.",snatch,Snatch,"Unscrupulous boxing promoters, violent bookmakers, a Russian gangster, incompetent amateur robbers and supposedly Jewish jewelers fight to track down a priceless stolen diamond.","Unscrupulous boxing promoters, violent bookmakers, a Russian gangster, incompetent amateur robbers and supposedly Jewish jewelers fight to track down a priceless stolen diamond.","Unscrupulous boxing promoters, violent bookmakers, Russian gangster, incompetent amateur robbers supposedly Jewish jewelers fight track priceless stolen diamond.",Unscrupulous boxing promoters violent bookmakers a Russian gangster incompetent amateur robbers and supposedly Jewish jewelers fight to track down a priceless stolen diamond,Unscrupulous boxing promoters violent bookmakers Russian gangster incompetent amateur robbers supposedly Jewish jewelers fight track priceless stolen diamond,41
Rebecca,1940,"Drama, Mystery, Romance",130 min,8.1,A self-conscious woman juggles adjusting to her new role as an aristocrat's wife and avoiding being intimidated by his first wife's spectral presence.,rebecca,Rebecca,A self-conscious woman juggles adjusting to her new role as an aristocrat's wife and avoiding being intimidated by his first wife's spectral presence.,A self-conscious woman juggles adjusting to her new role as an aristocrat's wife and avoiding being intimidated by his first wife's spectral presence.,A self-conscious woman juggles adjusting new role aristocrat's wife avoiding intimidated first wife's spectral presence.,A selfconscious woman juggles adjusting to her new role as an aristocrats wife and avoiding being intimidated by his first wifes spectral presence,A selfconscious woman juggles adjusting new role aristocrats wife avoiding intimidated first wifes spectral presence,42
The Godfather: Part III,1990,"Crime, Drama",162 min,7.6,"Follows Michael Corleone, now in his 60s, as he seeks to free his family from crime and find a suitable successor to his empire.",the godfather: part iii,The Godfather Part III,"Follows Michael Corleone, now in his 60s, as he seeks to free his family from crime and find a suitable successor to his empire.","Follows Michael Corleone, now in his 60s, as he seeks to free his family from crime and find a suitable successor to his empire.","Follows Michael Corleone, 60s, seeks free family crime find suitable successor empire.",Follows Michael Corleone now in his 60s as he seeks to free his family from crime and find a suitable successor to his empire,Follows Michael Corleone 60s seeks free family crime find suitable successor empire,43
Les quatre cents coups,1959,"Crime, Drama",99 min,8.1,"A young boy, left without attention, delves into a life of petty crime.",les quatre cents coups,Les quatre cents coups,"A young boy, left without attention, delves into a life of petty crime.","A young boy, left without attention, delves into a life of petty crime.","A young boy, left without attention, delves life petty crime.",A young boy left without attention delves into a life of petty crime,A young boy left without attention delves life petty crime,44
Life of Brian,1979,Comedy,94 min,8.1,"Born on the original Christmas in the stable next door to Jesus Christ, Brian of Nazareth spends his life being mistaken for a messiah.",life of brian,Life of Brian,"Born on the original Christmas in the stable next door to Jesus Christ, Brian of Nazareth spends his life being mistaken for a messiah.","Born on the original Christmas in the stable next door to Jesus Christ, Brian of Nazareth spends his life being mistaken for a messiah.","Born original Christmas stable next door Jesus Christ, Brian Nazareth spends life mistaken messiah.",Born on the original Christmas in the stable next door to Jesus Christ Brian of Nazareth spends his life being mistaken for a messiah,Born original Christmas stable next door Jesus Christ Brian Nazareth spends life mistaken messiah,45
Huo Yuan Jia,2006,"Action, Biography, Drama",104 min,7.6,"A biography of Chinese Martial Arts Master Huo Yuanjia, who is the founder and spiritual guru of the Jin Wu Sports Federation.",huo yuan jia,Huo Yuan Jia,"A biography of Chinese Martial Arts Master Huo Yuanjia, who is the founder and spiritual guru of the Jin Wu Sports Federation.","A biography of Chinese Martial Arts Master Huo Yuanjia, who is the founder and spiritual guru of the Jin Wu Sports Federation.","A biography Chinese Martial Arts Master Huo Yuanjia, founder spiritual guru Jin Wu Sports Federation.",A biography of Chinese Martial Arts Master Huo Yuanjia who is the founder and spiritual guru of the Jin Wu Sports Federation,A biography Chinese Martial Arts Master Huo Yuanjia founder spiritual guru Jin Wu Sports Federation,46
Kokuhaku,2010,"Drama, Thriller",106 min,7.8,A psychological thriller of a grieving mother turned cold-blooded avenger with a twisty master plan to pay back those who were responsible for her daughter's death.,kokuhaku,Kokuhaku,A psychological thriller of a grieving mother turned cold-blooded avenger with a twisty master plan to pay back those who were responsible for her daughter's death.,A psychological thriller of a grieving mother turned cold-blooded avenger with a twisty master plan to pay back those who were responsible for her daughter's death.,A psychological thriller grieving mother turned cold-blooded avenger twisty master plan pay back responsible daughter's death.,A psychological thriller of a grieving mother turned coldblooded avenger with a twisty master plan to pay back those who were responsible for her daughters death,A psychological thriller grieving mother turned coldblooded avenger twisty master plan pay back responsible daughters death,47
Cat on a Hot Tin Roof,1958,Drama,108 min,8.0,Brick is an alcoholic ex-football player who drinks his days away and resists the affections of his wife. A reunion with his terminal father jogs a host of memories and revelations for both father and son.,cat on a hot tin roof,Cat on a Hot Tin Roof,Brick is an alcoholic ex-football player who drinks his days away and resists the affections of his wife. A reunion with his terminal father jogs a host of memories and revelations for both father and son.,Brick is an alcoholic ex-football player who drinks his days away and resists the affections of his wife. A reunion with his terminal father jogs a host of memories and revelations for both father and son.,Brick alcoholic ex-football player drinks days away resists affections wife. A reunion terminal father jogs host memories revelations father son.,Brick is an alcoholic exfootball player who drinks his days away and resists the affections of his wife A reunion with his terminal father jogs a host of memories and revelations for both father and son,Brick alcoholic exfootball player drinks days away resists affections wife A reunion terminal father jogs host memories revelations father son,48
Zelig,1983,Comedy,79 min,7.7,"""Documentary"" about a man who can look and act like whoever he's around, and meets various famous people.",zelig,Zelig,"""Documentary"" about a man who can look and act like whoever he's around, and meets various famous people.","""Documentary"" about a man who can look and act like whoever he's around, and meets various famous people.","""Documentary"" man look act like whoever he's around, meets various famous people.",Documentary about a man who can look and act like whoever hes around and meets various famous people,Documentary man look act like whoever hes around meets various famous people,49
Raazi,2018,"Action, Drama, Thriller",138 min,7.8,A Kashmiri woman agrees to marry a Pakistani army officer in order to spy on Pakistan during the Indo-Pakistan War of 1971.,raazi,Raazi,A Kashmiri woman agrees to marry a Pakistani army officer in order to spy on Pakistan during the Indo-Pakistan War of 1971.,A Kashmiri woman agrees to marry a Pakistani army officer in order to spy on Pakistan during the Indo-Pakistan War of 1971.,A Kashmiri woman agrees marry Pakistani army officer order spy Pakistan Indo-Pakistan War 1971.,A Kashmiri woman agrees to marry a Pakistani army officer in order to spy on Pakistan during the IndoPakistan War of 1971,A Kashmiri woman agrees marry Pakistani army officer order spy Pakistan IndoPakistan War 1971,50
Once Upon a Time... in Hollywood,2019,"Comedy, Drama",161 min,7.6,A faded television actor and his stunt double strive to achieve fame and success in the final years of Hollywood's Golden Age in 1969 Los Angeles.,once upon a time... in hollywood,Once Upon a Time in Hollywood,A faded television actor and his stunt double strive to achieve fame and success in the final years of Hollywood's Golden Age in 1969 Los Angeles.,A faded television actor and his stunt double strive to achieve fame and success in the final years of Hollywood's Golden Age in 1969 Los Angeles.,A faded television actor stunt double strive achieve fame success final years Hollywood's Golden Age 1969 Los Angeles.,A faded television actor and his stunt double strive to achieve fame and success in the final years of Hollywoods Golden Age in 1969 Los Angeles,A faded television actor stunt double strive achieve fame success final years Hollywoods Golden Age 1969 Los Angeles,51
Chung Hing sam lam,1994,"Comedy, Crime, Drama",102 min,8.1,"Two melancholy Hong Kong policemen fall in love: one with a mysterious female underworld figure, the other with a beautiful and ethereal server at a late-night restaurant he frequents.",chung hing sam lam,Chung Hing sam lam,"Two melancholy Hong Kong policemen fall in love: one with a mysterious female underworld figure, the other with a beautiful and ethereal server at a late-night restaurant he frequents.","Two melancholy Hong Kong policemen fall in love: one with a mysterious female underworld figure, the other with a beautiful and ethereal server at a late-night restaurant he frequents.","Two melancholy Hong Kong policemen fall love: one mysterious female underworld figure, beautiful ethereal server late-night restaurant frequents.",Two melancholy Hong Kong policemen fall in love one with a mysterious female underworld figure the other with a beautiful and ethereal server at a latenight restaurant he frequents,Two melancholy Hong Kong policemen fall love one mysterious female underworld figure beautiful ethereal server latenight restaurant frequents,52
Kubo and the Two Strings,2016,"Animation, Action, Adventure",101 min,7.8,A young boy named Kubo must locate a magical suit of armour worn by his late father in order to defeat a vengeful spirit from the past.,kubo and the two strings,Kubo and the Two Strings,A young boy named Kubo must locate a magical suit of armour worn by his late father in order to defeat a vengeful spirit from the past.,A young boy named Kubo must locate a magical suit of armour worn by his late father in order to defeat a vengeful spirit from the past.,A young boy named Kubo must locate magical suit armour worn late father order defeat vengeful spirit past.,A young boy named Kubo must locate a magical suit of armour worn by his late father in order to defeat a vengeful spirit from the past,A young boy named Kubo must locate magical suit armour worn late father order defeat vengeful spirit past,53
Sen to Chihiro no kamikakushi,2001,"Animation, Adventure, Family",125 min,8.6,"During her family's move to the suburbs, a sullen 10-year-old girl wanders into a world ruled by gods, witches, and spirits, and where humans are changed into beasts.",sen to chihiro no kamikakushi,Sen to Chihiro no kamikakushi,"During her family's move to the suburbs, a sullen 10-year-old girl wanders into a world ruled by gods, witches, and spirits, and where humans are changed into beasts.","During her family's move to the suburbs, a sullen 10-year-old girl wanders into a world ruled by gods, witches, and spirits, and where humans are changed into beasts.","During family's move suburbs, sullen 10-year-old girl wanders world ruled gods, witches, spirits, humans changed beasts.",During her familys move to the suburbs a sullen 10yearold girl wanders into a world ruled by gods witches and spirits and where humans are changed into beasts,During familys move suburbs sullen 10yearold girl wanders world ruled gods witches spirits humans changed beasts,54
Seppuku,1962,"Action, Drama, Mystery",133 min,8.6,"When a ronin requesting seppuku at a feudal lord's palace is told of the brutal suicide of another ronin who previously visited, he reveals how their pasts are intertwined - and in doing so challenges the clan's integrity.",seppuku,Seppuku,"When a ronin requesting seppuku at a feudal lord's palace is told of the brutal suicide of another ronin who previously visited, he reveals how their pasts are intertwined - and in doing so challenges the clan's integrity.","When a ronin requesting seppuku at a feudal lord's palace is told of the brutal suicide of another ronin who previously visited, he reveals how their pasts are intertwined - and in doing so challenges the clan's integrity.","When ronin requesting seppuku feudal lord's palace told brutal suicide another ronin previously visited, reveals pasts intertwined - challenges clan's integrity.",When a ronin requesting seppuku at a feudal lords palace is told of the brutal suicide of another ronin who previously visited he reveals how their pasts are intertwined  and in doing so challenges the clans integrity,When ronin requesting seppuku feudal lords palace told brutal suicide another ronin previously visited reveals pasts intertwined challenges clans integrity,55
Once,2007,"Drama, Music, Romance",86 min,7.8,"A modern-day musical about a busker and an immigrant and their eventful week in Dublin, as they write, rehearse and record songs that tell their love story.",once,Once,"A modern-day musical about a busker and an immigrant and their eventful week in Dublin, as they write, rehearse and record songs that tell their love story.","A modern-day musical about a busker and an immigrant and their eventful week in Dublin, as they write, rehearse and record songs that tell their love story.","A modern-day musical busker immigrant eventful week Dublin, write, rehearse record songs tell love story.",A modernday musical about a busker and an immigrant and their eventful week in Dublin as they write rehearse and record songs that tell their love story,A modernday musical busker immigrant eventful week Dublin write rehearse record songs tell love story,56
The Lord of the Rings: The Fellowship of the Ring,2001,"Action, Adventure, Drama",178 min,8.8,A meek Hobbit from the Shire and eight companions set out on a journey to destroy the powerful One Ring and save Middle-earth from the Dark Lord Sauron.,the lord of the rings: the fellowship of the ring,The Lord of the Rings The Fellowship of the Ring,A meek Hobbit from the Shire and eight companions set out on a journey to destroy the powerful One Ring and save Middle-earth from the Dark Lord Sauron.,A meek Hobbit from the Shire and eight companions set out on a journey to destroy the powerful One Ring and save Middle-earth from the Dark Lord Sauron.,A meek Hobbit Shire eight companions set journey destroy powerful One Ring save Middle-earth Dark Lord Sauron.,A meek Hobbit from the Shire and eight companions set out on a journey to destroy the powerful One Ring and save Middleearth from the Dark Lord Sauron,A meek Hobbit Shire eight companions set journey destroy powerful One Ring save Middleearth Dark Lord Sauron,57
Zindagi Na Milegi Dobara,2011,"Comedy, Drama",155 min,8.1,Three friends decide to turn their fantasy vacation into reality after one of their friends gets engaged.,zindagi na milegi dobara,Zindagi Na Milegi Dobara,Three friends decide to turn their fantasy vacation into reality after one of their friends gets engaged.,Three friends decide to turn their fantasy vacation into reality after one of their friends gets engaged.,Three friends decide turn fantasy vacation reality one friends gets engaged.,Three friends decide to turn their fantasy vacation into reality after one of their friends gets engaged,Three friends decide turn fantasy vacation reality one friends gets engaged,58
Malcolm X,1992,"Biography, Drama, History",202 min,7.7,"Biographical epic of the controversial and influential Black Nationalist leader, from his early life and career as a small-time gangster, to his ministry as a member of the Nation of Islam.",malcolm x,Malcolm X,"Biographical epic of the controversial and influential Black Nationalist leader, from his early life and career as a small-time gangster, to his ministry as a member of the Nation of Islam.","Biographical epic of the controversial and influential Black Nationalist leader, from his early life and career as a small-time gangster, to his ministry as a member of the Nation of Islam.","Biographical epic controversial influential Black Nationalist leader, early life career small-time gangster, ministry member Nation Islam.",Biographical epic of the controversial and influential Black Nationalist leader from his early life and career as a smalltime gangster to his ministry as a member of the Nation of Islam,Biographical epic controversial influential Black Nationalist leader early life career smalltime gangster ministry member Nation Islam,59
Ivanovo detstvo,1962,"Drama, War",95 min,8.1,"In WW2, twelve year old Soviet orphan Ivan Bondarev works for the Soviet army as a scout behind the German lines and strikes a friendship with three sympathetic Soviet officers.",ivanovo detstvo,Ivanovo detstvo,"In WW2, twelve year old Soviet orphan Ivan Bondarev works for the Soviet army as a scout behind the German lines and strikes a friendship with three sympathetic Soviet officers.","In WW2, twelve year old Soviet orphan Ivan Bondarev works for the Soviet army as a scout behind the German lines and strikes a friendship with three sympathetic Soviet officers.","In WW2, twelve year old Soviet orphan Ivan Bondarev works Soviet army scout behind German lines strikes friendship three sympathetic Soviet officers.",In WW2 twelve year old Soviet orphan Ivan Bondarev works for the Soviet army as a scout behind the German lines and strikes a friendship with three sympathetic Soviet officers,In WW2 twelve year old Soviet orphan Ivan Bondarev works Soviet army scout behind German lines strikes friendship three sympathetic Soviet officers,60
Ayla: The Daughter of War,2017,"Biography, Drama, History",125 min,8.4,"In 1950, amid-st the ravages of the Korean War, Sergeant Süleyman stumbles upon a half-frozen little girl, with no parents and no help in sight. Frantic, scared and on the verge of death, ...                See full summary »",ayla: the daughter of war,Ayla The Daughter of War,"In 1950, amid-st the ravages of the Korean War, Sergeant Süleyman stumbles upon a half-frozen little girl, with no parents and no help in sight. Frantic, scared and on the verge of death, ... See full summary »","In 1950, amid-st the ravages of the Korean War, Sergeant Süleyman stumbles upon a half-frozen little girl, with no parents and no help in sight. Frantic, scared and on the verge of death, ...                See full summary »","In 1950, amid-st ravages Korean War, Sergeant Süleyman stumbles upon half-frozen little girl, parents help sight. Frantic, scared verge death, ... See full summary »",In 1950 amidst the ravages of the Korean War Sergeant Süleyman stumbles upon a halffrozen little girl with no parents and no help in sight Frantic scared and on the verge of death  See full summary ,In 1950 amidst ravages Korean War Sergeant Süleyman stumbles upon halffrozen little girl parents help sight Frantic scared verge death See full summary,61
Patton,1970,"Biography, Drama, War",172 min,7.9,The World War II phase of the career of controversial American general George S. Patton.,patton,Patton,The World War II phase of the career of controversial American general George S. Patton.,The World War II phase of the career of controversial American general George S. Patton.,The World War II phase career controversial American general George S. Patton.,The World War II phase of the career of controversial American general George S Patton,The World War II phase career controversial American general George S Patton,62
The Grand Budapest Hotel,2014,"Adventure, Comedy, Crime",99 min,8.1,"A writer encounters the owner of an aging high-class hotel, who tells him of his early years serving as a lobby boy in the hotel's glorious years under an exceptional concierge.",the grand budapest hotel,The Grand Budapest Hotel,"A writer encounters the owner of an aging high-class hotel, who tells him of his early years serving as a lobby boy in the hotel's glorious years under an exceptional concierge.","A writer encounters the owner of an aging high-class hotel, who tells him of his early years serving as a lobby boy in the hotel's glorious years under an exceptional concierge.","A writer encounters owner aging high-class hotel, tells early years serving lobby boy hotel's glorious years exceptional concierge.",A writer encounters the owner of an aging highclass hotel who tells him of his early years serving as a lobby boy in the hotels glorious years under an exceptional concierge,A writer encounters owner aging highclass hotel tells early years serving lobby boy hotels glorious years exceptional concierge,63
Captain Phillips,2013,"Adventure, Biography, Crime",134 min,7.8,"The true story of Captain Richard Phillips and the 2009 hijacking by Somali pirates of the U.S.-flagged MV Maersk Alabama, the first American cargo ship to be hijacked in two hundred years.",captain phillips,Captain Phillips,"The true story of Captain Richard Phillips and the 2009 hijacking by Somali pirates of the U.S.-flagged MV Maersk Alabama, the first American cargo ship to be hijacked in two hundred years.","The true story of Captain Richard Phillips and the 2009 hijacking by Somali pirates of the U.S.-flagged MV Maersk Alabama, the first American cargo ship to be hijacked in two hundred years.","The true story Captain Richard Phillips 2009 hijacking Somali pirates U.S.-flagged MV Maersk Alabama, first American cargo ship hijacked two hundred years.",The true story of Captain Richard Phillips and the 2009 hijacking by Somali pirates of the USflagged MV Maersk Alabama the first American cargo ship to be hijacked in two hundred years,The true story Captain Richard Phillips 2009 hijacking Somali pirates USflagged MV Maersk Alabama first American cargo ship hijacked two hundred years,64
The Man Who Would Be King,1975,"Adventure, History, War",129 min,7.8,"Two British former soldiers decide to set themselves up as Kings in Kafiristan, a land where no white man has set foot since Alexander the Great.",the man who would be king,The Man Who Would Be King,"Two British former soldiers decide to set themselves up as Kings in Kafiristan, a land where no white man has set foot since Alexander the Great.","Two British former soldiers decide to set themselves up as Kings in Kafiristan, a land where no white man has set foot since Alexander the Great.","Two British former soldiers decide set Kings Kafiristan, land white man set foot since Alexander Great.",Two British former soldiers decide to set themselves up as Kings in Kafiristan a land where no white man has set foot since Alexander the Great,Two British former soldiers decide set Kings Kafiristan land white man set foot since Alexander Great,65
Naked,1993,"Comedy, Drama",132 min,7.8,"Parallel tales of two sexually obsessed men, one hurting and annoying women physically and mentally, one wandering around the city talking to strangers and experiencing dimensions of life.",naked,Naked,"Parallel tales of two sexually obsessed men, one hurting and annoying women physically and mentally, one wandering around the city talking to strangers and experiencing dimensions of life.","Parallel tales of two sexually obsessed men, one hurting and annoying women physically and mentally, one wandering around the city talking to strangers and experiencing dimensions of life.","Parallel tales two sexually obsessed men, one hurting annoying women physically mentally, one wandering around city talking strangers experiencing dimensions life.",Parallel tales of two sexually obsessed men one hurting and annoying women physically and mentally one wandering around the city talking to strangers and experiencing dimensions of life,Parallel tales two sexually obsessed men one hurting annoying women physically mentally one wandering around city talking strangers experiencing dimensions life,66
Les yeux sans visage,1960,"Drama, Horror",90 min,7.7,"A surgeon causes an accident which leaves his daughter disfigured, and goes to extremes to give her a new face.",les yeux sans visage,Les yeux sans visage,"A surgeon causes an accident which leaves his daughter disfigured, and goes to extremes to give her a new face.","A surgeon causes an accident which leaves his daughter disfigured, and goes to extremes to give her a new face.","A surgeon causes accident leaves daughter disfigured, goes extremes give new face.",A surgeon causes an accident which leaves his daughter disfigured and goes to extremes to give her a new face,A surgeon causes accident leaves daughter disfigured goes extremes give new face,67
Mononoke-hime,1997,"Animation, Action, Adventure",134 min,8.4,"On a journey to find the cure for a Tatarigami's curse, Ashitaka finds himself in the middle of a war between the forest gods and Tatara, a mining colony. In this quest he also meets San, the Mononoke Hime.",mononoke-hime,Mononokehime,"On a journey to find the cure for a Tatarigami's curse, Ashitaka finds himself in the middle of a war between the forest gods and Tatara, a mining colony. In this quest he also meets San, the Mononoke Hime.","On a journey to find the cure for a Tatarigami's curse, Ashitaka finds himself in the middle of a war between the forest gods and Tatara, a mining colony. In this quest he also meets San, the Mononoke Hime.","On journey find cure Tatarigami's curse, Ashitaka finds middle war forest gods Tatara, mining colony. In quest also meets San, Mononoke Hime.",On a journey to find the cure for a Tatarigamis curse Ashitaka finds himself in the middle of a war between the forest gods and Tatara a mining colony In this quest he also meets San the Mononoke Hime,On journey find cure Tatarigamis curse Ashitaka finds middle war forest gods Tatara mining colony In quest also meets San Mononoke Hime,68
The Wild Bunch,1969,"Action, Adventure, Western",145 min,7.9,"An aging group of outlaws look for one last big score as the ""traditional"" American West is disappearing around them.",the wild bunch,The Wild Bunch,"An aging group of outlaws look for one last big score as the ""traditional"" American West is disappearing around them.","An aging group of outlaws look for one last big score as the ""traditional"" American West is disappearing around them.","An aging group outlaws look one last big score ""traditional"" American West disappearing around them.",An aging group of outlaws look for one last big score as the traditional American West is disappearing around them,An aging group outlaws look one last big score traditional American West disappearing around,69
Amadeus,1984,"Biography, Drama, History",160 min,8.3,"The life, success and troubles of Wolfgang Amadeus Mozart, as told by Antonio Salieri, the contemporaneous composer who was insanely jealous of Mozart's talent and claimed to have murdered him.",amadeus,Amadeus,"The life, success and troubles of Wolfgang Amadeus Mozart, as told by Antonio Salieri, the contemporaneous composer who was insanely jealous of Mozart's talent and claimed to have murdered him.","The life, success and troubles of Wolfgang Amadeus Mozart, as told by Antonio Salieri, the contemporaneous composer who was insanely jealous of Mozart's talent and claimed to have murdered him.","The life, success troubles Wolfgang Amadeus Mozart, told Antonio Salieri, contemporaneous composer insanely jealous Mozart's talent claimed murdered him.",The life success and troubles of Wolfgang Amadeus Mozart as told by Antonio Salieri the contemporaneous composer who was insanely jealous of Mozarts talent and claimed to have murdered him,The life success troubles Wolfgang Amadeus Mozart told Antonio Salieri contemporaneous composer insanely jealous Mozarts talent claimed murdered,70
Star Trek,2009,"Action, Adventure, Sci-Fi",127 min,7.9,The brash James T. Kirk tries to live up to his father's legacy with Mr. Spock keeping him in check as a vengeful Romulan from the future creates black holes to destroy the Federation one planet at a time.,star trek,Star Trek,The brash James T. Kirk tries to live up to his father's legacy with Mr. Spock keeping him in check as a vengeful Romulan from the future creates black holes to destroy the Federation one planet at a time.,The brash James T. Kirk tries to live up to his father's legacy with Mr. Spock keeping him in check as a vengeful Romulan from the future creates black holes to destroy the Federation one planet at a time.,The brash James T. Kirk tries live father's legacy Mr. Spock keeping check vengeful Romulan future creates black holes destroy Federation one planet time.,The brash James T Kirk tries to live up to his fathers legacy with Mr Spock keeping him in check as a vengeful Romulan from the future creates black holes to destroy the Federation one planet at a time,The brash James T Kirk tries live fathers legacy Mr Spock keeping check vengeful Romulan future creates black holes destroy Federation one planet time,71
The Lunchbox,2013,"Drama, Romance",104 min,7.8,A mistaken delivery in Mumbai's famously efficient lunchbox delivery system connects a young housewife to an older man in the dusk of his life as they build a fantasy world together through notes in the lunchbox.,the lunchbox,The Lunchbox,A mistaken delivery in Mumbai's famously efficient lunchbox delivery system connects a young housewife to an older man in the dusk of his life as they build a fantasy world together through notes in the lunchbox.,A mistaken delivery in Mumbai's famously efficient lunchbox delivery system connects a young housewife to an older man in the dusk of his life as they build a fantasy world together through notes in the lunchbox.,A mistaken delivery Mumbai's famously efficient lunchbox delivery system connects young housewife older man dusk life build fantasy world together notes lunchbox.,A mistaken delivery in Mumbais famously efficient lunchbox delivery system connects a young housewife to an older man in the dusk of his life as they build a fantasy world together through notes in the lunchbox,A mistaken delivery Mumbais famously efficient lunchbox delivery system connects young housewife older man dusk life build fantasy world together notes lunchbox,72
Le Petit Prince,2015,"Animation, Adventure, Drama",108 min,7.7,"A little girl lives in a very grown-up world with her mother, who tries to prepare her for it. Her neighbor, the Aviator, introduces the girl to an extraordinary world where anything is possible, the world of the Little Prince.",le petit prince,Le Petit Prince,"A little girl lives in a very grown-up world with her mother, who tries to prepare her for it. Her neighbor, the Aviator, introduces the girl to an extraordinary world where anything is possible, the world of the Little Prince.","A little girl lives in a very grown-up world with her mother, who tries to prepare her for it. Her neighbor, the Aviator, introduces the girl to an extraordinary world where anything is possible, the world of the Little Prince.","A little girl lives grown-up world mother, tries prepare it. Her neighbor, Aviator, introduces girl extraordinary world anything possible, world Little Prince.",A little girl lives in a very grownup world with her mother who tries to prepare her for it Her neighbor the Aviator introduces the girl to an extraordinary world where anything is possible the world of the Little Prince,A little girl lives grownup world mother tries prepare Her neighbor Aviator introduces girl extraordinary world anything possible world Little Prince,73
El ángel exterminador,1962,"Drama, Fantasy",95 min,8.1,The guests at an upper-class dinner party find themselves unable to leave.,el ángel exterminador,El ángel exterminador,The guests at an upper-class dinner party find themselves unable to leave.,The guests at an upper-class dinner party find themselves unable to leave.,The guests upper-class dinner party find unable leave.,The guests at an upperclass dinner party find themselves unable to leave,The guests upperclass dinner party find unable leave,74
Persona,1966,"Drama, Thriller",85 min,8.1,A nurse is put in charge of a mute actress and finds that their personae are melding together.,persona,Persona,A nurse is put in charge of a mute actress and finds that their personae are melding together.,A nurse is put in charge of a mute actress and finds that their personae are melding together.,A nurse put charge mute actress finds personae melding together.,A nurse is put in charge of a mute actress and finds that their personae are melding together,A nurse put charge mute actress finds personae melding together,75
Titanic,1997,"Drama, Romance",194 min,7.8,"A seventeen-year-old aristocrat falls in love with a kind but poor artist aboard the luxurious, ill-fated R.M.S. Titanic.",titanic,Titanic,"A seventeen-year-old aristocrat falls in love with a kind but poor artist aboard the luxurious, ill-fated R.M.S. Titanic.","A seventeen-year-old aristocrat falls in love with a kind but poor artist aboard the luxurious, ill-fated R.M.S. Titanic.","A seventeen-year-old aristocrat falls love kind poor artist aboard luxurious, ill-fated R.M.S. Titanic.",A seventeenyearold aristocrat falls in love with a kind but poor artist aboard the luxurious illfated RMS Titanic,A seventeenyearold aristocrat falls love kind poor artist aboard luxurious illfated RMS Titanic,76
Gladiator,2000,"Action, Adventure, Drama",155 min,8.5,A former Roman General sets out to exact vengeance against the corrupt emperor who murdered his family and sent him into slavery.,gladiator,Gladiator,A former Roman General sets out to exact vengeance against the corrupt emperor who murdered his family and sent him into slavery.,A former Roman General sets out to exact vengeance against the corrupt emperor who murdered his family and sent him into slavery.,A former Roman General sets exact vengeance corrupt emperor murdered family sent slavery.,A former Roman General sets out to exact vengeance against the corrupt emperor who murdered his family and sent him into slavery,A former Roman General sets exact vengeance corrupt emperor murdered family sent slavery,77
La grande bellezza,2013,Drama,141 min,7.8,"Jep Gambardella has seduced his way through the lavish nightlife of Rome for decades, but after his 65th birthday and a shock from the past, Jep looks past the nightclubs and parties to find a timeless landscape of absurd, exquisite beauty.",la grande bellezza,La grande bellezza,"Jep Gambardella has seduced his way through the lavish nightlife of Rome for decades, but after his 65th birthday and a shock from the past, Jep looks past the nightclubs and parties to find a timeless landscape of absurd, exquisite beauty.","Jep Gambardella has seduced his way through the lavish nightlife of Rome for decades, but after his 65th birthday and a shock from the past, Jep looks past the nightclubs and parties to find a timeless landscape of absurd, exquisite beauty.","Jep Gambardella seduced way lavish nightlife Rome decades, 65th birthday shock past, Jep looks past nightclubs parties find timeless landscape absurd, exquisite beauty.",Jep Gambardella has seduced his way through the lavish nightlife of Rome for decades but after his 65th birthday and a shock from the past Jep looks past the nightclubs and parties to find a timeless landscape of absurd exquisite beauty,Jep Gambardella seduced way lavish nightlife Rome decades 65th birthday shock past Jep looks past nightclubs parties find timeless landscape absurd exquisite beauty,78
Ace in the Hole,1951,"Drama, Film-Noir",111 min,8.1,"A frustrated former big-city journalist now stuck working for an Albuquerque newspaper exploits a story about a man trapped in a cave to rekindle his career, but the situation quickly escalates into an out-of-control circus.",ace in the hole,Ace in the Hole,"A frustrated former big-city journalist now stuck working for an Albuquerque newspaper exploits a story about a man trapped in a cave to rekindle his career, but the situation quickly escalates into an out-of-control circus.","A frustrated former big-city journalist now stuck working for an Albuquerque newspaper exploits a story about a man trapped in a cave to rekindle his career, but the situation quickly escalates into an out-of-control circus.","A frustrated former big-city journalist stuck working Albuquerque newspaper exploits story man trapped cave rekindle career, situation quickly escalates out-of-control circus.",A frustrated former bigcity journalist now stuck working for an Albuquerque newspaper exploits a story about a man trapped in a cave to rekindle his career but the situation quickly escalates into an outofcontrol circus,A frustrated former bigcity journalist stuck working Albuquerque newspaper exploits story man trapped cave rekindle career situation quickly escalates outofcontrol circus,79
Ferris Bueller's Day Off,1986,Comedy,103 min,7.8,"A high school wise guy is determined to have a day off from school, despite what the Principal thinks of that.",ferris bueller's day off,Ferris Buellers Day Off,"A high school wise guy is determined to have a day off from school, despite what the Principal thinks of that.","A high school wise guy is determined to have a day off from school, despite what the Principal thinks of that.","A high school wise guy determined day school, despite Principal thinks that.",A high school wise guy is determined to have a day off from school despite what the Principal thinks of that,A high school wise guy determined day school despite Principal thinks,80
WALL·E,2008,"Animation, Adventure, Family",98 min,8.4,"In the distant future, a small waste-collecting robot inadvertently embarks on a space journey that will ultimately decide the fate of mankind.",wall·e,WALLE,"In the distant future, a small waste-collecting robot inadvertently embarks on a space journey that will ultimately decide the fate of mankind.","In the distant future, a small waste-collecting robot inadvertently embarks on a space journey that will ultimately decide the fate of mankind.","In distant future, small waste-collecting robot inadvertently embarks space journey ultimately decide fate mankind.",In the distant future a small wastecollecting robot inadvertently embarks on a space journey that will ultimately decide the fate of mankind,In distant future small wastecollecting robot inadvertently embarks space journey ultimately decide fate mankind,81
Blade Runner,1982,"Action, Sci-Fi, Thriller",117 min,8.1,"A blade runner must pursue and terminate four replicants who stole a ship in space, and have returned to Earth to find their creator.",blade runner,Blade Runner,"A blade runner must pursue and terminate four replicants who stole a ship in space, and have returned to Earth to find their creator.","A blade runner must pursue and terminate four replicants who stole a ship in space, and have returned to Earth to find their creator.","A blade runner must pursue terminate four replicants stole ship space, returned Earth find creator.",A blade runner must pursue and terminate four replicants who stole a ship in space and have returned to Earth to find their creator,A blade runner must pursue terminate four replicants stole ship space returned Earth find creator,82
The Lives of Others,2006,"Drama, Mystery, Thriller",137 min,8.4,"In 1984 East Berlin, an agent of the secret police, conducting surveillance on a writer and his lover, finds himself becoming increasingly absorbed by their lives.",the lives of others,The Lives of Others,"In 1984 East Berlin, an agent of the secret police, conducting surveillance on a writer and his lover, finds himself becoming increasingly absorbed by their lives.","In 1984 East Berlin, an agent of the secret police, conducting surveillance on a writer and his lover, finds himself becoming increasingly absorbed by their lives.","In 1984 East Berlin, agent secret police, conducting surveillance writer lover, finds becoming increasingly absorbed lives.",In 1984 East Berlin an agent of the secret police conducting surveillance on a writer and his lover finds himself becoming increasingly absorbed by their lives,In 1984 East Berlin agent secret police conducting surveillance writer lover finds becoming increasingly absorbed lives,83
The Circus,1928,"Comedy, Romance",72 min,8.1,The Tramp finds work and the girl of his dreams at a circus.,the circus,The Circus,The Tramp finds work and the girl of his dreams at a circus.,The Tramp finds work and the girl of his dreams at a circus.,The Tramp finds work girl dreams circus.,The Tramp finds work and the girl of his dreams at a circus,The Tramp finds work girl dreams circus,84
The Manchurian Candidate,1962,"Drama, Thriller",126 min,7.9,A former prisoner of war is brainwashed as an unwitting assassin for an international Communist conspiracy.,the manchurian candidate,The Manchurian Candidate,A former prisoner of war is brainwashed as an unwitting assassin for an international Communist conspiracy.,A former prisoner of war is brainwashed as an unwitting assassin for an international Communist conspiracy.,A former prisoner war brainwashed unwitting assassin international Communist conspiracy.,A former prisoner of war is brainwashed as an unwitting assassin for an international Communist conspiracy,A former prisoner war brainwashed unwitting assassin international Communist conspiracy,85
Lifeboat,1944,"Drama, War",97 min,7.6,Several survivors of a torpedoed merchant ship in World War II find themselves in the same lifeboat with one of the crew members of the U-boat that sank their ship.,lifeboat,Lifeboat,Several survivors of a torpedoed merchant ship in World War II find themselves in the same lifeboat with one of the crew members of the U-boat that sank their ship.,Several survivors of a torpedoed merchant ship in World War II find themselves in the same lifeboat with one of the crew members of the U-boat that sank their ship.,Several survivors torpedoed merchant ship World War II find lifeboat one crew members U-boat sank ship.,Several survivors of a torpedoed merchant ship in World War II find themselves in the same lifeboat with one of the crew members of the Uboat that sank their ship,Several survivors torpedoed merchant ship World War II find lifeboat one crew members Uboat sank ship,86
The Lady Vanishes,1938,"Mystery, Thriller",96 min,7.8,"While travelling in continental Europe, a rich young playgirl realizes that an elderly lady seems to have disappeared from the train.",the lady vanishes,The Lady Vanishes,"While travelling in continental Europe, a rich young playgirl realizes that an elderly lady seems to have disappeared from the train.","While travelling in continental Europe, a rich young playgirl realizes that an elderly lady seems to have disappeared from the train.","While travelling continental Europe, rich young playgirl realizes elderly lady seems disappeared train.",While travelling in continental Europe a rich young playgirl realizes that an elderly lady seems to have disappeared from the train,While travelling continental Europe rich young playgirl realizes elderly lady seems disappeared train,87
Argo,2012,"Biography, Drama, Thriller",120 min,7.7,"Acting under the cover of a Hollywood producer scouting a location for a science fiction film, a CIA agent launches a dangerous operation to rescue six Americans in Tehran during the U.S. hostage crisis in Iran in 1979.",argo,Argo,"Acting under the cover of a Hollywood producer scouting a location for a science fiction film, a CIA agent launches a dangerous operation to rescue six Americans in Tehran during the U.S. hostage crisis in Iran in 1979.","Acting under the cover of a Hollywood producer scouting a location for a science fiction film, a CIA agent launches a dangerous operation to rescue six Americans in Tehran during the U.S. hostage crisis in Iran in 1979.","Acting cover Hollywood producer scouting location science fiction film, CIA agent launches dangerous operation rescue six Americans Tehran U.S. hostage crisis Iran 1979.",Acting under the cover of a Hollywood producer scouting a location for a science fiction film a CIA agent launches a dangerous operation to rescue six Americans in Tehran during the US hostage crisis in Iran in 1979,Acting cover Hollywood producer scouting location science fiction film CIA agent launches dangerous operation rescue six Americans Tehran US hostage crisis Iran 1979,88
La La Land,2016,"Comedy, Drama, Music",128 min,8.0,"While navigating their careers in Los Angeles, a pianist and an actress fall in love while attempting to reconcile their aspirations for the future.",la la land,La La Land,"While navigating their careers in Los Angeles, a pianist and an actress fall in love while attempting to reconcile their aspirations for the future.","While navigating their careers in Los Angeles, a pianist and an actress fall in love while attempting to reconcile their aspirations for the future.","While navigating careers Los Angeles, pianist actress fall love attempting reconcile aspirations future.",While navigating their careers in Los Angeles a pianist and an actress fall in love while attempting to reconcile their aspirations for the future,While navigating careers Los Angeles pianist actress fall love attempting reconcile aspirations future,89
Donnie Darko,2001,"Drama, Mystery, Sci-Fi",113 min,8.0,"After narrowly escaping a bizarre accident, a troubled teenager is plagued by visions of a man in a large rabbit suit who manipulates him to commit a series of crimes.",donnie darko,Donnie Darko,"After narrowly escaping a bizarre accident, a troubled teenager is plagued by visions of a man in a large rabbit suit who manipulates him to commit a series of crimes.","After narrowly escaping a bizarre accident, a troubled teenager is plagued by visions of a man in a large rabbit suit who manipulates him to commit a series of crimes.","After narrowly escaping bizarre accident, troubled teenager plagued visions man large rabbit suit manipulates commit series crimes.",After narrowly escaping a bizarre accident a troubled teenager is plagued by visions of a man in a large rabbit suit who manipulates him to commit a series of crimes,After narrowly escaping bizarre accident troubled teenager plagued visions man large rabbit suit manipulates commit series crimes,90
Out of the Past,1947,"Crime, Drama, Film-Noir",97 min,8.0,"A private eye escapes his past to run a gas station in a small town, but his past catches up with him. Now he must return to the big city world of danger, corruption, double crosses and duplicitous dames.",out of the past,Out of the Past,"A private eye escapes his past to run a gas station in a small town, but his past catches up with him. Now he must return to the big city world of danger, corruption, double crosses and duplicitous dames.","A private eye escapes his past to run a gas station in a small town, but his past catches up with him. Now he must return to the big city world of danger, corruption, double crosses and duplicitous dames.","A private eye escapes past run gas station small town, past catches him. Now must return big city world danger, corruption, double crosses duplicitous dames.",A private eye escapes his past to run a gas station in a small town but his past catches up with him Now he must return to the big city world of danger corruption double crosses and duplicitous dames,A private eye escapes past run gas station small town past catches Now must return big city world danger corruption double crosses duplicitous dames,91
Jûbê ninpûchô,1993,"Animation, Action, Adventure",94 min,7.9,A vagabond swordsman is aided by a beautiful ninja girl and a crafty spy in confronting a demonic clan of killers - with a ghost from his past as their leader - who are bent on overthrowing the Tokugawa Shogunate.,jûbê ninpûchô,Jûbê ninpûchô,A vagabond swordsman is aided by a beautiful ninja girl and a crafty spy in confronting a demonic clan of killers - with a ghost from his past as their leader - who are bent on overthrowing the Tokugawa Shogunate.,A vagabond swordsman is aided by a beautiful ninja girl and a crafty spy in confronting a demonic clan of killers - with a ghost from his past as their leader - who are bent on overthrowing the Tokugawa Shogunate.,A vagabond swordsman aided beautiful ninja girl crafty spy confronting demonic clan killers - ghost past leader - bent overthrowing Tokugawa Shogunate.,A vagabond swordsman is aided by a beautiful ninja girl and a crafty spy in confronting a demonic clan of killers  with a ghost from his past as their leader  who are bent on overthrowing the Tokugawa Shogunate,A vagabond swordsman aided beautiful ninja girl crafty spy confronting demonic clan killers ghost past leader bent overthrowing Tokugawa Shogunate,92
Spotlight,2015,"Biography, Crime, Drama",129 min,8.1,"The true story of how the Boston Globe uncovered the massive scandal of child molestation and cover-up within the local Catholic Archdiocese, shaking the entire Catholic Church to its core.",spotlight,Spotlight,"The true story of how the Boston Globe uncovered the massive scandal of child molestation and cover-up within the local Catholic Archdiocese, shaking the entire Catholic Church to its core.","The true story of how the Boston Globe uncovered the massive scandal of child molestation and cover-up within the local Catholic Archdiocese, shaking the entire Catholic Church to its core.","The true story Boston Globe uncovered massive scandal child molestation cover-up within local Catholic Archdiocese, shaking entire Catholic Church core.",The true story of how the Boston Globe uncovered the massive scandal of child molestation and coverup within the local Catholic Archdiocese shaking the entire Catholic Church to its core,The true story Boston Globe uncovered massive scandal child molestation coverup within local Catholic Archdiocese shaking entire Catholic Church core,93
In America,2002,Drama,105 min,7.7,A family of Irish immigrants adjust to life on the mean streets of Hell's Kitchen while also grieving the death of a child.,in america,In America,A family of Irish immigrants adjust to life on the mean streets of Hell's Kitchen while also grieving the death of a child.,A family of Irish immigrants adjust to life on the mean streets of Hell's Kitchen while also grieving the death of a child.,A family Irish immigrants adjust life mean streets Hell's Kitchen also grieving death child.,A family of Irish immigrants adjust to life on the mean streets of Hells Kitchen while also grieving the death of a child,A family Irish immigrants adjust life mean streets Hells Kitchen also grieving death child,94
Rio Bravo,1959,"Action, Drama, Western",141 min,8.0,"A small-town sheriff in the American West enlists the help of a cripple, a drunk, and a young gunfighter in his efforts to hold in jail the brother of the local bad guy.",rio bravo,Rio Bravo,"A small-town sheriff in the American West enlists the help of a cripple, a drunk, and a young gunfighter in his efforts to hold in jail the brother of the local bad guy.","A small-town sheriff in the American West enlists the help of a cripple, a drunk, and a young gunfighter in his efforts to hold in jail the brother of the local bad guy.","A small-town sheriff American West enlists help cripple, drunk, young gunfighter efforts hold jail brother local bad guy.",A smalltown sheriff in the American West enlists the help of a cripple a drunk and a young gunfighter in his efforts to hold in jail the brother of the local bad guy,A smalltown sheriff American West enlists help cripple drunk young gunfighter efforts hold jail brother local bad guy,95
Ex Machina,2014,"Drama, Sci-Fi, Thriller",108 min,7.7,A young programmer is selected to participate in a ground-breaking experiment in synthetic intelligence by evaluating the human qualities of a highly advanced humanoid A.I.,ex machina,Ex Machina,A young programmer is selected to participate in a ground-breaking experiment in synthetic intelligence by evaluating the human qualities of a highly advanced humanoid A.I.,A young programmer is selected to participate in a ground-breaking experiment in synthetic intelligence by evaluating the human qualities of a highly advanced humanoid A.I.,A young programmer selected participate ground-breaking experiment synthetic intelligence evaluating human qualities highly advanced humanoid A.I.,A young programmer is selected to participate in a groundbreaking experiment in synthetic intelligence by evaluating the human qualities of a highly advanced humanoid AI,A young programmer selected participate groundbreaking experiment synthetic intelligence evaluating human qualities highly advanced humanoid AI,96
Jagten,2012,Drama,115 min,8.3,"A teacher lives a lonely life, all the while struggling over his son's custody. His life slowly gets better as he finds love and receives good news from his son, but his new luck is about to be brutally shattered by an innocent little lie.",jagten,Jagten,"A teacher lives a lonely life, all the while struggling over his son's custody. His life slowly gets better as he finds love and receives good news from his son, but his new luck is about to be brutally shattered by an innocent little lie.","A teacher lives a lonely life, all the while struggling over his son's custody. His life slowly gets better as he finds love and receives good news from his son, but his new luck is about to be brutally shattered by an innocent little lie.","A teacher lives lonely life, struggling son's custody. His life slowly gets better finds love receives good news son, new luck brutally shattered innocent little lie.",A teacher lives a lonely life all the while struggling over his sons custody His life slowly gets better as he finds love and receives good news from his son but his new luck is about to be brutally shattered by an innocent little lie,A teacher lives lonely life struggling sons custody His life slowly gets better finds love receives good news son new luck brutally shattered innocent little lie,97
The Dark Knight Rises,2012,"Action, Adventure",164 min,8.4,"Eight years after the Joker's reign of anarchy, Batman, with the help of the enigmatic Catwoman, is forced from his exile to save Gotham City from the brutal guerrilla terrorist Bane.",the dark knight rises,The Dark Knight Rises,"Eight years after the Joker's reign of anarchy, Batman, with the help of the enigmatic Catwoman, is forced from his exile to save Gotham City from the brutal guerrilla terrorist Bane.","Eight years after the Joker's reign of anarchy, Batman, with the help of the enigmatic Catwoman, is forced from his exile to save Gotham City from the brutal guerrilla terrorist Bane.","Eight years Joker's reign anarchy, Batman, help enigmatic Catwoman, forced exile save Gotham City brutal guerrilla terrorist Bane.",Eight years after the Jokers reign of anarchy Batman with the help of the enigmatic Catwoman is forced from his exile to save Gotham City from the brutal guerrilla terrorist Bane,Eight years Jokers reign anarchy Batman help enigmatic Catwoman forced exile save Gotham City brutal guerrilla terrorist Bane,98
Barton Fink,1991,"Comedy, Drama, Thriller",116 min,7.7,A renowned New York playwright is enticed to California to write for the movies and discovers the hellish truth of Hollywood.,barton fink,Barton Fink,A renowned New York playwright is enticed to California to write for the movies and discovers the hellish truth of Hollywood.,A renowned New York playwright is enticed to California to write for the movies and discovers the hellish truth of Hollywood.,A renowned New York playwright enticed California write movies discovers hellish truth Hollywood.,A renowned New York playwright is enticed to California to write for the movies and discovers the hellish truth of Hollywood,A renowned New York playwright enticed California write movies discovers hellish truth Hollywood,99
Bride of Frankenstein,1935,"Drama, Horror, Sci-Fi",75 min,7.8,"Mary Shelley reveals the main characters of her novel survived: Dr. Frankenstein, goaded by an even madder scientist, builds his monster a mate.",bride of frankenstein,Bride of Frankenstein,"Mary Shelley reveals the main characters of her novel survived: Dr. Frankenstein, goaded by an even madder scientist, builds his monster a mate.","Mary Shelley reveals the main characters of her novel survived: Dr. Frankenstein, goaded by an even madder scientist, builds his monster a mate.","Mary Shelley reveals main characters novel survived: Dr. Frankenstein, goaded even madder scientist, builds monster mate.",Mary Shelley reveals the main characters of her novel survived Dr Frankenstein goaded by an even madder scientist builds his monster a mate,Mary Shelley reveals main characters novel survived Dr Frankenstein goaded even madder scientist builds monster mate,100
Yip Man,2008,"Action, Biography, Drama",106 min,8.0,"During the Japanese invasion of China, a wealthy martial artist is forced to leave his home when his city is occupied. With little means of providing for themselves, Ip Man and the remaining members of the city must find a way to survive.",yip man,Yip Man,"During the Japanese invasion of China, a wealthy martial artist is forced to leave his home when his city is occupied. With little means of providing for themselves, Ip Man and the remaining members of the city must find a way to survive.","During the Japanese invasion of China, a wealthy martial artist is forced to leave his home when his city is occupied. With little means of providing for themselves, Ip Man and the remaining members of the city must find a way to survive.","During Japanese invasion China, wealthy martial artist forced leave home city occupied. With little means providing themselves, Ip Man remaining members city must find way survive.",During the Japanese invasion of China a wealthy martial artist is forced to leave his home when his city is occupied With little means of providing for themselves Ip Man and the remaining members of the city must find a way to survive,During Japanese invasion China wealthy martial artist forced leave home city occupied With little means providing Ip Man remaining members city must find way survive,101
Un long dimanche de fiançailles,2004,"Drama, Mystery, Romance",133 min,7.6,"Tells the story of a young woman's relentless search for her fiancé, who has disappeared from the trenches of the Somme during World War One.",un long dimanche de fiançailles,Un long dimanche de fiançailles,"Tells the story of a young woman's relentless search for her fiancé, who has disappeared from the trenches of the Somme during World War One.","Tells the story of a young woman's relentless search for her fiancé, who has disappeared from the trenches of the Somme during World War One.","Tells story young woman's relentless search fiancé, disappeared trenches Somme World War One.",Tells the story of a young womans relentless search for her fiancé who has disappeared from the trenches of the Somme during World War One,Tells story young womans relentless search fiancé disappeared trenches Somme World War One,102
Underground,1995,"Comedy, Drama, War",170 min,8.1,"A group of Serbian socialists prepares for the war in a surreal underground filled by parties, tragedies, love and hate.",underground,Underground,"A group of Serbian socialists prepares for the war in a surreal underground filled by parties, tragedies, love and hate.","A group of Serbian socialists prepares for the war in a surreal underground filled by parties, tragedies, love and hate.","A group Serbian socialists prepares war surreal underground filled parties, tragedies, love hate.",A group of Serbian socialists prepares for the war in a surreal underground filled by parties tragedies love and hate,A group Serbian socialists prepares war surreal underground filled parties tragedies love hate,103
Walk the Line,2005,"Biography, Drama, Music",136 min,7.8,"A chronicle of country music legend Johnny Cash's life, from his early days on an Arkansas cotton farm to his rise to fame with Sun Records in Memphis, where he recorded alongside Elvis Presley, Jerry Lee Lewis, and Carl Perkins.",walk the line,Walk the Line,"A chronicle of country music legend Johnny Cash's life, from his early days on an Arkansas cotton farm to his rise to fame with Sun Records in Memphis, where he recorded alongside Elvis Presley, Jerry Lee Lewis, and Carl Perkins.","A chronicle of country music legend Johnny Cash's life, from his early days on an Arkansas cotton farm to his rise to fame with Sun Records in Memphis, where he recorded alongside Elvis Presley, Jerry Lee Lewis, and Carl Perkins.","A chronicle country music legend Johnny Cash's life, early days Arkansas cotton farm rise fame Sun Records Memphis, recorded alongside Elvis Presley, Jerry Lee Lewis, Carl Perkins.",A chronicle of country music legend Johnny Cashs life from his early days on an Arkansas cotton farm to his rise to fame with Sun Records in Memphis where he recorded alongside Elvis Presley Jerry Lee Lewis and Carl Perkins,A chronicle country music legend Johnny Cashs life early days Arkansas cotton farm rise fame Sun Records Memphis recorded alongside Elvis Presley Jerry Lee Lewis Carl Perkins,104
Remember the Titans,2000,"Biography, Drama, Sport",113 min,7.8,The true story of a newly appointed African-American coach and his high school team on their first season as a racially integrated unit.,remember the titans,Remember the Titans,The true story of a newly appointed African-American coach and his high school team on their first season as a racially integrated unit.,The true story of a newly appointed African-American coach and his high school team on their first season as a racially integrated unit.,The true story newly appointed African-American coach high school team first season racially integrated unit.,The true story of a newly appointed AfricanAmerican coach and his high school team on their first season as a racially integrated unit,The true story newly appointed AfricanAmerican coach high school team first season racially integrated unit,105
East of Eden,1955,Drama,118 min,7.9,"Two brothers struggle to maintain their strict, Bible-toting father's favor.",east of eden,East of Eden,"Two brothers struggle to maintain their strict, Bible-toting father's favor.","Two brothers struggle to maintain their strict, Bible-toting father's favor.","Two brothers struggle maintain strict, Bible-toting father's favor.",Two brothers struggle to maintain their strict Bibletoting fathers favor,Two brothers struggle maintain strict Bibletoting fathers favor,106
Dark City,1998,"Mystery, Sci-Fi, Thriller",100 min,7.6,"A man struggles with memories of his past, which include a wife he cannot remember and a nightmarish world no one else ever seems to wake up from.",dark city,Dark City,"A man struggles with memories of his past, which include a wife he cannot remember and a nightmarish world no one else ever seems to wake up from.","A man struggles with memories of his past, which include a wife he cannot remember and a nightmarish world no one else ever seems to wake up from.","A man struggles memories past, include wife cannot remember nightmarish world one else ever seems wake from.",A man struggles with memories of his past which include a wife he cannot remember and a nightmarish world no one else ever seems to wake up from,A man struggles memories past include wife cannot remember nightmarish world one else ever seems wake,107
Indiana Jones and the Last Crusade,1989,"Action, Adventure",127 min,8.2,"In 1938, after his father Professor Henry Jones, Sr. goes missing while pursuing the Holy Grail, Professor Henry ""Indiana"" Jones, Jr. finds himself up against Adolf Hitler's Nazis again to stop them from obtaining its powers.",indiana jones and the last crusade,Indiana Jones and the Last Crusade,"In 1938, after his father Professor Henry Jones, Sr. goes missing while pursuing the Holy Grail, Professor Henry ""Indiana"" Jones, Jr. finds himself up against Adolf Hitler's Nazis again to stop them from obtaining its powers.","In 1938, after his father Professor Henry Jones, Sr. goes missing while pursuing the Holy Grail, Professor Henry ""Indiana"" Jones, Jr. finds himself up against Adolf Hitler's Nazis again to stop them from obtaining its powers.","In 1938, father Professor Henry Jones, Sr. goes missing pursuing Holy Grail, Professor Henry ""Indiana"" Jones, Jr. finds Adolf Hitler's Nazis stop obtaining powers.",In 1938 after his father Professor Henry Jones Sr goes missing while pursuing the Holy Grail Professor Henry Indiana Jones Jr finds himself up against Adolf Hitlers Nazis again to stop them from obtaining its powers,In 1938 father Professor Henry Jones Sr goes missing pursuing Holy Grail Professor Henry Indiana Jones Jr finds Adolf Hitlers Nazis stop obtaining powers,108
Seven Pounds,2008,Drama,123 min,7.6,A man with a fateful secret embarks on an extraordinary journey of redemption by forever changing the lives of seven strangers.,seven pounds,Seven Pounds,A man with a fateful secret embarks on an extraordinary journey of redemption by forever changing the lives of seven strangers.,A man with a fateful secret embarks on an extraordinary journey of redemption by forever changing the lives of seven strangers.,A man fateful secret embarks extraordinary journey redemption forever changing lives seven strangers.,A man with a fateful secret embarks on an extraordinary journey of redemption by forever changing the lives of seven strangers,A man fateful secret embarks extraordinary journey redemption forever changing lives seven strangers,109
Hannah and Her Sisters,1986,"Comedy, Drama",107 min,7.9,"Between two Thanksgivings two years apart, Hannah's husband falls in love with her sister Lee, while her hypochondriac ex-husband rekindles his relationship with her sister Holly.",hannah and her sisters,Hannah and Her Sisters,"Between two Thanksgivings two years apart, Hannah's husband falls in love with her sister Lee, while her hypochondriac ex-husband rekindles his relationship with her sister Holly.","Between two Thanksgivings two years apart, Hannah's husband falls in love with her sister Lee, while her hypochondriac ex-husband rekindles his relationship with her sister Holly.","Between two Thanksgivings two years apart, Hannah's husband falls love sister Lee, hypochondriac ex-husband rekindles relationship sister Holly.",Between two Thanksgivings two years apart Hannahs husband falls in love with her sister Lee while her hypochondriac exhusband rekindles his relationship with her sister Holly,Between two Thanksgivings two years apart Hannahs husband falls love sister Lee hypochondriac exhusband rekindles relationship sister Holly,110
Glengarry Glen Ross,1992,"Crime, Drama, Mystery",100 min,7.7,An examination of the machinations behind the scenes at a real estate office.,glengarry glen ross,Glengarry Glen Ross,An examination of the machinations behind the scenes at a real estate office.,An examination of the machinations behind the scenes at a real estate office.,An examination machinations behind scenes real estate office.,An examination of the machinations behind the scenes at a real estate office,An examination machinations behind scenes real estate office,111
Escape from Alcatraz,1979,"Action, Biography, Crime",112 min,7.6,"Alcatraz is the most secure prison of its time. It is believed that no one can ever escape from it, until three daring men make a possible successful attempt at escaping from one of the most infamous prisons in the world.",escape from alcatraz,Escape from Alcatraz,"Alcatraz is the most secure prison of its time. It is believed that no one can ever escape from it, until three daring men make a possible successful attempt at escaping from one of the most infamous prisons in the world.","Alcatraz is the most secure prison of its time. It is believed that no one can ever escape from it, until three daring men make a possible successful attempt at escaping from one of the most infamous prisons in the world.","Alcatraz secure prison time. It believed one ever escape it, three daring men make possible successful attempt escaping one infamous prisons world.",Alcatraz is the most secure prison of its time It is believed that no one can ever escape from it until three daring men make a possible successful attempt at escaping from one of the most infamous prisons in the world,Alcatraz secure prison time It believed one ever escape three daring men make possible successful attempt escaping one infamous prisons world,112
Clerks,1994,Comedy,92 min,7.7,"A day in the lives of two convenience clerks named Dante and Randal as they annoy customers, discuss movies, and play hockey on the store roof.",clerks,Clerks,"A day in the lives of two convenience clerks named Dante and Randal as they annoy customers, discuss movies, and play hockey on the store roof.","A day in the lives of two convenience clerks named Dante and Randal as they annoy customers, discuss movies, and play hockey on the store roof.","A day lives two convenience clerks named Dante Randal annoy customers, discuss movies, play hockey store roof.",A day in the lives of two convenience clerks named Dante and Randal as they annoy customers discuss movies and play hockey on the store roof,A day lives two convenience clerks named Dante Randal annoy customers discuss movies play hockey store roof,113
Andhadhun,2018,"Crime, Drama, Music",139 min,8.3,"A series of mysterious events change the life of a blind pianist, who must now report a crime that he should technically know nothing of.",andhadhun,Andhadhun,"A series of mysterious events change the life of a blind pianist, who must now report a crime that he should technically know nothing of.","A series of mysterious events change the life of a blind pianist, who must now report a crime that he should technically know nothing of.","A series mysterious events change life blind pianist, must report crime technically know nothing of.",A series of mysterious events change the life of a blind pianist who must now report a crime that he should technically know nothing of,A series mysterious events change life blind pianist must report crime technically know nothing,114
8½,1963,Drama,138 min,8.0,A harried movie director retreats into his memories and fantasies.,8½,8½,A harried movie director retreats into his memories and fantasies.,A harried movie director retreats into his memories and fantasies.,A harried movie director retreats memories fantasies.,A harried movie director retreats into his memories and fantasies,A harried movie director retreats memories fantasies,115
Smultronstället,1957,"Drama, Romance",91 min,8.2,"After living a life marked by coldness, an aging professor is forced to confront the emptiness of his existence.",smultronstället,Smultronstället,"After living a life marked by coldness, an aging professor is forced to confront the emptiness of his existence.","After living a life marked by coldness, an aging professor is forced to confront the emptiness of his existence.","After living life marked coldness, aging professor forced confront emptiness existence.",After living a life marked by coldness an aging professor is forced to confront the emptiness of his existence,After living life marked coldness aging professor forced confront emptiness existence,116
"Planes, Trains & Automobiles",1987,"Comedy, Drama",93 min,7.6,A man must struggle to travel home for Thanksgiving with a lovable oaf of a shower curtain ring salesman as his only companion.,"planes, trains & automobiles",Planes Trains  Automobiles,A man must struggle to travel home for Thanksgiving with a lovable oaf of a shower curtain ring salesman as his only companion.,A man must struggle to travel home for Thanksgiving with a lovable oaf of a shower curtain ring salesman as his only companion.,A man must struggle travel home Thanksgiving lovable oaf shower curtain ring salesman companion.,A man must struggle to travel home for Thanksgiving with a lovable oaf of a shower curtain ring salesman as his only companion,A man must struggle travel home Thanksgiving lovable oaf shower curtain ring salesman companion,117
All That Jazz,1979,"Drama, Music, Musical",123 min,7.9,"Director/choreographer Bob Fosse tells his own life story as he details the sordid career of Joe Gideon, a womanizing, drug-using dancer.",all that jazz,All That Jazz,"Director/choreographer Bob Fosse tells his own life story as he details the sordid career of Joe Gideon, a womanizing, drug-using dancer.","Director/choreographer Bob Fosse tells his own life story as he details the sordid career of Joe Gideon, a womanizing, drug-using dancer.","Director/choreographer Bob Fosse tells life story details sordid career Joe Gideon, womanizing, drug-using dancer.",Directorchoreographer Bob Fosse tells his own life story as he details the sordid career of Joe Gideon a womanizing drugusing dancer,Directorchoreographer Bob Fosse tells life story details sordid career Joe Gideon womanizing drugusing dancer,118
Sanjuro,1962,"Action, Comedy, Crime",96 min,8.1,"A crafty samurai helps a young man and his fellow clansmen save his uncle, who has been framed and imprisoned by a corrupt superintendent.",sanjuro,Sanjuro,"A crafty samurai helps a young man and his fellow clansmen save his uncle, who has been framed and imprisoned by a corrupt superintendent.","A crafty samurai helps a young man and his fellow clansmen save his uncle, who has been framed and imprisoned by a corrupt superintendent.","A crafty samurai helps young man fellow clansmen save uncle, framed imprisoned corrupt superintendent.",A crafty samurai helps a young man and his fellow clansmen save his uncle who has been framed and imprisoned by a corrupt superintendent,A crafty samurai helps young man fellow clansmen save uncle framed imprisoned corrupt superintendent,119
Moana,2016,"Animation, Adventure, Comedy",107 min,7.6,"In Ancient Polynesia, when a terrible curse incurred by the Demigod Maui reaches Moana's island, she answers the Ocean's call to seek out the Demigod to set things right.",moana,Moana,"In Ancient Polynesia, when a terrible curse incurred by the Demigod Maui reaches Moana's island, she answers the Ocean's call to seek out the Demigod to set things right.","In Ancient Polynesia, when a terrible curse incurred by the Demigod Maui reaches Moana's island, she answers the Ocean's call to seek out the Demigod to set things right.","In Ancient Polynesia, terrible curse incurred Demigod Maui reaches Moana's island, answers Ocean's call seek Demigod set things right.",In Ancient Polynesia when a terrible curse incurred by the Demigod Maui reaches Moanas island she answers the Oceans call to seek out the Demigod to set things right,In Ancient Polynesia terrible curse incurred Demigod Maui reaches Moanas island answers Oceans call seek Demigod set things right,120
Rosemary's Baby,1968,"Drama, Horror",137 min,8.0,A young couple trying for a baby move into a fancy apartment surrounded by peculiar neighbors.,rosemary's baby,Rosemarys Baby,A young couple trying for a baby move into a fancy apartment surrounded by peculiar neighbors.,A young couple trying for a baby move into a fancy apartment surrounded by peculiar neighbors.,A young couple trying baby move fancy apartment surrounded peculiar neighbors.,A young couple trying for a baby move into a fancy apartment surrounded by peculiar neighbors,A young couple trying baby move fancy apartment surrounded peculiar neighbors,121
Stagecoach,1939,"Adventure, Drama, Western",96 min,7.8,A group of people traveling on a stagecoach find their journey complicated by the threat of Geronimo and learn something about each other in the process.,stagecoach,Stagecoach,A group of people traveling on a stagecoach find their journey complicated by the threat of Geronimo and learn something about each other in the process.,A group of people traveling on a stagecoach find their journey complicated by the threat of Geronimo and learn something about each other in the process.,A group people traveling stagecoach find journey complicated threat Geronimo learn something process.,A group of people traveling on a stagecoach find their journey complicated by the threat of Geronimo and learn something about each other in the process,A group people traveling stagecoach find journey complicated threat Geronimo learn something process,122
Trois couleurs: Rouge,1994,"Drama, Mystery, Romance",99 min,8.1,A model discovers a retired judge is keen on invading people's privacy.,trois couleurs: rouge,Trois couleurs Rouge,A model discovers a retired judge is keen on invading people's privacy.,A model discovers a retired judge is keen on invading people's privacy.,A model discovers retired judge keen invading people's privacy.,A model discovers a retired judge is keen on invading peoples privacy,A model discovers retired judge keen invading peoples privacy,123
Before Sunset,2004,"Drama, Romance",80 min,8.1,"Nine years after Jesse and Celine first met, they encounter each other again on the French leg of Jesse's book tour.",before sunset,Before Sunset,"Nine years after Jesse and Celine first met, they encounter each other again on the French leg of Jesse's book tour.","Nine years after Jesse and Celine first met, they encounter each other again on the French leg of Jesse's book tour.","Nine years Jesse Celine first met, encounter French leg Jesse's book tour.",Nine years after Jesse and Celine first met they encounter each other again on the French leg of Jesses book tour,Nine years Jesse Celine first met encounter French leg Jesses book tour,124
Notorious,1946,"Drama, Film-Noir, Romance",102 min,7.9,A woman is asked to spy on a group of Nazi friends in South America. How far will she have to go to ingratiate herself with them?,notorious,Notorious,A woman is asked to spy on a group of Nazi friends in South America. How far will she have to go to ingratiate herself with them?,A woman is asked to spy on a group of Nazi friends in South America. How far will she have to go to ingratiate herself with them?,A woman asked spy group Nazi friends South America. How far go ingratiate them?,A woman is asked to spy on a group of Nazi friends in South America How far will she have to go to ingratiate herself with them,A woman asked spy group Nazi friends South America How far go ingratiate,125
Captain America: Civil War,2016,"Action, Adventure, Sci-Fi",147 min,7.8,Political involvement in the Avengers' affairs causes a rift between Captain America and Iron Man.,captain america: civil war,Captain America Civil War,Political involvement in the Avengers' affairs causes a rift between Captain America and Iron Man.,Political involvement in the Avengers' affairs causes a rift between Captain America and Iron Man.,Political involvement Avengers' affairs causes rift Captain America Iron Man.,Political involvement in the Avengers affairs causes a rift between Captain America and Iron Man,Political involvement Avengers affairs causes rift Captain America Iron Man,126
Stalag 17,1953,"Comedy, Drama, War",120 min,8.0,"When two escaping American World War II prisoners are killed, the German P.O.W. camp barracks black marketeer, J.J. Sefton, is suspected of being an informer.",stalag 17,Stalag 17,"When two escaping American World War II prisoners are killed, the German P.O.W. camp barracks black marketeer, J.J. Sefton, is suspected of being an informer.","When two escaping American World War II prisoners are killed, the German P.O.W. camp barracks black marketeer, J.J. Sefton, is suspected of being an informer.","When two escaping American World War II prisoners killed, German P.O.W. camp barracks black marketeer, J.J. Sefton, suspected informer.",When two escaping American World War II prisoners are killed the German POW camp barracks black marketeer JJ Sefton is suspected of being an informer,When two escaping American World War II prisoners killed German POW camp barracks black marketeer JJ Sefton suspected informer,127
Invasion of the Body Snatchers,1956,"Drama, Horror, Sci-Fi",80 min,7.7,A small-town doctor learns that the population of his community is being replaced by emotionless alien duplicates.,invasion of the body snatchers,Invasion of the Body Snatchers,A small-town doctor learns that the population of his community is being replaced by emotionless alien duplicates.,A small-town doctor learns that the population of his community is being replaced by emotionless alien duplicates.,A small-town doctor learns population community replaced emotionless alien duplicates.,A smalltown doctor learns that the population of his community is being replaced by emotionless alien duplicates,A smalltown doctor learns population community replaced emotionless alien duplicates,128
Office Space,1999,Comedy,89 min,7.7,Three company workers who hate their jobs decide to rebel against their greedy boss.,office space,Office Space,Three company workers who hate their jobs decide to rebel against their greedy boss.,Three company workers who hate their jobs decide to rebel against their greedy boss.,Three company workers hate jobs decide rebel greedy boss.,Three company workers who hate their jobs decide to rebel against their greedy boss,Three company workers hate jobs decide rebel greedy boss,129
How to Train Your Dragon 2,2014,"Animation, Action, Adventure",102 min,7.8,"When Hiccup and Toothless discover an ice cave that is home to hundreds of new wild dragons and the mysterious Dragon Rider, the two friends find themselves at the center of a battle to protect the peace.",how to train your dragon 2,How to Train Your Dragon 2,"When Hiccup and Toothless discover an ice cave that is home to hundreds of new wild dragons and the mysterious Dragon Rider, the two friends find themselves at the center of a battle to protect the peace.","When Hiccup and Toothless discover an ice cave that is home to hundreds of new wild dragons and the mysterious Dragon Rider, the two friends find themselves at the center of a battle to protect the peace.","When Hiccup Toothless discover ice cave home hundreds new wild dragons mysterious Dragon Rider, two friends find center battle protect peace.",When Hiccup and Toothless discover an ice cave that is home to hundreds of new wild dragons and the mysterious Dragon Rider the two friends find themselves at the center of a battle to protect the peace,When Hiccup Toothless discover ice cave home hundreds new wild dragons mysterious Dragon Rider two friends find center battle protect peace,130
Serpico,1973,"Biography, Crime, Drama",130 min,7.7,An honest New York cop named Frank Serpico blows the whistle on rampant corruption in the force only to have his comrades turn against him.,serpico,Serpico,An honest New York cop named Frank Serpico blows the whistle on rampant corruption in the force only to have his comrades turn against him.,An honest New York cop named Frank Serpico blows the whistle on rampant corruption in the force only to have his comrades turn against him.,An honest New York cop named Frank Serpico blows whistle rampant corruption force comrades turn him.,An honest New York cop named Frank Serpico blows the whistle on rampant corruption in the force only to have his comrades turn against him,An honest New York cop named Frank Serpico blows whistle rampant corruption force comrades turn,131
Dà hóng denglong gaogao guà,1991,"Drama, History, Romance",125 min,8.1,"A young woman becomes the fourth wife of a wealthy lord, and must learn to live with the strict rules and tensions within the household.",dà hóng denglong gaogao guà,Dà hóng denglong gaogao guà,"A young woman becomes the fourth wife of a wealthy lord, and must learn to live with the strict rules and tensions within the household.","A young woman becomes the fourth wife of a wealthy lord, and must learn to live with the strict rules and tensions within the household.","A young woman becomes fourth wife wealthy lord, must learn live strict rules tensions within household.",A young woman becomes the fourth wife of a wealthy lord and must learn to live with the strict rules and tensions within the household,A young woman becomes fourth wife wealthy lord must learn live strict rules tensions within household,132
Breakfast at Tiffany's,1961,"Comedy, Drama, Romance",115 min,7.6,"A young New York socialite becomes interested in a young man who has moved into her apartment building, but her past threatens to get in the way.",breakfast at tiffany's,Breakfast at Tiffanys,"A young New York socialite becomes interested in a young man who has moved into her apartment building, but her past threatens to get in the way.","A young New York socialite becomes interested in a young man who has moved into her apartment building, but her past threatens to get in the way.","A young New York socialite becomes interested young man moved apartment building, past threatens get way.",A young New York socialite becomes interested in a young man who has moved into her apartment building but her past threatens to get in the way,A young New York socialite becomes interested young man moved apartment building past threatens get way,133
Brazil,1985,"Drama, Sci-Fi",132 min,7.9,A bureaucrat in a dystopic society becomes an enemy of the state as he pursues the woman of his dreams.,brazil,Brazil,A bureaucrat in a dystopic society becomes an enemy of the state as he pursues the woman of his dreams.,A bureaucrat in a dystopic society becomes an enemy of the state as he pursues the woman of his dreams.,A bureaucrat dystopic society becomes enemy state pursues woman dreams.,A bureaucrat in a dystopic society becomes an enemy of the state as he pursues the woman of his dreams,A bureaucrat dystopic society becomes enemy state pursues woman dreams,134
Vikram Vedha,2017,"Action, Crime, Drama",147 min,8.4,"Vikram, a no-nonsense police officer, accompanied by Simon, his partner, is on the hunt to capture Vedha, a smuggler and a murderer. Vedha tries to change Vikram's life, which leads to a conflict.",vikram vedha,Vikram Vedha,"Vikram, a no-nonsense police officer, accompanied by Simon, his partner, is on the hunt to capture Vedha, a smuggler and a murderer. Vedha tries to change Vikram's life, which leads to a conflict.","Vikram, a no-nonsense police officer, accompanied by Simon, his partner, is on the hunt to capture Vedha, a smuggler and a murderer. Vedha tries to change Vikram's life, which leads to a conflict.","Vikram, no-nonsense police officer, accompanied Simon, partner, hunt capture Vedha, smuggler murderer. Vedha tries change Vikram's life, leads conflict.",Vikram a nononsense police officer accompanied by Simon his partner is on the hunt to capture Vedha a smuggler and a murderer Vedha tries to change Vikrams life which leads to a conflict,Vikram nononsense police officer accompanied Simon partner hunt capture Vedha smuggler murderer Vedha tries change Vikrams life leads conflict,135
Singin' in the Rain,1952,"Comedy, Musical, Romance",103 min,8.3,A silent film production company and cast make a difficult transition to sound.,singin' in the rain,Singin in the Rain,A silent film production company and cast make a difficult transition to sound.,A silent film production company and cast make a difficult transition to sound.,A silent film production company cast make difficult transition sound.,A silent film production company and cast make a difficult transition to sound,A silent film production company cast make difficult transition sound,136
12 Years a Slave,2013,"Biography, Drama, History",134 min,8.1,"In the antebellum United States, Solomon Northup, a free black man from upstate New York, is abducted and sold into slavery.",12 years a slave,12 Years a Slave,"In the antebellum United States, Solomon Northup, a free black man from upstate New York, is abducted and sold into slavery.","In the antebellum United States, Solomon Northup, a free black man from upstate New York, is abducted and sold into slavery.","In antebellum United States, Solomon Northup, free black man upstate New York, abducted sold slavery.",In the antebellum United States Solomon Northup a free black man from upstate New York is abducted and sold into slavery,In antebellum United States Solomon Northup free black man upstate New York abducted sold slavery,137
The Green Mile,1999,"Crime, Drama, Fantasy",189 min,8.6,"The lives of guards on Death Row are affected by one of their charges: a black man accused of child murder and rape, yet who has a mysterious gift.",the green mile,The Green Mile,"The lives of guards on Death Row are affected by one of their charges: a black man accused of child murder and rape, yet who has a mysterious gift.","The lives of guards on Death Row are affected by one of their charges: a black man accused of child murder and rape, yet who has a mysterious gift.","The lives guards Death Row affected one charges: black man accused child murder rape, yet mysterious gift.",The lives of guards on Death Row are affected by one of their charges a black man accused of child murder and rape yet who has a mysterious gift,The lives guards Death Row affected one charges black man accused child murder rape yet mysterious gift,138
Raiders of the Lost Ark,1981,"Action, Adventure",115 min,8.4,"In 1936, archaeologist and adventurer Indiana Jones is hired by the U.S. government to find the Ark of the Covenant before Adolf Hitler's Nazis can obtain its awesome powers.",raiders of the lost ark,Raiders of the Lost Ark,"In 1936, archaeologist and adventurer Indiana Jones is hired by the U.S. government to find the Ark of the Covenant before Adolf Hitler's Nazis can obtain its awesome powers.","In 1936, archaeologist and adventurer Indiana Jones is hired by the U.S. government to find the Ark of the Covenant before Adolf Hitler's Nazis can obtain its awesome powers.","In 1936, archaeologist adventurer Indiana Jones hired U.S. government find Ark Covenant Adolf Hitler's Nazis obtain awesome powers.",In 1936 archaeologist and adventurer Indiana Jones is hired by the US government to find the Ark of the Covenant before Adolf Hitlers Nazis can obtain its awesome powers,In 1936 archaeologist adventurer Indiana Jones hired US government find Ark Covenant Adolf Hitlers Nazis obtain awesome powers,139
Terminator 2: Judgment Day,1991,"Action, Sci-Fi",137 min,8.5,"A cyborg, identical to the one who failed to kill Sarah Connor, must now protect her teenage son, John Connor, from a more advanced and powerful cyborg.",terminator 2: judgment day,Terminator 2 Judgment Day,"A cyborg, identical to the one who failed to kill Sarah Connor, must now protect her teenage son, John Connor, from a more advanced and powerful cyborg.","A cyborg, identical to the one who failed to kill Sarah Connor, must now protect her teenage son, John Connor, from a more advanced and powerful cyborg.","A cyborg, identical one failed kill Sarah Connor, must protect teenage son, John Connor, advanced powerful cyborg.",A cyborg identical to the one who failed to kill Sarah Connor must now protect her teenage son John Connor from a more advanced and powerful cyborg,A cyborg identical one failed kill Sarah Connor must protect teenage son John Connor advanced powerful cyborg,140
Lagaan: Once Upon a Time in India,2001,"Adventure, Drama, Musical",224 min,8.1,The people of a small village in Victorian India stake their future on a game of cricket against their ruthless British rulers.,lagaan: once upon a time in india,Lagaan Once Upon a Time in India,The people of a small village in Victorian India stake their future on a game of cricket against their ruthless British rulers.,The people of a small village in Victorian India stake their future on a game of cricket against their ruthless British rulers.,The people small village Victorian India stake future game cricket ruthless British rulers.,The people of a small village in Victorian India stake their future on a game of cricket against their ruthless British rulers,The people small village Victorian India stake future game cricket ruthless British rulers,141
God's Own Country,2017,"Drama, Romance",104 min,7.7,"Spring. Yorkshire. Young farmer Johnny Saxby numbs his daily frustrations with binge drinking and casual sex, until the arrival of a Romanian migrant worker for lambing season ignites an intense relationship that sets Johnny on a new path.",god's own country,Gods Own Country,"Spring. Yorkshire. Young farmer Johnny Saxby numbs his daily frustrations with binge drinking and casual sex, until the arrival of a Romanian migrant worker for lambing season ignites an intense relationship that sets Johnny on a new path.","Spring. Yorkshire. Young farmer Johnny Saxby numbs his daily frustrations with binge drinking and casual sex, until the arrival of a Romanian migrant worker for lambing season ignites an intense relationship that sets Johnny on a new path.","Spring. Yorkshire. Young farmer Johnny Saxby numbs daily frustrations binge drinking casual sex, arrival Romanian migrant worker lambing season ignites intense relationship sets Johnny new path.",Spring Yorkshire Young farmer Johnny Saxby numbs his daily frustrations with binge drinking and casual sex until the arrival of a Romanian migrant worker for lambing season ignites an intense relationship that sets Johnny on a new path,Spring Yorkshire Young farmer Johnny Saxby numbs daily frustrations binge drinking casual sex arrival Romanian migrant worker lambing season ignites intense relationship sets Johnny new path,142
Barry Lyndon,1975,"Adventure, Drama, History",185 min,8.1,An Irish rogue wins the heart of a rich widow and assumes her dead husband's aristocratic position in 18th-century England.,barry lyndon,Barry Lyndon,An Irish rogue wins the heart of a rich widow and assumes her dead husband's aristocratic position in 18th-century England.,An Irish rogue wins the heart of a rich widow and assumes her dead husband's aristocratic position in 18th-century England.,An Irish rogue wins heart rich widow assumes dead husband's aristocratic position 18th-century England.,An Irish rogue wins the heart of a rich widow and assumes her dead husbands aristocratic position in 18thcentury England,An Irish rogue wins heart rich widow assumes dead husbands aristocratic position 18thcentury England,143
Sicario,2015,"Action, Crime, Drama",121 min,7.6,An idealistic FBI agent is enlisted by a government task force to aid in the escalating war against drugs at the border area between the U.S. and Mexico.,sicario,Sicario,An idealistic FBI agent is enlisted by a government task force to aid in the escalating war against drugs at the border area between the U.S. and Mexico.,An idealistic FBI agent is enlisted by a government task force to aid in the escalating war against drugs at the border area between the U.S. and Mexico.,An idealistic FBI agent enlisted government task force aid escalating war drugs border area U.S. Mexico.,An idealistic FBI agent is enlisted by a government task force to aid in the escalating war against drugs at the border area between the US and Mexico,An idealistic FBI agent enlisted government task force aid escalating war drugs border area US Mexico,144
Sherlock Holmes,2009,"Action, Adventure, Mystery",128 min,7.6,Detective Sherlock Holmes and his stalwart partner Watson engage in a battle of wits and brawn with a nemesis whose plot is a threat to all of England.,sherlock holmes,Sherlock Holmes,Detective Sherlock Holmes and his stalwart partner Watson engage in a battle of wits and brawn with a nemesis whose plot is a threat to all of England.,Detective Sherlock Holmes and his stalwart partner Watson engage in a battle of wits and brawn with a nemesis whose plot is a threat to all of England.,Detective Sherlock Holmes stalwart partner Watson engage battle wits brawn nemesis whose plot threat England.,Detective Sherlock Holmes and his stalwart partner Watson engage in a battle of wits and brawn with a nemesis whose plot is a threat to all of England,Detective Sherlock Holmes stalwart partner Watson engage battle wits brawn nemesis whose plot threat England,145
Shine,1996,"Biography, Drama, Music",105 min,7.7,"Pianist David Helfgott, driven by his father and teachers, has a breakdown. Years later he returns to the piano, to popular if not critical acclaim.",shine,Shine,"Pianist David Helfgott, driven by his father and teachers, has a breakdown. Years later he returns to the piano, to popular if not critical acclaim.","Pianist David Helfgott, driven by his father and teachers, has a breakdown. Years later he returns to the piano, to popular if not critical acclaim.","Pianist David Helfgott, driven father teachers, breakdown. Years later returns piano, popular critical acclaim.",Pianist David Helfgott driven by his father and teachers has a breakdown Years later he returns to the piano to popular if not critical acclaim,Pianist David Helfgott driven father teachers breakdown Years later returns piano popular critical acclaim,146
Amores perros,2000,"Drama, Thriller",154 min,8.1,"A horrific car accident connects three stories, each involving characters dealing with loss, regret, and life's harsh realities, all in the name of love.",amores perros,Amores perros,"A horrific car accident connects three stories, each involving characters dealing with loss, regret, and life's harsh realities, all in the name of love.","A horrific car accident connects three stories, each involving characters dealing with loss, regret, and life's harsh realities, all in the name of love.","A horrific car accident connects three stories, involving characters dealing loss, regret, life's harsh realities, name love.",A horrific car accident connects three stories each involving characters dealing with loss regret and lifes harsh realities all in the name of love,A horrific car accident connects three stories involving characters dealing loss regret lifes harsh realities name love,147
Kurenai no buta,1992,"Animation, Adventure, Comedy",94 min,7.7,"In 1930s Italy, a veteran World War I pilot is cursed to look like an anthropomorphic pig.",kurenai no buta,Kurenai no buta,"In 1930s Italy, a veteran World War I pilot is cursed to look like an anthropomorphic pig.","In 1930s Italy, a veteran World War I pilot is cursed to look like an anthropomorphic pig.","In 1930s Italy, veteran World War I pilot cursed look like anthropomorphic pig.",In 1930s Italy a veteran World War I pilot is cursed to look like an anthropomorphic pig,In 1930s Italy veteran World War I pilot cursed look like anthropomorphic pig,148
Das Cabinet des Dr. Caligari,1920,"Fantasy, Horror, Mystery",76 min,8.1,"Hypnotist Dr. Caligari uses a somnambulist, Cesare, to commit murders.",das cabinet des dr. caligari,Das Cabinet des Dr Caligari,"Hypnotist Dr. Caligari uses a somnambulist, Cesare, to commit murders.","Hypnotist Dr. Caligari uses a somnambulist, Cesare, to commit murders.","Hypnotist Dr. Caligari uses somnambulist, Cesare, commit murders.",Hypnotist Dr Caligari uses a somnambulist Cesare to commit murders,Hypnotist Dr Caligari uses somnambulist Cesare commit murders,149
Waking Life,2001,"Animation, Drama, Fantasy",99 min,7.8,A man shuffles through a dream meeting various people and discussing the meanings and purposes of the universe.,waking life,Waking Life,A man shuffles through a dream meeting various people and discussing the meanings and purposes of the universe.,A man shuffles through a dream meeting various people and discussing the meanings and purposes of the universe.,A man shuffles dream meeting various people discussing meanings purposes universe.,A man shuffles through a dream meeting various people and discussing the meanings and purposes of the universe,A man shuffles dream meeting various people discussing meanings purposes universe,150
Hauru no ugoku shiro,2004,"Animation, Adventure, Family",119 min,8.2,"When an unconfident young woman is cursed with an old body by a spiteful witch, her only chance of breaking the spell lies with a self-indulgent yet insecure young wizard and his companions in his legged, walking castle.",hauru no ugoku shiro,Hauru no ugoku shiro,"When an unconfident young woman is cursed with an old body by a spiteful witch, her only chance of breaking the spell lies with a self-indulgent yet insecure young wizard and his companions in his legged, walking castle.","When an unconfident young woman is cursed with an old body by a spiteful witch, her only chance of breaking the spell lies with a self-indulgent yet insecure young wizard and his companions in his legged, walking castle.","When unconfident young woman cursed old body spiteful witch, chance breaking spell lies self-indulgent yet insecure young wizard companions legged, walking castle.",When an unconfident young woman is cursed with an old body by a spiteful witch her only chance of breaking the spell lies with a selfindulgent yet insecure young wizard and his companions in his legged walking castle,When unconfident young woman cursed old body spiteful witch chance breaking spell lies selfindulgent yet insecure young wizard companions legged walking castle,151
The Naked Gun: From the Files of Police Squad!,1988,"Comedy, Crime",85 min,7.6,Incompetent police Detective Frank Drebin must foil an attempt to assassinate Queen Elizabeth II.,the naked gun: from the files of police squad!,The Naked Gun From the Files of Police Squad,Incompetent police Detective Frank Drebin must foil an attempt to assassinate Queen Elizabeth II.,Incompetent police Detective Frank Drebin must foil an attempt to assassinate Queen Elizabeth II.,Incompetent police Detective Frank Drebin must foil attempt assassinate Queen Elizabeth II.,Incompetent police Detective Frank Drebin must foil an attempt to assassinate Queen Elizabeth II,Incompetent police Detective Frank Drebin must foil attempt assassinate Queen Elizabeth II,152
The Sound of Music,1965,"Biography, Drama, Family",172 min,8.0,A woman leaves an Austrian convent to become a governess to the children of a Naval officer widower.,the sound of music,The Sound of Music,A woman leaves an Austrian convent to become a governess to the children of a Naval officer widower.,A woman leaves an Austrian convent to become a governess to the children of a Naval officer widower.,A woman leaves Austrian convent become governess children Naval officer widower.,A woman leaves an Austrian convent to become a governess to the children of a Naval officer widower,A woman leaves Austrian convent become governess children Naval officer widower,153
25th Hour,2002,Drama,135 min,7.6,"Cornered by the DEA, convicted New York drug dealer Montgomery Brogan reevaluates his life in the 24 remaining hours before facing a seven-year jail term.",25th hour,25th Hour,"Cornered by the DEA, convicted New York drug dealer Montgomery Brogan reevaluates his life in the 24 remaining hours before facing a seven-year jail term.","Cornered by the DEA, convicted New York drug dealer Montgomery Brogan reevaluates his life in the 24 remaining hours before facing a seven-year jail term.","Cornered DEA, convicted New York drug dealer Montgomery Brogan reevaluates life 24 remaining hours facing seven-year jail term.",Cornered by the DEA convicted New York drug dealer Montgomery Brogan reevaluates his life in the 24 remaining hours before facing a sevenyear jail term,Cornered DEA convicted New York drug dealer Montgomery Brogan reevaluates life 24 remaining hours facing sevenyear jail term,154
Bronenosets Potemkin,1925,"Drama, History, Thriller",75 min,8.0,"In the midst of the Russian Revolution of 1905, the crew of the battleship Potemkin mutiny against the brutal, tyrannical regime of the vessel's officers. The resulting street demonstration in Odessa brings on a police massacre.",bronenosets potemkin,Bronenosets Potemkin,"In the midst of the Russian Revolution of 1905, the crew of the battleship Potemkin mutiny against the brutal, tyrannical regime of the vessel's officers. The resulting street demonstration in Odessa brings on a police massacre.","In the midst of the Russian Revolution of 1905, the crew of the battleship Potemkin mutiny against the brutal, tyrannical regime of the vessel's officers. The resulting street demonstration in Odessa brings on a police massacre.","In midst Russian Revolution 1905, crew battleship Potemkin mutiny brutal, tyrannical regime vessel's officers. The resulting street demonstration Odessa brings police massacre.",In the midst of the Russian Revolution of 1905 the crew of the battleship Potemkin mutiny against the brutal tyrannical regime of the vessels officers The resulting street demonstration in Odessa brings on a police massacre,In midst Russian Revolution 1905 crew battleship Potemkin mutiny brutal tyrannical regime vessels officers The resulting street demonstration Odessa brings police massacre,155
The Third Man,1949,"Film-Noir, Mystery, Thriller",104 min,8.1,"Pulp novelist Holly Martins travels to shadowy, postwar Vienna, only to find himself investigating the mysterious death of an old friend, Harry Lime.",the third man,The Third Man,"Pulp novelist Holly Martins travels to shadowy, postwar Vienna, only to find himself investigating the mysterious death of an old friend, Harry Lime.","Pulp novelist Holly Martins travels to shadowy, postwar Vienna, only to find himself investigating the mysterious death of an old friend, Harry Lime.","Pulp novelist Holly Martins travels shadowy, postwar Vienna, find investigating mysterious death old friend, Harry Lime.",Pulp novelist Holly Martins travels to shadowy postwar Vienna only to find himself investigating the mysterious death of an old friend Harry Lime,Pulp novelist Holly Martins travels shadowy postwar Vienna find investigating mysterious death old friend Harry Lime,156
Cabaret,1972,"Drama, Music, Musical",124 min,7.8,A female girlie club entertainer in Weimar Republic era Berlin romances two men while the Nazi Party rises to power around them.,cabaret,Cabaret,A female girlie club entertainer in Weimar Republic era Berlin romances two men while the Nazi Party rises to power around them.,A female girlie club entertainer in Weimar Republic era Berlin romances two men while the Nazi Party rises to power around them.,A female girlie club entertainer Weimar Republic era Berlin romances two men Nazi Party rises power around them.,A female girlie club entertainer in Weimar Republic era Berlin romances two men while the Nazi Party rises to power around them,A female girlie club entertainer Weimar Republic era Berlin romances two men Nazi Party rises power around,157
Avengers: Infinity War,2018,"Action, Adventure, Sci-Fi",149 min,8.4,The Avengers and their allies must be willing to sacrifice all in an attempt to defeat the powerful Thanos before his blitz of devastation and ruin puts an end to the universe.,avengers: infinity war,Avengers Infinity War,The Avengers and their allies must be willing to sacrifice all in an attempt to defeat the powerful Thanos before his blitz of devastation and ruin puts an end to the universe.,The Avengers and their allies must be willing to sacrifice all in an attempt to defeat the powerful Thanos before his blitz of devastation and ruin puts an end to the universe.,The Avengers allies must willing sacrifice attempt defeat powerful Thanos blitz devastation ruin puts end universe.,The Avengers and their allies must be willing to sacrifice all in an attempt to defeat the powerful Thanos before his blitz of devastation and ruin puts an end to the universe,The Avengers allies must willing sacrifice attempt defeat powerful Thanos blitz devastation ruin puts end universe,158
The Peanut Butter Falcon,2019,"Adventure, Comedy, Drama",97 min,7.6,Zak runs away from his care home to make his dream of becoming a wrestler come true.,the peanut butter falcon,The Peanut Butter Falcon,Zak runs away from his care home to make his dream of becoming a wrestler come true.,Zak runs away from his care home to make his dream of becoming a wrestler come true.,Zak runs away care home make dream becoming wrestler come true.,Zak runs away from his care home to make his dream of becoming a wrestler come true,Zak runs away care home make dream becoming wrestler come true,159
Kaze tachinu,2013,"Animation, Biography, Drama",126 min,7.8,"A look at the life of Jiro Horikoshi, the man who designed Japanese fighter planes during World War II.",kaze tachinu,Kaze tachinu,"A look at the life of Jiro Horikoshi, the man who designed Japanese fighter planes during World War II.","A look at the life of Jiro Horikoshi, the man who designed Japanese fighter planes during World War II.","A look life Jiro Horikoshi, man designed Japanese fighter planes World War II.",A look at the life of Jiro Horikoshi the man who designed Japanese fighter planes during World War II,A look life Jiro Horikoshi man designed Japanese fighter planes World War II,160
Zodiac,2007,"Crime, Drama, Mystery",157 min,7.7,"In the late 1960s/early 1970s, a San Francisco cartoonist becomes an amateur detective obsessed with tracking down the Zodiac Killer, an unidentified individual who terrorizes Northern California with a killing spree.",zodiac,Zodiac,"In the late 1960s/early 1970s, a San Francisco cartoonist becomes an amateur detective obsessed with tracking down the Zodiac Killer, an unidentified individual who terrorizes Northern California with a killing spree.","In the late 1960s/early 1970s, a San Francisco cartoonist becomes an amateur detective obsessed with tracking down the Zodiac Killer, an unidentified individual who terrorizes Northern California with a killing spree.","In late 1960s/early 1970s, San Francisco cartoonist becomes amateur detective obsessed tracking Zodiac Killer, unidentified individual terrorizes Northern California killing spree.",In the late 1960searly 1970s a San Francisco cartoonist becomes an amateur detective obsessed with tracking down the Zodiac Killer an unidentified individual who terrorizes Northern California with a killing spree,In late 1960searly 1970s San Francisco cartoonist becomes amateur detective obsessed tracking Zodiac Killer unidentified individual terrorizes Northern California killing spree,161
The Insider,1999,"Biography, Drama, Thriller",157 min,7.8,A research chemist comes under personal and professional attack when he decides to appear in a 60 Minutes exposé on Big Tobacco.,the insider,The Insider,A research chemist comes under personal and professional attack when he decides to appear in a 60 Minutes exposé on Big Tobacco.,A research chemist comes under personal and professional attack when he decides to appear in a 60 Minutes exposé on Big Tobacco.,A research chemist comes personal professional attack decides appear 60 Minutes exposé Big Tobacco.,A research chemist comes under personal and professional attack when he decides to appear in a 60 Minutes exposé on Big Tobacco,A research chemist comes personal professional attack decides appear 60 Minutes exposé Big Tobacco,162
October Sky,1999,"Biography, Drama, Family",108 min,7.8,"The true story of Homer Hickam, a coal miner's son who was inspired by the first Sputnik launch to take up rocketry against his father's wishes.",october sky,October Sky,"The true story of Homer Hickam, a coal miner's son who was inspired by the first Sputnik launch to take up rocketry against his father's wishes.","The true story of Homer Hickam, a coal miner's son who was inspired by the first Sputnik launch to take up rocketry against his father's wishes.","The true story Homer Hickam, coal miner's son inspired first Sputnik launch take rocketry father's wishes.",The true story of Homer Hickam a coal miners son who was inspired by the first Sputnik launch to take up rocketry against his fathers wishes,The true story Homer Hickam coal miners son inspired first Sputnik launch take rocketry fathers wishes,163
The Magnificent Seven,1960,"Action, Adventure, Western",128 min,7.7,Seven gunfighters are hired by Mexican peasants to liberate their village from oppressive bandits.,the magnificent seven,The Magnificent Seven,Seven gunfighters are hired by Mexican peasants to liberate their village from oppressive bandits.,Seven gunfighters are hired by Mexican peasants to liberate their village from oppressive bandits.,Seven gunfighters hired Mexican peasants liberate village oppressive bandits.,Seven gunfighters are hired by Mexican peasants to liberate their village from oppressive bandits,Seven gunfighters hired Mexican peasants liberate village oppressive bandits,164
La double vie de Véronique,1991,"Drama, Fantasy, Music",98 min,7.8,"Two parallel stories about two identical women; one living in Poland, the other in France. They don't know each other, but their lives are nevertheless profoundly connected.",la double vie de véronique,La double vie de Véronique,"Two parallel stories about two identical women; one living in Poland, the other in France. They don't know each other, but their lives are nevertheless profoundly connected.","Two parallel stories about two identical women; one living in Poland, the other in France. They don't know each other, but their lives are nevertheless profoundly connected.","Two parallel stories two identical women; one living Poland, France. They know other, lives nevertheless profoundly connected.",Two parallel stories about two identical women one living in Poland the other in France They dont know each other but their lives are nevertheless profoundly connected,Two parallel stories two identical women one living Poland France They dont know lives nevertheless profoundly connected,165
Inherit the Wind,1960,"Biography, Drama, History",128 min,8.1,"Based on a real-life case in 1925, two great lawyers argue the case for and against a science teacher accused of the crime of teaching evolution.",inherit the wind,Inherit the Wind,"Based on a real-life case in 1925, two great lawyers argue the case for and against a science teacher accused of the crime of teaching evolution.","Based on a real-life case in 1925, two great lawyers argue the case for and against a science teacher accused of the crime of teaching evolution.","Based real-life case 1925, two great lawyers argue case science teacher accused crime teaching evolution.",Based on a reallife case in 1925 two great lawyers argue the case for and against a science teacher accused of the crime of teaching evolution,Based reallife case 1925 two great lawyers argue case science teacher accused crime teaching evolution,166
Kramer vs. Kramer,1979,Drama,105 min,7.8,"Ted Kramer's wife leaves him, allowing for a lost bond to be rediscovered between Ted and his son, Billy. But a heated custody battle ensues over the divorced couple's son, deepening the wounds left by the separation.",kramer vs. kramer,Kramer vs Kramer,"Ted Kramer's wife leaves him, allowing for a lost bond to be rediscovered between Ted and his son, Billy. But a heated custody battle ensues over the divorced couple's son, deepening the wounds left by the separation.","Ted Kramer's wife leaves him, allowing for a lost bond to be rediscovered between Ted and his son, Billy. But a heated custody battle ensues over the divorced couple's son, deepening the wounds left by the separation.","Ted Kramer's wife leaves him, allowing lost bond rediscovered Ted son, Billy. But heated custody battle ensues divorced couple's son, deepening wounds left separation.",Ted Kramers wife leaves him allowing for a lost bond to be rediscovered between Ted and his son Billy But a heated custody battle ensues over the divorced couples son deepening the wounds left by the separation,Ted Kramers wife leaves allowing lost bond rediscovered Ted son Billy But heated custody battle ensues divorced couples son deepening wounds left separation,167
Gone with the Wind,1939,"Drama, History, Romance",238 min,8.1,A manipulative woman and a roguish man conduct a turbulent romance during the American Civil War and Reconstruction periods.,gone with the wind,Gone with the Wind,A manipulative woman and a roguish man conduct a turbulent romance during the American Civil War and Reconstruction periods.,A manipulative woman and a roguish man conduct a turbulent romance during the American Civil War and Reconstruction periods.,A manipulative woman roguish man conduct turbulent romance American Civil War Reconstruction periods.,A manipulative woman and a roguish man conduct a turbulent romance during the American Civil War and Reconstruction periods,A manipulative woman roguish man conduct turbulent romance American Civil War Reconstruction periods,168
The Red Shoes,1948,"Drama, Music, Romance",135 min,8.1,A young ballet dancer is torn between the man she loves and her pursuit to become a prima ballerina.,the red shoes,The Red Shoes,A young ballet dancer is torn between the man she loves and her pursuit to become a prima ballerina.,A young ballet dancer is torn between the man she loves and her pursuit to become a prima ballerina.,A young ballet dancer torn man loves pursuit become prima ballerina.,A young ballet dancer is torn between the man she loves and her pursuit to become a prima ballerina,A young ballet dancer torn man loves pursuit become prima ballerina,169
Blood Diamond,2006,"Adventure, Drama, Thriller",143 min,8.0,"A fisherman, a smuggler, and a syndicate of businessmen match wits over the possession of a priceless diamond.",blood diamond,Blood Diamond,"A fisherman, a smuggler, and a syndicate of businessmen match wits over the possession of a priceless diamond.","A fisherman, a smuggler, and a syndicate of businessmen match wits over the possession of a priceless diamond.","A fisherman, smuggler, syndicate businessmen match wits possession priceless diamond.",A fisherman a smuggler and a syndicate of businessmen match wits over the possession of a priceless diamond,A fisherman smuggler syndicate businessmen match wits possession priceless diamond,170
X-Men: Days of Future Past,2014,"Action, Adventure, Sci-Fi",132 min,7.9,The X-Men send Wolverine to the past in a desperate effort to change history and prevent an event that results in doom for both humans and mutants.,x-men: days of future past,XMen Days of Future Past,The X-Men send Wolverine to the past in a desperate effort to change history and prevent an event that results in doom for both humans and mutants.,The X-Men send Wolverine to the past in a desperate effort to change history and prevent an event that results in doom for both humans and mutants.,The X-Men send Wolverine past desperate effort change history prevent event results doom humans mutants.,The XMen send Wolverine to the past in a desperate effort to change history and prevent an event that results in doom for both humans and mutants,The XMen send Wolverine past desperate effort change history prevent event results doom humans mutants,171
Das Boot,1981,"Adventure, Drama, Thriller",149 min,8.3,"The claustrophobic world of a WWII German U-boat; boredom, filth and sheer terror.",das boot,Das Boot,"The claustrophobic world of a WWII German U-boat; boredom, filth and sheer terror.","The claustrophobic world of a WWII German U-boat; boredom, filth and sheer terror.","The claustrophobic world WWII German U-boat; boredom, filth sheer terror.",The claustrophobic world of a WWII German Uboat boredom filth and sheer terror,The claustrophobic world WWII German Uboat boredom filth sheer terror,172
The Long Goodbye,1973,"Comedy, Crime, Drama",112 min,7.6,"Private investigator Philip Marlowe helps a friend out of a jam, but in doing so gets implicated in his wife's murder.",the long goodbye,The Long Goodbye,"Private investigator Philip Marlowe helps a friend out of a jam, but in doing so gets implicated in his wife's murder.","Private investigator Philip Marlowe helps a friend out of a jam, but in doing so gets implicated in his wife's murder.","Private investigator Philip Marlowe helps friend jam, gets implicated wife's murder.",Private investigator Philip Marlowe helps a friend out of a jam but in doing so gets implicated in his wifes murder,Private investigator Philip Marlowe helps friend jam gets implicated wifes murder,173
Moon,2009,"Drama, Mystery, Sci-Fi",97 min,7.9,"Astronaut Sam Bell has a quintessentially personal encounter toward the end of his three-year stint on the Moon, where he, working alongside his computer, GERTY, sends back to Earth parcels of a resource that has helped diminish our planet's power problems.",moon,Moon,"Astronaut Sam Bell has a quintessentially personal encounter toward the end of his three-year stint on the Moon, where he, working alongside his computer, GERTY, sends back to Earth parcels of a resource that has helped diminish our planet's power problems.","Astronaut Sam Bell has a quintessentially personal encounter toward the end of his three-year stint on the Moon, where he, working alongside his computer, GERTY, sends back to Earth parcels of a resource that has helped diminish our planet's power problems.","Astronaut Sam Bell quintessentially personal encounter toward end three-year stint Moon, he, working alongside computer, GERTY, sends back Earth parcels resource helped diminish planet's power problems.",Astronaut Sam Bell has a quintessentially personal encounter toward the end of his threeyear stint on the Moon where he working alongside his computer GERTY sends back to Earth parcels of a resource that has helped diminish our planets power problems,Astronaut Sam Bell quintessentially personal encounter toward end threeyear stint Moon working alongside computer GERTY sends back Earth parcels resource helped diminish planets power problems,174
Bin-jip,2004,"Crime, Drama, Romance",88 min,8.0,A transient young man breaks into empty homes to partake of the vacationing residents' lives for a few days.,bin-jip,Binjip,A transient young man breaks into empty homes to partake of the vacationing residents' lives for a few days.,A transient young man breaks into empty homes to partake of the vacationing residents' lives for a few days.,A transient young man breaks empty homes partake vacationing residents' lives days.,A transient young man breaks into empty homes to partake of the vacationing residents lives for a few days,A transient young man breaks empty homes partake vacationing residents lives days,175
Trainspotting,1996,Drama,93 min,8.1,"Renton, deeply immersed in the Edinburgh drug scene, tries to clean up and get out, despite the allure of the drugs and influence of friends.",trainspotting,Trainspotting,"Renton, deeply immersed in the Edinburgh drug scene, tries to clean up and get out, despite the allure of the drugs and influence of friends.","Renton, deeply immersed in the Edinburgh drug scene, tries to clean up and get out, despite the allure of the drugs and influence of friends.","Renton, deeply immersed Edinburgh drug scene, tries clean get out, despite allure drugs influence friends.",Renton deeply immersed in the Edinburgh drug scene tries to clean up and get out despite the allure of the drugs and influence of friends,Renton deeply immersed Edinburgh drug scene tries clean get despite allure drugs influence friends,176
Before Sunrise,1995,"Drama, Romance",101 min,8.1,"A young man and woman meet on a train in Europe, and wind up spending one evening together in Vienna. Unfortunately, both know that this will probably be their only night together.",before sunrise,Before Sunrise,"A young man and woman meet on a train in Europe, and wind up spending one evening together in Vienna. Unfortunately, both know that this will probably be their only night together.","A young man and woman meet on a train in Europe, and wind up spending one evening together in Vienna. Unfortunately, both know that this will probably be their only night together.","A young man woman meet train Europe, wind spending one evening together Vienna. Unfortunately, know probably night together.",A young man and woman meet on a train in Europe and wind up spending one evening together in Vienna Unfortunately both know that this will probably be their only night together,A young man woman meet train Europe wind spending one evening together Vienna Unfortunately know probably night together,177
Training Day,2001,"Crime, Drama, Thriller",122 min,7.7,A rookie cop spends his first day as a Los Angeles narcotics officer with a rogue detective who isn't what he appears to be.,training day,Training Day,A rookie cop spends his first day as a Los Angeles narcotics officer with a rogue detective who isn't what he appears to be.,A rookie cop spends his first day as a Los Angeles narcotics officer with a rogue detective who isn't what he appears to be.,A rookie cop spends first day Los Angeles narcotics officer rogue detective appears be.,A rookie cop spends his first day as a Los Angeles narcotics officer with a rogue detective who isnt what he appears to be,A rookie cop spends first day Los Angeles narcotics officer rogue detective isnt appears,178
Predator,1987,"Action, Adventure, Sci-Fi",107 min,7.8,A team of commandos on a mission in a Central American jungle find themselves hunted by an extraterrestrial warrior.,predator,Predator,A team of commandos on a mission in a Central American jungle find themselves hunted by an extraterrestrial warrior.,A team of commandos on a mission in a Central American jungle find themselves hunted by an extraterrestrial warrior.,A team commandos mission Central American jungle find hunted extraterrestrial warrior.,A team of commandos on a mission in a Central American jungle find themselves hunted by an extraterrestrial warrior,A team commandos mission Central American jungle find hunted extraterrestrial warrior,179
In Bruges,2008,"Comedy, Crime, Drama",107 min,7.9,"Guilt-stricken after a job gone wrong, hitman Ray and his partner await orders from their ruthless boss in Bruges, Belgium, the last place in the world Ray wants to be.",in bruges,In Bruges,"Guilt-stricken after a job gone wrong, hitman Ray and his partner await orders from their ruthless boss in Bruges, Belgium, the last place in the world Ray wants to be.","Guilt-stricken after a job gone wrong, hitman Ray and his partner await orders from their ruthless boss in Bruges, Belgium, the last place in the world Ray wants to be.","Guilt-stricken job gone wrong, hitman Ray partner await orders ruthless boss Bruges, Belgium, last place world Ray wants be.",Guiltstricken after a job gone wrong hitman Ray and his partner await orders from their ruthless boss in Bruges Belgium the last place in the world Ray wants to be,Guiltstricken job gone wrong hitman Ray partner await orders ruthless boss Bruges Belgium last place world Ray wants,180
Misery,1990,"Drama, Thriller",107 min,7.8,"After a famous author is rescued from a car crash by a fan of his novels, he comes to realize that the care he is receiving is only the beginning of a nightmare of captivity and abuse.",misery,Misery,"After a famous author is rescued from a car crash by a fan of his novels, he comes to realize that the care he is receiving is only the beginning of a nightmare of captivity and abuse.","After a famous author is rescued from a car crash by a fan of his novels, he comes to realize that the care he is receiving is only the beginning of a nightmare of captivity and abuse.","After famous author rescued car crash fan novels, comes realize care receiving beginning nightmare captivity abuse.",After a famous author is rescued from a car crash by a fan of his novels he comes to realize that the care he is receiving is only the beginning of a nightmare of captivity and abuse,After famous author rescued car crash fan novels comes realize care receiving beginning nightmare captivity abuse,181
Big Fish,2003,"Adventure, Drama, Fantasy",125 min,8.0,A frustrated son tries to determine the fact from fiction in his dying father's life.,big fish,Big Fish,A frustrated son tries to determine the fact from fiction in his dying father's life.,A frustrated son tries to determine the fact from fiction in his dying father's life.,A frustrated son tries determine fact fiction dying father's life.,A frustrated son tries to determine the fact from fiction in his dying fathers life,A frustrated son tries determine fact fiction dying fathers life,182
Crimes and Misdemeanors,1989,"Comedy, Drama",104 min,7.9,An ophthalmologist's mistress threatens to reveal their affair to his wife while a married documentary filmmaker is infatuated with another woman.,crimes and misdemeanors,Crimes and Misdemeanors,An ophthalmologist's mistress threatens to reveal their affair to his wife while a married documentary filmmaker is infatuated with another woman.,An ophthalmologist's mistress threatens to reveal their affair to his wife while a married documentary filmmaker is infatuated with another woman.,An ophthalmologist's mistress threatens reveal affair wife married documentary filmmaker infatuated another woman.,An ophthalmologists mistress threatens to reveal their affair to his wife while a married documentary filmmaker is infatuated with another woman,An ophthalmologists mistress threatens reveal affair wife married documentary filmmaker infatuated another woman,183
Le locataire,1976,"Drama, Thriller",126 min,7.7,A bureaucrat rents a Paris apartment where he finds himself drawn into a rabbit hole of dangerous paranoia.,le locataire,Le locataire,A bureaucrat rents a Paris apartment where he finds himself drawn into a rabbit hole of dangerous paranoia.,A bureaucrat rents a Paris apartment where he finds himself drawn into a rabbit hole of dangerous paranoia.,A bureaucrat rents Paris apartment finds drawn rabbit hole dangerous paranoia.,A bureaucrat rents a Paris apartment where he finds himself drawn into a rabbit hole of dangerous paranoia,A bureaucrat rents Paris apartment finds drawn rabbit hole dangerous paranoia,184
Queen,2013,"Adventure, Comedy, Drama",146 min,8.2,A Delhi girl from a traditional family sets out on a solo honeymoon after her marriage gets cancelled.,queen,Queen,A Delhi girl from a traditional family sets out on a solo honeymoon after her marriage gets cancelled.,A Delhi girl from a traditional family sets out on a solo honeymoon after her marriage gets cancelled.,A Delhi girl traditional family sets solo honeymoon marriage gets cancelled.,A Delhi girl from a traditional family sets out on a solo honeymoon after her marriage gets cancelled,A Delhi girl traditional family sets solo honeymoon marriage gets cancelled,185
Black Swan,2010,"Drama, Thriller",108 min,8.0,"A committed dancer struggles to maintain her sanity after winning the lead role in a production of Tchaikovsky's ""Swan Lake"".",black swan,Black Swan,"A committed dancer struggles to maintain her sanity after winning the lead role in a production of Tchaikovsky's ""Swan Lake"".","A committed dancer struggles to maintain her sanity after winning the lead role in a production of Tchaikovsky's ""Swan Lake"".","A committed dancer struggles maintain sanity winning lead role production Tchaikovsky's ""Swan Lake"".",A committed dancer struggles to maintain her sanity after winning the lead role in a production of Tchaikovskys Swan Lake,A committed dancer struggles maintain sanity winning lead role production Tchaikovskys Swan Lake,186
Le scaphandre et le papillon,2007,"Biography, Drama",112 min,8.0,The true story of Elle editor Jean-Dominique Bauby who suffers a stroke and has to live with an almost totally paralyzed body; only his left eye isn't paralyzed.,le scaphandre et le papillon,Le scaphandre et le papillon,The true story of Elle editor Jean-Dominique Bauby who suffers a stroke and has to live with an almost totally paralyzed body; only his left eye isn't paralyzed.,The true story of Elle editor Jean-Dominique Bauby who suffers a stroke and has to live with an almost totally paralyzed body; only his left eye isn't paralyzed.,The true story Elle editor Jean-Dominique Bauby suffers stroke live almost totally paralyzed body; left eye paralyzed.,The true story of Elle editor JeanDominique Bauby who suffers a stroke and has to live with an almost totally paralyzed body only his left eye isnt paralyzed,The true story Elle editor JeanDominique Bauby suffers stroke live almost totally paralyzed body left eye isnt paralyzed,187
The Butterfly Effect,2004,"Drama, Sci-Fi, Thriller",113 min,7.6,"Evan Treborn suffers blackouts during significant events of his life. As he grows up, he finds a way to remember these lost memories and a supernatural way to alter his life by reading his journal.",the butterfly effect,The Butterfly Effect,"Evan Treborn suffers blackouts during significant events of his life. As he grows up, he finds a way to remember these lost memories and a supernatural way to alter his life by reading his journal.","Evan Treborn suffers blackouts during significant events of his life. As he grows up, he finds a way to remember these lost memories and a supernatural way to alter his life by reading his journal.","Evan Treborn suffers blackouts significant events life. As grows up, finds way remember lost memories supernatural way alter life reading journal.",Evan Treborn suffers blackouts during significant events of his life As he grows up he finds a way to remember these lost memories and a supernatural way to alter his life by reading his journal,Evan Treborn suffers blackouts significant events life As grows finds way remember lost memories supernatural way alter life reading journal,188
X: First Class,2011,"Action, Adventure, Sci-Fi",131 min,7.7,"In the 1960s, superpowered humans Charles Xavier and Erik Lensherr work together to find others like them, but Erik's vengeful pursuit of an ambitious mutant who ruined his life causes a schism to divide them.",x: first class,X First Class,"In the 1960s, superpowered humans Charles Xavier and Erik Lensherr work together to find others like them, but Erik's vengeful pursuit of an ambitious mutant who ruined his life causes a schism to divide them.","In the 1960s, superpowered humans Charles Xavier and Erik Lensherr work together to find others like them, but Erik's vengeful pursuit of an ambitious mutant who ruined his life causes a schism to divide them.","In 1960s, superpowered humans Charles Xavier Erik Lensherr work together find others like them, Erik's vengeful pursuit ambitious mutant ruined life causes schism divide them.",In the 1960s superpowered humans Charles Xavier and Erik Lensherr work together to find others like them but Eriks vengeful pursuit of an ambitious mutant who ruined his life causes a schism to divide them,In 1960s superpowered humans Charles Xavier Erik Lensherr work together find others like Eriks vengeful pursuit ambitious mutant ruined life causes schism divide,189
The Others,2001,"Horror, Mystery, Thriller",101 min,7.6,A woman who lives in her darkened old family house with her two photosensitive children becomes convinced that the home is haunted.,the others,The Others,A woman who lives in her darkened old family house with her two photosensitive children becomes convinced that the home is haunted.,A woman who lives in her darkened old family house with her two photosensitive children becomes convinced that the home is haunted.,A woman lives darkened old family house two photosensitive children becomes convinced home haunted.,A woman who lives in her darkened old family house with her two photosensitive children becomes convinced that the home is haunted,A woman lives darkened old family house two photosensitive children becomes convinced home haunted,190
Spoorloos,1988,"Mystery, Thriller",107 min,7.7,"Rex and Saskia, a young couple in love, are on vacation. They stop at a busy service station and Saskia is abducted. After three years and no sign of Saskia, Rex begins receiving letters from the abductor.",spoorloos,Spoorloos,"Rex and Saskia, a young couple in love, are on vacation. They stop at a busy service station and Saskia is abducted. After three years and no sign of Saskia, Rex begins receiving letters from the abductor.","Rex and Saskia, a young couple in love, are on vacation. They stop at a busy service station and Saskia is abducted. After three years and no sign of Saskia, Rex begins receiving letters from the abductor.","Rex Saskia, young couple love, vacation. They stop busy service station Saskia abducted. After three years sign Saskia, Rex begins receiving letters abductor.",Rex and Saskia a young couple in love are on vacation They stop at a busy service station and Saskia is abducted After three years and no sign of Saskia Rex begins receiving letters from the abductor,Rex Saskia young couple love vacation They stop busy service station Saskia abducted After three years sign Saskia Rex begins receiving letters abductor,191
Breaking the Waves,1996,Drama,159 min,7.8,"Oilman Jan is paralyzed in an accident. His wife, who prayed for his return, feels guilty; even more, when Jan urges her to have sex with another.",breaking the waves,Breaking the Waves,"Oilman Jan is paralyzed in an accident. His wife, who prayed for his return, feels guilty; even more, when Jan urges her to have sex with another.","Oilman Jan is paralyzed in an accident. His wife, who prayed for his return, feels guilty; even more, when Jan urges her to have sex with another.","Oilman Jan paralyzed accident. His wife, prayed return, feels guilty; even more, Jan urges sex another.",Oilman Jan is paralyzed in an accident His wife who prayed for his return feels guilty even more when Jan urges her to have sex with another,Oilman Jan paralyzed accident His wife prayed return feels guilty even Jan urges sex another,192
Ah-ga-ssi,2016,"Drama, Romance, Thriller",145 min,8.1,"A woman is hired as a handmaiden to a Japanese heiress, but secretly she is involved in a plot to defraud her.",ah-ga-ssi,Ahgassi,"A woman is hired as a handmaiden to a Japanese heiress, but secretly she is involved in a plot to defraud her.","A woman is hired as a handmaiden to a Japanese heiress, but secretly she is involved in a plot to defraud her.","A woman hired handmaiden Japanese heiress, secretly involved plot defraud her.",A woman is hired as a handmaiden to a Japanese heiress but secretly she is involved in a plot to defraud her,A woman hired handmaiden Japanese heiress secretly involved plot defraud,193
Inside Out,2015,"Animation, Adventure, Comedy",95 min,8.1,"After young Riley is uprooted from her Midwest life and moved to San Francisco, her emotions - Joy, Fear, Anger, Disgust and Sadness - conflict on how best to navigate a new city, house, and school.",inside out,Inside Out,"After young Riley is uprooted from her Midwest life and moved to San Francisco, her emotions - Joy, Fear, Anger, Disgust and Sadness - conflict on how best to navigate a new city, house, and school.","After young Riley is uprooted from her Midwest life and moved to San Francisco, her emotions - Joy, Fear, Anger, Disgust and Sadness - conflict on how best to navigate a new city, house, and school.","After young Riley uprooted Midwest life moved San Francisco, emotions - Joy, Fear, Anger, Disgust Sadness - conflict best navigate new city, house, school.",After young Riley is uprooted from her Midwest life and moved to San Francisco her emotions  Joy Fear Anger Disgust and Sadness  conflict on how best to navigate a new city house and school,After young Riley uprooted Midwest life moved San Francisco emotions Joy Fear Anger Disgust Sadness conflict best navigate new city house school,194
Au revoir les enfants,1987,"Drama, War",104 min,8.0,"A French boarding school run by priests seems to be a haven from World War II until a new student arrives. He becomes the roommate of the top student in his class. Rivals at first, the roommates form a bond and share a secret.",au revoir les enfants,Au revoir les enfants,"A French boarding school run by priests seems to be a haven from World War II until a new student arrives. He becomes the roommate of the top student in his class. Rivals at first, the roommates form a bond and share a secret.","A French boarding school run by priests seems to be a haven from World War II until a new student arrives. He becomes the roommate of the top student in his class. Rivals at first, the roommates form a bond and share a secret.","A French boarding school run priests seems World War II new student arrives. He becomes roommate top student class. Rivals first, roommates form bond share secret.",A French boarding school run by priests seems to be a haven from World War II until a new student arrives He becomes the roommate of the top student in his class Rivals at first the roommates form a bond and share a secret,A French boarding school run priests seems World War II new student arrives He becomes roommate top student class Rivals first roommates form bond share secret,195
Kaguyahime no monogatari,2013,"Animation, Adventure, Drama",137 min,8.0,"Found inside a shining stalk of bamboo by an old bamboo cutter and his wife, a tiny girl grows rapidly into an exquisite young lady. The mysterious young princess enthralls all who encounter her, but ultimately she must confront her fate, the punishment for her crime.",kaguyahime no monogatari,Kaguyahime no monogatari,"Found inside a shining stalk of bamboo by an old bamboo cutter and his wife, a tiny girl grows rapidly into an exquisite young lady. The mysterious young princess enthralls all who encounter her, but ultimately she must confront her fate, the punishment for her crime.","Found inside a shining stalk of bamboo by an old bamboo cutter and his wife, a tiny girl grows rapidly into an exquisite young lady. The mysterious young princess enthralls all who encounter her, but ultimately she must confront her fate, the punishment for her crime.","Found inside shining stalk bamboo old bamboo cutter wife, tiny girl grows rapidly exquisite young lady. The mysterious young princess enthralls encounter her, ultimately must confront fate, punishment crime.",Found inside a shining stalk of bamboo by an old bamboo cutter and his wife a tiny girl grows rapidly into an exquisite young lady The mysterious young princess enthralls all who encounter her but ultimately she must confront her fate the punishment for her crime,Found inside shining stalk bamboo old bamboo cutter wife tiny girl grows rapidly exquisite young lady The mysterious young princess enthralls encounter ultimately must confront fate punishment crime,196
OMG: Oh My God!,2012,"Comedy, Drama, Fantasy",125 min,8.1,A shopkeeper takes God to court when his shop is destroyed by an earthquake.,omg: oh my god!,OMG Oh My God,A shopkeeper takes God to court when his shop is destroyed by an earthquake.,A shopkeeper takes God to court when his shop is destroyed by an earthquake.,A shopkeeper takes God court shop destroyed earthquake.,A shopkeeper takes God to court when his shop is destroyed by an earthquake,A shopkeeper takes God court shop destroyed earthquake,197
Druk,2020,"Comedy, Drama",117 min,7.8,"Four friends, all high school teachers, test a theory that they will improve their lives by maintaining a constant level of alcohol in their blood.",druk,Druk,"Four friends, all high school teachers, test a theory that they will improve their lives by maintaining a constant level of alcohol in their blood.","Four friends, all high school teachers, test a theory that they will improve their lives by maintaining a constant level of alcohol in their blood.","Four friends, high school teachers, test theory improve lives maintaining constant level alcohol blood.",Four friends all high school teachers test a theory that they will improve their lives by maintaining a constant level of alcohol in their blood,Four friends high school teachers test theory improve lives maintaining constant level alcohol blood,198
Dr. Strangelove or: How I Learned to Stop Worrying and Love the Bomb,1964,Comedy,95 min,8.4,An insane general triggers a path to nuclear holocaust that a War Room full of politicians and generals frantically tries to stop.,dr. strangelove or: how i learned to stop worrying and love the bomb,Dr Strangelove or How I Learned to Stop Worrying and Love the Bomb,An insane general triggers a path to nuclear holocaust that a War Room full of politicians and generals frantically tries to stop.,An insane general triggers a path to nuclear holocaust that a War Room full of politicians and generals frantically tries to stop.,An insane general triggers path nuclear holocaust War Room full politicians generals frantically tries stop.,An insane general triggers a path to nuclear holocaust that a War Room full of politicians and generals frantically tries to stop,An insane general triggers path nuclear holocaust War Room full politicians generals frantically tries stop,199
