Series_Title,Released_Year,Genre,Runtime,IMDB_Rating,Overview,Series_Title_lower,Series_Title_no_punc,Overview_no_num,Overview_lemmatized,Overview_no_stopwords,orig_index
Star Wars,1977,"Action, Adventure, Fantasy",121 min,8.6,"Luke Skywalker joins forces with a Jedi Knight, a cocky pilot, a Wookiee and two droids to save the galaxy from the Empire's world-destroying battle station, while also attempting to rescue Princess Leia from the mysterious Darth Vader.",star wars,Star Wars,"Luke Skywalker joins forces with a Jedi Knight, a cocky pilot, a Wookiee and two droids to save the galaxy from the Empire's world-destroying battle station, while also attempting to rescue Princess Leia from the mysterious Darth Vader.","Luke Skywalker joins forces with a Jedi Knight, a cocky pilot, a Wookiee and two droids to save the galaxy from the Empire's world-destroying battle station, while also attempting to rescue Princess Leia from the mysterious Darth Vader.","Luke Skywalker joins forces Jedi Knight, cocky pilot, Wookiee two droids save galaxy Empire's world-destroying battle station, also attempting rescue Princess Leia mysterious Darth Vader.",0
Dawn of the Dead,1978,"Action, Adventure, Horror",127 min,7.9,"Following an ever-growing epidemic of zombies that have risen from the dead, two Philadelphia S.W.A.T. team members, a traffic reporter, and his television executive girlfriend seek refuge in a secluded shopping mall.",dawn of the dead,Dawn of the Dead,"Following an ever-growing epidemic of zombies that have risen from the dead, two Philadelphia S.W.A.T. team members, a traffic reporter, and his television executive girlfriend seek refuge in a secluded shopping mall.","Following an ever-growing epidemic of zombies that have risen from the dead, two Philadelphia S.W.A.T. team members, a traffic reporter, and his television executive girlfriend seek refuge in a secluded shopping mall.","Following ever-growing epidemic zombies risen dead, two Philadelphia S.W.A.T. team members, traffic reporter, television executive girlfriend seek refuge secluded shopping mall.",1
The Day of the Jackal,1973,"Crime, Drama, Thriller",143 min,7.8,"A professional assassin codenamed ""Jackal"" plots to kill Charles de Gaulle, the President of France.",the day of the jackal,The Day of the Jackal,"A professional assassin codenamed ""Jackal"" plots to kill Charles de Gaulle, the President of France.","A professional assassin codenamed ""Jackal"" plots to kill Charles de Gaulle, the President of France.","A professional assassin codenamed ""Jackal"" plots kill Charles de Gaulle, President France.",2
Harvey,1950,"Comedy, Drama, Fantasy",104 min,7.9,"Due to his insistence that he has an invisible six foot-tall rabbit for a best friend, a whimsical middle-aged man is thought by his family to be insane - but he may be wiser than anyone knows.",harvey,Harvey,"Due to his insistence that he has an invisible six foot-tall rabbit for a best friend, a whimsical middle-aged man is thought by his family to be insane - but he may be wiser than anyone knows.","Due to his insistence that he has an invisible six foot-tall rabbit for a best friend, a whimsical middle-aged man is thought by his family to be insane - but he may be wiser than anyone knows.","Due insistence invisible six foot-tall rabbit best friend, whimsical middle-aged man thought family insane - may wiser anyone knows.",3
After Hours,1985,"Comedy, Crime, Drama",97 min,7.7,An ordinary word processor has the worst night of his life after he agrees to visit a girl in Soho who he met that evening at a coffee shop.,after hours,After Hours,An ordinary word processor has the worst night of his life after he agrees to visit a girl in Soho who he met that evening at a coffee shop.,An ordinary word processor has the worst night of his life after he agrees to visit a girl in Soho who he met that evening at a coffee shop.,An ordinary word processor worst night life agrees visit girl Soho met evening coffee shop.,4
Toy Story 4,2019,"Animation, Adventure, Comedy",100 min,7.8,"When a new toy called ""Forky"" joins Woody and the gang, a road trip alongside old and new friends reveals how big the world can be for a toy.",toy story 4,Toy Story 4,"When a new toy called ""Forky"" joins Woody and the gang, a road trip alongside old and new friends reveals how big the world can be for a toy.","When a new toy called ""Forky"" joins Woody and the gang, a road trip alongside old and new friends reveals how big the world can be for a toy.","When new toy called ""Forky"" joins Woody gang, road trip alongside old new friends reveals big world toy.",5
Casino,1995,"Crime, Drama",178 min,8.2,"A tale of greed, deception, money, power, and murder occur between two best friends: a mafia enforcer and a casino executive compete against each other over a gambling empire, and over a fast-living and fast-loving socialite.",casino,Casino,"A tale of greed, deception, money, power, and murder occur between two best friends: a mafia enforcer and a casino executive compete against each other over a gambling empire, and over a fast-living and fast-loving socialite.","A tale of greed, deception, money, power, and murder occur between two best friends: a mafia enforcer and a casino executive compete against each other over a gambling empire, and over a fast-living and fast-loving socialite.","A tale greed, deception, money, power, murder occur two best friends: mafia enforcer casino executive compete gambling empire, fast-living fast-loving socialite.",6
Eastern Promises,2007,"Action, Crime, Drama",100 min,7.6,A teenager who dies during childbirth leaves clues in her journal that could tie her child to a rape involving a violent Russian mob family.,eastern promises,Eastern Promises,A teenager who dies during childbirth leaves clues in her journal that could tie her child to a rape involving a violent Russian mob family.,A teenager who dies during childbirth leaves clues in her journal that could tie her child to a rape involving a violent Russian mob family.,A teenager dies childbirth leaves clues journal could tie child rape involving violent Russian mob family.,7
The Man from Earth,2007,"Drama, Fantasy, Mystery",87 min,7.9,An impromptu goodbye party for Professor John Oldman becomes a mysterious interrogation after the retiring scholar reveals to his colleagues he has a longer and stranger past than they can imagine.,the man from earth,The Man from Earth,An impromptu goodbye party for Professor John Oldman becomes a mysterious interrogation after the retiring scholar reveals to his colleagues he has a longer and stranger past than they can imagine.,An impromptu goodbye party for Professor John Oldman becomes a mysterious interrogation after the retiring scholar reveals to his colleagues he has a longer and stranger past than they can imagine.,An impromptu goodbye party Professor John Oldman becomes mysterious interrogation retiring scholar reveals colleagues longer stranger past imagine.,8
A Few Good Men,1992,"Drama, Thriller",138 min,7.7,Military lawyer Lieutenant Daniel Kaffee defends Marines accused of murder. They contend they were acting under orders.,a few good men,A Few Good Men,Military lawyer Lieutenant Daniel Kaffee defends Marines accused of murder. They contend they were acting under orders.,Military lawyer Lieutenant Daniel Kaffee defends Marines accused of murder. They contend they were acting under orders.,Military lawyer Lieutenant Daniel Kaffee defends Marines accused murder. They contend acting orders.,9
Taare Zameen Par,2007,"Drama, Family",165 min,8.4,"An eight-year-old boy is thought to be a lazy trouble-maker, until the new art teacher has the patience and compassion to discover the real problem behind his struggles in school.",taare zameen par,Taare Zameen Par,"An eight-year-old boy is thought to be a lazy trouble-maker, until the new art teacher has the patience and compassion to discover the real problem behind his struggles in school.","An eight-year-old boy is thought to be a lazy trouble-maker, until the new art teacher has the patience and compassion to discover the real problem behind his struggles in school.","An eight-year-old boy thought lazy trouble-maker, new art teacher patience compassion discover real problem behind struggles school.",10
Udaan,2010,Drama,134 min,8.2,"Expelled from his school, a 16-year old boy returns home to his abusive and oppressive father.",udaan,Udaan,"Expelled from his school, a 16-year old boy returns home to his abusive and oppressive father.","Expelled from his school, a 16-year old boy returns home to his abusive and oppressive father.","Expelled school, 16-year old boy returns home abusive oppressive father.",11
The Illusionist,2006,"Drama, Fantasy, Mystery",110 min,7.6,"In turn-of-the-century Vienna, a magician uses his abilities to secure the love of a woman far above his social standing.",the illusionist,The Illusionist,"In turn-of-the-century Vienna, a magician uses his abilities to secure the love of a woman far above his social standing.","In turn-of-the-century Vienna, a magician uses his abilities to secure the love of a woman far above his social standing.","In turn-of-the-century Vienna, magician uses abilities secure love woman far social standing.",12
Miller's Crossing,1990,"Crime, Drama, Thriller",115 min,7.7,"Tom Reagan, an advisor to a Prohibition-era crime boss, tries to keep the peace between warring mobs but gets caught in divided loyalties.",miller's crossing,Millers Crossing,"Tom Reagan, an advisor to a Prohibition-era crime boss, tries to keep the peace between warring mobs but gets caught in divided loyalties.","Tom Reagan, an advisor to a Prohibition-era crime boss, tries to keep the peace between warring mobs but gets caught in divided loyalties.","Tom Reagan, advisor Prohibition-era crime boss, tries keep peace warring mobs gets caught divided loyalties.",13
The Game,1997,"Action, Drama, Mystery",129 min,7.8,"After a wealthy banker is given an opportunity to participate in a mysterious game, his life is turned upside down when he becomes unable to distinguish between the game and reality.",the game,The Game,"After a wealthy banker is given an opportunity to participate in a mysterious game, his life is turned upside down when he becomes unable to distinguish between the game and reality.","After a wealthy banker is given an opportunity to participate in a mysterious game, his life is turned upside down when he becomes unable to distinguish between the game and reality.","After wealthy banker given opportunity participate mysterious game, life turned upside becomes unable distinguish game reality.",14
Bãhubali: The Beginning,2015,"Action, Drama",159 min,8.0,"In ancient India, an adventurous and daring man becomes involved in a decades-old feud between two warring peoples.",bãhubali: the beginning,Bãhubali The Beginning,"In ancient India, an adventurous and daring man becomes involved in a decades-old feud between two warring peoples.","In ancient India, an adventurous and daring man becomes involved in a decades-old feud between two warring peoples.","In ancient India, adventurous daring man becomes involved decades-old feud two warring peoples.",15
A Bronx Tale,1993,"Crime, Drama, Romance",121 min,7.8,A father becomes worried when a local gangster befriends his son in the Bronx in the 1960s.,a bronx tale,A Bronx Tale,A father becomes worried when a local gangster befriends his son in the Bronx in the 1960s.,A father becomes worried when a local gangster befriends his son in the Bronx in the 1960s.,A father becomes worried local gangster befriends son Bronx 1960s.,16
La leggenda del pianista sull'oceano,1998,"Drama, Music, Romance",169 min,8.1,"A baby boy, discovered in 1900 on an ocean liner, grows into a musical prodigy, never setting foot on land.",la leggenda del pianista sull'oceano,La leggenda del pianista sulloceano,"A baby boy, discovered in 1900 on an ocean liner, grows into a musical prodigy, never setting foot on land.","A baby boy, discovered in 1900 on an ocean liner, grows into a musical prodigy, never setting foot on land.","A baby boy, discovered 1900 ocean liner, grows musical prodigy, never setting foot land.",17
50/50,2011,"Comedy, Drama, Romance",100 min,7.6,"Inspired by a true story, a comedy centered on a 27-year-old guy who learns of his cancer diagnosis and his subsequent struggle to beat the disease.",50/50,5050,"Inspired by a true story, a comedy centered on a 27-year-old guy who learns of his cancer diagnosis and his subsequent struggle to beat the disease.","Inspired by a true story, a comedy centered on a 27-year-old guy who learns of his cancer diagnosis and his subsequent struggle to beat the disease.","Inspired true story, comedy centered 27-year-old guy learns cancer diagnosis subsequent struggle beat disease.",18
À bout de souffle,1960,"Crime, Drama",90 min,7.8,"A small-time thief steals a car and impulsively murders a motorcycle policeman. Wanted by the authorities, he reunites with a hip American journalism student and attempts to persuade her to run away with him to Italy.",à bout de souffle,À bout de souffle,"A small-time thief steals a car and impulsively murders a motorcycle policeman. Wanted by the authorities, he reunites with a hip American journalism student and attempts to persuade her to run away with him to Italy.","A small-time thief steals a car and impulsively murders a motorcycle policeman. Wanted by the authorities, he reunites with a hip American journalism student and attempts to persuade her to run away with him to Italy.","A small-time thief steals car impulsively murders motorcycle policeman. Wanted authorities, reunites hip American journalism student attempts persuade run away Italy.",19
On the Waterfront,1954,"Crime, Drama, Thriller",108 min,8.1,An ex-prize fighter turned longshoreman struggles to stand up to his corrupt union bosses.,on the waterfront,On the Waterfront,An ex-prize fighter turned longshoreman struggles to stand up to his corrupt union bosses.,An ex-prize fighter turned longshoreman struggles to stand up to his corrupt union bosses.,An ex-prize fighter turned longshoreman struggles stand corrupt union bosses.,20
La vie d'Adèle,2013,"Drama, Romance",180 min,7.7,"Adèle's life is changed when she meets Emma, a young woman with blue hair, who will allow her to discover desire and to assert herself as a woman and as an adult. In front of others, Adèle grows, seeks herself, loses herself, and ultimately finds herself through love and loss.",la vie d'adèle,La vie dAdèle,"Adèle's life is changed when she meets Emma, a young woman with blue hair, who will allow her to discover desire and to assert herself as a woman and as an adult. In front of others, Adèle grows, seeks herself, loses herself, and ultimately finds herself through love and loss.","Adèle's life is changed when she meets Emma, a young woman with blue hair, who will allow her to discover desire and to assert herself as a woman and as an adult. In front of others, Adèle grows, seeks herself, loses herself, and ultimately finds herself through love and loss.","Adèle's life changed meets Emma, young woman blue hair, allow discover desire assert woman adult. In front others, Adèle grows, seeks herself, loses herself, ultimately finds love loss.",21
When Harry Met Sally...,1989,"Comedy, Drama, Romance",95 min,7.6,"Harry and Sally have known each other for years, and are very good friends, but they fear sex would ruin the friendship.",when harry met sally...,When Harry Met Sally,"Harry and Sally have known each other for years, and are very good friends, but they fear sex would ruin the friendship.","Harry and Sally have known each other for years, and are very good friends, but they fear sex would ruin the friendship.","Harry Sally known years, good friends, fear sex would ruin friendship.",22
Psycho,1960,"Horror, Mystery, Thriller",109 min,8.5,"A Phoenix secretary embezzles $40,000 from her employer's client, goes on the run, and checks into a remote motel run by a young man under the domination of his mother.",psycho,Psycho,"A Phoenix secretary embezzles $40,000 from her employer's client, goes on the run, and checks into a remote motel run by a young man under the domination of his mother.","A Phoenix secretary embezzles $40,000 from her employer's client, goes on the run, and checks into a remote motel run by a young man under the domination of his mother.","A Phoenix secretary embezzles $40,000 employer's client, goes run, checks remote motel run young man domination mother.",23
Hell or High Water,2016,"Action, Crime, Drama",102 min,7.6,A divorced father and his ex-con older brother resort to a desperate scheme in order to save their family's ranch in West Texas.,hell or high water,Hell or High Water,A divorced father and his ex-con older brother resort to a desperate scheme in order to save their family's ranch in West Texas.,A divorced father and his ex-con older brother resort to a desperate scheme in order to save their family's ranch in West Texas.,A divorced father ex-con older brother resort desperate scheme order save family's ranch West Texas.,24
The Dark Knight,2008,"Action, Crime, Drama",152 min,9.0,"When the menace known as the Joker wreaks havoc and chaos on the people of Gotham, Batman must accept one of the greatest psychological and physical tests of his ability to fight injustice.",the dark knight,The Dark Knight,"When the menace known as the Joker wreaks havoc and chaos on the people of Gotham, Batman must accept one of the greatest psychological and physical tests of his ability to fight injustice.","When the menace known as the Joker wreaks havoc and chaos on the people of Gotham, Batman must accept one of the greatest psychological and physical tests of his ability to fight injustice.","When menace known Joker wreaks havoc chaos people Gotham, Batman must accept one greatest psychological physical tests ability fight injustice.",25
Night of the Living Dead,1968,"Horror, Thriller",96 min,7.9,A ragtag group of Pennsylvanians barricade themselves in an old farmhouse to remain safe from a horde of flesh-eating ghouls that are ravaging the East Coast of the United States.,night of the living dead,Night of the Living Dead,A ragtag group of Pennsylvanians barricade themselves in an old farmhouse to remain safe from a horde of flesh-eating ghouls that are ravaging the East Coast of the United States.,A ragtag group of Pennsylvanians barricade themselves in an old farmhouse to remain safe from a horde of flesh-eating ghouls that are ravaging the East Coast of the United States.,A ragtag group Pennsylvanians barricade old farmhouse remain safe horde flesh-eating ghouls ravaging East Coast United States.,26
Dev.D,2009,"Drama, Romance",144 min,8.0,"After breaking up with his childhood sweetheart, a young man finds solace in drugs. Meanwhile, a teenage girl is caught in the world of prostitution. Will they be destroyed, or will they find redemption?",dev.d,DevD,"After breaking up with his childhood sweetheart, a young man finds solace in drugs. Meanwhile, a teenage girl is caught in the world of prostitution. Will they be destroyed, or will they find redemption?","After breaking up with his childhood sweetheart, a young man finds solace in drugs. Meanwhile, a teenage girl is caught in the world of prostitution. Will they be destroyed, or will they find redemption?","After breaking childhood sweetheart, young man finds solace drugs. Meanwhile, teenage girl caught world prostitution. Will destroyed, find redemption?",27
True Grit,2010,"Drama, Western",110 min,7.6,A stubborn teenager enlists the help of a tough U.S. Marshal to track down her father's murderer.,true grit,True Grit,A stubborn teenager enlists the help of a tough U.S. Marshal to track down her father's murderer.,A stubborn teenager enlists the help of a tough U.S. Marshal to track down her father's murderer.,A stubborn teenager enlists help tough U.S. Marshal track father's murderer.,28
All the President's Men,1976,"Biography, Drama, History",138 min,7.9,"""The Washington Post"" reporters Bob Woodward and Carl Bernstein uncover the details of the Watergate scandal that leads to President Richard Nixon's resignation.",all the president's men,All the Presidents Men,"""The Washington Post"" reporters Bob Woodward and Carl Bernstein uncover the details of the Watergate scandal that leads to President Richard Nixon's resignation.","""The Washington Post"" reporters Bob Woodward and Carl Bernstein uncover the details of the Watergate scandal that leads to President Richard Nixon's resignation.","""The Washington Post"" reporters Bob Woodward Carl Bernstein uncover details Watergate scandal leads President Richard Nixon's resignation.",29
The Perks of Being a Wallflower,2012,"Drama, Romance",103 min,8.0,An introvert freshman is taken under the wings of two seniors who welcome him to the real world,the perks of being a wallflower,The Perks of Being a Wallflower,An introvert freshman is taken under the wings of two seniors who welcome him to the real world,An introvert freshman is taken under the wings of two seniors who welcome him to the real world,An introvert freshman taken wings two seniors welcome real world,30
A Hard Day's Night,1964,"Comedy, Music, Musical",87 min,7.6,"Over two ""typical"" days in the life of The Beatles, the boys struggle to keep themselves and Sir Paul McCartney's mischievous grandfather in check while preparing for a live television performance.",a hard day's night,A Hard Days Night,"Over two ""typical"" days in the life of The Beatles, the boys struggle to keep themselves and Sir Paul McCartney's mischievous grandfather in check while preparing for a live television performance.","Over two ""typical"" days in the life of The Beatles, the boys struggle to keep themselves and Sir Paul McCartney's mischievous grandfather in check while preparing for a live television performance.","Over two ""typical"" days life The Beatles, boys struggle keep Sir Paul McCartney's mischievous grandfather check preparing live television performance.",31
The Artist,2011,"Comedy, Drama, Romance",100 min,7.9,An egomaniacal film star develops a relationship with a young dancer against the backdrop of Hollywood's silent era.,the artist,The Artist,An egomaniacal film star develops a relationship with a young dancer against the backdrop of Hollywood's silent era.,An egomaniacal film star develops a relationship with a young dancer against the backdrop of Hollywood's silent era.,An egomaniacal film star develops relationship young dancer backdrop Hollywood's silent era.,32
Hidden Figures,2016,"Biography, Drama, History",127 min,7.8,The story of a team of female African-American mathematicians who served a vital role in NASA during the early years of the U.S. space program.,hidden figures,Hidden Figures,The story of a team of female African-American mathematicians who served a vital role in NASA during the early years of the U.S. space program.,The story of a team of female African-American mathematicians who served a vital role in NASA during the early years of the U.S. space program.,The story team female African-American mathematicians served vital role NASA early years U.S. space program.,33
Joker,2019,"Crime, Drama, Thriller",122 min,8.5,"In Gotham City, mentally troubled comedian Arthur Fleck is disregarded and mistreated by society. He then embarks on a downward spiral of revolution and bloody crime. This path brings him face-to-face with his alter-ego: the Joker.",joker,Joker,"In Gotham City, mentally troubled comedian Arthur Fleck is disregarded and mistreated by society. He then embarks on a downward spiral of revolution and bloody crime. This path brings him face-to-face with his alter-ego: the Joker.","In Gotham City, mentally troubled comedian Arthur Fleck is disregarded and mistreated by society. He then embarks on a downward spiral of revolution and bloody crime. This path brings him face-to-face with his alter-ego: the Joker.","In Gotham City, mentally troubled comedian Arthur Fleck disregarded mistreated society. He embarks downward spiral revolution bloody crime. This path brings face-to-face alter-ego: Joker.",34
Shichinin no samurai,1954,"Action, Adventure, Drama",207 min,8.6,A poor village under attack by bandits recruits seven unemployed samurai to help them defend themselves.,shichinin no samurai,Shichinin no samurai,A poor village under attack by bandits recruits seven unemployed samurai to help them defend themselves.,A poor village under attack by bandits recruits seven unemployed samurai to help them defend themselves.,A poor village attack bandits recruits seven unemployed samurai help defend themselves.,35
Into the Wild,2007,"Adventure, Biography, Drama",148 min,8.1,"After graduating from Emory University, top student and athlete Christopher McCandless abandons his possessions, gives his entire $24,000 savings account to charity and hitchhikes to Alaska to live in the wilderness. Along the way, Christopher encounters a series of characters that shape his life.",into the wild,Into the Wild,"After graduating from Emory University, top student and athlete Christopher McCandless abandons his possessions, gives his entire $24,000 savings account to charity and hitchhikes to Alaska to live in the wilderness. Along the way, Christopher encounters a series of characters that shape his life.","After graduating from Emory University, top student and athlete Christopher McCandless abandons his possessions, gives his entire $24,000 savings account to charity and hitchhikes to Alaska to live in the wilderness. Along the way, Christopher encounters a series of characters that shape his life.","After graduating Emory University, top student athlete Christopher McCandless abandons possessions, gives entire $24,000 savings account charity hitchhikes Alaska live wilderness. Along way, Christopher encounters series characters shape life.",36
Die Hard: With a Vengeance,1995,"Action, Adventure, Thriller",128 min,7.6,"John McClane and a Harlem store owner are targeted by German terrorist Simon in New York City, where he plans to rob the Federal Reserve Building.",die hard: with a vengeance,Die Hard With a Vengeance,"John McClane and a Harlem store owner are targeted by German terrorist Simon in New York City, where he plans to rob the Federal Reserve Building.","John McClane and a Harlem store owner are targeted by German terrorist Simon in New York City, where he plans to rob the Federal Reserve Building.","John McClane Harlem store owner targeted German terrorist Simon New York City, plans rob Federal Reserve Building.",37
To Be or Not to Be,1942,"Comedy, War",99 min,8.2,"During the Nazi occupation of Poland, an acting troupe becomes embroiled in a Polish soldier's efforts to track down a German spy.",to be or not to be,To Be or Not to Be,"During the Nazi occupation of Poland, an acting troupe becomes embroiled in a Polish soldier's efforts to track down a German spy.","During the Nazi occupation of Poland, an acting troupe becomes embroiled in a Polish soldier's efforts to track down a German spy.","During Nazi occupation Poland, acting troupe becomes embroiled Polish soldier's efforts track German spy.",38
Wonder,2017,"Drama, Family",113 min,8.0,"Based on the New York Times bestseller, this movie tells the incredibly inspiring and heartwarming story of August Pullman, a boy with facial differences who enters the fifth grade, attending a mainstream elementary school for the first time.",wonder,Wonder,"Based on the New York Times bestseller, this movie tells the incredibly inspiring and heartwarming story of August Pullman, a boy with facial differences who enters the fifth grade, attending a mainstream elementary school for the first time.","Based on the New York Times bestseller, this movie tells the incredibly inspiring and heartwarming story of August Pullman, a boy with facial differences who enters the fifth grade, attending a mainstream elementary school for the first time.","Based New York Times bestseller, movie tells incredibly inspiring heartwarming story August Pullman, boy facial differences enters fifth grade, attending mainstream elementary school first time.",39
The Godfather: Part II,1974,"Crime, Drama",202 min,9.0,"The early life and career of Vito Corleone in 1920s New York City is portrayed, while his son, Michael, expands and tightens his grip on the family crime syndicate.",the godfather: part ii,The Godfather Part II,"The early life and career of Vito Corleone in 1920s New York City is portrayed, while his son, Michael, expands and tightens his grip on the family crime syndicate.","The early life and career of Vito Corleone in 1920s New York City is portrayed, while his son, Michael, expands and tightens his grip on the family crime syndicate.","The early life career Vito Corleone 1920s New York City portrayed, son, Michael, expands tightens grip family crime syndicate.",40
Relatos salvajes,2014,"Comedy, Drama, Thriller",122 min,8.1,Six short stories that explore the extremities of human behavior involving people in distress.,relatos salvajes,Relatos salvajes,Six short stories that explore the extremities of human behavior involving people in distress.,Six short stories that explore the extremities of human behavior involving people in distress.,Six short stories explore extremities human behavior involving people distress.,41
Almost Famous,2000,"Adventure, Comedy, Drama",122 min,7.9,A high-school boy is given the chance to write a story for Rolling Stone Magazine about an up-and-coming rock band as he accompanies them on their concert tour.,almost famous,Almost Famous,A high-school boy is given the chance to write a story for Rolling Stone Magazine about an up-and-coming rock band as he accompanies them on their concert tour.,A high-school boy is given the chance to write a story for Rolling Stone Magazine about an up-and-coming rock band as he accompanies them on their concert tour.,A high-school boy given chance write story Rolling Stone Magazine up-and-coming rock band accompanies concert tour.,42
"South Park: Bigger, Longer & Uncut",1999,"Animation, Comedy, Fantasy",81 min,7.7,"When Stan Marsh and his friends go see an R-rated movie, they start cursing and their parents think that Canada is to blame.","south park: bigger, longer & uncut",South Park Bigger Longer  Uncut,"When Stan Marsh and his friends go see an R-rated movie, they start cursing and their parents think that Canada is to blame.","When Stan Marsh and his friends go see an R-rated movie, they start cursing and their parents think that Canada is to blame.","When Stan Marsh friends go see R-rated movie, start cursing parents think Canada blame.",43
Le salaire de la peur,1953,"Adventure, Drama, Thriller",131 min,8.1,"In a decrepit South American village, four men are hired to transport an urgent nitroglycerine shipment without the equipment that would make it safe.",le salaire de la peur,Le salaire de la peur,"In a decrepit South American village, four men are hired to transport an urgent nitroglycerine shipment without the equipment that would make it safe.","In a decrepit South American village, four men are hired to transport an urgent nitroglycerine shipment without the equipment that would make it safe.","In decrepit South American village, four men hired transport urgent nitroglycerine shipment without equipment would make safe.",44
Star Wars: Episode VI - Return of the Jedi,1983,"Action, Adventure, Fantasy",131 min,8.3,"After a daring mission to rescue Han Solo from Jabba the Hutt, the Rebels dispatch to Endor to destroy the second Death Star. Meanwhile, Luke struggles to help Darth Vader back from the dark side without falling into the Emperor's trap.",star wars: episode vi - return of the jedi,Star Wars Episode VI  Return of the Jedi,"After a daring mission to rescue Han Solo from Jabba the Hutt, the Rebels dispatch to Endor to destroy the second Death Star. Meanwhile, Luke struggles to help Darth Vader back from the dark side without falling into the Emperor's trap.","After a daring mission to rescue Han Solo from Jabba the Hutt, the Rebels dispatch to Endor to destroy the second Death Star. Meanwhile, Luke struggles to help Darth Vader back from the dark side without falling into the Emperor's trap.","After daring mission rescue Han Solo Jabba Hutt, Rebels dispatch Endor destroy second Death Star. Meanwhile, Luke struggles help Darth Vader back dark side without falling Emperor's trap.",45
Doctor Zhivago,1965,"Drama, Romance, War",197 min,8.0,"The life of a Russian physician and poet who, although married to another, falls in love with a political activist's wife and experiences hardship during World War I and then the October Revolution.",doctor zhivago,Doctor Zhivago,"The life of a Russian physician and poet who, although married to another, falls in love with a political activist's wife and experiences hardship during World War I and then the October Revolution.","The life of a Russian physician and poet who, although married to another, falls in love with a political activist's wife and experiences hardship during World War I and then the October Revolution.","The life Russian physician poet who, although married another, falls love political activist's wife experiences hardship World War I October Revolution.",46
Tengoku to jigoku,1963,"Crime, Drama, Mystery",143 min,8.4,An executive of a shoe company becomes a victim of extortion when his chauffeur's son is kidnapped and held for ransom.,tengoku to jigoku,Tengoku to jigoku,An executive of a shoe company becomes a victim of extortion when his chauffeur's son is kidnapped and held for ransom.,An executive of a shoe company becomes a victim of extortion when his chauffeur's son is kidnapped and held for ransom.,An executive shoe company becomes victim extortion chauffeur's son kidnapped held ransom.,47
1917,2019,"Drama, Thriller, War",119 min,8.3,"April 6th, 1917. As a regiment assembles to wage war deep in enemy territory, two soldiers are assigned to race against time and deliver a message that will stop 1,600 men from walking straight into a deadly trap.",1917,1917,"April 6th, 1917. As a regiment assembles to wage war deep in enemy territory, two soldiers are assigned to race against time and deliver a message that will stop 1,600 men from walking straight into a deadly trap.","April 6th, 1917. As a regiment assembles to wage war deep in enemy territory, two soldiers are assigned to race against time and deliver a message that will stop 1,600 men from walking straight into a deadly trap.","April 6th, 1917. As regiment assembles wage war deep enemy territory, two soldiers assigned race time deliver message stop 1,600 men walking straight deadly trap.",48
Solaris,1972,"Drama, Mystery, Sci-Fi",167 min,8.1,A psychologist is sent to a station orbiting a distant planet in order to discover what has caused the crew to go insane.,solaris,Solaris,A psychologist is sent to a station orbiting a distant planet in order to discover what has caused the crew to go insane.,A psychologist is sent to a station orbiting a distant planet in order to discover what has caused the crew to go insane.,A psychologist sent station orbiting distant planet order discover caused crew go insane.,49
Sunset Blvd.,1950,"Drama, Film-Noir",110 min,8.4,A screenwriter develops a dangerous relationship with a faded film star determined to make a triumphant return.,sunset blvd.,Sunset Blvd,A screenwriter develops a dangerous relationship with a faded film star determined to make a triumphant return.,A screenwriter develops a dangerous relationship with a faded film star determined to make a triumphant return.,A screenwriter develops dangerous relationship faded film star determined make triumphant return.,50
Kelly's Heroes,1970,"Adventure, Comedy, War",144 min,7.6,A group of U.S. soldiers sneaks across enemy lines to get their hands on a secret stash of Nazi treasure.,kelly's heroes,Kellys Heroes,A group of U.S. soldiers sneaks across enemy lines to get their hands on a secret stash of Nazi treasure.,A group of U.S. soldiers sneaks across enemy lines to get their hands on a secret stash of Nazi treasure.,A group U.S. soldiers sneaks across enemy lines get hands secret stash Nazi treasure.,51
Adaptation.,2002,"Comedy, Drama",115 min,7.7,A lovelorn screenwriter becomes desperate as he tries and fails to adapt 'The Orchid Thief' by Susan Orlean for the screen.,adaptation.,Adaptation,A lovelorn screenwriter becomes desperate as he tries and fails to adapt 'The Orchid Thief' by Susan Orlean for the screen.,A lovelorn screenwriter becomes desperate as he tries and fails to adapt 'The Orchid Thief' by Susan Orlean for the screen.,A lovelorn screenwriter becomes desperate tries fails adapt 'The Orchid Thief' Susan Orlean screen.,52
Creed,2015,"Drama, Sport",133 min,7.6,"The former World Heavyweight Champion Rocky Balboa serves as a trainer and mentor to Adonis Johnson, the son of his late friend and former rival Apollo Creed.",creed,Creed,"The former World Heavyweight Champion Rocky Balboa serves as a trainer and mentor to Adonis Johnson, the son of his late friend and former rival Apollo Creed.","The former World Heavyweight Champion Rocky Balboa serves as a trainer and mentor to Adonis Johnson, the son of his late friend and former rival Apollo Creed.","The former World Heavyweight Champion Rocky Balboa serves trainer mentor Adonis Johnson, son late friend former rival Apollo Creed.",53
Scent of a Woman,1992,Drama,156 min,8.0,"A prep school student needing money agrees to ""babysit"" a blind man, but the job is not at all what he anticipated.",scent of a woman,Scent of a Woman,"A prep school student needing money agrees to ""babysit"" a blind man, but the job is not at all what he anticipated.","A prep school student needing money agrees to ""babysit"" a blind man, but the job is not at all what he anticipated.","A prep school student needing money agrees ""babysit"" blind man, job anticipated.",54
Togo,2019,"Adventure, Biography, Drama",113 min,8.0,"The story of Togo, the sled dog who led the 1925 serum run yet was considered by most to be too small and weak to lead such an intense race.",togo,Togo,"The story of Togo, the sled dog who led the 1925 serum run yet was considered by most to be too small and weak to lead such an intense race.","The story of Togo, the sled dog who led the 1925 serum run yet was considered by most to be too small and weak to lead such an intense race.","The story Togo, sled dog led 1925 serum run yet considered small weak lead intense race.",55
Once Were Warriors,1994,"Crime, Drama",102 min,7.9,A family descended from Maori warriors is bedeviled by a violent father and the societal problems of being treated as outcasts.,once were warriors,Once Were Warriors,A family descended from Maori warriors is bedeviled by a violent father and the societal problems of being treated as outcasts.,A family descended from Maori warriors is bedeviled by a violent father and the societal problems of being treated as outcasts.,A family descended Maori warriors bedeviled violent father societal problems treated outcasts.,56
The Visitor,2007,Drama,104 min,7.6,A college professor travels to New York City to attend a conference and finds a young couple living in his apartment.,the visitor,The Visitor,A college professor travels to New York City to attend a conference and finds a young couple living in his apartment.,A college professor travels to New York City to attend a conference and finds a young couple living in his apartment.,A college professor travels New York City attend conference finds young couple living apartment.,57
Gone Baby Gone,2007,"Crime, Drama, Mystery",114 min,7.6,"Two Boston area detectives investigate a little girl's kidnapping, which ultimately turns into a crisis both professionally and personally.",gone baby gone,Gone Baby Gone,"Two Boston area detectives investigate a little girl's kidnapping, which ultimately turns into a crisis both professionally and personally.","Two Boston area detectives investigate a little girl's kidnapping, which ultimately turns into a crisis both professionally and personally.","Two Boston area detectives investigate little girl's kidnapping, ultimately turns crisis professionally personally.",58
The Lord of the Rings: The Return of the King,2003,"Action, Adventure, Drama",201 min,8.9,Gandalf and Aragorn lead the World of Men against Sauron's army to draw his gaze from Frodo and Sam as they approach Mount Doom with the One Ring.,the lord of the rings: the return of the king,The Lord of the Rings The Return of the King,Gandalf and Aragorn lead the World of Men against Sauron's army to draw his gaze from Frodo and Sam as they approach Mount Doom with the One Ring.,Gandalf and Aragorn lead the World of Men against Sauron's army to draw his gaze from Frodo and Sam as they approach Mount Doom with the One Ring.,Gandalf Aragorn lead World Men Sauron's army draw gaze Frodo Sam approach Mount Doom One Ring.,59
The Fault in Our Stars,2014,"Drama, Romance",126 min,7.7,Two teenage cancer patients begin a life-affirming journey to visit a reclusive author in Amsterdam.,the fault in our stars,The Fault in Our Stars,Two teenage cancer patients begin a life-affirming journey to visit a reclusive author in Amsterdam.,Two teenage cancer patients begin a life-affirming journey to visit a reclusive author in Amsterdam.,Two teenage cancer patients begin life-affirming journey visit reclusive author Amsterdam.,60
Manbiki kazoku,2018,"Crime, Drama",121 min,7.9,A family of small-time crooks take in a child they find outside in the cold.,manbiki kazoku,Manbiki kazoku,A family of small-time crooks take in a child they find outside in the cold.,A family of small-time crooks take in a child they find outside in the cold.,A family small-time crooks take child find outside cold.,61
Requiem for a Dream,2000,Drama,102 min,8.3,The drug-induced utopias of four Coney Island people are shattered when their addictions run deep.,requiem for a dream,Requiem for a Dream,The drug-induced utopias of four Coney Island people are shattered when their addictions run deep.,The drug-induced utopias of four Coney Island people are shattered when their addictions run deep.,The drug-induced utopias four Coney Island people shattered addictions run deep.,62
Dead Poets Society,1989,"Comedy, Drama",128 min,8.1,Maverick teacher John Keating uses poetry to embolden his boarding school students to new heights of self-expression.,dead poets society,Dead Poets Society,Maverick teacher John Keating uses poetry to embolden his boarding school students to new heights of self-expression.,Maverick teacher John Keating uses poetry to embolden his boarding school students to new heights of self-expression.,Maverick teacher John Keating uses poetry embolden boarding school students new heights self-expression.,63
The Avengers,2012,"Action, Adventure, Sci-Fi",143 min,8.0,Earth's mightiest heroes must come together and learn to fight as a team if they are going to stop the mischievous Loki and his alien army from enslaving humanity.,the avengers,The Avengers,Earth's mightiest heroes must come together and learn to fight as a team if they are going to stop the mischievous Loki and his alien army from enslaving humanity.,Earth's mightiest heroes must come together and learn to fight as a team if they are going to stop the mischievous Loki and his alien army from enslaving humanity.,Earth's mightiest heroes must come together learn fight team going stop mischievous Loki alien army enslaving humanity.,64
Rebel Without a Cause,1955,Drama,111 min,7.7,"A rebellious young man with a troubled past comes to a new town, finding friends and enemies.",rebel without a cause,Rebel Without a Cause,"A rebellious young man with a troubled past comes to a new town, finding friends and enemies.","A rebellious young man with a troubled past comes to a new town, finding friends and enemies.","A rebellious young man troubled past comes new town, finding friends enemies.",65
Interstate 60: Episodes of the Road,2002,"Adventure, Comedy, Drama",116 min,7.7,"Neal Oliver, a very confused young man and an artist, takes a journey of a lifetime on a highway I60 that doesn't exist on any of the maps, going to the places he never even heard of, searching for an answer and his dreamgirl.",interstate 60: episodes of the road,Interstate 60 Episodes of the Road,"Neal Oliver, a very confused young man and an artist, takes a journey of a lifetime on a highway I60 that doesn't exist on any of the maps, going to the places he never even heard of, searching for an answer and his dreamgirl.","Neal Oliver, a very confused young man and an artist, takes a journey of a lifetime on a highway I60 that doesn't exist on any of the maps, going to the places he never even heard of, searching for an answer and his dreamgirl.","Neal Oliver, confused young man artist, takes journey lifetime highway I60 exist maps, going places never even heard of, searching answer dreamgirl.",66
Dogville,2003,"Crime, Drama",178 min,8.0,"A woman on the run from the mob is reluctantly accepted in a small Colorado community in exchange for labor, but when a search visits the town she finds out that their support has a price.",dogville,Dogville,"A woman on the run from the mob is reluctantly accepted in a small Colorado community in exchange for labor, but when a search visits the town she finds out that their support has a price.","A woman on the run from the mob is reluctantly accepted in a small Colorado community in exchange for labor, but when a search visits the town she finds out that their support has a price.","A woman run mob reluctantly accepted small Colorado community exchange labor, search visits town finds support price.",67
Pride & Prejudice,2005,"Drama, Romance",129 min,7.8,"Sparks fly when spirited Elizabeth Bennet meets single, rich, and proud Mr. Darcy. But Mr. Darcy reluctantly finds himself falling in love with a woman beneath his class. Can each overcome their own pride and prejudice?",pride & prejudice,Pride  Prejudice,"Sparks fly when spirited Elizabeth Bennet meets single, rich, and proud Mr. Darcy. But Mr. Darcy reluctantly finds himself falling in love with a woman beneath his class. Can each overcome their own pride and prejudice?","Sparks fly when spirited Elizabeth Bennet meets single, rich, and proud Mr. Darcy. But Mr. Darcy reluctantly finds himself falling in love with a woman beneath his class. Can each overcome their own pride and prejudice?","Sparks fly spirited Elizabeth Bennet meets single, rich, proud Mr. Darcy. But Mr. Darcy reluctantly finds falling love woman beneath class. Can overcome pride prejudice?",68
Vizontele,2001,"Comedy, Drama",110 min,8.0,Lives of residents in a small Anatolian village change when television is introduced to them,vizontele,Vizontele,Lives of residents in a small Anatolian village change when television is introduced to them,Lives of residents in a small Anatolian village change when television is introduced to them,Lives residents small Anatolian village change television introduced,69
Jab We Met,2007,"Comedy, Drama, Romance",138 min,7.9,A depressed wealthy businessman finds his life changing after he meets a spunky and care-free young woman.,jab we met,Jab We Met,A depressed wealthy businessman finds his life changing after he meets a spunky and care-free young woman.,A depressed wealthy businessman finds his life changing after he meets a spunky and care-free young woman.,A depressed wealthy businessman finds life changing meets spunky care-free young woman.,70
North by Northwest,1959,"Adventure, Mystery, Thriller",136 min,8.3,A New York City advertising executive goes on the run after being mistaken for a government agent by a group of foreign spies.,north by northwest,North by Northwest,A New York City advertising executive goes on the run after being mistaken for a government agent by a group of foreign spies.,A New York City advertising executive goes on the run after being mistaken for a government agent by a group of foreign spies.,A New York City advertising executive goes run mistaken government agent group foreign spies.,71
Serbuan maut,2011,"Action, Thriller",101 min,7.6,A S.W.A.T. team becomes trapped in a tenement run by a ruthless mobster and his army of killers and thugs.,serbuan maut,Serbuan maut,A S.W.A.T. team becomes trapped in a tenement run by a ruthless mobster and his army of killers and thugs.,A S.W.A.T. team becomes trapped in a tenement run by a ruthless mobster and his army of killers and thugs.,A S.W.A.T. team becomes trapped tenement run ruthless mobster army killers thugs.,72
The Truman Show,1998,"Comedy, Drama",103 min,8.1,An insurance salesman discovers his whole life is actually a reality TV show.,the truman show,The Truman Show,An insurance salesman discovers his whole life is actually a reality TV show.,An insurance salesman discovers his whole life is actually a reality TV show.,An insurance salesman discovers whole life actually reality TV show.,73
Carlito's Way,1993,"Crime, Drama, Thriller",144 min,7.9,"A Puerto Rican former convict, just released from prison, pledges to stay away from drugs and violence despite the pressure around him and lead on to a better life outside of N.Y.C.",carlito's way,Carlitos Way,"A Puerto Rican former convict, just released from prison, pledges to stay away from drugs and violence despite the pressure around him and lead on to a better life outside of N.Y.C.","A Puerto Rican former convict, just released from prison, pledges to stay away from drugs and violence despite the pressure around him and lead on to a better life outside of N.Y.C.","A Puerto Rican former convict, released prison, pledges stay away drugs violence despite pressure around lead better life outside N.Y.C.",74
Fight Club,1999,Drama,139 min,8.8,"An insomniac office worker and a devil-may-care soapmaker form an underground fight club that evolves into something much, much more.",fight club,Fight Club,"An insomniac office worker and a devil-may-care soapmaker form an underground fight club that evolves into something much, much more.","An insomniac office worker and a devil-may-care soapmaker form an underground fight club that evolves into something much, much more.","An insomniac office worker devil-may-care soapmaker form underground fight club evolves something much, much more.",75
Pink,2016,"Drama, Thriller",136 min,8.1,"When three young women are implicated in a crime, a retired lawyer steps forward to help them clear their names.",pink,Pink,"When three young women are implicated in a crime, a retired lawyer steps forward to help them clear their names.","When three young women are implicated in a crime, a retired lawyer steps forward to help them clear their names.","When three young women implicated crime, retired lawyer steps forward help clear names.",76
The Girl with the Dragon Tattoo,2011,"Crime, Drama, Mystery",158 min,7.8,"Journalist Mikael Blomkvist is aided in his search for a woman who has been missing for forty years by Lisbeth Salander, a young computer hacker.",the girl with the dragon tattoo,The Girl with the Dragon Tattoo,"Journalist Mikael Blomkvist is aided in his search for a woman who has been missing for forty years by Lisbeth Salander, a young computer hacker.","Journalist Mikael Blomkvist is aided in his search for a woman who has been missing for forty years by Lisbeth Salander, a young computer hacker.","Journalist Mikael Blomkvist aided search woman missing forty years Lisbeth Salander, young computer hacker.",77
Rear Window,1954,"Mystery, Thriller",112 min,8.4,A wheelchair-bound photographer spies on his neighbors from his apartment window and becomes convinced one of them has committed murder.,rear window,Rear Window,A wheelchair-bound photographer spies on his neighbors from his apartment window and becomes convinced one of them has committed murder.,A wheelchair-bound photographer spies on his neighbors from his apartment window and becomes convinced one of them has committed murder.,A wheelchair-bound photographer spies neighbors apartment window becomes convinced one committed murder.,78
Coraline,2009,"Animation, Drama, Family",100 min,7.7,"An adventurous 11-year-old girl finds another world that is a strangely idealized version of her frustrating home, but it has sinister secrets.",coraline,Coraline,"An adventurous 11-year-old girl finds another world that is a strangely idealized version of her frustrating home, but it has sinister secrets.","An adventurous 11-year-old girl finds another world that is a strangely idealized version of her frustrating home, but it has sinister secrets.","An adventurous 11-year-old girl finds another world strangely idealized version frustrating home, sinister secrets.",79
Pride,2014,"Biography, Comedy, Drama",119 min,7.8,U.K. gay activists work to help miners during their lengthy strike of the National Union of Mineworkers in the summer of 1984.,pride,Pride,U.K. gay activists work to help miners during their lengthy strike of the National Union of Mineworkers in the summer of 1984.,U.K. gay activists work to help miners during their lengthy strike of the National Union of Mineworkers in the summer of 1984.,U.K. gay activists work help miners lengthy strike National Union Mineworkers summer 1984.,80
"O Brother, Where Art Thou?",2000,"Adventure, Comedy, Crime",107 min,7.7,"In the deep south during the 1930s, three escaped convicts search for hidden treasure while a relentless lawman pursues them.","o brother, where art thou?",O Brother Where Art Thou,"In the deep south during the 1930s, three escaped convicts search for hidden treasure while a relentless lawman pursues them.","In the deep south during the 1930s, three escaped convicts search for hidden treasure while a relentless lawman pursues them.","In deep south 1930s, three escaped convicts search hidden treasure relentless lawman pursues them.",81
Salinui chueok,2003,"Crime, Drama, Mystery",131 min,8.1,"In a small Korean province in 1986, two detectives struggle with the case of multiple young women being found raped and murdered by an unknown culprit.",salinui chueok,Salinui chueok,"In a small Korean province in 1986, two detectives struggle with the case of multiple young women being found raped and murdered by an unknown culprit.","In a small Korean province in 1986, two detectives struggle with the case of multiple young women being found raped and murdered by an unknown culprit.","In small Korean province 1986, two detectives struggle case multiple young women found raped murdered unknown culprit.",82
Andrei Rublev,1966,"Biography, Drama, History",205 min,8.1,"The life, times and afflictions of the fifteenth-century Russian iconographer St. Andrei Rublev.",andrei rublev,Andrei Rublev,"The life, times and afflictions of the fifteenth-century Russian iconographer St. Andrei Rublev.","The life, times and afflictions of the fifteenth-century Russian iconographer St. Andrei Rublev.","The life, times afflictions fifteenth-century Russian iconographer St. Andrei Rublev.",83
Ôkami kodomo no Ame to Yuki,2012,"Animation, Drama, Fantasy",117 min,8.1,"After her werewolf lover unexpectedly dies in an accident while hunting for food for their children, a young woman must find ways to raise the werewolf son and daughter that she had with him while keeping their trait hidden from society.",ôkami kodomo no ame to yuki,Ôkami kodomo no Ame to Yuki,"After her werewolf lover unexpectedly dies in an accident while hunting for food for their children, a young woman must find ways to raise the werewolf son and daughter that she had with him while keeping their trait hidden from society.","After her werewolf lover unexpectedly dies in an accident while hunting for food for their children, a young woman must find ways to raise the werewolf son and daughter that she had with him while keeping their trait hidden from society.","After werewolf lover unexpectedly dies accident hunting food children, young woman must find ways raise werewolf son daughter keeping trait hidden society.",84
Duck Soup,1933,"Comedy, Musical, War",69 min,7.8,Rufus T. Firefly is named president/dictator of bankrupt Freedonia and declares war on neighboring Sylvania over the love of wealthy Mrs. Teasdale.,duck soup,Duck Soup,Rufus T. Firefly is named president/dictator of bankrupt Freedonia and declares war on neighboring Sylvania over the love of wealthy Mrs. Teasdale.,Rufus T. Firefly is named president/dictator of bankrupt Freedonia and declares war on neighboring Sylvania over the love of wealthy Mrs. Teasdale.,Rufus T. Firefly named president/dictator bankrupt Freedonia declares war neighboring Sylvania love wealthy Mrs. Teasdale.,85
Dallas Buyers Club,2013,"Biography, Drama",117 min,8.0,"In 1985 Dallas, electrician and hustler Ron Woodroof works around the system to help AIDS patients get the medication they need after he is diagnosed with the disease.",dallas buyers club,Dallas Buyers Club,"In 1985 Dallas, electrician and hustler Ron Woodroof works around the system to help AIDS patients get the medication they need after he is diagnosed with the disease.","In 1985 Dallas, electrician and hustler Ron Woodroof works around the system to help AIDS patients get the medication they need after he is diagnosed with the disease.","In 1985 Dallas, electrician hustler Ron Woodroof works around system help AIDS patients get medication need diagnosed disease.",86
Kind Hearts and Coronets,1949,"Comedy, Crime",106 min,8.0,A distant poor relative of the Duke D'Ascoyne plots to inherit the title by murdering the eight other heirs who stand ahead of him in the line of succession.,kind hearts and coronets,Kind Hearts and Coronets,A distant poor relative of the Duke D'Ascoyne plots to inherit the title by murdering the eight other heirs who stand ahead of him in the line of succession.,A distant poor relative of the Duke D'Ascoyne plots to inherit the title by murdering the eight other heirs who stand ahead of him in the line of succession.,A distant poor relative Duke D'Ascoyne plots inherit title murdering eight heirs stand ahead line succession.,87
Okuribito,2008,"Drama, Music",130 min,8.1,A newly unemployed cellist takes a job preparing the dead for funerals.,okuribito,Okuribito,A newly unemployed cellist takes a job preparing the dead for funerals.,A newly unemployed cellist takes a job preparing the dead for funerals.,A newly unemployed cellist takes job preparing dead funerals.,88
Enemy at the Gates,2001,"Drama, History, War",131 min,7.6,A Russian and a German sniper play a game of cat-and-mouse during the Battle of Stalingrad.,enemy at the gates,Enemy at the Gates,A Russian and a German sniper play a game of cat-and-mouse during the Battle of Stalingrad.,A Russian and a German sniper play a game of cat-and-mouse during the Battle of Stalingrad.,A Russian German sniper play game cat-and-mouse Battle Stalingrad.,89
Y tu mamá también,2001,Drama,106 min,7.6,"In Mexico, two teenage boys and an attractive older woman embark on a road trip and learn a thing or two about life, friendship, sex, and each other.",y tu mamá también,Y tu mamá también,"In Mexico, two teenage boys and an attractive older woman embark on a road trip and learn a thing or two about life, friendship, sex, and each other.","In Mexico, two teenage boys and an attractive older woman embark on a road trip and learn a thing or two about life, friendship, sex, and each other.","In Mexico, two teenage boys attractive older woman embark road trip learn thing two life, friendship, sex, other.",90
Vampire Hunter D: Bloodlust,2000,"Animation, Action, Fantasy",103 min,7.7,"When a girl is abducted by a vampire, a legendary bounty hunter is hired to bring her back.",vampire hunter d: bloodlust,Vampire Hunter D Bloodlust,"When a girl is abducted by a vampire, a legendary bounty hunter is hired to bring her back.","When a girl is abducted by a vampire, a legendary bounty hunter is hired to bring her back.","When girl abducted vampire, legendary bounty hunter hired bring back.",91
Les choristes,2004,"Drama, Music",97 min,7.9,The new teacher at a severely administered boys' boarding school works to positively affect the students' lives through music.,les choristes,Les choristes,The new teacher at a severely administered boys' boarding school works to positively affect the students' lives through music.,The new teacher at a severely administered boys' boarding school works to positively affect the students' lives through music.,The new teacher severely administered boys' boarding school works positively affect students' lives music.,92
Dil Bechara,2020,"Comedy, Drama, Romance",101 min,7.9,"The emotional journey of two hopelessly in love youngsters, a young girl, Kizie, suffering from cancer, and a boy, Manny, whom she meets at a support group.",dil bechara,Dil Bechara,"The emotional journey of two hopelessly in love youngsters, a young girl, Kizie, suffering from cancer, and a boy, Manny, whom she meets at a support group.","The emotional journey of two hopelessly in love youngsters, a young girl, Kizie, suffering from cancer, and a boy, Manny, whom she meets at a support group.","The emotional journey two hopelessly love youngsters, young girl, Kizie, suffering cancer, boy, Manny, meets support group.",93
The Bourne Ultimatum,2007,"Action, Mystery, Thriller",115 min,8.0,Jason Bourne dodges a ruthless C.I.A. official and his Agents from a new assassination program while searching for the origins of his life as a trained killer.,the bourne ultimatum,The Bourne Ultimatum,Jason Bourne dodges a ruthless C.I.A. official and his Agents from a new assassination program while searching for the origins of his life as a trained killer.,Jason Bourne dodges a ruthless C.I.A. official and his Agents from a new assassination program while searching for the origins of his life as a trained killer.,Jason Bourne dodges ruthless C.I.A. official Agents new assassination program searching origins life trained killer.,94
"I, Daniel Blake",2016,Drama,100 min,7.9,"After having suffered a heart-attack, a 59-year-old carpenter must fight the bureaucratic forces of the system in order to receive Employment and Support Allowance.","i, daniel blake",I Daniel Blake,"After having suffered a heart-attack, a 59-year-old carpenter must fight the bureaucratic forces of the system in order to receive Employment and Support Allowance.","After having suffered a heart-attack, a 59-year-old carpenter must fight the bureaucratic forces of the system in order to receive Employment and Support Allowance.","After suffered heart-attack, 59-year-old carpenter must fight bureaucratic forces system order receive Employment Support Allowance.",95
Jeux d'enfants,2003,"Comedy, Drama, Romance",93 min,7.6,"As adults, best friends Julien and Sophie continue the odd game they started as children -- a fearless competition to outdo one another with daring and outrageous stunts. While they often act out to relieve one another's pain, their game might be a way to avoid the fact that they are truly meant for one another.",jeux d'enfants,Jeux denfants,"As adults, best friends Julien and Sophie continue the odd game they started as children -- a fearless competition to outdo one another with daring and outrageous stunts. While they often act out to relieve one another's pain, their game might be a way to avoid the fact that they are truly meant for one another.","As adults, best friends Julien and Sophie continue the odd game they started as children -- a fearless competition to outdo one another with daring and outrageous stunts. While they often act out to relieve one another's pain, their game might be a way to avoid the fact that they are truly meant for one another.","As adults, best friends Julien Sophie continue odd game started children -- fearless competition outdo one another daring outrageous stunts. While often act relieve one another's pain, game might way avoid fact truly meant one another.",96
Who's Afraid of Virginia Woolf?,1966,Drama,131 min,8.0,"A bitter, aging couple, with the help of alcohol, use their young houseguests to fuel anguish and emotional pain towards each other over the course of a distressing night.",who's afraid of virginia woolf?,Whos Afraid of Virginia Woolf,"A bitter, aging couple, with the help of alcohol, use their young houseguests to fuel anguish and emotional pain towards each other over the course of a distressing night.","A bitter, aging couple, with the help of alcohol, use their young houseguests to fuel anguish and emotional pain towards each other over the course of a distressing night.","A bitter, aging couple, help alcohol, use young houseguests fuel anguish emotional pain towards course distressing night.",97
Schindler's List,1993,"Biography, Drama, History",195 min,8.9,"In German-occupied Poland during World War II, industrialist Oskar Schindler gradually becomes concerned for his Jewish workforce after witnessing their persecution by the Nazis.",schindler's list,Schindlers List,"In German-occupied Poland during World War II, industrialist Oskar Schindler gradually becomes concerned for his Jewish workforce after witnessing their persecution by the Nazis.","In German-occupied Poland during World War II, industrialist Oskar Schindler gradually becomes concerned for his Jewish workforce after witnessing their persecution by the Nazis.","In German-occupied Poland World War II, industrialist Oskar Schindler gradually becomes concerned Jewish workforce witnessing persecution Nazis.",98
Batman Begins,2005,"Action, Adventure",140 min,8.2,"After training with his mentor, Batman begins his fight to free crime-ridden Gotham City from corruption.",batman begins,Batman Begins,"After training with his mentor, Batman begins his fight to free crime-ridden Gotham City from corruption.","After training with his mentor, Batman begins his fight to free crime-ridden Gotham City from corruption.","After training mentor, Batman begins fight free crime-ridden Gotham City corruption.",99
Harold and Maude,1971,"Comedy, Drama, Romance",91 min,7.9,"Young, rich, and obsessed with death, Harold finds himself changed forever when he meets lively septuagenarian Maude at a funeral.",harold and maude,Harold and Maude,"Young, rich, and obsessed with death, Harold finds himself changed forever when he meets lively septuagenarian Maude at a funeral.","Young, rich, and obsessed with death, Harold finds himself changed forever when he meets lively septuagenarian Maude at a funeral.","Young, rich, obsessed death, Harold finds changed forever meets lively septuagenarian Maude funeral.",100
Sweet Smell of Success,1957,"Drama, Film-Noir",96 min,8.0,Powerful but unethical Broadway columnist J.J. Hunsecker coerces unscrupulous press agent Sidney Falco into breaking up his sister's romance with a jazz musician.,sweet smell of success,Sweet Smell of Success,Powerful but unethical Broadway columnist J.J. Hunsecker coerces unscrupulous press agent Sidney Falco into breaking up his sister's romance with a jazz musician.,Powerful but unethical Broadway columnist J.J. Hunsecker coerces unscrupulous press agent Sidney Falco into breaking up his sister's romance with a jazz musician.,Powerful unethical Broadway columnist J.J. Hunsecker coerces unscrupulous press agent Sidney Falco breaking sister's romance jazz musician.,101
Edge of Tomorrow,2014,"Action, Adventure, Sci-Fi",113 min,7.9,"A soldier fighting aliens gets to relive the same day over and over again, the day restarting every time he dies.",edge of tomorrow,Edge of Tomorrow,"A soldier fighting aliens gets to relive the same day over and over again, the day restarting every time he dies.","A soldier fighting aliens gets to relive the same day over and over again, the day restarting every time he dies.","A soldier fighting aliens gets relive day again, day restarting every time dies.",102
Fiddler on the Roof,1971,"Drama, Family, Musical",181 min,8.0,"In prerevolutionary Russia, a Jewish peasant contends with marrying off three of his daughters while growing anti-Semitic sentiment threatens his village.",fiddler on the roof,Fiddler on the Roof,"In prerevolutionary Russia, a Jewish peasant contends with marrying off three of his daughters while growing anti-Semitic sentiment threatens his village.","In prerevolutionary Russia, a Jewish peasant contends with marrying off three of his daughters while growing anti-Semitic sentiment threatens his village.","In prerevolutionary Russia, Jewish peasant contends marrying three daughters growing anti-Semitic sentiment threatens village.",103
The Machinist,2004,"Drama, Thriller",101 min,7.7,An industrial worker who hasn't slept in a year begins to doubt his own sanity.,the machinist,The Machinist,An industrial worker who hasn't slept in a year begins to doubt his own sanity.,An industrial worker who hasn't slept in a year begins to doubt his own sanity.,An industrial worker slept year begins doubt sanity.,104
Blow,2001,"Biography, Crime, Drama",124 min,7.6,"The story of how George Jung, along with the Medellín Cartel headed by Pablo Escobar, established the American cocaine market in the 1970s in the United States.",blow,Blow,"The story of how George Jung, along with the Medellín Cartel headed by Pablo Escobar, established the American cocaine market in the 1970s in the United States.","The story of how George Jung, along with the Medellín Cartel headed by Pablo Escobar, established the American cocaine market in the 1970s in the United States.","The story George Jung, along Medellín Cartel headed Pablo Escobar, established American cocaine market 1970s United States.",105
Gully Boy,2019,"Drama, Music, Romance",154 min,8.0,A coming-of-age story based on the lives of street rappers in Mumbai.,gully boy,Gully Boy,A coming-of-age story based on the lives of street rappers in Mumbai.,A coming-of-age story based on the lives of street rappers in Mumbai.,A coming-of-age story based lives street rappers Mumbai.,106
Paddington 2,2017,"Adventure, Comedy, Family",103 min,7.8,"Paddington (Ben Whishaw), now happily settled with the Brown family and a popular member of the local community, picks up a series of odd jobs to buy the perfect present for his Aunt Lucy's (Imelda Staunton's) 100th birthday, only for the gift to be stolen.",paddington 2,Paddington 2,"Paddington (Ben Whishaw), now happily settled with the Brown family and a popular member of the local community, picks up a series of odd jobs to buy the perfect present for his Aunt Lucy's (Imelda Staunton's) 100th birthday, only for the gift to be stolen.","Paddington (Ben Whishaw), now happily settled with the Brown family and a popular member of the local community, picks up a series of odd jobs to buy the perfect present for his Aunt Lucy's (Imelda Staunton's) 100th birthday, only for the gift to be stolen.","Paddington (Ben Whishaw), happily settled Brown family popular member local community, picks series odd jobs buy perfect present Aunt Lucy's (Imelda Staunton's) 100th birthday, gift stolen.",107
Mysterious Skin,2004,Drama,105 min,7.6,"A teenage hustler and a young man obsessed with alien abductions cross paths, together discovering a horrible, liberating truth.",mysterious skin,Mysterious Skin,"A teenage hustler and a young man obsessed with alien abductions cross paths, together discovering a horrible, liberating truth.","A teenage hustler and a young man obsessed with alien abductions cross paths, together discovering a horrible, liberating truth.","A teenage hustler young man obsessed alien abductions cross paths, together discovering horrible, liberating truth.",108
Freaks,1932,"Drama, Horror",64 min,7.9,"A circus' beautiful trapeze artist agrees to marry the leader of side-show performers, but his deformed friends discover she is only marrying him for his inheritance.",freaks,Freaks,"A circus' beautiful trapeze artist agrees to marry the leader of side-show performers, but his deformed friends discover she is only marrying him for his inheritance.","A circus' beautiful trapeze artist agrees to marry the leader of side-show performers, but his deformed friends discover she is only marrying him for his inheritance.","A circus' beautiful trapeze artist agrees marry leader side-show performers, deformed friends discover marrying inheritance.",109
English Vinglish,2012,"Comedy, Drama, Family",134 min,7.8,"A quiet, sweet tempered housewife endures small slights from her well-educated husband and daughter every day because of her inability to speak and understand English.",english vinglish,English Vinglish,"A quiet, sweet tempered housewife endures small slights from her well-educated husband and daughter every day because of her inability to speak and understand English.","A quiet, sweet tempered housewife endures small slights from her well-educated husband and daughter every day because of her inability to speak and understand English.","A quiet, sweet tempered housewife endures small slights well-educated husband daughter every day inability speak understand English.",110
This Is Spinal Tap,1984,"Comedy, Music",82 min,7.9,"Spinal Tap, one of England's loudest bands, is chronicled by film director Marty DiBergi on what proves to be a fateful tour.",this is spinal tap,This Is Spinal Tap,"Spinal Tap, one of England's loudest bands, is chronicled by film director Marty DiBergi on what proves to be a fateful tour.","Spinal Tap, one of England's loudest bands, is chronicled by film director Marty DiBergi on what proves to be a fateful tour.","Spinal Tap, one England's loudest bands, chronicled film director Marty DiBergi proves fateful tour.",111
Under sandet,2015,"Drama, History, War",100 min,7.8,"In post-World War II Denmark, a group of young German POWs are forced to clear a beach of thousands of land mines under the watch of a Danish Sergeant who slowly learns to appreciate their plight.",under sandet,Under sandet,"In post-World War II Denmark, a group of young German POWs are forced to clear a beach of thousands of land mines under the watch of a Danish Sergeant who slowly learns to appreciate their plight.","In post-World War II Denmark, a group of young German POWs are forced to clear a beach of thousands of land mines under the watch of a Danish Sergeant who slowly learns to appreciate their plight.","In post-World War II Denmark, group young German POWs forced clear beach thousands land mines watch Danish Sergeant slowly learns appreciate plight.",112
The Innocents,1961,Horror,100 min,7.8,A young governess for two children becomes convinced that the house and grounds are haunted.,the innocents,The Innocents,A young governess for two children becomes convinced that the house and grounds are haunted.,A young governess for two children becomes convinced that the house and grounds are haunted.,A young governess two children becomes convinced house grounds haunted.,113
In a Lonely Place,1950,"Drama, Film-Noir, Mystery",94 min,8.0,"A potentially violent screenwriter is a murder suspect until his lovely neighbor clears him. However, she soon starts to have her doubts.",in a lonely place,In a Lonely Place,"A potentially violent screenwriter is a murder suspect until his lovely neighbor clears him. However, she soon starts to have her doubts.","A potentially violent screenwriter is a murder suspect until his lovely neighbor clears him. However, she soon starts to have her doubts.","A potentially violent screenwriter murder suspect lovely neighbor clears him. However, soon starts doubts.",114
Laura,1944,"Drama, Film-Noir, Mystery",88 min,8.0,A police detective falls in love with the woman whose murder he is investigating.,laura,Laura,A police detective falls in love with the woman whose murder he is investigating.,A police detective falls in love with the woman whose murder he is investigating.,A police detective falls love woman whose murder investigating.,115
Hachi: A Dog's Tale,2009,"Biography, Drama, Family",93 min,8.1,A college professor bonds with an abandoned dog he takes into his home.,hachi: a dog's tale,Hachi A Dogs Tale,A college professor bonds with an abandoned dog he takes into his home.,A college professor bonds with an abandoned dog he takes into his home.,A college professor bonds abandoned dog takes home.,116
My Name Is Khan,2010,Drama,165 min,8.0,An Indian Muslim man with Asperger's syndrome takes a challenge to speak to the President of the United States seriously and embarks on a cross-country journey.,my name is khan,My Name Is Khan,An Indian Muslim man with Asperger's syndrome takes a challenge to speak to the President of the United States seriously and embarks on a cross-country journey.,An Indian Muslim man with Asperger's syndrome takes a challenge to speak to the President of the United States seriously and embarks on a cross-country journey.,An Indian Muslim man Asperger's syndrome takes challenge speak President United States seriously embarks cross-country journey.,117
Omoide no Mânî,2014,"Animation, Drama, Family",103 min,7.7,"Due to 12 y.o. Anna's asthma, she's sent to stay with relatives of her guardian in the Japanese countryside. She likes to be alone, sketching. She befriends Marnie. Who is the mysterious, blonde Marnie.",omoide no mânî,Omoide no Mânî,"Due to 12 y.o. Anna's asthma, she's sent to stay with relatives of her guardian in the Japanese countryside. She likes to be alone, sketching. She befriends Marnie. Who is the mysterious, blonde Marnie.","Due to 12 y.o. Anna's asthma, she's sent to stay with relatives of her guardian in the Japanese countryside. She likes to be alone, sketching. She befriends Marnie. Who is the mysterious, blonde Marnie.","Due 12 y.o. Anna's asthma, sent stay relatives guardian Japanese countryside. She likes alone, sketching. She befriends Marnie. Who mysterious, blonde Marnie.",118
Hacksaw Ridge,2016,"Biography, Drama, History",139 min,8.1,"World War II American Army Medic Desmond T. Doss, who served during the Battle of Okinawa, refuses to kill people, and becomes the first man in American history to receive the Medal of Honor without firing a shot.",hacksaw ridge,Hacksaw Ridge,"World War II American Army Medic Desmond T. Doss, who served during the Battle of Okinawa, refuses to kill people, and becomes the first man in American history to receive the Medal of Honor without firing a shot.","World War II American Army Medic Desmond T. Doss, who served during the Battle of Okinawa, refuses to kill people, and becomes the first man in American history to receive the Medal of Honor without firing a shot.","World War II American Army Medic Desmond T. Doss, served Battle Okinawa, refuses kill people, becomes first man American history receive Medal Honor without firing shot.",119
Witness for the Prosecution,1957,"Crime, Drama, Mystery",116 min,8.4,A veteran British barrister must defend his client in a murder trial that has surprise after surprise.,witness for the prosecution,Witness for the Prosecution,A veteran British barrister must defend his client in a murder trial that has surprise after surprise.,A veteran British barrister must defend his client in a murder trial that has surprise after surprise.,A veteran British barrister must defend client murder trial surprise surprise.,120
Chak De! India,2007,"Drama, Family, Sport",153 min,8.2,Kabir Khan is the coach of the Indian Women's National Hockey Team and his dream is to make his all girls team emerge victorious against all odds.,chak de! india,Chak De India,Kabir Khan is the coach of the Indian Women's National Hockey Team and his dream is to make his all girls team emerge victorious against all odds.,Kabir Khan is the coach of the Indian Women's National Hockey Team and his dream is to make his all girls team emerge victorious against all odds.,Kabir Khan coach Indian Women's National Hockey Team dream make girls team emerge victorious odds.,121
Le notti di Cabiria,1957,Drama,110 min,8.1,A waifish prostitute wanders the streets of Rome looking for true love but finds only heartbreak.,le notti di cabiria,Le notti di Cabiria,A waifish prostitute wanders the streets of Rome looking for true love but finds only heartbreak.,A waifish prostitute wanders the streets of Rome looking for true love but finds only heartbreak.,A waifish prostitute wanders streets Rome looking true love finds heartbreak.,122
The Curious Case of Benjamin Button,2008,"Drama, Fantasy, Romance",166 min,7.8,"Tells the story of Benjamin Button, a man who starts aging backwards with consequences.",the curious case of benjamin button,The Curious Case of Benjamin Button,"Tells the story of Benjamin Button, a man who starts aging backwards with consequences.","Tells the story of Benjamin Button, a man who starts aging backwards with consequences.","Tells story Benjamin Button, man starts aging backwards consequences.",123
The Bourne Supremacy,2004,"Action, Mystery, Thriller",108 min,7.7,"When Jason Bourne is framed for a CIA operation gone awry, he is forced to resume his former life as a trained assassin to survive.",the bourne supremacy,The Bourne Supremacy,"When Jason Bourne is framed for a CIA operation gone awry, he is forced to resume his former life as a trained assassin to survive.","When Jason Bourne is framed for a CIA operation gone awry, he is forced to resume his former life as a trained assassin to survive.","When Jason Bourne framed CIA operation gone awry, forced resume former life trained assassin survive.",124
Harry Potter and the Prisoner of Azkaban,2004,"Adventure, Family, Fantasy",142 min,7.9,"Harry Potter, Ron and Hermione return to Hogwarts School of Witchcraft and Wizardry for their third year of study, where they delve into the mystery surrounding an escaped prisoner who poses a dangerous threat to the young wizard.",harry potter and the prisoner of azkaban,Harry Potter and the Prisoner of Azkaban,"Harry Potter, Ron and Hermione return to Hogwarts School of Witchcraft and Wizardry for their third year of study, where they delve into the mystery surrounding an escaped prisoner who poses a dangerous threat to the young wizard.","Harry Potter, Ron and Hermione return to Hogwarts School of Witchcraft and Wizardry for their third year of study, where they delve into the mystery surrounding an escaped prisoner who poses a dangerous threat to the young wizard.","Harry Potter, Ron Hermione return Hogwarts School Witchcraft Wizardry third year study, delve mystery surrounding escaped prisoner poses dangerous threat young wizard.",125
Bohemian Rhapsody,2018,"Biography, Drama, Music",134 min,8.0,"The story of the legendary British rock band Queen and lead singer Freddie Mercury, leading up to their famous performance at Live Aid (1985).",bohemian rhapsody,Bohemian Rhapsody,"The story of the legendary British rock band Queen and lead singer Freddie Mercury, leading up to their famous performance at Live Aid (1985).","The story of the legendary British rock band Queen and lead singer Freddie Mercury, leading up to their famous performance at Live Aid (1985).","The story legendary British rock band Queen lead singer Freddie Mercury, leading famous performance Live Aid (1985).",126
Un prophète,2009,"Crime, Drama",155 min,7.9,A young Arab man is sent to a French prison.,un prophète,Un prophète,A young Arab man is sent to a French prison.,A young Arab man is sent to a French prison.,A young Arab man sent French prison.,127
To Have and Have Not,1944,"Adventure, Comedy, Film-Noir",100 min,7.8,"During World War II, American expatriate Harry Morgan helps transport a French Resistance leader and his beautiful wife to Martinique while romancing a sensuous lounge singer.",to have and have not,To Have and Have Not,"During World War II, American expatriate Harry Morgan helps transport a French Resistance leader and his beautiful wife to Martinique while romancing a sensuous lounge singer.","During World War II, American expatriate Harry Morgan helps transport a French Resistance leader and his beautiful wife to Martinique while romancing a sensuous lounge singer.","During World War II, American expatriate Harry Morgan helps transport French Resistance leader beautiful wife Martinique romancing sensuous lounge singer.",128
Talvar,2015,"Crime, Drama, Mystery",132 min,8.2,An experienced investigator confronts several conflicting theories about the perpetrators of a violent double homicide.,talvar,Talvar,An experienced investigator confronts several conflicting theories about the perpetrators of a violent double homicide.,An experienced investigator confronts several conflicting theories about the perpetrators of a violent double homicide.,An experienced investigator confronts several conflicting theories perpetrators violent double homicide.,129
My Fair Lady,1964,"Drama, Family, Musical",170 min,7.8,Snobbish phonetics Professor Henry Higgins agrees to a wager that he can make flower girl Eliza Doolittle presentable in high society.,my fair lady,My Fair Lady,Snobbish phonetics Professor Henry Higgins agrees to a wager that he can make flower girl Eliza Doolittle presentable in high society.,Snobbish phonetics Professor Henry Higgins agrees to a wager that he can make flower girl Eliza Doolittle presentable in high society.,Snobbish phonetics Professor Henry Higgins agrees wager make flower girl Eliza Doolittle presentable high society.,130
The Shop Around the Corner,1940,"Comedy, Drama, Romance",99 min,8.1,"Two employees at a gift shop can barely stand each other, without realizing that they are falling in love through the post as each other's anonymous pen pal.",the shop around the corner,The Shop Around the Corner,"Two employees at a gift shop can barely stand each other, without realizing that they are falling in love through the post as each other's anonymous pen pal.","Two employees at a gift shop can barely stand each other, without realizing that they are falling in love through the post as each other's anonymous pen pal.","Two employees gift shop barely stand other, without realizing falling love post other's anonymous pen pal.",131
Deadpool 2,2018,"Action, Adventure, Comedy",119 min,7.7,"Foul-mouthed mutant mercenary Wade Wilson (a.k.a. Deadpool), brings together a team of fellow mutant rogues to protect a young boy with supernatural abilities from the brutal, time-traveling cyborg Cable.",deadpool 2,Deadpool 2,"Foul-mouthed mutant mercenary Wade Wilson (a.k.a. Deadpool), brings together a team of fellow mutant rogues to protect a young boy with supernatural abilities from the brutal, time-traveling cyborg Cable.","Foul-mouthed mutant mercenary Wade Wilson (a.k.a. Deadpool), brings together a team of fellow mutant rogues to protect a young boy with supernatural abilities from the brutal, time-traveling cyborg Cable.","Foul-mouthed mutant mercenary Wade Wilson (a.k.a. Deadpool), brings together team fellow mutant rogues protect young boy supernatural abilities brutal, time-traveling cyborg Cable.",132
Veer-Zaara,2004,"Drama, Family, Musical",192 min,7.8,"Veer-Zaara is a saga of love, separation, courage and sacrifice. A love story that is an inspiration and will remain a legend forever.",veer-zaara,VeerZaara,"Veer-Zaara is a saga of love, separation, courage and sacrifice. A love story that is an inspiration and will remain a legend forever.","Veer-Zaara is a saga of love, separation, courage and sacrifice. A love story that is an inspiration and will remain a legend forever.","Veer-Zaara saga love, separation, courage sacrifice. A love story inspiration remain legend forever.",133
The Shawshank Redemption,1994,Drama,142 min,9.3,"Two imprisoned men bond over a number of years, finding solace and eventual redemption through acts of common decency.",the shawshank redemption,The Shawshank Redemption,"Two imprisoned men bond over a number of years, finding solace and eventual redemption through acts of common decency.","Two imprisoned men bond over a number of years, finding solace and eventual redemption through acts of common decency.","Two imprisoned men bond number years, finding solace eventual redemption acts common decency.",134
It Happened One Night,1934,"Comedy, Romance",105 min,8.1,"A renegade reporter and a crazy young heiress meet on a bus heading for New York, and end up stuck with each other when the bus leaves them behind at one of the stops.",it happened one night,It Happened One Night,"A renegade reporter and a crazy young heiress meet on a bus heading for New York, and end up stuck with each other when the bus leaves them behind at one of the stops.","A renegade reporter and a crazy young heiress meet on a bus heading for New York, and end up stuck with each other when the bus leaves them behind at one of the stops.","A renegade reporter crazy young heiress meet bus heading New York, end stuck bus leaves behind one stops.",135
Jules et Jim,1962,"Drama, Romance",105 min,7.8,Decades of a love triangle concerning two friends and an impulsive woman.,jules et jim,Jules et Jim,Decades of a love triangle concerning two friends and an impulsive woman.,Decades of a love triangle concerning two friends and an impulsive woman.,Decades love triangle concerning two friends impulsive woman.,136
Charade,1963,"Comedy, Mystery, Romance",113 min,7.9,Romance and suspense ensue in Paris as a woman is pursued by several men who want a fortune her murdered husband had stolen. Whom can she trust?,charade,Charade,Romance and suspense ensue in Paris as a woman is pursued by several men who want a fortune her murdered husband had stolen. Whom can she trust?,Romance and suspense ensue in Paris as a woman is pursued by several men who want a fortune her murdered husband had stolen. Whom can she trust?,Romance suspense ensue Paris woman pursued several men want fortune murdered husband stolen. Whom trust?,137
The Day the Earth Stood Still,1951,"Drama, Sci-Fi",92 min,7.7,An alien lands and tells the people of Earth that they must live peacefully or be destroyed as a danger to other planets.,the day the earth stood still,The Day the Earth Stood Still,An alien lands and tells the people of Earth that they must live peacefully or be destroyed as a danger to other planets.,An alien lands and tells the people of Earth that they must live peacefully or be destroyed as a danger to other planets.,An alien lands tells people Earth must live peacefully destroyed danger planets.,138
The Blues Brothers,1980,"Action, Adventure, Comedy",133 min,7.9,"Jake Blues, just released from prison, puts together his old band to save the Catholic home where he and his brother Elwood were raised.",the blues brothers,The Blues Brothers,"Jake Blues, just released from prison, puts together his old band to save the Catholic home where he and his brother Elwood were raised.","Jake Blues, just released from prison, puts together his old band to save the Catholic home where he and his brother Elwood were raised.","Jake Blues, released prison, puts together old band save Catholic home brother Elwood raised.",139
Star Wars: Episode VII - The Force Awakens,2015,"Action, Adventure, Sci-Fi",138 min,7.9,"As a new threat to the galaxy rises, Rey, a desert scavenger, and Finn, an ex-stormtrooper, must join Han Solo and Chewbacca to search for the one hope of restoring peace.",star wars: episode vii - the force awakens,Star Wars Episode VII  The Force Awakens,"As a new threat to the galaxy rises, Rey, a desert scavenger, and Finn, an ex-stormtrooper, must join Han Solo and Chewbacca to search for the one hope of restoring peace.","As a new threat to the galaxy rises, Rey, a desert scavenger, and Finn, an ex-stormtrooper, must join Han Solo and Chewbacca to search for the one hope of restoring peace.","As new threat galaxy rises, Rey, desert scavenger, Finn, ex-stormtrooper, must join Han Solo Chewbacca search one hope restoring peace.",140
Rain Man,1988,Drama,133 min,8.0,Selfish yuppie Charlie Babbitt's father left a fortune to his savant brother Raymond and a pittance to Charlie; they travel cross-country.,rain man,Rain Man,Selfish yuppie Charlie Babbitt's father left a fortune to his savant brother Raymond and a pittance to Charlie; they travel cross-country.,Selfish yuppie Charlie Babbitt's father left a fortune to his savant brother Raymond and a pittance to Charlie; they travel cross-country.,Selfish yuppie Charlie Babbitt's father left fortune savant brother Raymond pittance Charlie; travel cross-country.,141
Ran,1985,"Action, Drama, War",162 min,8.2,"In Medieval Japan, an elderly warlord retires, handing over his empire to his three sons. However, he vastly underestimates how the new-found power will corrupt them and cause them to turn on each other...and him.",ran,Ran,"In Medieval Japan, an elderly warlord retires, handing over his empire to his three sons. However, he vastly underestimates how the new-found power will corrupt them and cause them to turn on each other...and him.","In Medieval Japan, an elderly warlord retires, handing over his empire to his three sons. However, he vastly underestimates how the new-found power will corrupt them and cause them to turn on each other...and him.","In Medieval Japan, elderly warlord retires, handing empire three sons. However, vastly underestimates new-found power corrupt cause turn other...and him.",142
M - Eine Stadt sucht einen Mörder,1931,"Crime, Mystery, Thriller",117 min,8.3,"When the police in a German city are unable to catch a child-murderer, other criminals join in the manhunt.",m - eine stadt sucht einen mörder,M  Eine Stadt sucht einen Mörder,"When the police in a German city are unable to catch a child-murderer, other criminals join in the manhunt.","When the police in a German city are unable to catch a child-murderer, other criminals join in the manhunt.","When police German city unable catch child-murderer, criminals join manhunt.",143
Kôkaku Kidôtai,1995,"Animation, Action, Crime",83 min,8.0,A cyborg policewoman and her partner hunt a mysterious and powerful hacker called the Puppet Master.,kôkaku kidôtai,Kôkaku Kidôtai,A cyborg policewoman and her partner hunt a mysterious and powerful hacker called the Puppet Master.,A cyborg policewoman and her partner hunt a mysterious and powerful hacker called the Puppet Master.,A cyborg policewoman partner hunt mysterious powerful hacker called Puppet Master.,144
Sleuth,1972,"Mystery, Thriller",138 min,8.0,"A man who loves games and theater invites his wife's lover to meet him, setting up a battle of wits with potentially deadly results.",sleuth,Sleuth,"A man who loves games and theater invites his wife's lover to meet him, setting up a battle of wits with potentially deadly results.","A man who loves games and theater invites his wife's lover to meet him, setting up a battle of wits with potentially deadly results.","A man loves games theater invites wife's lover meet him, setting battle wits potentially deadly results.",145
The Ten Commandments,1956,"Adventure, Drama",220 min,7.9,"Moses, an Egyptian Prince, learns of his true heritage as a Hebrew and his divine mission as the deliverer of his people.",the ten commandments,The Ten Commandments,"Moses, an Egyptian Prince, learns of his true heritage as a Hebrew and his divine mission as the deliverer of his people.","Moses, an Egyptian Prince, learns of his true heritage as a Hebrew and his divine mission as the deliverer of his people.","Moses, Egyptian Prince, learns true heritage Hebrew divine mission deliverer people.",146
A Star Is Born,2018,"Drama, Music, Romance",136 min,7.6,A musician helps a young singer find fame as age and alcoholism send his own career into a downward spiral.,a star is born,A Star Is Born,A musician helps a young singer find fame as age and alcoholism send his own career into a downward spiral.,A musician helps a young singer find fame as age and alcoholism send his own career into a downward spiral.,A musician helps young singer find fame age alcoholism send career downward spiral.,147
Incendies,2010,"Drama, Mystery, War",131 min,8.3,Twins journey to the Middle East to discover their family history and fulfill their mother's last wishes.,incendies,Incendies,Twins journey to the Middle East to discover their family history and fulfill their mother's last wishes.,Twins journey to the Middle East to discover their family history and fulfill their mother's last wishes.,Twins journey Middle East discover family history fulfill mother's last wishes.,148
Boksuneun naui geot,2002,"Crime, Drama, Thriller",129 min,7.6,"A recently laid off factory worker kidnaps his former boss' friend's daughter, hoping to use the ransom money to pay for his sister's kidney transplant.",boksuneun naui geot,Boksuneun naui geot,"A recently laid off factory worker kidnaps his former boss' friend's daughter, hoping to use the ransom money to pay for his sister's kidney transplant.","A recently laid off factory worker kidnaps his former boss' friend's daughter, hoping to use the ransom money to pay for his sister's kidney transplant.","A recently laid factory worker kidnaps former boss' friend's daughter, hoping use ransom money pay sister's kidney transplant.",149
Yôjinbô,1961,"Action, Drama, Thriller",110 min,8.2,A crafty ronin comes to a town divided by two criminal gangs and decides to play them against each other to free the town.,yôjinbô,Yôjinbô,A crafty ronin comes to a town divided by two criminal gangs and decides to play them against each other to free the town.,A crafty ronin comes to a town divided by two criminal gangs and decides to play them against each other to free the town.,A crafty ronin comes town divided two criminal gangs decides play free town.,150
Fanny och Alexander,1982,Drama,188 min,8.1,"Two young Swedish children experience the many comedies and tragedies of their family, the Ekdahls.",fanny och alexander,Fanny och Alexander,"Two young Swedish children experience the many comedies and tragedies of their family, the Ekdahls.","Two young Swedish children experience the many comedies and tragedies of their family, the Ekdahls.","Two young Swedish children experience many comedies tragedies family, Ekdahls.",151
Leviafan,2014,"Crime, Drama",140 min,7.6,"In a Russian coastal town, Kolya is forced to fight the corrupt mayor when he is told that his house will be demolished. He recruits a lawyer friend to help, but the man's arrival brings further misfortune for Kolya and his family.",leviafan,Leviafan,"In a Russian coastal town, Kolya is forced to fight the corrupt mayor when he is told that his house will be demolished. He recruits a lawyer friend to help, but the man's arrival brings further misfortune for Kolya and his family.","In a Russian coastal town, Kolya is forced to fight the corrupt mayor when he is told that his house will be demolished. He recruits a lawyer friend to help, but the man's arrival brings further misfortune for Kolya and his family.","In Russian coastal town, Kolya forced fight corrupt mayor told house demolished. He recruits lawyer friend help, man's arrival brings misfortune Kolya family.",152
Memento,2000,"Mystery, Thriller",113 min,8.4,A man with short-term memory loss attempts to track down his wife's murderer.,memento,Memento,A man with short-term memory loss attempts to track down his wife's murderer.,A man with short-term memory loss attempts to track down his wife's murderer.,A man short-term memory loss attempts track wife's murderer.,153
La battaglia di Algeri,1966,"Drama, War",121 min,8.1,"In the 1950s, fear and violence escalate as the people of Algiers fight for independence from the French government.",la battaglia di algeri,La battaglia di Algeri,"In the 1950s, fear and violence escalate as the people of Algiers fight for independence from the French government.","In the 1950s, fear and violence escalate as the people of Algiers fight for independence from the French government.","In 1950s, fear violence escalate people Algiers fight independence French government.",154
Green Book,2018,"Biography, Comedy, Drama",130 min,8.2,A working-class Italian-American bouncer becomes the driver of an African-American classical pianist on a tour of venues through the 1960s American South.,green book,Green Book,A working-class Italian-American bouncer becomes the driver of an African-American classical pianist on a tour of venues through the 1960s American South.,A working-class Italian-American bouncer becomes the driver of an African-American classical pianist on a tour of venues through the 1960s American South.,A working-class Italian-American bouncer becomes driver African-American classical pianist tour venues 1960s American South.,155
Ben-Hur,1959,"Adventure, Drama, History",212 min,8.1,"After a Jewish prince is betrayed and sent into slavery by a Roman friend, he regains his freedom and comes back for revenge.",ben-hur,BenHur,"After a Jewish prince is betrayed and sent into slavery by a Roman friend, he regains his freedom and comes back for revenge.","After a Jewish prince is betrayed and sent into slavery by a Roman friend, he regains his freedom and comes back for revenge.","After Jewish prince betrayed sent slavery Roman friend, regains freedom comes back revenge.",156
Butch Cassidy and the Sundance Kid,1969,"Biography, Crime, Drama",110 min,8.0,"Wyoming, early 1900s. Butch Cassidy and The Sundance Kid are the leaders of a band of outlaws. After a train robbery goes wrong they find themselves on the run with a posse hard on their heels. Their solution - escape to Bolivia.",butch cassidy and the sundance kid,Butch Cassidy and the Sundance Kid,"Wyoming, early 1900s. Butch Cassidy and The Sundance Kid are the leaders of a band of outlaws. After a train robbery goes wrong they find themselves on the run with a posse hard on their heels. Their solution - escape to Bolivia.","Wyoming, early 1900s. Butch Cassidy and The Sundance Kid are the leaders of a band of outlaws. After a train robbery goes wrong they find themselves on the run with a posse hard on their heels. Their solution - escape to Bolivia.","Wyoming, early 1900s. Butch Cassidy The Sundance Kid leaders band outlaws. After train robbery goes wrong find run posse hard heels. Their solution - escape Bolivia.",157
Baby,2015,"Action, Crime, Thriller",159 min,8.0,"An elite counter-intelligence unit learns of a plot, masterminded by a maniacal madman. With the clock ticking, it's up to them to track the terrorists' international tentacles and prevent them from striking at the heart of India.",baby,Baby,"An elite counter-intelligence unit learns of a plot, masterminded by a maniacal madman. With the clock ticking, it's up to them to track the terrorists' international tentacles and prevent them from striking at the heart of India.","An elite counter-intelligence unit learns of a plot, masterminded by a maniacal madman. With the clock ticking, it's up to them to track the terrorists' international tentacles and prevent them from striking at the heart of India.","An elite counter-intelligence unit learns plot, masterminded maniacal madman. With clock ticking, track terrorists' international tentacles prevent striking heart India.",158
Warrior,2011,"Action, Drama, Sport",140 min,8.2,"The youngest son of an alcoholic former boxer returns home, where he's trained by his father for competition in a mixed martial arts tournament - a path that puts the fighter on a collision course with his estranged, older brother.",warrior,Warrior,"The youngest son of an alcoholic former boxer returns home, where he's trained by his father for competition in a mixed martial arts tournament - a path that puts the fighter on a collision course with his estranged, older brother.","The youngest son of an alcoholic former boxer returns home, where he's trained by his father for competition in a mixed martial arts tournament - a path that puts the fighter on a collision course with his estranged, older brother.","The youngest son alcoholic former boxer returns home, he's trained father competition mixed martial arts tournament - path puts fighter collision course estranged, older brother.",159
Il conformista,1970,Drama,113 min,8.0,"A weak-willed Italian man becomes a fascist flunky who goes abroad to arrange the assassination of his old teacher, now a political dissident.",il conformista,Il conformista,"A weak-willed Italian man becomes a fascist flunky who goes abroad to arrange the assassination of his old teacher, now a political dissident.","A weak-willed Italian man becomes a fascist flunky who goes abroad to arrange the assassination of his old teacher, now a political dissident.","A weak-willed Italian man becomes fascist flunky goes abroad arrange assassination old teacher, political dissident.",160
Manchester by the Sea,2016,Drama,137 min,7.8,A depressed uncle is asked to take care of his teenage nephew after the boy's father dies.,manchester by the sea,Manchester by the Sea,A depressed uncle is asked to take care of his teenage nephew after the boy's father dies.,A depressed uncle is asked to take care of his teenage nephew after the boy's father dies.,A depressed uncle asked take care teenage nephew boy's father dies.,161
Klaus,2019,"Animation, Adventure, Comedy",96 min,8.2,"A simple act of kindness always sparks another, even in a frozen, faraway place. When Smeerensburg's new postman, Jesper, befriends toymaker Klaus, their gifts melt an age-old feud and deliver a sleigh full of holiday traditions.",klaus,Klaus,"A simple act of kindness always sparks another, even in a frozen, faraway place. When Smeerensburg's new postman, Jesper, befriends toymaker Klaus, their gifts melt an age-old feud and deliver a sleigh full of holiday traditions.","A simple act of kindness always sparks another, even in a frozen, faraway place. When Smeerensburg's new postman, Jesper, befriends toymaker Klaus, their gifts melt an age-old feud and deliver a sleigh full of holiday traditions.","A simple act kindness always sparks another, even frozen, faraway place. When Smeerensburg's new postman, Jesper, befriends toymaker Klaus, gifts melt age-old feud deliver sleigh full holiday traditions.",162
Rope,1948,"Crime, Drama, Mystery",80 min,8.0,Two men attempt to prove they committed the perfect crime by hosting a dinner party after strangling their former classmate to death.,rope,Rope,Two men attempt to prove they committed the perfect crime by hosting a dinner party after strangling their former classmate to death.,Two men attempt to prove they committed the perfect crime by hosting a dinner party after strangling their former classmate to death.,Two men attempt prove committed perfect crime hosting dinner party strangling former classmate death.,163
Heat,1995,"Crime, Drama, Thriller",170 min,8.2,A group of professional bank robbers start to feel the heat from police when they unknowingly leave a clue at their latest heist.,heat,Heat,A group of professional bank robbers start to feel the heat from police when they unknowingly leave a clue at their latest heist.,A group of professional bank robbers start to feel the heat from police when they unknowingly leave a clue at their latest heist.,A group professional bank robbers start feel heat police unknowingly leave clue latest heist.,164
The Silence of the Lambs,1991,"Crime, Drama, Thriller",118 min,8.6,"A young F.B.I. cadet must receive the help of an incarcerated and manipulative cannibal killer to help catch another serial killer, a madman who skins his victims.",the silence of the lambs,The Silence of the Lambs,"A young F.B.I. cadet must receive the help of an incarcerated and manipulative cannibal killer to help catch another serial killer, a madman who skins his victims.","A young F.B.I. cadet must receive the help of an incarcerated and manipulative cannibal killer to help catch another serial killer, a madman who skins his victims.","A young F.B.I. cadet must receive help incarcerated manipulative cannibal killer help catch another serial killer, madman skins victims.",165
Brokeback Mountain,2005,"Drama, Romance",134 min,7.7,"The story of a forbidden and secretive relationship between two cowboys, and their lives over the years.",brokeback mountain,Brokeback Mountain,"The story of a forbidden and secretive relationship between two cowboys, and their lives over the years.","The story of a forbidden and secretive relationship between two cowboys, and their lives over the years.","The story forbidden secretive relationship two cowboys, lives years.",166
The Gold Rush,1925,"Adventure, Comedy, Drama",95 min,8.2,A prospector goes to the Klondike in search of gold and finds it and more.,the gold rush,The Gold Rush,A prospector goes to the Klondike in search of gold and finds it and more.,A prospector goes to the Klondike in search of gold and finds it and more.,A prospector goes Klondike search gold finds more.,167
Central do Brasil,1998,Drama,110 min,8.0,"An emotive journey of a former school teacher, who writes letters for illiterate people, and a young boy, whose mother has just died, as they search for the father he never knew.",central do brasil,Central do Brasil,"An emotive journey of a former school teacher, who writes letters for illiterate people, and a young boy, whose mother has just died, as they search for the father he never knew.","An emotive journey of a former school teacher, who writes letters for illiterate people, and a young boy, whose mother has just died, as they search for the father he never knew.","An emotive journey former school teacher, writes letters illiterate people, young boy, whose mother died, search father never knew.",168
The French Connection,1971,"Action, Crime, Drama",104 min,7.7,A pair of NYC cops in the Narcotics Bureau stumble onto a drug smuggling job with a French connection.,the french connection,The French Connection,A pair of NYC cops in the Narcotics Bureau stumble onto a drug smuggling job with a French connection.,A pair of NYC cops in the Narcotics Bureau stumble onto a drug smuggling job with a French connection.,A pair NYC cops Narcotics Bureau stumble onto drug smuggling job French connection.,169
Dom za vesanje,1988,"Comedy, Crime, Drama",142 min,8.2,"In this luminous tale set in the area around Sarajevo and in Italy, Perhan, an engaging young Romany (gypsy) with telekinetic powers, is seduced by the quick-cash world of petty crime, which threatens to destroy him and those he loves.",dom za vesanje,Dom za vesanje,"In this luminous tale set in the area around Sarajevo and in Italy, Perhan, an engaging young Romany (gypsy) with telekinetic powers, is seduced by the quick-cash world of petty crime, which threatens to destroy him and those he loves.","In this luminous tale set in the area around Sarajevo and in Italy, Perhan, an engaging young Romany (gypsy) with telekinetic powers, is seduced by the quick-cash world of petty crime, which threatens to destroy him and those he loves.","In luminous tale set area around Sarajevo Italy, Perhan, engaging young Romany (gypsy) telekinetic powers, seduced quick-cash world petty crime, threatens destroy loves.",170
The Longest Day,1962,"Action, Drama, History",178 min,7.8,"The events of D-Day, told on a grand scale from both the Allied and German points of view.",the longest day,The Longest Day,"The events of D-Day, told on a grand scale from both the Allied and German points of view.","The events of D-Day, told on a grand scale from both the Allied and German points of view.","The events D-Day, told grand scale Allied German points view.",171
Gangs of Wasseypur,2012,"Action, Comedy, Crime",321 min,8.2,"A clash between Sultan and Shahid Khan leads to the expulsion of Khan from Wasseypur, and ignites a deadly blood feud spanning three generations.",gangs of wasseypur,Gangs of Wasseypur,"A clash between Sultan and Shahid Khan leads to the expulsion of Khan from Wasseypur, and ignites a deadly blood feud spanning three generations.","A clash between Sultan and Shahid Khan leads to the expulsion of Khan from Wasseypur, and ignites a deadly blood feud spanning three generations.","A clash Sultan Shahid Khan leads expulsion Khan Wasseypur, ignites deadly blood feud spanning three generations.",172
Raging Bull,1980,"Biography, Drama, Sport",129 min,8.2,"The life of boxer Jake LaMotta, whose violence and temper that led him to the top in the ring destroyed his life outside of it.",raging bull,Raging Bull,"The life of boxer Jake LaMotta, whose violence and temper that led him to the top in the ring destroyed his life outside of it.","The life of boxer Jake LaMotta, whose violence and temper that led him to the top in the ring destroyed his life outside of it.","The life boxer Jake LaMotta, whose violence temper led top ring destroyed life outside it.",173
Pulp Fiction,1994,"Crime, Drama",154 min,8.9,"The lives of two mob hitmen, a boxer, a gangster and his wife, and a pair of diner bandits intertwine in four tales of violence and redemption.",pulp fiction,Pulp Fiction,"The lives of two mob hitmen, a boxer, a gangster and his wife, and a pair of diner bandits intertwine in four tales of violence and redemption.","The lives of two mob hitmen, a boxer, a gangster and his wife, and a pair of diner bandits intertwine in four tales of violence and redemption.","The lives two mob hitmen, boxer, gangster wife, pair diner bandits intertwine four tales violence redemption.",174
Gravity,2013,"Drama, Sci-Fi, Thriller",91 min,7.7,Two astronauts work together to survive after an accident leaves them stranded in space.,gravity,Gravity,Two astronauts work together to survive after an accident leaves them stranded in space.,Two astronauts work together to survive after an accident leaves them stranded in space.,Two astronauts work together survive accident leaves stranded space.,175
Before Midnight,2013,"Drama, Romance",109 min,7.9,We meet Jesse and Celine nine years on in Greece. Almost two decades have passed since their first meeting on that train bound for Vienna.,before midnight,Before Midnight,We meet Jesse and Celine nine years on in Greece. Almost two decades have passed since their first meeting on that train bound for Vienna.,We meet Jesse and Celine nine years on in Greece. Almost two decades have passed since their first meeting on that train bound for Vienna.,We meet Jesse Celine nine years Greece. Almost two decades passed since first meeting train bound Vienna.,176
The Shining,1980,"Drama, Horror",146 min,8.4,"A family heads to an isolated hotel for the winter where a sinister presence influences the father into violence, while his psychic son sees horrific forebodings from both past and future.",the shining,The Shining,"A family heads to an isolated hotel for the winter where a sinister presence influences the father into violence, while his psychic son sees horrific forebodings from both past and future.","A family heads to an isolated hotel for the winter where a sinister presence influences the father into violence, while his psychic son sees horrific forebodings from both past and future.","A family heads isolated hotel winter sinister presence influences father violence, psychic son sees horrific forebodings past future.",177
Moneyball,2011,"Biography, Drama, Sport",133 min,7.6,Oakland A's general manager Billy Beane's successful attempt to assemble a baseball team on a lean budget by employing computer-generated analysis to acquire new players.,moneyball,Moneyball,Oakland A's general manager Billy Beane's successful attempt to assemble a baseball team on a lean budget by employing computer-generated analysis to acquire new players.,Oakland A's general manager Billy Beane's successful attempt to assemble a baseball team on a lean budget by employing computer-generated analysis to acquire new players.,Oakland A's general manager Billy Beane's successful attempt assemble baseball team lean budget employing computer-generated analysis acquire new players.,178
A Little Princess,1995,"Drama, Family, Fantasy",97 min,7.7,A young girl is relegated to servitude at a boarding school when her father goes missing and is presumed dead.,a little princess,A Little Princess,A young girl is relegated to servitude at a boarding school when her father goes missing and is presumed dead.,A young girl is relegated to servitude at a boarding school when her father goes missing and is presumed dead.,A young girl relegated servitude boarding school father goes missing presumed dead.,179
Munna Bhai M.B.B.S.,2003,"Comedy, Drama, Musical",156 min,8.1,A gangster sets out to fulfill his father's dream of becoming a doctor.,munna bhai m.b.b.s.,Munna Bhai MBBS,A gangster sets out to fulfill his father's dream of becoming a doctor.,A gangster sets out to fulfill his father's dream of becoming a doctor.,A gangster sets fulfill father's dream becoming doctor.,180
Shutter Island,2010,"Mystery, Thriller",138 min,8.2,"In 1954, a U.S. Marshal investigates the disappearance of a murderer who escaped from a hospital for the criminally insane.",shutter island,Shutter Island,"In 1954, a U.S. Marshal investigates the disappearance of a murderer who escaped from a hospital for the criminally insane.","In 1954, a U.S. Marshal investigates the disappearance of a murderer who escaped from a hospital for the criminally insane.","In 1954, U.S. Marshal investigates disappearance murderer escaped hospital criminally insane.",181
Das Experiment,2001,"Drama, Thriller",120 min,7.7,"For two weeks, 20 male participants are hired to play prisoners and guards in a prison. The ""prisoners"" have to follow seemingly mild rules, and the ""guards"" are told to retain order without using physical violence.",das experiment,Das Experiment,"For two weeks, 20 male participants are hired to play prisoners and guards in a prison. The ""prisoners"" have to follow seemingly mild rules, and the ""guards"" are told to retain order without using physical violence.","For two weeks, 20 male participants are hired to play prisoners and guards in a prison. The ""prisoners"" have to follow seemingly mild rules, and the ""guards"" are told to retain order without using physical violence.","For two weeks, 20 male participants hired play prisoners guards prison. The ""prisoners"" follow seemingly mild rules, ""guards"" told retain order without using physical violence.",182
Million Dollar Baby,2004,"Drama, Sport",132 min,8.1,A determined woman works with a hardened boxing trainer to become a professional.,million dollar baby,Million Dollar Baby,A determined woman works with a hardened boxing trainer to become a professional.,A determined woman works with a hardened boxing trainer to become a professional.,A determined woman works hardened boxing trainer become professional.,183
Kahaani,2012,"Mystery, Thriller",122 min,8.1,"A pregnant woman's search for her missing husband takes her from London to Kolkata, but everyone she questions denies having ever met him.",kahaani,Kahaani,"A pregnant woman's search for her missing husband takes her from London to Kolkata, but everyone she questions denies having ever met him.","A pregnant woman's search for her missing husband takes her from London to Kolkata, but everyone she questions denies having ever met him.","A pregnant woman's search missing husband takes London Kolkata, everyone questions denies ever met him.",184
La Vie En Rose,2007,"Biography, Drama, Music",140 min,7.6,"Biopic of the iconic French singer Édith Piaf. Raised by her grandmother in a brothel, she was discovered while singing on a street corner at the age of 19. Despite her success, Piaf's life was filled with tragedy.",la vie en rose,La Vie En Rose,"Biopic of the iconic French singer Édith Piaf. Raised by her grandmother in a brothel, she was discovered while singing on a street corner at the age of 19. Despite her success, Piaf's life was filled with tragedy.","Biopic of the iconic French singer Édith Piaf. Raised by her grandmother in a brothel, she was discovered while singing on a street corner at the age of 19. Despite her success, Piaf's life was filled with tragedy.","Biopic iconic French singer Édith Piaf. Raised grandmother brothel, discovered singing street corner age 19. Despite success, Piaf's life filled tragedy.",185
C.R.A.Z.Y.,2005,"Comedy, Drama",129 min,7.9,"A young French-Canadian, growing up in the 1960s and 1970s, struggles to reconcile his emerging homosexuality with his father's conservative values and his own Catholic beliefs.",c.r.a.z.y.,CRAZY,"A young French-Canadian, growing up in the 1960s and 1970s, struggles to reconcile his emerging homosexuality with his father's conservative values and his own Catholic beliefs.","A young French-Canadian, growing up in the 1960s and 1970s, struggles to reconcile his emerging homosexuality with his father's conservative values and his own Catholic beliefs.","A young French-Canadian, growing 1960s 1970s, struggles reconcile emerging homosexuality father's conservative values Catholic beliefs.",186
"Three Billboards Outside Ebbing, Missouri",2017,"Comedy, Crime, Drama",115 min,8.2,A mother personally challenges the local authorities to solve her daughter's murder when they fail to catch the culprit.,"three billboards outside ebbing, missouri",Three Billboards Outside Ebbing Missouri,A mother personally challenges the local authorities to solve her daughter's murder when they fail to catch the culprit.,A mother personally challenges the local authorities to solve her daughter's murder when they fail to catch the culprit.,A mother personally challenges local authorities solve daughter's murder fail catch culprit.,187
Giù la testa,1971,"Drama, War, Western",157 min,7.6,A low-life bandit and an I.R.A. explosives expert rebel against the government and become heroes of the Mexican Revolution.,giù la testa,Giù la testa,A low-life bandit and an I.R.A. explosives expert rebel against the government and become heroes of the Mexican Revolution.,A low-life bandit and an I.R.A. explosives expert rebel against the government and become heroes of the Mexican Revolution.,A low-life bandit I.R.A. explosives expert rebel government become heroes Mexican Revolution.,188
3:10 to Yuma,2007,"Action, Crime, Drama",122 min,7.7,A small-time rancher agrees to hold a captured outlaw who's awaiting a train to go to court in Yuma. A battle of wills ensues as the outlaw tries to psych out the rancher.,3:10 to yuma,310 to Yuma,A small-time rancher agrees to hold a captured outlaw who's awaiting a train to go to court in Yuma. A battle of wills ensues as the outlaw tries to psych out the rancher.,A small-time rancher agrees to hold a captured outlaw who's awaiting a train to go to court in Yuma. A battle of wills ensues as the outlaw tries to psych out the rancher.,A small-time rancher agrees hold captured outlaw who's awaiting train go court Yuma. A battle wills ensues outlaw tries psych rancher.,189
Det sjunde inseglet,1957,"Drama, Fantasy, History",96 min,8.2,"A man seeks answers about life, death, and the existence of God as he plays chess against the Grim Reaper during the Black Plague.",det sjunde inseglet,Det sjunde inseglet,"A man seeks answers about life, death, and the existence of God as he plays chess against the Grim Reaper during the Black Plague.","A man seeks answers about life, death, and the existence of God as he plays chess against the Grim Reaper during the Black Plague.","A man seeks answers life, death, existence God plays chess Grim Reaper Black Plague.",190
The Usual Suspects,1995,"Crime, Mystery, Thriller",106 min,8.5,"A sole survivor tells of the twisty events leading up to a horrific gun battle on a boat, which began when five criminals met at a seemingly random police lineup.",the usual suspects,The Usual Suspects,"A sole survivor tells of the twisty events leading up to a horrific gun battle on a boat, which began when five criminals met at a seemingly random police lineup.","A sole survivor tells of the twisty events leading up to a horrific gun battle on a boat, which began when five criminals met at a seemingly random police lineup.","A sole survivor tells twisty events leading horrific gun battle boat, began five criminals met seemingly random police lineup.",191
Badlands,1973,"Action, Crime, Drama",94 min,7.8,An impressionable teenage girl from a dead-end town and her older greaser boyfriend embark on a killing spree in the South Dakota badlands.,badlands,Badlands,An impressionable teenage girl from a dead-end town and her older greaser boyfriend embark on a killing spree in the South Dakota badlands.,An impressionable teenage girl from a dead-end town and her older greaser boyfriend embark on a killing spree in the South Dakota badlands.,An impressionable teenage girl dead-end town older greaser boyfriend embark killing spree South Dakota badlands.,192
Scarface,1983,"Crime, Drama",170 min,8.3,"In 1980 Miami, a determined Cuban immigrant takes over a drug cartel and succumbs to greed.",scarface,Scarface,"In 1980 Miami, a determined Cuban immigrant takes over a drug cartel and succumbs to greed.","In 1980 Miami, a determined Cuban immigrant takes over a drug cartel and succumbs to greed.","In 1980 Miami, determined Cuban immigrant takes drug cartel succumbs greed.",193
Le passé,2013,"Drama, Mystery",130 min,7.8,"An Iranian man deserts his French wife and her two children to return to his homeland. Meanwhile, his wife starts up a new relationship, a reality her husband confronts upon his wife's request for a divorce.",le passé,Le passé,"An Iranian man deserts his French wife and her two children to return to his homeland. Meanwhile, his wife starts up a new relationship, a reality her husband confronts upon his wife's request for a divorce.","An Iranian man deserts his French wife and her two children to return to his homeland. Meanwhile, his wife starts up a new relationship, a reality her husband confronts upon his wife's request for a divorce.","An Iranian man deserts French wife two children return homeland. Meanwhile, wife starts new relationship, reality husband confronts upon wife's request divorce.",194
Kimi no na wa.,2016,"Animation, Drama, Fantasy",106 min,8.4,"Two strangers find themselves linked in a bizarre way. When a connection forms, will distance be the only thing to keep them apart?",kimi no na wa.,Kimi no na wa,"Two strangers find themselves linked in a bizarre way. When a connection forms, will distance be the only thing to keep them apart?","Two strangers find themselves linked in a bizarre way. When a connection forms, will distance be the only thing to keep them apart?","Two strangers find linked bizarre way. When connection forms, distance thing keep apart?",195
Akira,1988,"Animation, Action, Sci-Fi",124 min,8.0,A secret military project endangers Neo-Tokyo when it turns a biker gang member into a rampaging psychic psychopath who can only be stopped by two teenagers and a group of psychics.,akira,Akira,A secret military project endangers Neo-Tokyo when it turns a biker gang member into a rampaging psychic psychopath who can only be stopped by two teenagers and a group of psychics.,A secret military project endangers Neo-Tokyo when it turns a biker gang member into a rampaging psychic psychopath who can only be stopped by two teenagers and a group of psychics.,A secret military project endangers Neo-Tokyo turns biker gang member rampaging psychic psychopath stopped two teenagers group psychics.,196
The Night of the Hunter,1955,"Crime, Drama, Film-Noir",92 min,8.0,"A religious fanatic marries a gullible widow whose young children are reluctant to tell him where their real daddy hid the $10,000 he'd stolen in a robbery.",the night of the hunter,The Night of the Hunter,"A religious fanatic marries a gullible widow whose young children are reluctant to tell him where their real daddy hid the $10,000 he'd stolen in a robbery.","A religious fanatic marries a gullible widow whose young children are reluctant to tell him where their real daddy hid the $10,000 he'd stolen in a robbery.","A religious fanatic marries gullible widow whose young children reluctant tell real daddy hid $10,000 he'd stolen robbery.",197
Frost/Nixon,2008,"Biography, Drama, History",122 min,7.7,A dramatic retelling of the post-Watergate television interviews between British talk-show host David Frost and former president Richard Nixon.,frost/nixon,FrostNixon,A dramatic retelling of the post-Watergate television interviews between British talk-show host David Frost and former president Richard Nixon.,A dramatic retelling of the post-Watergate television interviews between British talk-show host David Frost and former president Richard Nixon.,A dramatic retelling post-Watergate television interviews British talk-show host David Frost former president Richard Nixon.,198
From Here to Eternity,1953,"Drama, Romance, War",118 min,7.6,"In Hawaii in 1941, a private is cruelly punished for not boxing on his unit's team, while his captain's wife and second-in-command are falling in love.",from here to eternity,From Here to Eternity,"In Hawaii in 1941, a private is cruelly punished for not boxing on his unit's team, while his captain's wife and second-in-command are falling in love.","In Hawaii in 1941, a private is cruelly punished for not boxing on his unit's team, while his captain's wife and second-in-command are falling in love.","In Hawaii 1941, private cruelly punished boxing unit's team, captain's wife second-in-command falling love.",199
Saving Private Ryan,1998,"Drama, War",169 min,8.6,"Following the Normandy Landings, a group of U.S. soldiers go behind enemy lines to retrieve a paratrooper whose brothers have been killed in action.",saving private ryan,Saving Private Ryan,"Following the Normandy Landings, a group of U.S. soldiers go behind enemy lines to retrieve a paratrooper whose brothers have been killed in action.","Following the Normandy Landings, a group of U.S. soldiers go behind enemy lines to retrieve a paratrooper whose brothers have been killed in action.","Following Normandy Landings, group U.S. soldiers go behind enemy lines retrieve paratrooper whose brothers killed action.",200
Call Me by Your Name,2017,"Drama, Romance",132 min,7.9,"In 1980s Italy, romance blossoms between a seventeen-year-old student and the older man hired as his father's research assistant.",call me by your name,Call Me by Your Name,"In 1980s Italy, romance blossoms between a seventeen-year-old student and the older man hired as his father's research assistant.","In 1980s Italy, romance blossoms between a seventeen-year-old student and the older man hired as his father's research assistant.","In 1980s Italy, romance blossoms seventeen-year-old student older man hired father's research assistant.",201
Le charme discret de la bourgeoisie,1972,Comedy,102 min,7.9,"A surreal, virtually plotless series of dreams centered around six middle-class people and their consistently interrupted attempts to have a meal together.",le charme discret de la bourgeoisie,Le charme discret de la bourgeoisie,"A surreal, virtually plotless series of dreams centered around six middle-class people and their consistently interrupted attempts to have a meal together.","A surreal, virtually plotless series of dreams centered around six middle-class people and their consistently interrupted attempts to have a meal together.","A surreal, virtually plotless series dreams centered around six middle-class people consistently interrupted attempts meal together.",202
A Christmas Story,1983,"Comedy, Family",93 min,7.9,"In the 1940s, a young boy named Ralphie attempts to convince his parents, his teacher and Santa that a Red Ryder BB gun really is the perfect Christmas gift.",a christmas story,A Christmas Story,"In the 1940s, a young boy named Ralphie attempts to convince his parents, his teacher and Santa that a Red Ryder BB gun really is the perfect Christmas gift.","In the 1940s, a young boy named Ralphie attempts to convince his parents, his teacher and Santa that a Red Ryder BB gun really is the perfect Christmas gift.","In 1940s, young boy named Ralphie attempts convince parents, teacher Santa Red Ryder BB gun really perfect Christmas gift.",203
The Hobbit: An Unexpected Journey,2012,"Adventure, Fantasy",169 min,7.8,"A reluctant Hobbit, Bilbo Baggins, sets out to the Lonely Mountain with a spirited group of dwarves to reclaim their mountain home, and the gold within it from the dragon Smaug.",the hobbit: an unexpected journey,The Hobbit An Unexpected Journey,"A reluctant Hobbit, Bilbo Baggins, sets out to the Lonely Mountain with a spirited group of dwarves to reclaim their mountain home, and the gold within it from the dragon Smaug.","A reluctant Hobbit, Bilbo Baggins, sets out to the Lonely Mountain with a spirited group of dwarves to reclaim their mountain home, and the gold within it from the dragon Smaug.","A reluctant Hobbit, Bilbo Baggins, sets Lonely Mountain spirited group dwarves reclaim mountain home, gold within dragon Smaug.",204
La planète sauvage,1973,"Animation, Sci-Fi",72 min,7.8,"On a faraway planet where blue giants rule, oppressed humanoids rebel against their machine-like leaders.",la planète sauvage,La planète sauvage,"On a faraway planet where blue giants rule, oppressed humanoids rebel against their machine-like leaders.","On a faraway planet where blue giants rule, oppressed humanoids rebel against their machine-like leaders.","On faraway planet blue giants rule, oppressed humanoids rebel machine-like leaders.",205
Dead Man's Shoes,2004,"Crime, Drama, Thriller",90 min,7.6,A disaffected soldier returns to his hometown to get even with the thugs who brutalized his mentally-challenged brother years ago.,dead man's shoes,Dead Mans Shoes,A disaffected soldier returns to his hometown to get even with the thugs who brutalized his mentally-challenged brother years ago.,A disaffected soldier returns to his hometown to get even with the thugs who brutalized his mentally-challenged brother years ago.,A disaffected soldier returns hometown get even thugs brutalized mentally-challenged brother years ago.,206
The Imitation Game,2014,"Biography, Drama, Thriller",114 min,8.0,"During World War II, the English mathematical genius Alan Turing tries to crack the German Enigma code with help from fellow mathematicians.",the imitation game,The Imitation Game,"During World War II, the English mathematical genius Alan Turing tries to crack the German Enigma code with help from fellow mathematicians.","During World War II, the English mathematical genius Alan Turing tries to crack the German Enigma code with help from fellow mathematicians.","During World War II, English mathematical genius Alan Turing tries crack German Enigma code help fellow mathematicians.",207
Modern Times,1936,"Comedy, Drama, Family",87 min,8.5,The Tramp struggles to live in modern industrial society with the help of a young homeless woman.,modern times,Modern Times,The Tramp struggles to live in modern industrial society with the help of a young homeless woman.,The Tramp struggles to live in modern industrial society with the help of a young homeless woman.,The Tramp struggles live modern industrial society help young homeless woman.,208
Ying xiong,2002,"Action, Adventure, History",120 min,7.9,"A defense officer, Nameless, was summoned by the King of Qin regarding his success of terminating three warriors.",ying xiong,Ying xiong,"A defense officer, Nameless, was summoned by the King of Qin regarding his success of terminating three warriors.","A defense officer, Nameless, was summoned by the King of Qin regarding his success of terminating three warriors.","A defense officer, Nameless, summoned King Qin regarding success terminating three warriors.",209
Toy Story 2,1999,"Animation, Adventure, Comedy",92 min,7.9,"When Woody is stolen by a toy collector, Buzz and his friends set out on a rescue mission to save Woody before he becomes a museum toy property with his roundup gang Jessie, Prospector, and Bullseye.",toy story 2,Toy Story 2,"When Woody is stolen by a toy collector, Buzz and his friends set out on a rescue mission to save Woody before he becomes a museum toy property with his roundup gang Jessie, Prospector, and Bullseye.","When Woody is stolen by a toy collector, Buzz and his friends set out on a rescue mission to save Woody before he becomes a museum toy property with his roundup gang Jessie, Prospector, and Bullseye.","When Woody stolen toy collector, Buzz friends set rescue mission save Woody becomes museum toy property roundup gang Jessie, Prospector, Bullseye.",210
The Secret of Kells,2009,"Animation, Adventure, Family",71 min,7.6,"A young boy in a remote medieval outpost under siege from barbarian raids is beckoned to adventure when a celebrated master illuminator arrives with an ancient book, brimming with secret wisdom and powers.",the secret of kells,The Secret of Kells,"A young boy in a remote medieval outpost under siege from barbarian raids is beckoned to adventure when a celebrated master illuminator arrives with an ancient book, brimming with secret wisdom and powers.","A young boy in a remote medieval outpost under siege from barbarian raids is beckoned to adventure when a celebrated master illuminator arrives with an ancient book, brimming with secret wisdom and powers.","A young boy remote medieval outpost siege barbarian raids beckoned adventure celebrated master illuminator arrives ancient book, brimming secret wisdom powers.",211
Harry Potter and the Goblet of Fire,2005,"Adventure, Family, Fantasy",157 min,7.7,"Harry Potter finds himself competing in a hazardous tournament between rival schools of magic, but he is distracted by recurring nightmares.",harry potter and the goblet of fire,Harry Potter and the Goblet of Fire,"Harry Potter finds himself competing in a hazardous tournament between rival schools of magic, but he is distracted by recurring nightmares.","Harry Potter finds himself competing in a hazardous tournament between rival schools of magic, but he is distracted by recurring nightmares.","Harry Potter finds competing hazardous tournament rival schools magic, distracted recurring nightmares.",212
Ba wang bie ji,1993,"Drama, Music, Romance",171 min,8.1,Two boys meet at an opera training school in Peking in 1924. Their resulting friendship will span nearly 70 years and will endure some of the most troublesome times in China's history.,ba wang bie ji,Ba wang bie ji,Two boys meet at an opera training school in Peking in 1924. Their resulting friendship will span nearly 70 years and will endure some of the most troublesome times in China's history.,Two boys meet at an opera training school in Peking in 1924. Their resulting friendship will span nearly 70 years and will endure some of the most troublesome times in China's history.,Two boys meet opera training school Peking 1924. Their resulting friendship span nearly 70 years endure troublesome times China's history.,213
Short Cuts,1993,"Comedy, Drama",188 min,7.7,The day-to-day lives of several suburban Los Angeles residents.,short cuts,Short Cuts,The day-to-day lives of several suburban Los Angeles residents.,The day-to-day lives of several suburban Los Angeles residents.,The day-to-day lives several suburban Los Angeles residents.,214
Key Largo,1948,"Action, Crime, Drama",100 min,7.8,"A man visits his war buddy's family hotel and finds a gangster running things. As a hurricane approaches, the two end up confronting each other.",key largo,Key Largo,"A man visits his war buddy's family hotel and finds a gangster running things. As a hurricane approaches, the two end up confronting each other.","A man visits his war buddy's family hotel and finds a gangster running things. As a hurricane approaches, the two end up confronting each other.","A man visits war buddy's family hotel finds gangster running things. As hurricane approaches, two end confronting other.",215
The Color Purple,1985,Drama,154 min,7.8,A black Southern woman struggles to find her identity after suffering abuse from her father and others over four decades.,the color purple,The Color Purple,A black Southern woman struggles to find her identity after suffering abuse from her father and others over four decades.,A black Southern woman struggles to find her identity after suffering abuse from her father and others over four decades.,A black Southern woman struggles find identity suffering abuse father others four decades.,216
Empire of the Sun,1987,"Action, Drama, History",153 min,7.7,A young English boy struggles to survive under Japanese occupation during World War II.,empire of the sun,Empire of the Sun,A young English boy struggles to survive under Japanese occupation during World War II.,A young English boy struggles to survive under Japanese occupation during World War II.,A young English boy struggles survive Japanese occupation World War II.,217
Mimi wo sumaseba,1995,"Animation, Drama, Family",111 min,7.9,"A love story between a girl who loves reading books, and a boy who has previously checked out all of the library books she chooses.",mimi wo sumaseba,Mimi wo sumaseba,"A love story between a girl who loves reading books, and a boy who has previously checked out all of the library books she chooses.","A love story between a girl who loves reading books, and a boy who has previously checked out all of the library books she chooses.","A love story girl loves reading books, boy previously checked library books chooses.",218
A Streetcar Named Desire,1951,Drama,122 min,8.0,Disturbed Blanche DuBois moves in with her sister in New Orleans and is tormented by her brutish brother-in-law while her reality crumbles around her.,a streetcar named desire,A Streetcar Named Desire,Disturbed Blanche DuBois moves in with her sister in New Orleans and is tormented by her brutish brother-in-law while her reality crumbles around her.,Disturbed Blanche DuBois moves in with her sister in New Orleans and is tormented by her brutish brother-in-law while her reality crumbles around her.,Disturbed Blanche DuBois moves sister New Orleans tormented brutish brother-in-law reality crumbles around her.,219
Hamilton,2020,"Biography, Drama, History",160 min,8.6,"The real life of one of America's foremost founding fathers and first Secretary of the Treasury, Alexander Hamilton. Captured live on Broadway from the Richard Rodgers Theater with the original Broadway cast.",hamilton,Hamilton,"The real life of one of America's foremost founding fathers and first Secretary of the Treasury, Alexander Hamilton. Captured live on Broadway from the Richard Rodgers Theater with the original Broadway cast.","The real life of one of America's foremost founding fathers and first Secretary of the Treasury, Alexander Hamilton. Captured live on Broadway from the Richard Rodgers Theater with the original Broadway cast.","The real life one America's foremost founding fathers first Secretary Treasury, Alexander Hamilton. Captured live Broadway Richard Rodgers Theater original Broadway cast.",220
Bringing Up Baby,1938,"Comedy, Family, Romance",102 min,7.8,"While trying to secure a $1 million donation for his museum, a befuddled paleontologist is pursued by a flighty and often irritating heiress and her pet leopard, Baby.",bringing up baby,Bringing Up Baby,"While trying to secure a $1 million donation for his museum, a befuddled paleontologist is pursued by a flighty and often irritating heiress and her pet leopard, Baby.","While trying to secure a $1 million donation for his museum, a befuddled paleontologist is pursued by a flighty and often irritating heiress and her pet leopard, Baby.","While trying secure $1 million donation museum, befuddled paleontologist pursued flighty often irritating heiress pet leopard, Baby.",221
Amour,2012,"Drama, Romance",127 min,7.9,"Georges and Anne are an octogenarian couple. They are cultivated, retired music teachers. Their daughter, also a musician, lives in Britain with her family. One day, Anne has a stroke, and the couple's bond of love is severely tested.",amour,Amour,"Georges and Anne are an octogenarian couple. They are cultivated, retired music teachers. Their daughter, also a musician, lives in Britain with her family. One day, Anne has a stroke, and the couple's bond of love is severely tested.","Georges and Anne are an octogenarian couple. They are cultivated, retired music teachers. Their daughter, also a musician, lives in Britain with her family. One day, Anne has a stroke, and the couple's bond of love is severely tested.","Georges Anne octogenarian couple. They cultivated, retired music teachers. Their daughter, also musician, lives Britain family. One day, Anne stroke, couple's bond love severely tested.",222
Nosferatu,1922,"Fantasy, Horror",94 min,7.9,Vampire Count Orlok expresses interest in a new residence and real estate agent Hutter's wife.,nosferatu,Nosferatu,Vampire Count Orlok expresses interest in a new residence and real estate agent Hutter's wife.,Vampire Count Orlok expresses interest in a new residence and real estate agent Hutter's wife.,Vampire Count Orlok expresses interest new residence real estate agent Hutter's wife.,223
Vivre sa vie: Film en douze tableaux,1962,Drama,80 min,8.0,Twelve episodic tales in the life of a Parisian woman and her slow descent into prostitution.,vivre sa vie: film en douze tableaux,Vivre sa vie Film en douze tableaux,Twelve episodic tales in the life of a Parisian woman and her slow descent into prostitution.,Twelve episodic tales in the life of a Parisian woman and her slow descent into prostitution.,Twelve episodic tales life Parisian woman slow descent prostitution.,224
Ratatouille,2007,"Animation, Adventure, Comedy",111 min,8.0,A rat who can cook makes an unusual alliance with a young kitchen worker at a famous restaurant.,ratatouille,Ratatouille,A rat who can cook makes an unusual alliance with a young kitchen worker at a famous restaurant.,A rat who can cook makes an unusual alliance with a young kitchen worker at a famous restaurant.,A rat cook makes unusual alliance young kitchen worker famous restaurant.,225
The Great Dictator,1940,"Comedy, Drama, War",125 min,8.4,Dictator Adenoid Hynkel tries to expand his empire while a poor Jewish barber tries to avoid persecution from Hynkel's regime.,the great dictator,The Great Dictator,Dictator Adenoid Hynkel tries to expand his empire while a poor Jewish barber tries to avoid persecution from Hynkel's regime.,Dictator Adenoid Hynkel tries to expand his empire while a poor Jewish barber tries to avoid persecution from Hynkel's regime.,Dictator Adenoid Hynkel tries expand empire poor Jewish barber tries avoid persecution Hynkel's regime.,226
Coco,2017,"Animation, Adventure, Family",105 min,8.4,"Aspiring musician Miguel, confronted with his family's ancestral ban on music, enters the Land of the Dead to find his great-great-grandfather, a legendary singer.",coco,Coco,"Aspiring musician Miguel, confronted with his family's ancestral ban on music, enters the Land of the Dead to find his great-great-grandfather, a legendary singer.","Aspiring musician Miguel, confronted with his family's ancestral ban on music, enters the Land of the Dead to find his great-great-grandfather, a legendary singer.","Aspiring musician Miguel, confronted family's ancestral ban music, enters Land Dead find great-great-grandfather, legendary singer.",227
Diarios de motocicleta,2004,"Adventure, Biography, Drama",126 min,7.8,The dramatization of a motorcycle road trip Che Guevara went on in his youth that showed him his life's calling.,diarios de motocicleta,Diarios de motocicleta,The dramatization of a motorcycle road trip Che Guevara went on in his youth that showed him his life's calling.,The dramatization of a motorcycle road trip Che Guevara went on in his youth that showed him his life's calling.,The dramatization motorcycle road trip Che Guevara went youth showed life's calling.,228
Pink Floyd: The Wall,1982,"Drama, Fantasy, Music",95 min,8.1,A confined but troubled rock star descends into madness in the midst of his physical and social isolation from everyone.,pink floyd: the wall,Pink Floyd The Wall,A confined but troubled rock star descends into madness in the midst of his physical and social isolation from everyone.,A confined but troubled rock star descends into madness in the midst of his physical and social isolation from everyone.,A confined troubled rock star descends madness midst physical social isolation everyone.,229
Viskningar och rop,1972,Drama,91 min,8.1,"When a woman dying of cancer in early twentieth-century Sweden is visited by her two sisters, long-repressed feelings between the siblings rise to the surface.",viskningar och rop,Viskningar och rop,"When a woman dying of cancer in early twentieth-century Sweden is visited by her two sisters, long-repressed feelings between the siblings rise to the surface.","When a woman dying of cancer in early twentieth-century Sweden is visited by her two sisters, long-repressed feelings between the siblings rise to the surface.","When woman dying cancer early twentieth-century Sweden visited two sisters, long-repressed feelings siblings rise surface.",230
The Pursuit of Happyness,2006,"Biography, Drama",117 min,8.0,A struggling salesman takes custody of his son as he's poised to begin a life-changing professional career.,the pursuit of happyness,The Pursuit of Happyness,A struggling salesman takes custody of his son as he's poised to begin a life-changing professional career.,A struggling salesman takes custody of his son as he's poised to begin a life-changing professional career.,A struggling salesman takes custody son he's poised begin life-changing professional career.,231
Slumdog Millionaire,2008,"Drama, Romance",120 min,8.0,"A Mumbai teenager reflects on his life after being accused of cheating on the Indian version of ""Who Wants to be a Millionaire?"".",slumdog millionaire,Slumdog Millionaire,"A Mumbai teenager reflects on his life after being accused of cheating on the Indian version of ""Who Wants to be a Millionaire?"".","A Mumbai teenager reflects on his life after being accused of cheating on the Indian version of ""Who Wants to be a Millionaire?"".","A Mumbai teenager reflects life accused cheating Indian version ""Who Wants Millionaire?"".",232
The Maltese Falcon,1941,"Film-Noir, Mystery",100 min,8.0,"A private detective takes on a case that involves him with three eccentric criminals, a gorgeous liar, and their quest for a priceless statuette.",the maltese falcon,The Maltese Falcon,"A private detective takes on a case that involves him with three eccentric criminals, a gorgeous liar, and their quest for a priceless statuette.","A private detective takes on a case that involves him with three eccentric criminals, a gorgeous liar, and their quest for a priceless statuette.","A private detective takes case involves three eccentric criminals, gorgeous liar, quest priceless statuette.",233
The Deer Hunter,1978,"Drama, War",183 min,8.1,An in-depth examination of the ways in which the U.S. Vietnam War impacts and disrupts the lives of people in a small industrial town in Pennsylvania.,the deer hunter,The Deer Hunter,An in-depth examination of the ways in which the U.S. Vietnam War impacts and disrupts the lives of people in a small industrial town in Pennsylvania.,An in-depth examination of the ways in which the U.S. Vietnam War impacts and disrupts the lives of people in a small industrial town in Pennsylvania.,An in-depth examination ways U.S. Vietnam War impacts disrupts lives people small industrial town Pennsylvania.,234
"Il buono, il brutto, il cattivo",1966,Western,161 min,8.8,A bounty hunting scam joins two men in an uneasy alliance against a third in a race to find a fortune in gold buried in a remote cemetery.,"il buono, il brutto, il cattivo",Il buono il brutto il cattivo,A bounty hunting scam joins two men in an uneasy alliance against a third in a race to find a fortune in gold buried in a remote cemetery.,A bounty hunting scam joins two men in an uneasy alliance against a third in a race to find a fortune in gold buried in a remote cemetery.,A bounty hunting scam joins two men uneasy alliance third race find fortune gold buried remote cemetery.,235
Judgment at Nuremberg,1961,"Drama, War",179 min,8.2,"In 1948, an American court in occupied Germany tries four Nazis judged for war crimes.",judgment at nuremberg,Judgment at Nuremberg,"In 1948, an American court in occupied Germany tries four Nazis judged for war crimes.","In 1948, an American court in occupied Germany tries four Nazis judged for war crimes.","In 1948, American court occupied Germany tries four Nazis judged war crimes.",236
Casino Royale,2006,"Action, Adventure, Thriller",144 min,8.0,"After earning 00 status and a licence to kill, Secret Agent James Bond sets out on his first mission as 007. Bond must defeat a private banker funding terrorists in a high-stakes game of poker at Casino Royale, Montenegro.",casino royale,Casino Royale,"After earning 00 status and a licence to kill, Secret Agent James Bond sets out on his first mission as 007. Bond must defeat a private banker funding terrorists in a high-stakes game of poker at Casino Royale, Montenegro.","After earning 00 status and a licence to kill, Secret Agent James Bond sets out on his first mission as 007. Bond must defeat a private banker funding terrorists in a high-stakes game of poker at Casino Royale, Montenegro.","After earning 00 status licence kill, Secret Agent James Bond sets first mission 007. Bond must defeat private banker funding terrorists high-stakes game poker Casino Royale, Montenegro.",237
The Florida Project,2017,Drama,111 min,7.6,"Set over one summer, the film follows precocious six-year-old Moonee as she courts mischief and adventure with her ragtag playmates and bonds with her rebellious but caring mother, all while living in the shadows of Walt Disney World.",the florida project,The Florida Project,"Set over one summer, the film follows precocious six-year-old Moonee as she courts mischief and adventure with her ragtag playmates and bonds with her rebellious but caring mother, all while living in the shadows of Walt Disney World.","Set over one summer, the film follows precocious six-year-old Moonee as she courts mischief and adventure with her ragtag playmates and bonds with her rebellious but caring mother, all while living in the shadows of Walt Disney World.","Set one summer, film follows precocious six-year-old Moonee courts mischief adventure ragtag playmates bonds rebellious caring mother, living shadows Walt Disney World.",238
Taken,2008,"Action, Thriller",90 min,7.8,"A retired CIA agent travels across Europe and relies on his old skills to save his estranged daughter, who has been kidnapped while on a trip to Paris.",taken,Taken,"A retired CIA agent travels across Europe and relies on his old skills to save his estranged daughter, who has been kidnapped while on a trip to Paris.","A retired CIA agent travels across Europe and relies on his old skills to save his estranged daughter, who has been kidnapped while on a trip to Paris.","A retired CIA agent travels across Europe relies old skills save estranged daughter, kidnapped trip Paris.",239
Mad Max: Fury Road,2015,"Action, Adventure, Sci-Fi",120 min,8.1,"In a post-apocalyptic wasteland, a woman rebels against a tyrannical ruler in search for her homeland with the aid of a group of female prisoners, a psychotic worshiper, and a drifter named Max.",mad max: fury road,Mad Max Fury Road,"In a post-apocalyptic wasteland, a woman rebels against a tyrannical ruler in search for her homeland with the aid of a group of female prisoners, a psychotic worshiper, and a drifter named Max.","In a post-apocalyptic wasteland, a woman rebels against a tyrannical ruler in search for her homeland with the aid of a group of female prisoners, a psychotic worshiper, and a drifter named Max.","In post-apocalyptic wasteland, woman rebels tyrannical ruler search homeland aid group female prisoners, psychotic worshiper, drifter named Max.",240
Forushande,2016,Drama,124 min,7.8,"While both participating in a production of ""Death of a Salesman,"" a teacher's wife is assaulted in her new home, which leaves him determined to find the perpetrator over his wife's traumatized objections.",forushande,Forushande,"While both participating in a production of ""Death of a Salesman,"" a teacher's wife is assaulted in her new home, which leaves him determined to find the perpetrator over his wife's traumatized objections.","While both participating in a production of ""Death of a Salesman,"" a teacher's wife is assaulted in her new home, which leaves him determined to find the perpetrator over his wife's traumatized objections.","While participating production ""Death Salesman,"" teacher's wife assaulted new home, leaves determined find perpetrator wife's traumatized objections.",241
My Cousin Vinny,1992,"Comedy, Crime",120 min,7.6,"Two New Yorkers accused of murder in rural Alabama while on their way back to college call in the help of one of their cousins, a loudmouth lawyer with no trial experience.",my cousin vinny,My Cousin Vinny,"Two New Yorkers accused of murder in rural Alabama while on their way back to college call in the help of one of their cousins, a loudmouth lawyer with no trial experience.","Two New Yorkers accused of murder in rural Alabama while on their way back to college call in the help of one of their cousins, a loudmouth lawyer with no trial experience.","Two New Yorkers accused murder rural Alabama way back college call help one cousins, loudmouth lawyer trial experience.",242
Hana-bi,1997,"Crime, Drama, Romance",103 min,7.8,"Nishi leaves the police in the face of harrowing personal and professional difficulties. Spiraling into depression, he makes questionable decisions.",hana-bi,Hanabi,"Nishi leaves the police in the face of harrowing personal and professional difficulties. Spiraling into depression, he makes questionable decisions.","Nishi leaves the police in the face of harrowing personal and professional difficulties. Spiraling into depression, he makes questionable decisions.","Nishi leaves police face harrowing personal professional difficulties. Spiraling depression, makes questionable decisions.",243
The Lion in Winter,1968,"Biography, Drama, History",134 min,7.9,"1183 A.D.: King Henry II's three sons all want to inherit the throne, but he won't commit to a choice. They and his wife variously plot to force him.",the lion in winter,The Lion in Winter,"1183 A.D.: King Henry II's three sons all want to inherit the throne, but he won't commit to a choice. They and his wife variously plot to force him.","1183 A.D.: King Henry II's three sons all want to inherit the throne, but he won't commit to a choice. They and his wife variously plot to force him.","1183 A.D.: King Henry II's three sons want inherit throne, commit choice. They wife variously plot force him.",244
Rogue One,2016,"Action, Adventure, Sci-Fi",133 min,7.8,The daughter of an Imperial scientist joins the Rebel Alliance in a risky move to steal the plans for the Death Star.,rogue one,Rogue One,The daughter of an Imperial scientist joins the Rebel Alliance in a risky move to steal the plans for the Death Star.,The daughter of an Imperial scientist joins the Rebel Alliance in a risky move to steal the plans for the Death Star.,The daughter Imperial scientist joins Rebel Alliance risky move steal plans Death Star.,245
Tôkyô goddofâzâzu,2003,"Animation, Adventure, Comedy",90 min,7.8,"On Christmas Eve, three homeless people living on the streets of Tokyo discover a newborn baby among the trash and set out to find its parents.",tôkyô goddofâzâzu,Tôkyô goddofâzâzu,"On Christmas Eve, three homeless people living on the streets of Tokyo discover a newborn baby among the trash and set out to find its parents.","On Christmas Eve, three homeless people living on the streets of Tokyo discover a newborn baby among the trash and set out to find its parents.","On Christmas Eve, three homeless people living streets Tokyo discover newborn baby among trash set find parents.",246
The Message,1976,"Biography, Drama, History",177 min,8.2,This epic historical drama chronicles the life and times of Prophet Muhammad and serves as an introduction to early Islamic history.,the message,The Message,This epic historical drama chronicles the life and times of Prophet Muhammad and serves as an introduction to early Islamic history.,This epic historical drama chronicles the life and times of Prophet Muhammad and serves as an introduction to early Islamic history.,This epic historical drama chronicles life times Prophet Muhammad serves introduction early Islamic history.,247
Batman: Mask of the Phantasm,1993,"Animation, Action, Crime",76 min,7.8,Batman is wrongly implicated in a series of murders of mob bosses actually done by a new vigilante assassin.,batman: mask of the phantasm,Batman Mask of the Phantasm,Batman is wrongly implicated in a series of murders of mob bosses actually done by a new vigilante assassin.,Batman is wrongly implicated in a series of murders of mob bosses actually done by a new vigilante assassin.,Batman wrongly implicated series murders mob bosses actually done new vigilante assassin.,248
Glory,1989,"Biography, Drama, History",122 min,7.8,"Robert Gould Shaw leads the U.S. Civil War's first all-black volunteer company, fighting prejudices from both his own Union Army, and the Confederates.",glory,Glory,"Robert Gould Shaw leads the U.S. Civil War's first all-black volunteer company, fighting prejudices from both his own Union Army, and the Confederates.","Robert Gould Shaw leads the U.S. Civil War's first all-black volunteer company, fighting prejudices from both his own Union Army, and the Confederates.","Robert Gould Shaw leads U.S. Civil War's first all-black volunteer company, fighting prejudices Union Army, Confederates.",249
Little Women,2019,"Drama, Romance",135 min,7.8,"Jo March reflects back and forth on her life, telling the beloved story of the March sisters - four young women, each determined to live life on her own terms.",little women,Little Women,"Jo March reflects back and forth on her life, telling the beloved story of the March sisters - four young women, each determined to live life on her own terms.","Jo March reflects back and forth on her life, telling the beloved story of the March sisters - four young women, each determined to live life on her own terms.","Jo March reflects back forth life, telling beloved story March sisters - four young women, determined live life terms.",250
The African Queen,1951,"Adventure, Drama, Romance",105 min,7.7,"In WWI Africa, a gin-swilling riverboat captain is persuaded by a strait-laced missionary to use his boat to attack an enemy warship.",the african queen,The African Queen,"In WWI Africa, a gin-swilling riverboat captain is persuaded by a strait-laced missionary to use his boat to attack an enemy warship.","In WWI Africa, a gin-swilling riverboat captain is persuaded by a strait-laced missionary to use his boat to attack an enemy warship.","In WWI Africa, gin-swilling riverboat captain persuaded strait-laced missionary use boat attack enemy warship.",251
Twelve Monkeys,1995,"Mystery, Sci-Fi, Thriller",129 min,8.0,"In a future world devastated by disease, a convict is sent back in time to gather information about the man-made virus that wiped out most of the human population on the planet.",twelve monkeys,Twelve Monkeys,"In a future world devastated by disease, a convict is sent back in time to gather information about the man-made virus that wiped out most of the human population on the planet.","In a future world devastated by disease, a convict is sent back in time to gather information about the man-made virus that wiped out most of the human population on the planet.","In future world devastated disease, convict sent back time gather information man-made virus wiped human population planet.",252
Eskiya,1996,"Crime, Drama, Thriller",128 min,8.2,"Baran the Bandit, released from prison after 35 years, searches for vengeance and his lover.",eskiya,Eskiya,"Baran the Bandit, released from prison after 35 years, searches for vengeance and his lover.","Baran the Bandit, released from prison after 35 years, searches for vengeance and his lover.","Baran Bandit, released prison 35 years, searches vengeance lover.",253
The Sixth Sense,1999,"Drama, Mystery, Thriller",107 min,8.1,A boy who communicates with spirits seeks the help of a disheartened child psychologist.,the sixth sense,The Sixth Sense,A boy who communicates with spirits seeks the help of a disheartened child psychologist.,A boy who communicates with spirits seeks the help of a disheartened child psychologist.,A boy communicates spirits seeks help disheartened child psychologist.,254
Serenity,2005,"Action, Adventure, Sci-Fi",119 min,7.8,The crew of the ship Serenity try to evade an assassin sent to recapture one of their members who is telepathic.,serenity,Serenity,The crew of the ship Serenity try to evade an assassin sent to recapture one of their members who is telepathic.,The crew of the ship Serenity try to evade an assassin sent to recapture one of their members who is telepathic.,The crew ship Serenity try evade assassin sent recapture one members telepathic.,255
Victoria,2015,"Crime, Drama, Romance",138 min,7.6,A young Spanish woman who has recently moved to Berlin finds her flirtation with a local guy turn potentially deadly as their night out with his friends reveals a dangerous secret.,victoria,Victoria,A young Spanish woman who has recently moved to Berlin finds her flirtation with a local guy turn potentially deadly as their night out with his friends reveals a dangerous secret.,A young Spanish woman who has recently moved to Berlin finds her flirtation with a local guy turn potentially deadly as their night out with his friends reveals a dangerous secret.,A young Spanish woman recently moved Berlin finds flirtation local guy turn potentially deadly night friends reveals dangerous secret.,256
Boyz n the Hood,1991,"Crime, Drama",112 min,7.8,"Follows the lives of three young males living in the Crenshaw ghetto of Los Angeles, dissecting questions of race, relationships, violence, and future prospects.",boyz n the hood,Boyz n the Hood,"Follows the lives of three young males living in the Crenshaw ghetto of Los Angeles, dissecting questions of race, relationships, violence, and future prospects.","Follows the lives of three young males living in the Crenshaw ghetto of Los Angeles, dissecting questions of race, relationships, violence, and future prospects.","Follows lives three young males living Crenshaw ghetto Los Angeles, dissecting questions race, relationships, violence, future prospects.",257
Mou gaan dou,2002,"Action, Crime, Drama",101 min,8.0,"A story between a mole in the police department and an undercover cop. Their objectives are the same: to find out who is the mole, and who is the cop.",mou gaan dou,Mou gaan dou,"A story between a mole in the police department and an undercover cop. Their objectives are the same: to find out who is the mole, and who is the cop.","A story between a mole in the police department and an undercover cop. Their objectives are the same: to find out who is the mole, and who is the cop.","A story mole police department undercover cop. Their objectives same: find mole, cop.",258
Kagemusha,1980,"Drama, History, War",180 min,8.0,A petty thief with an utter resemblance to a samurai warlord is hired as the lord's double. When the warlord later dies the thief is forced to take up arms in his place.,kagemusha,Kagemusha,A petty thief with an utter resemblance to a samurai warlord is hired as the lord's double. When the warlord later dies the thief is forced to take up arms in his place.,A petty thief with an utter resemblance to a samurai warlord is hired as the lord's double. When the warlord later dies the thief is forced to take up arms in his place.,A petty thief utter resemblance samurai warlord hired lord's double. When warlord later dies thief forced take arms place.,259
Apocalypse Now,1979,"Drama, Mystery, War",147 min,8.4,A U.S. Army officer serving in Vietnam is tasked with assassinating a renegade Special Forces Colonel who sees himself as a god.,apocalypse now,Apocalypse Now,A U.S. Army officer serving in Vietnam is tasked with assassinating a renegade Special Forces Colonel who sees himself as a god.,A U.S. Army officer serving in Vietnam is tasked with assassinating a renegade Special Forces Colonel who sees himself as a god.,A U.S. Army officer serving Vietnam tasked assassinating renegade Special Forces Colonel sees god.,260
A Clockwork Orange,1971,"Crime, Drama, Sci-Fi",136 min,8.3,"In the future, a sadistic gang leader is imprisoned and volunteers for a conduct-aversion experiment, but it doesn't go as planned.",a clockwork orange,A Clockwork Orange,"In the future, a sadistic gang leader is imprisoned and volunteers for a conduct-aversion experiment, but it doesn't go as planned.","In the future, a sadistic gang leader is imprisoned and volunteers for a conduct-aversion experiment, but it doesn't go as planned.","In future, sadistic gang leader imprisoned volunteers conduct-aversion experiment, go planned.",261
Moonrise Kingdom,2012,"Comedy, Drama, Romance",94 min,7.8,"A pair of young lovers flee their New England town, which causes a local search party to fan out to find them.",moonrise kingdom,Moonrise Kingdom,"A pair of young lovers flee their New England town, which causes a local search party to fan out to find them.","A pair of young lovers flee their New England town, which causes a local search party to fan out to find them.","A pair young lovers flee New England town, causes local search party fan find them.",262
Lost Highway,1997,"Mystery, Thriller",134 min,7.6,"Anonymous videotapes presage a musician's murder conviction, and a gangster's girlfriend leads a mechanic astray.",lost highway,Lost Highway,"Anonymous videotapes presage a musician's murder conviction, and a gangster's girlfriend leads a mechanic astray.","Anonymous videotapes presage a musician's murder conviction, and a gangster's girlfriend leads a mechanic astray.","Anonymous videotapes presage musician's murder conviction, gangster's girlfriend leads mechanic astray.",263
Knockin' on Heaven's Door,1997,"Action, Crime, Comedy",87 min,8.0,"Two terminally ill patients escape from a hospital, steal a car and rush towards the sea.",knockin' on heaven's door,Knockin on Heavens Door,"Two terminally ill patients escape from a hospital, steal a car and rush towards the sea.","Two terminally ill patients escape from a hospital, steal a car and rush towards the sea.","Two terminally ill patients escape hospital, steal car rush towards sea.",264
Full Metal Jacket,1987,"Drama, War",116 min,8.3,A pragmatic U.S. Marine observes the dehumanizing effects the Vietnam War has on his fellow recruits from their brutal boot camp training to the bloody street fighting in Hue.,full metal jacket,Full Metal Jacket,A pragmatic U.S. Marine observes the dehumanizing effects the Vietnam War has on his fellow recruits from their brutal boot camp training to the bloody street fighting in Hue.,A pragmatic U.S. Marine observes the dehumanizing effects the Vietnam War has on his fellow recruits from their brutal boot camp training to the bloody street fighting in Hue.,A pragmatic U.S. Marine observes dehumanizing effects Vietnam War fellow recruits brutal boot camp training bloody street fighting Hue.,265
2001: A Space Odyssey,1968,"Adventure, Sci-Fi",149 min,8.3,"After discovering a mysterious artifact buried beneath the Lunar surface, mankind sets off on a quest to find its origins with help from intelligent supercomputer H.A.L. 9000.",2001: a space odyssey,2001 A Space Odyssey,"After discovering a mysterious artifact buried beneath the Lunar surface, mankind sets off on a quest to find its origins with help from intelligent supercomputer H.A.L. 9000.","After discovering a mysterious artifact buried beneath the Lunar surface, mankind sets off on a quest to find its origins with help from intelligent supercomputer H.A.L. 9000.","After discovering mysterious artifact buried beneath Lunar surface, mankind sets quest find origins help intelligent supercomputer H.A.L. 9000.",266
Young Frankenstein,1974,Comedy,106 min,8.0,"An American grandson of the infamous scientist, struggling to prove that his grandfather was not as insane as people believe, is invited to Transylvania, where he discovers the process that reanimates a dead body.",young frankenstein,Young Frankenstein,"An American grandson of the infamous scientist, struggling to prove that his grandfather was not as insane as people believe, is invited to Transylvania, where he discovers the process that reanimates a dead body.","An American grandson of the infamous scientist, struggling to prove that his grandfather was not as insane as people believe, is invited to Transylvania, where he discovers the process that reanimates a dead body.","An American grandson infamous scientist, struggling prove grandfather insane people believe, invited Transylvania, discovers process reanimates dead body.",267
My Left Foot: The Story of Christy Brown,1989,"Biography, Drama",103 min,7.9,"Christy Brown, born with cerebral palsy, learns to paint and write with his only controllable limb - his left foot.",my left foot: the story of christy brown,My Left Foot The Story of Christy Brown,"Christy Brown, born with cerebral palsy, learns to paint and write with his only controllable limb - his left foot.","Christy Brown, born with cerebral palsy, learns to paint and write with his only controllable limb - his left foot.","Christy Brown, born cerebral palsy, learns paint write controllable limb - left foot.",268
The Grapes of Wrath,1940,"Drama, History",129 min,8.0,"A poor Midwest family is forced off their land. They travel to California, suffering the misfortunes of the homeless in the Great Depression.",the grapes of wrath,The Grapes of Wrath,"A poor Midwest family is forced off their land. They travel to California, suffering the misfortunes of the homeless in the Great Depression.","A poor Midwest family is forced off their land. They travel to California, suffering the misfortunes of the homeless in the Great Depression.","A poor Midwest family forced land. They travel California, suffering misfortunes homeless Great Depression.",269
Tenkû no shiro Rapyuta,1986,"Animation, Adventure, Drama",125 min,8.0,A young boy and a girl with a magic crystal must race against pirates and foreign agents in a search for a legendary floating castle.,tenkû no shiro rapyuta,Tenkû no shiro Rapyuta,A young boy and a girl with a magic crystal must race against pirates and foreign agents in a search for a legendary floating castle.,A young boy and a girl with a magic crystal must race against pirates and foreign agents in a search for a legendary floating castle.,A young boy girl magic crystal must race pirates foreign agents search legendary floating castle.,270
Babam ve Oglum,2005,"Drama, Family",112 min,8.3,The family of a left-wing journalist is torn apart after the military coup of Turkey in 1980.,babam ve oglum,Babam ve Oglum,The family of a left-wing journalist is torn apart after the military coup of Turkey in 1980.,The family of a left-wing journalist is torn apart after the military coup of Turkey in 1980.,The family left-wing journalist torn apart military coup Turkey 1980.,271
Watchmen,2009,"Action, Drama, Mystery",162 min,7.6,"In 1985 where former superheroes exist, the murder of a colleague sends active vigilante Rorschach into his own sprawling investigation, uncovering something that could completely change the course of history as we know it.",watchmen,Watchmen,"In 1985 where former superheroes exist, the murder of a colleague sends active vigilante Rorschach into his own sprawling investigation, uncovering something that could completely change the course of history as we know it.","In 1985 where former superheroes exist, the murder of a colleague sends active vigilante Rorschach into his own sprawling investigation, uncovering something that could completely change the course of history as we know it.","In 1985 former superheroes exist, murder colleague sends active vigilante Rorschach sprawling investigation, uncovering something could completely change course history know it.",272
Jodaeiye Nader az Simin,2011,Drama,123 min,8.3,A married couple are faced with a difficult decision - to improve the life of their child by moving to another country or to stay in Iran and look after a deteriorating parent who has Alzheimer's disease.,jodaeiye nader az simin,Jodaeiye Nader az Simin,A married couple are faced with a difficult decision - to improve the life of their child by moving to another country or to stay in Iran and look after a deteriorating parent who has Alzheimer's disease.,A married couple are faced with a difficult decision - to improve the life of their child by moving to another country or to stay in Iran and look after a deteriorating parent who has Alzheimer's disease.,A married couple faced difficult decision - improve life child moving another country stay Iran look deteriorating parent Alzheimer's disease.,273
Short Term 12,2013,Drama,96 min,8.0,A 20-something supervising staff member of a residential treatment facility navigates the troubled waters of that world alongside her co-worker and longtime boyfriend.,short term 12,Short Term 12,A 20-something supervising staff member of a residential treatment facility navigates the troubled waters of that world alongside her co-worker and longtime boyfriend.,A 20-something supervising staff member of a residential treatment facility navigates the troubled waters of that world alongside her co-worker and longtime boyfriend.,A 20-something supervising staff member residential treatment facility navigates troubled waters world alongside co-worker longtime boyfriend.,274
Close Encounters of the Third Kind,1977,"Drama, Sci-Fi",138 min,7.6,"Roy Neary, an electric lineman, watches how his quiet and ordinary daily life turns upside down after a close encounter with a UFO.",close encounters of the third kind,Close Encounters of the Third Kind,"Roy Neary, an electric lineman, watches how his quiet and ordinary daily life turns upside down after a close encounter with a UFO.","Roy Neary, an electric lineman, watches how his quiet and ordinary daily life turns upside down after a close encounter with a UFO.","Roy Neary, electric lineman, watches quiet ordinary daily life turns upside close encounter UFO.",275
Inside Man,2006,"Crime, Drama, Mystery",129 min,7.6,"A police detective, a bank robber, and a high-power broker enter high-stakes negotiations after the criminal's brilliant heist spirals into a hostage situation.",inside man,Inside Man,"A police detective, a bank robber, and a high-power broker enter high-stakes negotiations after the criminal's brilliant heist spirals into a hostage situation.","A police detective, a bank robber, and a high-power broker enter high-stakes negotiations after the criminal's brilliant heist spirals into a hostage situation.","A police detective, bank robber, high-power broker enter high-stakes negotiations criminal's brilliant heist spirals hostage situation.",276
"Synecdoche, New York",2008,Drama,124 min,7.6,"A theatre director struggles with his work, and the women in his life, as he creates a life-size replica of New York City inside a warehouse as part of his new play.","synecdoche, new york",Synecdoche New York,"A theatre director struggles with his work, and the women in his life, as he creates a life-size replica of New York City inside a warehouse as part of his new play.","A theatre director struggles with his work, and the women in his life, as he creates a life-size replica of New York City inside a warehouse as part of his new play.","A theatre director struggles work, women life, creates life-size replica New York City inside warehouse part new play.",277
Ajeossi,2010,"Action, Crime, Drama",119 min,7.8,A quiet pawnshop keeper with a violent past takes on a drug-and-organ trafficking ring in hope of saving the child who is his only friend.,ajeossi,Ajeossi,A quiet pawnshop keeper with a violent past takes on a drug-and-organ trafficking ring in hope of saving the child who is his only friend.,A quiet pawnshop keeper with a violent past takes on a drug-and-organ trafficking ring in hope of saving the child who is his only friend.,A quiet pawnshop keeper violent past takes drug-and-organ trafficking ring hope saving child friend.,278
About Time,2013,"Comedy, Drama, Fantasy",123 min,7.8,"At the age of 21, Tim discovers he can travel in time and change what happens and has happened in his own life. His decision to make his world a better place by getting a girlfriend turns out not to be as easy as you might think.",about time,About Time,"At the age of 21, Tim discovers he can travel in time and change what happens and has happened in his own life. His decision to make his world a better place by getting a girlfriend turns out not to be as easy as you might think.","At the age of 21, Tim discovers he can travel in time and change what happens and has happened in his own life. His decision to make his world a better place by getting a girlfriend turns out not to be as easy as you might think.","At age 21, Tim discovers travel time change happens happened life. His decision make world better place getting girlfriend turns easy might think.",279
Män som hatar kvinnor,2009,"Crime, Drama, Mystery",152 min,7.8,A journalist is aided by a young female hacker in his search for the killer of a woman who has been dead for forty years.,män som hatar kvinnor,Män som hatar kvinnor,A journalist is aided by a young female hacker in his search for the killer of a woman who has been dead for forty years.,A journalist is aided by a young female hacker in his search for the killer of a woman who has been dead for forty years.,A journalist aided young female hacker search killer woman dead forty years.,280
Eternal Sunshine of the Spotless Mind,2004,"Drama, Romance, Sci-Fi",108 min,8.3,"When their relationship turns sour, a couple undergoes a medical procedure to have each other erased from their memories.",eternal sunshine of the spotless mind,Eternal Sunshine of the Spotless Mind,"When their relationship turns sour, a couple undergoes a medical procedure to have each other erased from their memories.","When their relationship turns sour, a couple undergoes a medical procedure to have each other erased from their memories.","When relationship turns sour, couple undergoes medical procedure erased memories.",281
Forrest Gump,1994,"Drama, Romance",142 min,8.8,"The presidencies of Kennedy and Johnson, the events of Vietnam, Watergate and other historical events unfold through the perspective of an Alabama man with an IQ of 75, whose only desire is to be reunited with his childhood sweetheart.",forrest gump,Forrest Gump,"The presidencies of Kennedy and Johnson, the events of Vietnam, Watergate and other historical events unfold through the perspective of an Alabama man with an IQ of 75, whose only desire is to be reunited with his childhood sweetheart.","The presidencies of Kennedy and Johnson, the events of Vietnam, Watergate and other historical events unfold through the perspective of an Alabama man with an IQ of 75, whose only desire is to be reunited with his childhood sweetheart.","The presidencies Kennedy Johnson, events Vietnam, Watergate historical events unfold perspective Alabama man IQ 75, whose desire reunited childhood sweetheart.",282
Groundhog Day,1993,"Comedy, Fantasy, Romance",101 min,8.0,A weatherman finds himself inexplicably living the same day over and over again.,groundhog day,Groundhog Day,A weatherman finds himself inexplicably living the same day over and over again.,A weatherman finds himself inexplicably living the same day over and over again.,A weatherman finds inexplicably living day again.,283
Manhattan,1979,"Comedy, Drama, Romance",96 min,7.9,The life of a divorced television writer dating a teenage girl is further complicated when he falls in love with his best friend's mistress.,manhattan,Manhattan,The life of a divorced television writer dating a teenage girl is further complicated when he falls in love with his best friend's mistress.,The life of a divorced television writer dating a teenage girl is further complicated when he falls in love with his best friend's mistress.,The life divorced television writer dating teenage girl complicated falls love best friend's mistress.,284
The Lion King,1994,"Animation, Adventure, Drama",88 min,8.5,"Lion prince Simba and his father are targeted by his bitter uncle, who wants to ascend the throne himself.",the lion king,The Lion King,"Lion prince Simba and his father are targeted by his bitter uncle, who wants to ascend the throne himself.","Lion prince Simba and his father are targeted by his bitter uncle, who wants to ascend the throne himself.","Lion prince Simba father targeted bitter uncle, wants ascend throne himself.",285
Léon,1994,"Action, Crime, Drama",110 min,8.5,"Mathilda, a 12-year-old girl, is reluctantly taken in by Léon, a professional assassin, after her family is murdered. An unusual relationship forms as she becomes his protégée and learns the assassin's trade.",léon,Léon,"Mathilda, a 12-year-old girl, is reluctantly taken in by Léon, a professional assassin, after her family is murdered. An unusual relationship forms as she becomes his protégée and learns the assassin's trade.","Mathilda, a 12-year-old girl, is reluctantly taken in by Léon, a professional assassin, after her family is murdered. An unusual relationship forms as she becomes his protégée and learns the assassin's trade.","Mathilda, 12-year-old girl, reluctantly taken Léon, professional assassin, family murdered. An unusual relationship forms becomes protégée learns assassin's trade.",286
The Martian,2015,"Adventure, Drama, Sci-Fi",144 min,8.0,"An astronaut becomes stranded on Mars after his team assume him dead, and must rely on his ingenuity to find a way to signal to Earth that he is alive.",the martian,The Martian,"An astronaut becomes stranded on Mars after his team assume him dead, and must rely on his ingenuity to find a way to signal to Earth that he is alive.","An astronaut becomes stranded on Mars after his team assume him dead, and must rely on his ingenuity to find a way to signal to Earth that he is alive.","An astronaut becomes stranded Mars team assume dead, must rely ingenuity find way signal Earth alive.",287
Unforgiven,1992,"Drama, Western",130 min,8.2,"Retired Old West gunslinger William Munny reluctantly takes on one last job, with the help of his old partner Ned Logan and a young man, The ""Schofield Kid.""",unforgiven,Unforgiven,"Retired Old West gunslinger William Munny reluctantly takes on one last job, with the help of his old partner Ned Logan and a young man, The ""Schofield Kid.""","Retired Old West gunslinger William Munny reluctantly takes on one last job, with the help of his old partner Ned Logan and a young man, The ""Schofield Kid.""","Retired Old West gunslinger William Munny reluctantly takes one last job, help old partner Ned Logan young man, The ""Schofield Kid.""",288
The Fall,2006,"Adventure, Drama, Fantasy",117 min,7.9,"In a hospital on the outskirts of 1920s Los Angeles, an injured stuntman begins to tell a fellow patient, a little girl with a broken arm, a fantastic story of five mythical heroes. Thanks to his fractured state of mind and her vivid imagination, the line between fiction and reality blurs as the tale advances.",the fall,The Fall,"In a hospital on the outskirts of 1920s Los Angeles, an injured stuntman begins to tell a fellow patient, a little girl with a broken arm, a fantastic story of five mythical heroes. Thanks to his fractured state of mind and her vivid imagination, the line between fiction and reality blurs as the tale advances.","In a hospital on the outskirts of 1920s Los Angeles, an injured stuntman begins to tell a fellow patient, a little girl with a broken arm, a fantastic story of five mythical heroes. Thanks to his fractured state of mind and her vivid imagination, the line between fiction and reality blurs as the tale advances.","In hospital outskirts 1920s Los Angeles, injured stuntman begins tell fellow patient, little girl broken arm, fantastic story five mythical heroes. Thanks fractured state mind vivid imagination, line fiction reality blurs tale advances.",289
The Invisible Man,1933,"Horror, Sci-Fi",71 min,7.7,"A scientist finds a way of becoming invisible, but in doing so, he becomes murderously insane.",the invisible man,The Invisible Man,"A scientist finds a way of becoming invisible, but in doing so, he becomes murderously insane.","A scientist finds a way of becoming invisible, but in doing so, he becomes murderously insane.","A scientist finds way becoming invisible, so, becomes murderously insane.",290
La migliore offerta,2013,"Crime, Drama, Mystery",131 min,7.8,A lonely art expert working for a mysterious and reclusive heiress finds not only her art worth examining.,la migliore offerta,La migliore offerta,A lonely art expert working for a mysterious and reclusive heiress finds not only her art worth examining.,A lonely art expert working for a mysterious and reclusive heiress finds not only her art worth examining.,A lonely art expert working mysterious reclusive heiress finds art worth examining.,291
Gake no ue no Ponyo,2008,"Animation, Adventure, Comedy",101 min,7.7,"A five-year-old boy develops a relationship with Ponyo, a young goldfish princess who longs to become a human after falling in love with him.",gake no ue no ponyo,Gake no ue no Ponyo,"A five-year-old boy develops a relationship with Ponyo, a young goldfish princess who longs to become a human after falling in love with him.","A five-year-old boy develops a relationship with Ponyo, a young goldfish princess who longs to become a human after falling in love with him.","A five-year-old boy develops relationship Ponyo, young goldfish princess longs become human falling love him.",292
Bacheha-Ye aseman,1997,"Drama, Family, Sport",89 min,8.3,"After a boy loses his sister's pair of shoes, he goes on a series of adventures in order to find them. When he can't, he tries a new way to ""win"" a new pair.",bacheha-ye aseman,BachehaYe aseman,"After a boy loses his sister's pair of shoes, he goes on a series of adventures in order to find them. When he can't, he tries a new way to ""win"" a new pair.","After a boy loses his sister's pair of shoes, he goes on a series of adventures in order to find them. When he can't, he tries a new way to ""win"" a new pair.","After boy loses sister's pair shoes, goes series adventures order find them. When can't, tries new way ""win"" new pair.",293
Planet of the Apes,1968,"Adventure, Sci-Fi",112 min,8.0,"An astronaut crew crash-lands on a planet in the distant future where intelligent talking apes are the dominant species, and humans are the oppressed and enslaved.",planet of the apes,Planet of the Apes,"An astronaut crew crash-lands on a planet in the distant future where intelligent talking apes are the dominant species, and humans are the oppressed and enslaved.","An astronaut crew crash-lands on a planet in the distant future where intelligent talking apes are the dominant species, and humans are the oppressed and enslaved.","An astronaut crew crash-lands planet distant future intelligent talking apes dominant species, humans oppressed enslaved.",294
Monty Python and the Holy Grail,1975,"Adventure, Comedy, Fantasy",91 min,8.2,"King Arthur and his Knights of the Round Table embark on a surreal, low-budget search for the Holy Grail, encountering many, very silly obstacles.",monty python and the holy grail,Monty Python and the Holy Grail,"King Arthur and his Knights of the Round Table embark on a surreal, low-budget search for the Holy Grail, encountering many, very silly obstacles.","King Arthur and his Knights of the Round Table embark on a surreal, low-budget search for the Holy Grail, encountering many, very silly obstacles.","King Arthur Knights Round Table embark surreal, low-budget search Holy Grail, encountering many, silly obstacles.",295
Les diaboliques,1955,"Crime, Drama, Horror",117 min,8.0,The wife and mistress of a loathed school principal plan to murder him with what they believe is the perfect alibi.,les diaboliques,Les diaboliques,The wife and mistress of a loathed school principal plan to murder him with what they believe is the perfect alibi.,The wife and mistress of a loathed school principal plan to murder him with what they believe is the perfect alibi.,The wife mistress loathed school principal plan murder believe perfect alibi.,296
Dog Day Afternoon,1975,"Biography, Crime, Drama",125 min,8.0,"Three amateur bank robbers plan to hold up a bank. A nice simple robbery: Walk in, take the money, and run. Unfortunately, the supposedly uncomplicated heist suddenly becomes a bizarre nightmare as everything that could go wrong does.",dog day afternoon,Dog Day Afternoon,"Three amateur bank robbers plan to hold up a bank. A nice simple robbery: Walk in, take the money, and run. Unfortunately, the supposedly uncomplicated heist suddenly becomes a bizarre nightmare as everything that could go wrong does.","Three amateur bank robbers plan to hold up a bank. A nice simple robbery: Walk in, take the money, and run. Unfortunately, the supposedly uncomplicated heist suddenly becomes a bizarre nightmare as everything that could go wrong does.","Three amateur bank robbers plan hold bank. A nice simple robbery: Walk in, take money, run. Unfortunately, supposedly uncomplicated heist suddenly becomes bizarre nightmare everything could go wrong does.",297
Sabrina,1954,"Comedy, Drama, Romance",113 min,7.7,"A playboy becomes interested in the daughter of his family's chauffeur, but it's his more serious brother who would be the better man for her.",sabrina,Sabrina,"A playboy becomes interested in the daughter of his family's chauffeur, but it's his more serious brother who would be the better man for her.","A playboy becomes interested in the daughter of his family's chauffeur, but it's his more serious brother who would be the better man for her.","A playboy becomes interested daughter family's chauffeur, serious brother would better man her.",298
Just Mercy,2019,"Biography, Crime, Drama",137 min,7.6,World-renowned civil rights defense attorney Bryan Stevenson works to free a wrongly condemned death row prisoner.,just mercy,Just Mercy,World-renowned civil rights defense attorney Bryan Stevenson works to free a wrongly condemned death row prisoner.,World-renowned civil rights defense attorney Bryan Stevenson works to free a wrongly condemned death row prisoner.,World-renowned civil rights defense attorney Bryan Stevenson works free wrongly condemned death row prisoner.,299
Down by Law,1986,"Comedy, Crime, Drama",107 min,7.8,"Two men are framed and sent to jail, where they meet a murderer who helps them escape and leave the state.",down by law,Down by Law,"Two men are framed and sent to jail, where they meet a murderer who helps them escape and leave the state.","Two men are framed and sent to jail, where they meet a murderer who helps them escape and leave the state.","Two men framed sent jail, meet murderer helps escape leave state.",300
Sholay,1975,"Action, Adventure, Comedy",204 min,8.2,"After his family is murdered by a notorious and ruthless bandit, a former police officer enlists the services of two outlaws to capture the bandit.",sholay,Sholay,"After his family is murdered by a notorious and ruthless bandit, a former police officer enlists the services of two outlaws to capture the bandit.","After his family is murdered by a notorious and ruthless bandit, a former police officer enlists the services of two outlaws to capture the bandit.","After family murdered notorious ruthless bandit, former police officer enlists services two outlaws capture bandit.",301
The Nightmare Before Christmas,1993,"Animation, Family, Fantasy",76 min,8.0,"Jack Skellington, king of Halloween Town, discovers Christmas Town, but his attempts to bring Christmas to his home causes confusion.",the nightmare before christmas,The Nightmare Before Christmas,"Jack Skellington, king of Halloween Town, discovers Christmas Town, but his attempts to bring Christmas to his home causes confusion.","Jack Skellington, king of Halloween Town, discovers Christmas Town, but his attempts to bring Christmas to his home causes confusion.","Jack Skellington, king Halloween Town, discovers Christmas Town, attempts bring Christmas home causes confusion.",302
La piel que habito,2011,"Drama, Horror, Thriller",120 min,7.6,"A brilliant plastic surgeon, haunted by past tragedies, creates a type of synthetic skin that withstands any kind of damage. His guinea pig: a mysterious and volatile woman who holds the key to his obsession.",la piel que habito,La piel que habito,"A brilliant plastic surgeon, haunted by past tragedies, creates a type of synthetic skin that withstands any kind of damage. His guinea pig: a mysterious and volatile woman who holds the key to his obsession.","A brilliant plastic surgeon, haunted by past tragedies, creates a type of synthetic skin that withstands any kind of damage. His guinea pig: a mysterious and volatile woman who holds the key to his obsession.","A brilliant plastic surgeon, haunted past tragedies, creates type synthetic skin withstands kind damage. His guinea pig: mysterious volatile woman holds key obsession.",303
Billy Elliot,2000,"Drama, Music",110 min,7.7,A talented young boy becomes torn between his unexpected love of dance and the disintegration of his family.,billy elliot,Billy Elliot,A talented young boy becomes torn between his unexpected love of dance and the disintegration of his family.,A talented young boy becomes torn between his unexpected love of dance and the disintegration of his family.,A talented young boy becomes torn unexpected love dance disintegration family.,304
Sleepers,1996,"Crime, Drama, Thriller",147 min,7.6,"After a prank goes disastrously wrong, a group of boys are sent to a detention center where they are brutalized. Thirteen years later, an unexpected random encounter with a former guard gives them a chance for revenge.",sleepers,Sleepers,"After a prank goes disastrously wrong, a group of boys are sent to a detention center where they are brutalized. Thirteen years later, an unexpected random encounter with a former guard gives them a chance for revenge.","After a prank goes disastrously wrong, a group of boys are sent to a detention center where they are brutalized. Thirteen years later, an unexpected random encounter with a former guard gives them a chance for revenge.","After prank goes disastrously wrong, group boys sent detention center brutalized. Thirteen years later, unexpected random encounter former guard gives chance revenge.",305
The Killing Fields,1984,"Biography, Drama, History",141 min,7.8,"A journalist is trapped in Cambodia during tyrant Pol Pot's bloody 'Year Zero' cleansing campaign, which claimed the lives of two million 'undesirable' civilians.",the killing fields,The Killing Fields,"A journalist is trapped in Cambodia during tyrant Pol Pot's bloody 'Year Zero' cleansing campaign, which claimed the lives of two million 'undesirable' civilians.","A journalist is trapped in Cambodia during tyrant Pol Pot's bloody 'Year Zero' cleansing campaign, which claimed the lives of two million 'undesirable' civilians.","A journalist trapped Cambodia tyrant Pol Pot's bloody 'Year Zero' cleansing campaign, claimed lives two million 'undesirable' civilians.",306
Magnolia,1999,Drama,188 min,8.0,"An epic mosaic of interrelated characters in search of love, forgiveness, and meaning in the San Fernando Valley.",magnolia,Magnolia,"An epic mosaic of interrelated characters in search of love, forgiveness, and meaning in the San Fernando Valley.","An epic mosaic of interrelated characters in search of love, forgiveness, and meaning in the San Fernando Valley.","An epic mosaic interrelated characters search love, forgiveness, meaning San Fernando Valley.",307
Mulan,1998,"Animation, Adventure, Family",88 min,7.6,"To save her father from death in the army, a young maiden secretly goes in his place and becomes one of China's greatest heroines in the process.",mulan,Mulan,"To save her father from death in the army, a young maiden secretly goes in his place and becomes one of China's greatest heroines in the process.","To save her father from death in the army, a young maiden secretly goes in his place and becomes one of China's greatest heroines in the process.","To save father death army, young maiden secretly goes place becomes one China's greatest heroines process.",308
Skyfall,2012,"Action, Adventure, Thriller",143 min,7.7,"James Bond's loyalty to M is tested when her past comes back to haunt her. When MI6 comes under attack, 007 must track down and destroy the threat, no matter how personal the cost.",skyfall,Skyfall,"James Bond's loyalty to M is tested when her past comes back to haunt her. When MI6 comes under attack, 007 must track down and destroy the threat, no matter how personal the cost.","James Bond's loyalty to M is tested when her past comes back to haunt her. When MI6 comes under attack, 007 must track down and destroy the threat, no matter how personal the cost.","James Bond's loyalty M tested past comes back haunt her. When MI6 comes attack, 007 must track destroy threat, matter personal cost.",309
La haine,1995,"Crime, Drama",98 min,8.1,24 hours in the lives of three young men in the French suburbs the day after a violent riot.,la haine,La haine,24 hours in the lives of three young men in the French suburbs the day after a violent riot.,24 hours in the lives of three young men in the French suburbs the day after a violent riot.,24 hours lives three young men French suburbs day violent riot.,310
Amarcord,1973,"Comedy, Drama, Family",123 min,7.9,A series of comedic and nostalgic vignettes set in a 1930s Italian coastal town.,amarcord,Amarcord,A series of comedic and nostalgic vignettes set in a 1930s Italian coastal town.,A series of comedic and nostalgic vignettes set in a 1930s Italian coastal town.,A series comedic nostalgic vignettes set 1930s Italian coastal town.,311
Special Chabbis,2013,"Crime, Drama, Thriller",144 min,8.0,A gang of con-men rob prominent rich businessmen and politicians by posing as C.B.I and income tax officers.,special chabbis,Special Chabbis,A gang of con-men rob prominent rich businessmen and politicians by posing as C.B.I and income tax officers.,A gang of con-men rob prominent rich businessmen and politicians by posing as C.B.I and income tax officers.,A gang con-men rob prominent rich businessmen politicians posing C.B.I income tax officers.,312
Goodfellas,1990,"Biography, Crime, Drama",146 min,8.7,"The story of Henry Hill and his life in the mob, covering his relationship with his wife Karen Hill and his mob partners Jimmy Conway and Tommy DeVito in the Italian-American crime syndicate.",goodfellas,Goodfellas,"The story of Henry Hill and his life in the mob, covering his relationship with his wife Karen Hill and his mob partners Jimmy Conway and Tommy DeVito in the Italian-American crime syndicate.","The story of Henry Hill and his life in the mob, covering his relationship with his wife Karen Hill and his mob partners Jimmy Conway and Tommy DeVito in the Italian-American crime syndicate.","The story Henry Hill life mob, covering relationship wife Karen Hill mob partners Jimmy Conway Tommy DeVito Italian-American crime syndicate.",313
Airlift,2016,"Drama, History",130 min,8.0,"When Iraq invades Kuwait in August 1990, a callous Indian businessman becomes the spokesperson for more than 170,000 stranded countrymen.",airlift,Airlift,"When Iraq invades Kuwait in August 1990, a callous Indian businessman becomes the spokesperson for more than 170,000 stranded countrymen.","When Iraq invades Kuwait in August 1990, a callous Indian businessman becomes the spokesperson for more than 170,000 stranded countrymen.","When Iraq invades Kuwait August 1990, callous Indian businessman becomes spokesperson 170,000 stranded countrymen.",314
Papurika,2006,"Animation, Drama, Fantasy",90 min,7.7,"When a machine that allows therapists to enter their patients' dreams is stolen, all Hell breaks loose. Only a young female therapist, Paprika, can stop it.",papurika,Papurika,"When a machine that allows therapists to enter their patients' dreams is stolen, all Hell breaks loose. Only a young female therapist, Paprika, can stop it.","When a machine that allows therapists to enter their patients' dreams is stolen, all Hell breaks loose. Only a young female therapist, Paprika, can stop it.","When machine allows therapists enter patients' dreams stolen, Hell breaks loose. Only young female therapist, Paprika, stop it.",315
Prisoners,2013,"Crime, Drama, Mystery",153 min,8.1,"When Keller Dover's daughter and her friend go missing, he takes matters into his own hands as the police pursue multiple leads and the pressure mounts.",prisoners,Prisoners,"When Keller Dover's daughter and her friend go missing, he takes matters into his own hands as the police pursue multiple leads and the pressure mounts.","When Keller Dover's daughter and her friend go missing, he takes matters into his own hands as the police pursue multiple leads and the pressure mounts.","When Keller Dover's daughter friend go missing, takes matters hands police pursue multiple leads pressure mounts.",316
The Great Escape,1963,"Adventure, Drama, History",172 min,8.2,Allied prisoners of war plan for several hundred of their number to escape from a German camp during World War II.,the great escape,The Great Escape,Allied prisoners of war plan for several hundred of their number to escape from a German camp during World War II.,Allied prisoners of war plan for several hundred of their number to escape from a German camp during World War II.,Allied prisoners war plan several hundred number escape German camp World War II.,317
The Warriors,1979,"Action, Crime, Thriller",92 min,7.6,"In the near future, a charismatic leader summons the street gangs of New York City in a bid to take it over. When he is killed, The Warriors are falsely blamed and now must fight their way home while every other gang is hunting them down.",the warriors,The Warriors,"In the near future, a charismatic leader summons the street gangs of New York City in a bid to take it over. When he is killed, The Warriors are falsely blamed and now must fight their way home while every other gang is hunting them down.","In the near future, a charismatic leader summons the street gangs of New York City in a bid to take it over. When he is killed, The Warriors are falsely blamed and now must fight their way home while every other gang is hunting them down.","In near future, charismatic leader summons street gangs New York City bid take over. When killed, The Warriors falsely blamed must fight way home every gang hunting down.",318
Cidade de Deus,2002,"Crime, Drama",130 min,8.6,"In the slums of Rio, two kids' paths diverge as one struggles to become a photographer and the other a kingpin.",cidade de deus,Cidade de Deus,"In the slums of Rio, two kids' paths diverge as one struggles to become a photographer and the other a kingpin.","In the slums of Rio, two kids' paths diverge as one struggles to become a photographer and the other a kingpin.","In slums Rio, two kids' paths diverge one struggles become photographer kingpin.",319
Tropa de Elite,2007,"Action, Crime, Drama",115 min,8.0,"In 1997 Rio de Janeiro, Captain Nascimento has to find a substitute for his position while trying to take down drug dealers and criminals before the Pope visits.",tropa de elite,Tropa de Elite,"In 1997 Rio de Janeiro, Captain Nascimento has to find a substitute for his position while trying to take down drug dealers and criminals before the Pope visits.","In 1997 Rio de Janeiro, Captain Nascimento has to find a substitute for his position while trying to take down drug dealers and criminals before the Pope visits.","In 1997 Rio de Janeiro, Captain Nascimento find substitute position trying take drug dealers criminals Pope visits.",320
Lat sau san taam,1992,"Action, Crime, Thriller",128 min,7.8,A tough-as-nails cop teams up with an undercover agent to shut down a sinister mobster and his crew.,lat sau san taam,Lat sau san taam,A tough-as-nails cop teams up with an undercover agent to shut down a sinister mobster and his crew.,A tough-as-nails cop teams up with an undercover agent to shut down a sinister mobster and his crew.,A tough-as-nails cop teams undercover agent shut sinister mobster crew.,321
Goldfinger,1964,"Action, Adventure, Thriller",110 min,7.7,"While investigating a gold magnate's smuggling, James Bond uncovers a plot to contaminate the Fort Knox gold reserve.",goldfinger,Goldfinger,"While investigating a gold magnate's smuggling, James Bond uncovers a plot to contaminate the Fort Knox gold reserve.","While investigating a gold magnate's smuggling, James Bond uncovers a plot to contaminate the Fort Knox gold reserve.","While investigating gold magnate's smuggling, James Bond uncovers plot contaminate Fort Knox gold reserve.",322
Blade Runner 2049,2017,"Action, Drama, Mystery",164 min,8.0,"Young Blade Runner K's discovery of a long-buried secret leads him to track down former Blade Runner Rick Deckard, who's been missing for thirty years.",blade runner 2049,Blade Runner 2049,"Young Blade Runner K's discovery of a long-buried secret leads him to track down former Blade Runner Rick Deckard, who's been missing for thirty years.","Young Blade Runner K's discovery of a long-buried secret leads him to track down former Blade Runner Rick Deckard, who's been missing for thirty years.","Young Blade Runner K's discovery long-buried secret leads track former Blade Runner Rick Deckard, who's missing thirty years.",323
Per un pugno di dollari,1964,"Action, Drama, Western",99 min,8.0,"A wandering gunfighter plays two rival families against each other in a town torn apart by greed, pride, and revenge.",per un pugno di dollari,Per un pugno di dollari,"A wandering gunfighter plays two rival families against each other in a town torn apart by greed, pride, and revenge.","A wandering gunfighter plays two rival families against each other in a town torn apart by greed, pride, and revenge.","A wandering gunfighter plays two rival families town torn apart greed, pride, revenge.",324
Hiroshima mon amour,1959,"Drama, Romance",90 min,7.9,A French actress filming an anti-war film in Hiroshima has an affair with a married Japanese architect as they share their differing perspectives on war.,hiroshima mon amour,Hiroshima mon amour,A French actress filming an anti-war film in Hiroshima has an affair with a married Japanese architect as they share their differing perspectives on war.,A French actress filming an anti-war film in Hiroshima has an affair with a married Japanese architect as they share their differing perspectives on war.,A French actress filming anti-war film Hiroshima affair married Japanese architect share differing perspectives war.,325
Der Name der Rose,1986,"Crime, Drama, Mystery",130 min,7.7,An intellectually nonconformist friar investigates a series of mysterious deaths in an isolated abbey.,der name der rose,Der Name der Rose,An intellectually nonconformist friar investigates a series of mysterious deaths in an isolated abbey.,An intellectually nonconformist friar investigates a series of mysterious deaths in an isolated abbey.,An intellectually nonconformist friar investigates series mysterious deaths isolated abbey.,326
Room,2015,"Drama, Thriller",118 min,8.1,"Held captive for 7 years in an enclosed space, a woman and her young son finally gain their freedom, allowing the boy to experience the outside world for the first time.",room,Room,"Held captive for 7 years in an enclosed space, a woman and her young son finally gain their freedom, allowing the boy to experience the outside world for the first time.","Held captive for 7 years in an enclosed space, a woman and her young son finally gain their freedom, allowing the boy to experience the outside world for the first time.","Held captive 7 years enclosed space, woman young son finally gain freedom, allowing boy experience outside world first time.",327
Adams æbler,2005,"Comedy, Crime, Drama",94 min,7.8,A neo-nazi sentenced to community service at a church clashes with the blindly devotional priest.,adams æbler,Adams æbler,A neo-nazi sentenced to community service at a church clashes with the blindly devotional priest.,A neo-nazi sentenced to community service at a church clashes with the blindly devotional priest.,A neo-nazi sentenced community service church clashes blindly devotional priest.,328
Inglourious Basterds,2009,"Adventure, Drama, War",153 min,8.3,"In Nazi-occupied France during World War II, a plan to assassinate Nazi leaders by a group of Jewish U.S. soldiers coincides with a theatre owner's vengeful plans for the same.",inglourious basterds,Inglourious Basterds,"In Nazi-occupied France during World War II, a plan to assassinate Nazi leaders by a group of Jewish U.S. soldiers coincides with a theatre owner's vengeful plans for the same.","In Nazi-occupied France during World War II, a plan to assassinate Nazi leaders by a group of Jewish U.S. soldiers coincides with a theatre owner's vengeful plans for the same.","In Nazi-occupied France World War II, plan assassinate Nazi leaders group Jewish U.S. soldiers coincides theatre owner's vengeful plans same.",329
Miracle on 34th Street,1947,"Comedy, Drama, Family",96 min,7.9,"When a nice old man who claims to be Santa Claus is institutionalized as insane, a young lawyer decides to defend him by arguing in court that he is the real thing.",miracle on 34th street,Miracle on 34th Street,"When a nice old man who claims to be Santa Claus is institutionalized as insane, a young lawyer decides to defend him by arguing in court that he is the real thing.","When a nice old man who claims to be Santa Claus is institutionalized as insane, a young lawyer decides to defend him by arguing in court that he is the real thing.","When nice old man claims Santa Claus institutionalized insane, young lawyer decides defend arguing court real thing.",330
Oldeuboi,2003,"Action, Drama, Mystery",101 min,8.4,"After being kidnapped and imprisoned for fifteen years, Oh Dae-Su is released, only to find that he must find his captor in five days.",oldeuboi,Oldeuboi,"After being kidnapped and imprisoned for fifteen years, Oh Dae-Su is released, only to find that he must find his captor in five days.","After being kidnapped and imprisoned for fifteen years, Oh Dae-Su is released, only to find that he must find his captor in five days.","After kidnapped imprisoned fifteen years, Oh Dae-Su released, find must find captor five days.",331
American Gangster,2007,"Biography, Crime, Drama",157 min,7.8,"An outcast New York City cop is charged with bringing down Harlem drug lord Frank Lucas, whose real life inspired this partly biographical film.",american gangster,American Gangster,"An outcast New York City cop is charged with bringing down Harlem drug lord Frank Lucas, whose real life inspired this partly biographical film.","An outcast New York City cop is charged with bringing down Harlem drug lord Frank Lucas, whose real life inspired this partly biographical film.","An outcast New York City cop charged bringing Harlem drug lord Frank Lucas, whose real life inspired partly biographical film.",332
Paper Moon,1973,"Comedy, Crime, Drama",102 min,8.1,"During the Great Depression, a con man finds himself saddled with a young girl who may or may not be his daughter, and the two forge an unlikely partnership.",paper moon,Paper Moon,"During the Great Depression, a con man finds himself saddled with a young girl who may or may not be his daughter, and the two forge an unlikely partnership.","During the Great Depression, a con man finds himself saddled with a young girl who may or may not be his daughter, and the two forge an unlikely partnership.","During Great Depression, con man finds saddled young girl may may daughter, two forge unlikely partnership.",333
Halloween,1978,"Horror, Thriller",91 min,7.7,"Fifteen years after murdering his sister on Halloween night 1963, Michael Myers escapes from a mental hospital and returns to the small town of Haddonfield, Illinois to kill again.",halloween,Halloween,"Fifteen years after murdering his sister on Halloween night 1963, Michael Myers escapes from a mental hospital and returns to the small town of Haddonfield, Illinois to kill again.","Fifteen years after murdering his sister on Halloween night 1963, Michael Myers escapes from a mental hospital and returns to the small town of Haddonfield, Illinois to kill again.","Fifteen years murdering sister Halloween night 1963, Michael Myers escapes mental hospital returns small town Haddonfield, Illinois kill again.",334
The Hustler,1961,"Drama, Sport",134 min,8.0,An up-and-coming pool player plays a long-time champion in a single high-stakes match.,the hustler,The Hustler,An up-and-coming pool player plays a long-time champion in a single high-stakes match.,An up-and-coming pool player plays a long-time champion in a single high-stakes match.,An up-and-coming pool player plays long-time champion single high-stakes match.,335
Rang De Basanti,2006,"Comedy, Crime, Drama",167 min,8.2,"The story of six young Indians who assist an English woman to film a documentary on the freedom fighters from their past, and the events that lead them to relive the long-forgotten saga of freedom.",rang de basanti,Rang De Basanti,"The story of six young Indians who assist an English woman to film a documentary on the freedom fighters from their past, and the events that lead them to relive the long-forgotten saga of freedom.","The story of six young Indians who assist an English woman to film a documentary on the freedom fighters from their past, and the events that lead them to relive the long-forgotten saga of freedom.","The story six young Indians assist English woman film documentary freedom fighters past, events lead relive long-forgotten saga freedom.",336
Alien,1979,"Horror, Sci-Fi",117 min,8.4,"After a space merchant vessel receives an unknown transmission as a distress call, one of the crew is attacked by a mysterious life form and they soon realize that its life cycle has merely begun.",alien,Alien,"After a space merchant vessel receives an unknown transmission as a distress call, one of the crew is attacked by a mysterious life form and they soon realize that its life cycle has merely begun.","After a space merchant vessel receives an unknown transmission as a distress call, one of the crew is attacked by a mysterious life form and they soon realize that its life cycle has merely begun.","After space merchant vessel receives unknown transmission distress call, one crew attacked mysterious life form soon realize life cycle merely begun.",337
Kingsman: The Secret Service,2014,"Action, Adventure, Comedy",129 min,7.7,"A spy organisation recruits a promising street kid into the agency's training program, while a global threat emerges from a twisted tech genius.",kingsman: the secret service,Kingsman The Secret Service,"A spy organisation recruits a promising street kid into the agency's training program, while a global threat emerges from a twisted tech genius.","A spy organisation recruits a promising street kid into the agency's training program, while a global threat emerges from a twisted tech genius.","A spy organisation recruits promising street kid agency's training program, global threat emerges twisted tech genius.",338
Roman Holiday,1953,"Comedy, Romance",118 min,8.0,A bored and sheltered princess escapes her guardians and falls in love with an American newsman in Rome.,roman holiday,Roman Holiday,A bored and sheltered princess escapes her guardians and falls in love with an American newsman in Rome.,A bored and sheltered princess escapes her guardians and falls in love with an American newsman in Rome.,A bored sheltered princess escapes guardians falls love American newsman Rome.,339
Tôkyô monogatari,1953,Drama,136 min,8.2,"An old couple visit their children and grandchildren in the city, but receive little attention.",tôkyô monogatari,Tôkyô monogatari,"An old couple visit their children and grandchildren in the city, but receive little attention.","An old couple visit their children and grandchildren in the city, but receive little attention.","An old couple visit children grandchildren city, receive little attention.",340
The Thing,1982,"Horror, Mystery, Sci-Fi",109 min,8.1,A research team in Antarctica is hunted by a shape-shifting alien that assumes the appearance of its victims.,the thing,The Thing,A research team in Antarctica is hunted by a shape-shifting alien that assumes the appearance of its victims.,A research team in Antarctica is hunted by a shape-shifting alien that assumes the appearance of its victims.,A research team Antarctica hunted shape-shifting alien assumes appearance victims.,341
Taegukgi hwinalrimyeo,2004,"Action, Drama, War",140 min,8.1,"When two brothers are forced to fight in the Korean War, the elder decides to take the riskiest missions if it will help shield the younger from battle.",taegukgi hwinalrimyeo,Taegukgi hwinalrimyeo,"When two brothers are forced to fight in the Korean War, the elder decides to take the riskiest missions if it will help shield the younger from battle.","When two brothers are forced to fight in the Korean War, the elder decides to take the riskiest missions if it will help shield the younger from battle.","When two brothers forced fight Korean War, elder decides take riskiest missions help shield younger battle.",342
Låt den rätte komma in,2008,"Crime, Drama, Fantasy",114 min,7.9,"Oskar, an overlooked and bullied boy, finds love and revenge through Eli, a beautiful but peculiar girl.",låt den rätte komma in,Låt den rätte komma in,"Oskar, an overlooked and bullied boy, finds love and revenge through Eli, a beautiful but peculiar girl.","Oskar, an overlooked and bullied boy, finds love and revenge through Eli, a beautiful but peculiar girl.","Oskar, overlooked bullied boy, finds love revenge Eli, beautiful peculiar girl.",343
The Apartment,1960,"Comedy, Drama, Romance",125 min,8.3,"A man tries to rise in his company by letting its executives use his apartment for trysts, but complications and a romance of his own ensue.",the apartment,The Apartment,"A man tries to rise in his company by letting its executives use his apartment for trysts, but complications and a romance of his own ensue.","A man tries to rise in his company by letting its executives use his apartment for trysts, but complications and a romance of his own ensue.","A man tries rise company letting executives use apartment trysts, complications romance ensue.",344
28 Days Later...,2002,"Drama, Horror, Sci-Fi",113 min,7.6,"Four weeks after a mysterious, incurable virus spreads throughout the UK, a handful of survivors try to find sanctuary.",28 days later...,28 Days Later,"Four weeks after a mysterious, incurable virus spreads throughout the UK, a handful of survivors try to find sanctuary.","Four weeks after a mysterious, incurable virus spreads throughout the UK, a handful of survivors try to find sanctuary.","Four weeks mysterious, incurable virus spreads throughout UK, handful survivors try find sanctuary.",345
Nueve reinas,2000,"Crime, Drama, Thriller",114 min,7.9,"Two con artists try to swindle a stamp collector by selling him a sheet of counterfeit rare stamps (the ""nine queens"").",nueve reinas,Nueve reinas,"Two con artists try to swindle a stamp collector by selling him a sheet of counterfeit rare stamps (the ""nine queens"").","Two con artists try to swindle a stamp collector by selling him a sheet of counterfeit rare stamps (the ""nine queens"").","Two con artists try swindle stamp collector selling sheet counterfeit rare stamps (the ""nine queens"").",346
Fried Green Tomatoes,1991,Drama,130 min,7.7,A housewife who is unhappy with her life befriends an old lady in a nursing home and is enthralled by the tales she tells of people she used to know.,fried green tomatoes,Fried Green Tomatoes,A housewife who is unhappy with her life befriends an old lady in a nursing home and is enthralled by the tales she tells of people she used to know.,A housewife who is unhappy with her life befriends an old lady in a nursing home and is enthralled by the tales she tells of people she used to know.,A housewife unhappy life befriends old lady nursing home enthralled tales tells people used know.,347
Vicky Donor,2012,"Comedy, Romance",126 min,7.8,"A man is brought in by an infertility doctor to supply him with his sperm, where he becomes the biggest sperm donor for his clinic.",vicky donor,Vicky Donor,"A man is brought in by an infertility doctor to supply him with his sperm, where he becomes the biggest sperm donor for his clinic.","A man is brought in by an infertility doctor to supply him with his sperm, where he becomes the biggest sperm donor for his clinic.","A man brought infertility doctor supply sperm, becomes biggest sperm donor clinic.",348
Metropolis,1927,"Drama, Sci-Fi",153 min,8.3,"In a futuristic city sharply divided between the working class and the city planners, the son of the city's mastermind falls in love with a working-class prophet who predicts the coming of a savior to mediate their differences.",metropolis,Metropolis,"In a futuristic city sharply divided between the working class and the city planners, the son of the city's mastermind falls in love with a working-class prophet who predicts the coming of a savior to mediate their differences.","In a futuristic city sharply divided between the working class and the city planners, the son of the city's mastermind falls in love with a working-class prophet who predicts the coming of a savior to mediate their differences.","In futuristic city sharply divided working class city planners, son city's mastermind falls love working-class prophet predicts coming savior mediate differences.",349
Lawrence of Arabia,1962,"Adventure, Biography, Drama",228 min,8.3,"The story of T.E. Lawrence, the English officer who successfully united and led the diverse, often warring, Arab tribes during World War I in order to fight the Turks.",lawrence of arabia,Lawrence of Arabia,"The story of T.E. Lawrence, the English officer who successfully united and led the diverse, often warring, Arab tribes during World War I in order to fight the Turks.","The story of T.E. Lawrence, the English officer who successfully united and led the diverse, often warring, Arab tribes during World War I in order to fight the Turks.","The story T.E. Lawrence, English officer successfully united led diverse, often warring, Arab tribes World War I order fight Turks.",350
Thor: Ragnarok,2017,"Action, Adventure, Comedy",130 min,7.9,"Imprisoned on the planet Sakaar, Thor must race against time to return to Asgard and stop Ragnarök, the destruction of his world, at the hands of the powerful and ruthless villain Hela.",thor: ragnarok,Thor Ragnarok,"Imprisoned on the planet Sakaar, Thor must race against time to return to Asgard and stop Ragnarök, the destruction of his world, at the hands of the powerful and ruthless villain Hela.","Imprisoned on the planet Sakaar, Thor must race against time to return to Asgard and stop Ragnarök, the destruction of his world, at the hands of the powerful and ruthless villain Hela.","Imprisoned planet Sakaar, Thor must race time return Asgard stop Ragnarök, destruction world, hands powerful ruthless villain Hela.",351
The Conversation,1974,"Drama, Mystery, Thriller",113 min,7.8,"A paranoid, secretive surveillance expert has a crisis of conscience when he suspects that the couple he is spying on will be murdered.",the conversation,The Conversation,"A paranoid, secretive surveillance expert has a crisis of conscience when he suspects that the couple he is spying on will be murdered.","A paranoid, secretive surveillance expert has a crisis of conscience when he suspects that the couple he is spying on will be murdered.","A paranoid, secretive surveillance expert crisis conscience suspects couple spying murdered.",352
Dangal,2016,"Action, Biography, Drama",161 min,8.4,Former wrestler Mahavir Singh Phogat and his two wrestler daughters struggle towards glory at the Commonwealth Games in the face of societal oppression.,dangal,Dangal,Former wrestler Mahavir Singh Phogat and his two wrestler daughters struggle towards glory at the Commonwealth Games in the face of societal oppression.,Former wrestler Mahavir Singh Phogat and his two wrestler daughters struggle towards glory at the Commonwealth Games in the face of societal oppression.,Former wrestler Mahavir Singh Phogat two wrestler daughters struggle towards glory Commonwealth Games face societal oppression.,353
Cape Fear,1962,"Drama, Thriller",106 min,7.7,A lawyer's family is stalked by a man he once helped put in jail.,cape fear,Cape Fear,A lawyer's family is stalked by a man he once helped put in jail.,A lawyer's family is stalked by a man he once helped put in jail.,A lawyer's family stalked man helped put jail.,354
Zombieland,2009,"Adventure, Comedy, Fantasy",88 min,7.6,"A shy student trying to reach his family in Ohio, a gun-toting tough guy trying to find the last Twinkie, and a pair of sisters trying to get to an amusement park join forces to travel across a zombie-filled America.",zombieland,Zombieland,"A shy student trying to reach his family in Ohio, a gun-toting tough guy trying to find the last Twinkie, and a pair of sisters trying to get to an amusement park join forces to travel across a zombie-filled America.","A shy student trying to reach his family in Ohio, a gun-toting tough guy trying to find the last Twinkie, and a pair of sisters trying to get to an amusement park join forces to travel across a zombie-filled America.","A shy student trying reach family Ohio, gun-toting tough guy trying find last Twinkie, pair sisters trying get amusement park join forces travel across zombie-filled America.",355
Kill Bill: Vol. 2,2004,"Action, Crime, Thriller",137 min,8.0,"The Bride continues her quest of vengeance against her former boss and lover Bill, the reclusive bouncer Budd, and the treacherous, one-eyed Elle.",kill bill: vol. 2,Kill Bill Vol 2,"The Bride continues her quest of vengeance against her former boss and lover Bill, the reclusive bouncer Budd, and the treacherous, one-eyed Elle.","The Bride continues her quest of vengeance against her former boss and lover Bill, the reclusive bouncer Budd, and the treacherous, one-eyed Elle.","The Bride continues quest vengeance former boss lover Bill, reclusive bouncer Budd, treacherous, one-eyed Elle.",356
Platoon,1986,"Drama, War",120 min,8.1,"Chris Taylor, a neophyte recruit in Vietnam, finds himself caught in a battle of wills between two sergeants, one good and the other evil. A shrewd examination of the brutality of war and the duality of man in conflict.",platoon,Platoon,"Chris Taylor, a neophyte recruit in Vietnam, finds himself caught in a battle of wills between two sergeants, one good and the other evil. A shrewd examination of the brutality of war and the duality of man in conflict.","Chris Taylor, a neophyte recruit in Vietnam, finds himself caught in a battle of wills between two sergeants, one good and the other evil. A shrewd examination of the brutality of war and the duality of man in conflict.","Chris Taylor, neophyte recruit Vietnam, finds caught battle wills two sergeants, one good evil. A shrewd examination brutality war duality man conflict.",357
Hotaru no haka,1988,"Animation, Drama, War",89 min,8.5,A young boy and his little sister struggle to survive in Japan during World War II.,hotaru no haka,Hotaru no haka,A young boy and his little sister struggle to survive in Japan during World War II.,A young boy and his little sister struggle to survive in Japan during World War II.,A young boy little sister struggle survive Japan World War II.,358
Darbareye Elly,2009,"Drama, Mystery",119 min,8.0,The mysterious disappearance of a kindergarten teacher during a picnic in the north of Iran is followed by a series of misadventures for her fellow travelers.,darbareye elly,Darbareye Elly,The mysterious disappearance of a kindergarten teacher during a picnic in the north of Iran is followed by a series of misadventures for her fellow travelers.,The mysterious disappearance of a kindergarten teacher during a picnic in the north of Iran is followed by a series of misadventures for her fellow travelers.,The mysterious disappearance kindergarten teacher picnic north Iran followed series misadventures fellow travelers.,359
Portrait de la jeune fille en feu,2019,"Drama, Romance",122 min,8.1,"On an isolated island in Brittany at the end of the eighteenth century, a female painter is obliged to paint a wedding portrait of a young woman.",portrait de la jeune fille en feu,Portrait de la jeune fille en feu,"On an isolated island in Brittany at the end of the eighteenth century, a female painter is obliged to paint a wedding portrait of a young woman.","On an isolated island in Brittany at the end of the eighteenth century, a female painter is obliged to paint a wedding portrait of a young woman.","On isolated island Brittany end eighteenth century, female painter obliged paint wedding portrait young woman.",360
The 39 Steps,1935,"Crime, Mystery, Thriller",86 min,7.6,"A man in London tries to help a counter-espionage Agent. But when the Agent is killed, and the man stands accused, he must go on the run to save himself and stop a spy ring which is trying to steal top secret information.",the 39 steps,The 39 Steps,"A man in London tries to help a counter-espionage Agent. But when the Agent is killed, and the man stands accused, he must go on the run to save himself and stop a spy ring which is trying to steal top secret information.","A man in London tries to help a counter-espionage Agent. But when the Agent is killed, and the man stands accused, he must go on the run to save himself and stop a spy ring which is trying to steal top secret information.","A man London tries help counter-espionage Agent. But Agent killed, man stands accused, must go run save stop spy ring trying steal top secret information.",361
Blue Velvet,1986,"Drama, Mystery, Thriller",120 min,7.7,"The discovery of a severed human ear found in a field leads a young man on an investigation related to a beautiful, mysterious nightclub singer and a group of psychopathic criminals who have kidnapped her child.",blue velvet,Blue Velvet,"The discovery of a severed human ear found in a field leads a young man on an investigation related to a beautiful, mysterious nightclub singer and a group of psychopathic criminals who have kidnapped her child.","The discovery of a severed human ear found in a field leads a young man on an investigation related to a beautiful, mysterious nightclub singer and a group of psychopathic criminals who have kidnapped her child.","The discovery severed human ear found field leads young man investigation related beautiful, mysterious nightclub singer group psychopathic criminals kidnapped child.",362
The Broken Circle Breakdown,2012,"Drama, Music, Romance",111 min,7.7,"Elise and Didier fall in love at first sight, in spite of their differences. He talks, she listens. He's a romantic atheist, she's a religious realist. When their daughter becomes seriously ill, their love is put on trial.",the broken circle breakdown,The Broken Circle Breakdown,"Elise and Didier fall in love at first sight, in spite of their differences. He talks, she listens. He's a romantic atheist, she's a religious realist. When their daughter becomes seriously ill, their love is put on trial.","Elise and Didier fall in love at first sight, in spite of their differences. He talks, she listens. He's a romantic atheist, she's a religious realist. When their daughter becomes seriously ill, their love is put on trial.","Elise Didier fall love first sight, spite differences. He talks, listens. He's romantic atheist, religious realist. When daughter becomes seriously ill, love put trial.",363
In the Name of the Father,1993,"Biography, Crime, Drama",133 min,8.1,A man's coerced confession to an I.R.A. bombing he did not commit results in the imprisonment of his father as well. An English lawyer fights to free them.,in the name of the father,In the Name of the Father,A man's coerced confession to an I.R.A. bombing he did not commit results in the imprisonment of his father as well. An English lawyer fights to free them.,A man's coerced confession to an I.R.A. bombing he did not commit results in the imprisonment of his father as well. An English lawyer fights to free them.,A man's coerced confession I.R.A. bombing commit results imprisonment father well. An English lawyer fights free them.,364
La Strada,1954,Drama,108 min,8.0,"A care-free girl is sold to a traveling entertainer, consequently enduring physical and emotional pain along the way.",la strada,La Strada,"A care-free girl is sold to a traveling entertainer, consequently enduring physical and emotional pain along the way.","A care-free girl is sold to a traveling entertainer, consequently enduring physical and emotional pain along the way.","A care-free girl sold traveling entertainer, consequently enduring physical emotional pain along way.",365
Back to the Future Part II,1989,"Adventure, Comedy, Sci-Fi",108 min,7.8,"After visiting 2015, Marty McFly must repeat his visit to 1955 to prevent disastrous changes to 1985...without interfering with his first trip.",back to the future part ii,Back to the Future Part II,"After visiting 2015, Marty McFly must repeat his visit to 1955 to prevent disastrous changes to 1985...without interfering with his first trip.","After visiting 2015, Marty McFly must repeat his visit to 1955 to prevent disastrous changes to 1985...without interfering with his first trip.","After visiting 2015, Marty McFly must repeat visit 1955 prevent disastrous changes 1985...without interfering first trip.",366
The Bridge on the River Kwai,1957,"Adventure, Drama, War",161 min,8.1,"British POWs are forced to build a railway bridge across the river Kwai for their Japanese captors, not knowing that the allied forces are planning to destroy it.",the bridge on the river kwai,The Bridge on the River Kwai,"British POWs are forced to build a railway bridge across the river Kwai for their Japanese captors, not knowing that the allied forces are planning to destroy it.","British POWs are forced to build a railway bridge across the river Kwai for their Japanese captors, not knowing that the allied forces are planning to destroy it.","British POWs forced build railway bridge across river Kwai Japanese captors, knowing allied forces planning destroy it.",367
Her,2013,"Drama, Romance, Sci-Fi",126 min,8.0,"In a near future, a lonely writer develops an unlikely relationship with an operating system designed to meet his every need.",her,Her,"In a near future, a lonely writer develops an unlikely relationship with an operating system designed to meet his every need.","In a near future, a lonely writer develops an unlikely relationship with an operating system designed to meet his every need.","In near future, lonely writer develops unlikely relationship operating system designed meet every need.",368
Apollo 13,PG,"Adventure, Drama, History",140 min,7.6,NASA must devise a strategy to return Apollo 13 to Earth safely after the spacecraft undergoes massive internal damage putting the lives of the three astronauts on board in jeopardy.,apollo 13,Apollo 13,NASA must devise a strategy to return Apollo 13 to Earth safely after the spacecraft undergoes massive internal damage putting the lives of the three astronauts on board in jeopardy.,NASA must devise a strategy to return Apollo 13 to Earth safely after the spacecraft undergoes massive internal damage putting the lives of the three astronauts on board in jeopardy.,NASA must devise strategy return Apollo 13 Earth safely spacecraft undergoes massive internal damage putting lives three astronauts board jeopardy.,369
There Will Be Blood,2007,Drama,158 min,8.2,"A story of family, religion, hatred, oil and madness, focusing on a turn-of-the-century prospector in the early days of the business.",there will be blood,There Will Be Blood,"A story of family, religion, hatred, oil and madness, focusing on a turn-of-the-century prospector in the early days of the business.","A story of family, religion, hatred, oil and madness, focusing on a turn-of-the-century prospector in the early days of the business.","A story family, religion, hatred, oil madness, focusing turn-of-the-century prospector early days business.",370
Citizen Kane,1941,"Drama, Mystery",119 min,8.3,"Following the death of publishing tycoon Charles Foster Kane, reporters scramble to uncover the meaning of his final utterance; 'Rosebud'.",citizen kane,Citizen Kane,"Following the death of publishing tycoon Charles Foster Kane, reporters scramble to uncover the meaning of his final utterance; 'Rosebud'.","Following the death of publishing tycoon Charles Foster Kane, reporters scramble to uncover the meaning of his final utterance; 'Rosebud'.","Following death publishing tycoon Charles Foster Kane, reporters scramble uncover meaning final utterance; 'Rosebud'.",371
Good Bye Lenin!,2003,"Comedy, Drama, Romance",121 min,7.7,"In 1990, to protect his fragile mother from a fatal shock after a long coma, a young man must keep her from learning that her beloved nation of East Germany as she knew it has disappeared.",good bye lenin!,Good Bye Lenin,"In 1990, to protect his fragile mother from a fatal shock after a long coma, a young man must keep her from learning that her beloved nation of East Germany as she knew it has disappeared.","In 1990, to protect his fragile mother from a fatal shock after a long coma, a young man must keep her from learning that her beloved nation of East Germany as she knew it has disappeared.","In 1990, protect fragile mother fatal shock long coma, young man must keep learning beloved nation East Germany knew disappeared.",372
Casablanca,1942,"Drama, Romance, War",102 min,8.5,A cynical expatriate American cafe owner struggles to decide whether or not to help his former lover and her fugitive husband escape the Nazis in French Morocco.,casablanca,Casablanca,A cynical expatriate American cafe owner struggles to decide whether or not to help his former lover and her fugitive husband escape the Nazis in French Morocco.,A cynical expatriate American cafe owner struggles to decide whether or not to help his former lover and her fugitive husband escape the Nazis in French Morocco.,A cynical expatriate American cafe owner struggles decide whether help former lover fugitive husband escape Nazis French Morocco.,373
Nefes: Vatan Sagolsun,2009,"Action, Drama, Thriller",128 min,8.0,Story of 40-man Turkish task force who must defend a relay station.,nefes: vatan sagolsun,Nefes Vatan Sagolsun,Story of 40-man Turkish task force who must defend a relay station.,Story of 40-man Turkish task force who must defend a relay station.,Story 40-man Turkish task force must defend relay station.,374
Harry Potter and the Half-Blood Prince,2009,"Action, Adventure, Family",153 min,7.6,"As Harry Potter begins his sixth year at Hogwarts, he discovers an old book marked as ""the property of the Half-Blood Prince"" and begins to learn more about Lord Voldemort's dark past.",harry potter and the half-blood prince,Harry Potter and the HalfBlood Prince,"As Harry Potter begins his sixth year at Hogwarts, he discovers an old book marked as ""the property of the Half-Blood Prince"" and begins to learn more about Lord Voldemort's dark past.","As Harry Potter begins his sixth year at Hogwarts, he discovers an old book marked as ""the property of the Half-Blood Prince"" and begins to learn more about Lord Voldemort's dark past.","As Harry Potter begins sixth year Hogwarts, discovers old book marked ""the property Half-Blood Prince"" begins learn Lord Voldemort's dark past.",375
Paan Singh Tomar,2012,"Action, Biography, Crime",135 min,8.2,"The story of Paan Singh Tomar, an Indian athlete and seven-time national steeplechase champion who becomes one of the most feared dacoits in Chambal Valley after his retirement.",paan singh tomar,Paan Singh Tomar,"The story of Paan Singh Tomar, an Indian athlete and seven-time national steeplechase champion who becomes one of the most feared dacoits in Chambal Valley after his retirement.","The story of Paan Singh Tomar, an Indian athlete and seven-time national steeplechase champion who becomes one of the most feared dacoits in Chambal Valley after his retirement.","The story Paan Singh Tomar, Indian athlete seven-time national steeplechase champion becomes one feared dacoits Chambal Valley retirement.",376
Hunt for the Wilderpeople,2016,"Adventure, Comedy, Drama",101 min,7.9,A national manhunt is ordered for a rebellious kid and his foster uncle who go missing in the wild New Zealand bush.,hunt for the wilderpeople,Hunt for the Wilderpeople,A national manhunt is ordered for a rebellious kid and his foster uncle who go missing in the wild New Zealand bush.,A national manhunt is ordered for a rebellious kid and his foster uncle who go missing in the wild New Zealand bush.,A national manhunt ordered rebellious kid foster uncle go missing wild New Zealand bush.,377
Aladdin,1992,"Animation, Adventure, Comedy",90 min,8.0,A kindhearted street urchin and a power-hungry Grand Vizier vie for a magic lamp that has the power to make their deepest wishes come true.,aladdin,Aladdin,A kindhearted street urchin and a power-hungry Grand Vizier vie for a magic lamp that has the power to make their deepest wishes come true.,A kindhearted street urchin and a power-hungry Grand Vizier vie for a magic lamp that has the power to make their deepest wishes come true.,A kindhearted street urchin power-hungry Grand Vizier vie magic lamp power make deepest wishes come true.,378
Apocalypto,2006,"Action, Adventure, Drama",139 min,7.8,"As the Mayan kingdom faces its decline, a young man is taken on a perilous journey to a world ruled by fear and oppression.",apocalypto,Apocalypto,"As the Mayan kingdom faces its decline, a young man is taken on a perilous journey to a world ruled by fear and oppression.","As the Mayan kingdom faces its decline, a young man is taken on a perilous journey to a world ruled by fear and oppression.","As Mayan kingdom faces decline, young man taken perilous journey world ruled fear oppression.",379
The General,1926,"Action, Adventure, Comedy",67 min,8.1,"When Union spies steal an engineer's beloved locomotive, he pursues it single-handedly and straight through enemy lines.",the general,The General,"When Union spies steal an engineer's beloved locomotive, he pursues it single-handedly and straight through enemy lines.","When Union spies steal an engineer's beloved locomotive, he pursues it single-handedly and straight through enemy lines.","When Union spies steal engineer's beloved locomotive, pursues single-handedly straight enemy lines.",380
Gisaengchung,2019,"Comedy, Drama, Thriller",132 min,8.6,Greed and class discrimination threaten the newly formed symbiotic relationship between the wealthy Park family and the destitute Kim clan.,gisaengchung,Gisaengchung,Greed and class discrimination threaten the newly formed symbiotic relationship between the wealthy Park family and the destitute Kim clan.,Greed and class discrimination threaten the newly formed symbiotic relationship between the wealthy Park family and the destitute Kim clan.,Greed class discrimination threaten newly formed symbiotic relationship wealthy Park family destitute Kim clan.,381
Donnie Brasco,1997,"Biography, Crime, Drama",127 min,7.7,"An FBI undercover agent infiltrates the mob and finds himself identifying more with the mafia life, at the expense of his regular one.",donnie brasco,Donnie Brasco,"An FBI undercover agent infiltrates the mob and finds himself identifying more with the mafia life, at the expense of his regular one.","An FBI undercover agent infiltrates the mob and finds himself identifying more with the mafia life, at the expense of his regular one.","An FBI undercover agent infiltrates mob finds identifying mafia life, expense regular one.",382
Black Hawk Down,2001,"Drama, History, War",144 min,7.7,160 elite U.S. soldiers drop into Somalia to capture two top lieutenants of a renegade warlord and find themselves in a desperate battle with a large force of heavily-armed Somalis.,black hawk down,Black Hawk Down,160 elite U.S. soldiers drop into Somalia to capture two top lieutenants of a renegade warlord and find themselves in a desperate battle with a large force of heavily-armed Somalis.,160 elite U.S. soldiers drop into Somalia to capture two top lieutenants of a renegade warlord and find themselves in a desperate battle with a large force of heavily-armed Somalis.,160 elite U.S. soldiers drop Somalia capture two top lieutenants renegade warlord find desperate battle large force heavily-armed Somalis.,383
Le dîner de cons,1998,Comedy,80 min,7.7,"A few friends have a weekly fools' dinner, where each brings a fool along. Pierre finds a champion fool for next dinner. Surprise.",le dîner de cons,Le dîner de cons,"A few friends have a weekly fools' dinner, where each brings a fool along. Pierre finds a champion fool for next dinner. Surprise.","A few friends have a weekly fools' dinner, where each brings a fool along. Pierre finds a champion fool for next dinner. Surprise.","A friends weekly fools' dinner, brings fool along. Pierre finds champion fool next dinner. Surprise.",384
Der Himmel über Berlin,1987,"Drama, Fantasy, Romance",128 min,8.0,An angel tires of overseeing human activity and wishes to become human when he falls in love with a mortal.,der himmel über berlin,Der Himmel über Berlin,An angel tires of overseeing human activity and wishes to become human when he falls in love with a mortal.,An angel tires of overseeing human activity and wishes to become human when he falls in love with a mortal.,An angel tires overseeing human activity wishes become human falls love mortal.,385
La montaña sagrada,1973,"Adventure, Drama, Fantasy",114 min,7.9,"In a corrupt, greed-fueled world, a powerful alchemist leads a messianic character and seven materialistic figures to the Holy Mountain, where they hope to achieve enlightenment.",la montaña sagrada,La montaña sagrada,"In a corrupt, greed-fueled world, a powerful alchemist leads a messianic character and seven materialistic figures to the Holy Mountain, where they hope to achieve enlightenment.","In a corrupt, greed-fueled world, a powerful alchemist leads a messianic character and seven materialistic figures to the Holy Mountain, where they hope to achieve enlightenment.","In corrupt, greed-fueled world, powerful alchemist leads messianic character seven materialistic figures Holy Mountain, hope achieve enlightenment.",386
Atonement,2007,"Drama, Mystery, Romance",123 min,7.8,Thirteen-year-old fledgling writer Briony Tallis irrevocably changes the course of several lives when she accuses her older sister's lover of a crime he did not commit.,atonement,Atonement,Thirteen-year-old fledgling writer Briony Tallis irrevocably changes the course of several lives when she accuses her older sister's lover of a crime he did not commit.,Thirteen-year-old fledgling writer Briony Tallis irrevocably changes the course of several lives when she accuses her older sister's lover of a crime he did not commit.,Thirteen-year-old fledgling writer Briony Tallis irrevocably changes course several lives accuses older sister's lover crime commit.,387
The Pianist,2002,"Biography, Drama, Music",150 min,8.5,A Polish Jewish musician struggles to survive the destruction of the Warsaw ghetto of World War II.,the pianist,The Pianist,A Polish Jewish musician struggles to survive the destruction of the Warsaw ghetto of World War II.,A Polish Jewish musician struggles to survive the destruction of the Warsaw ghetto of World War II.,A Polish Jewish musician struggles survive destruction Warsaw ghetto World War II.,388
Höstsonaten,1978,"Drama, Music",99 min,8.2,"A married daughter who longs for her mother's love is visited by the latter, a successful concert pianist.",höstsonaten,Höstsonaten,"A married daughter who longs for her mother's love is visited by the latter, a successful concert pianist.","A married daughter who longs for her mother's love is visited by the latter, a successful concert pianist.","A married daughter longs mother's love visited latter, successful concert pianist.",389
"Monsters, Inc.",2001,"Animation, Adventure, Comedy",92 min,8.1,"In order to power the city, monsters have to scare children so that they scream. However, the children are toxic to the monsters, and after a child gets through, 2 monsters realize things may not be what they think.","monsters, inc.",Monsters Inc,"In order to power the city, monsters have to scare children so that they scream. However, the children are toxic to the monsters, and after a child gets through, 2 monsters realize things may not be what they think.","In order to power the city, monsters have to scare children so that they scream. However, the children are toxic to the monsters, and after a child gets through, 2 monsters realize things may not be what they think.","In order power city, monsters scare children scream. However, children toxic monsters, child gets through, 2 monsters realize things may think.",390
Who Framed Roger Rabbit,1988,"Animation, Adventure, Comedy",104 min,7.7,A toon-hating detective is a cartoon rabbit's only hope to prove his innocence when he is accused of murder.,who framed roger rabbit,Who Framed Roger Rabbit,A toon-hating detective is a cartoon rabbit's only hope to prove his innocence when he is accused of murder.,A toon-hating detective is a cartoon rabbit's only hope to prove his innocence when he is accused of murder.,A toon-hating detective cartoon rabbit's hope prove innocence accused murder.,391
Night on Earth,1991,"Comedy, Drama",129 min,7.8,An anthology of 5 different cab drivers in 5 American and European cities and their remarkable fares on the same eventful night.,night on earth,Night on Earth,An anthology of 5 different cab drivers in 5 American and European cities and their remarkable fares on the same eventful night.,An anthology of 5 different cab drivers in 5 American and European cities and their remarkable fares on the same eventful night.,An anthology 5 different cab drivers 5 American European cities remarkable fares eventful night.,392
(500) Days of Summer,2009,"Comedy, Drama, Romance",95 min,7.7,"An offbeat romantic comedy about a woman who doesn't believe true love exists, and the young man who falls for her.",(500) days of summer,500 Days of Summer,"An offbeat romantic comedy about a woman who doesn't believe true love exists, and the young man who falls for her.","An offbeat romantic comedy about a woman who doesn't believe true love exists, and the young man who falls for her.","An offbeat romantic comedy woman believe true love exists, young man falls her.",393
A Man for All Seasons,1966,"Biography, Drama, History",120 min,7.7,"The story of Sir Thomas More, who stood up to King Henry VIII when the King rejected the Roman Catholic Church to obtain a divorce and remarry.",a man for all seasons,A Man for All Seasons,"The story of Sir Thomas More, who stood up to King Henry VIII when the King rejected the Roman Catholic Church to obtain a divorce and remarry.","The story of Sir Thomas More, who stood up to King Henry VIII when the King rejected the Roman Catholic Church to obtain a divorce and remarry.","The story Sir Thomas More, stood King Henry VIII King rejected Roman Catholic Church obtain divorce remarry.",394
Black,2005,Drama,122 min,8.2,"The cathartic tale of a young woman who can't see, hear or talk and the teacher who brings a ray of light into her dark world.",black,Black,"The cathartic tale of a young woman who can't see, hear or talk and the teacher who brings a ray of light into her dark world.","The cathartic tale of a young woman who can't see, hear or talk and the teacher who brings a ray of light into her dark world.","The cathartic tale young woman can't see, hear talk teacher brings ray light dark world.",395
Le samouraï,1967,"Crime, Drama, Mystery",105 min,8.1,After professional hitman Jef Costello is seen by witnesses his efforts to provide himself an alibi drive him further into a corner.,le samouraï,Le samouraï,After professional hitman Jef Costello is seen by witnesses his efforts to provide himself an alibi drive him further into a corner.,After professional hitman Jef Costello is seen by witnesses his efforts to provide himself an alibi drive him further into a corner.,After professional hitman Jef Costello seen witnesses efforts provide alibi drive corner.,396
Ang-ma-reul bo-at-da,2010,"Action, Crime, Drama",144 min,7.8,A secret agent exacts revenge on a serial killer through a series of captures and releases.,ang-ma-reul bo-at-da,Angmareul boatda,A secret agent exacts revenge on a serial killer through a series of captures and releases.,A secret agent exacts revenge on a serial killer through a series of captures and releases.,A secret agent exacts revenge serial killer series captures releases.,397
The Gentlemen,2019,"Action, Comedy, Crime",113 min,7.8,"An American expat tries to sell off his highly profitable marijuana empire in London, triggering plots, schemes, bribery and blackmail in an attempt to steal his domain out from under him.",the gentlemen,The Gentlemen,"An American expat tries to sell off his highly profitable marijuana empire in London, triggering plots, schemes, bribery and blackmail in an attempt to steal his domain out from under him.","An American expat tries to sell off his highly profitable marijuana empire in London, triggering plots, schemes, bribery and blackmail in an attempt to steal his domain out from under him.","An American expat tries sell highly profitable marijuana empire London, triggering plots, schemes, bribery blackmail attempt steal domain him.",398
Midnight in Paris,2011,"Comedy, Fantasy, Romance",96 min,7.7,"While on a trip to Paris with his fiancée's family, a nostalgic screenwriter finds himself mysteriously going back to the 1920s every day at midnight.",midnight in paris,Midnight in Paris,"While on a trip to Paris with his fiancée's family, a nostalgic screenwriter finds himself mysteriously going back to the 1920s every day at midnight.","While on a trip to Paris with his fiancée's family, a nostalgic screenwriter finds himself mysteriously going back to the 1920s every day at midnight.","While trip Paris fiancée's family, nostalgic screenwriter finds mysteriously going back 1920s every day midnight.",399
One Flew Over the Cuckoo's Nest,1975,Drama,133 min,8.7,"A criminal pleads insanity and is admitted to a mental institution, where he rebels against the oppressive nurse and rallies up the scared patients.",one flew over the cuckoo's nest,One Flew Over the Cuckoos Nest,"A criminal pleads insanity and is admitted to a mental institution, where he rebels against the oppressive nurse and rallies up the scared patients.","A criminal pleads insanity and is admitted to a mental institution, where he rebels against the oppressive nurse and rallies up the scared patients.","A criminal pleads insanity admitted mental institution, rebels oppressive nurse rallies scared patients.",400
The Kid,1921,"Comedy, Drama, Family",68 min,8.3,"The Tramp cares for an abandoned child, but events put that relationship in jeopardy.",the kid,The Kid,"The Tramp cares for an abandoned child, but events put that relationship in jeopardy.","The Tramp cares for an abandoned child, but events put that relationship in jeopardy.","The Tramp cares abandoned child, events put relationship jeopardy.",401
Badhaai ho,2018,"Comedy, Drama",124 min,8.0,A man is embarrassed when he finds out his mother is pregnant.,badhaai ho,Badhaai ho,A man is embarrassed when he finds out his mother is pregnant.,A man is embarrassed when he finds out his mother is pregnant.,A man embarrassed finds mother pregnant.,402
Fargo,1996,"Crime, Drama, Thriller",98 min,8.1,Jerry Lundegaard's inept crime falls apart due to his and his henchmen's bungling and the persistent police work of the quite pregnant Marge Gunderson.,fargo,Fargo,Jerry Lundegaard's inept crime falls apart due to his and his henchmen's bungling and the persistent police work of the quite pregnant Marge Gunderson.,Jerry Lundegaard's inept crime falls apart due to his and his henchmen's bungling and the persistent police work of the quite pregnant Marge Gunderson.,Jerry Lundegaard's inept crime falls apart due henchmen's bungling persistent police work quite pregnant Marge Gunderson.,403
Ed Wood,1994,"Biography, Comedy, Drama",127 min,7.8,"Ambitious but troubled movie director Edward D. Wood Jr. tries his best to fulfill his dreams, despite his lack of talent.",ed wood,Ed Wood,"Ambitious but troubled movie director Edward D. Wood Jr. tries his best to fulfill his dreams, despite his lack of talent.","Ambitious but troubled movie director Edward D. Wood Jr. tries his best to fulfill his dreams, despite his lack of talent.","Ambitious troubled movie director Edward D. Wood Jr. tries best fulfill dreams, despite lack talent.",404
Dead Man,1995,"Adventure, Drama, Fantasy",121 min,7.6,"On the run after murdering a man, accountant William Blake encounters a strange aboriginal American man named Nobody who prepares him for his journey into the spiritual world.",dead man,Dead Man,"On the run after murdering a man, accountant William Blake encounters a strange aboriginal American man named Nobody who prepares him for his journey into the spiritual world.","On the run after murdering a man, accountant William Blake encounters a strange aboriginal American man named Nobody who prepares him for his journey into the spiritual world.","On run murdering man, accountant William Blake encounters strange aboriginal American man named Nobody prepares journey spiritual world.",405
All About Eve,1950,Drama,138 min,8.2,A seemingly timid but secretly ruthless ingénue insinuates herself into the lives of an aging Broadway star and her circle of theater friends.,all about eve,All About Eve,A seemingly timid but secretly ruthless ingénue insinuates herself into the lives of an aging Broadway star and her circle of theater friends.,A seemingly timid but secretly ruthless ingénue insinuates herself into the lives of an aging Broadway star and her circle of theater friends.,A seemingly timid secretly ruthless ingénue insinuates lives aging Broadway star circle theater friends.,406
Per qualche dollaro in più,1965,Western,132 min,8.3,Two bounty hunters with the same intentions team up to track down a Western outlaw.,per qualche dollaro in più,Per qualche dollaro in più,Two bounty hunters with the same intentions team up to track down a Western outlaw.,Two bounty hunters with the same intentions team up to track down a Western outlaw.,Two bounty hunters intentions team track Western outlaw.,407
The Boy in the Striped Pyjamas,2008,"Drama, History, War",94 min,7.8,"Through the innocent eyes of Bruno, the eight-year-old son of the commandant at a German concentration camp, a forbidden friendship with a Jewish boy on the other side of the camp fence has startling and unexpected consequences.",the boy in the striped pyjamas,The Boy in the Striped Pyjamas,"Through the innocent eyes of Bruno, the eight-year-old son of the commandant at a German concentration camp, a forbidden friendship with a Jewish boy on the other side of the camp fence has startling and unexpected consequences.","Through the innocent eyes of Bruno, the eight-year-old son of the commandant at a German concentration camp, a forbidden friendship with a Jewish boy on the other side of the camp fence has startling and unexpected consequences.","Through innocent eyes Bruno, eight-year-old son commandant German concentration camp, forbidden friendship Jewish boy side camp fence startling unexpected consequences.",408
Straight Outta Compton,2015,"Biography, Drama, History",147 min,7.8,"The rap group NWA emerges from the mean streets of Compton in Los Angeles, California, in the mid-1980s and revolutionizes Hip Hop culture with their music and tales about life in the hood.",straight outta compton,Straight Outta Compton,"The rap group NWA emerges from the mean streets of Compton in Los Angeles, California, in the mid-1980s and revolutionizes Hip Hop culture with their music and tales about life in the hood.","The rap group NWA emerges from the mean streets of Compton in Los Angeles, California, in the mid-1980s and revolutionizes Hip Hop culture with their music and tales about life in the hood.","The rap group NWA emerges mean streets Compton Los Angeles, California, mid-1980s revolutionizes Hip Hop culture music tales life hood.",409
To Kill a Mockingbird,1962,"Crime, Drama",129 min,8.2,"Atticus Finch, a lawyer in the Depression-era South, defends a black man against an undeserved rape charge, and his children against prejudice.",to kill a mockingbird,To Kill a Mockingbird,"Atticus Finch, a lawyer in the Depression-era South, defends a black man against an undeserved rape charge, and his children against prejudice.","Atticus Finch, a lawyer in the Depression-era South, defends a black man against an undeserved rape charge, and his children against prejudice.","Atticus Finch, lawyer Depression-era South, defends black man undeserved rape charge, children prejudice.",410
Kakushi-toride no san-akunin,1958,"Adventure, Drama",139 min,8.1,"Lured by gold, two greedy peasants unknowingly escort a princess and her general across enemy lines.",kakushi-toride no san-akunin,Kakushitoride no sanakunin,"Lured by gold, two greedy peasants unknowingly escort a princess and her general across enemy lines.","Lured by gold, two greedy peasants unknowingly escort a princess and her general across enemy lines.","Lured gold, two greedy peasants unknowingly escort princess general across enemy lines.",411
Changeling,2008,"Biography, Crime, Drama",141 min,7.7,Grief-stricken mother Christine Collins (Angelina Jolie) takes on the L.A.P.D. to her own detriment when it tries to pass off an obvious impostor as her missing child.,changeling,Changeling,Grief-stricken mother Christine Collins (Angelina Jolie) takes on the L.A.P.D. to her own detriment when it tries to pass off an obvious impostor as her missing child.,Grief-stricken mother Christine Collins (Angelina Jolie) takes on the L.A.P.D. to her own detriment when it tries to pass off an obvious impostor as her missing child.,Grief-stricken mother Christine Collins (Angelina Jolie) takes L.A.P.D. detriment tries pass obvious impostor missing child.,412
Shadow of a Doubt,1943,"Film-Noir, Thriller",108 min,7.8,"A young girl, overjoyed when her favorite uncle comes to visit the family, slowly begins to suspect that he is in fact the ""Merry Widow"" killer sought by the authorities.",shadow of a doubt,Shadow of a Doubt,"A young girl, overjoyed when her favorite uncle comes to visit the family, slowly begins to suspect that he is in fact the ""Merry Widow"" killer sought by the authorities.","A young girl, overjoyed when her favorite uncle comes to visit the family, slowly begins to suspect that he is in fact the ""Merry Widow"" killer sought by the authorities.","A young girl, overjoyed favorite uncle comes visit family, slowly begins suspect fact ""Merry Widow"" killer sought authorities.",413
Wind River,2017,"Crime, Drama, Mystery",107 min,7.7,A veteran hunter helps an FBI agent investigate the murder of a young woman on a Wyoming Native American reservation.,wind river,Wind River,A veteran hunter helps an FBI agent investigate the murder of a young woman on a Wyoming Native American reservation.,A veteran hunter helps an FBI agent investigate the murder of a young woman on a Wyoming Native American reservation.,A veteran hunter helps FBI agent investigate murder young woman Wyoming Native American reservation.,414
Ghostbusters,1984,"Action, Comedy, Fantasy",105 min,7.8,Three former parapsychology professors set up shop as a unique ghost removal service.,ghostbusters,Ghostbusters,Three former parapsychology professors set up shop as a unique ghost removal service.,Three former parapsychology professors set up shop as a unique ghost removal service.,Three former parapsychology professors set shop unique ghost removal service.,415
Lethal Weapon,1987,"Action, Crime, Thriller",109 min,7.6,Two newly paired cops who are complete opposites must put aside their differences in order to catch a gang of drug smugglers.,lethal weapon,Lethal Weapon,Two newly paired cops who are complete opposites must put aside their differences in order to catch a gang of drug smugglers.,Two newly paired cops who are complete opposites must put aside their differences in order to catch a gang of drug smugglers.,Two newly paired cops complete opposites must put aside differences order catch gang drug smugglers.,416
Boogie Nights,1997,Drama,155 min,7.9,"Back when sex was safe, pleasure was a business and business was booming, an idealistic porn producer aspires to elevate his craft to an art when he discovers a hot young talent.",boogie nights,Boogie Nights,"Back when sex was safe, pleasure was a business and business was booming, an idealistic porn producer aspires to elevate his craft to an art when he discovers a hot young talent.","Back when sex was safe, pleasure was a business and business was booming, an idealistic porn producer aspires to elevate his craft to an art when he discovers a hot young talent.","Back sex safe, pleasure business business booming, idealistic porn producer aspires elevate craft art discovers hot young talent.",417
The Muppet Movie,1979,"Adventure, Comedy, Family",95 min,7.6,"Kermit and his newfound friends trek across America to find success in Hollywood, but a frog legs merchant is after Kermit.",the muppet movie,The Muppet Movie,"Kermit and his newfound friends trek across America to find success in Hollywood, but a frog legs merchant is after Kermit.","Kermit and his newfound friends trek across America to find success in Hollywood, but a frog legs merchant is after Kermit.","Kermit newfound friends trek across America find success Hollywood, frog legs merchant Kermit.",418
Nuovo Cinema Paradiso,1988,"Drama, Romance",155 min,8.5,A filmmaker recalls his childhood when falling in love with the pictures at the cinema of his home village and forms a deep friendship with the cinema's projectionist.,nuovo cinema paradiso,Nuovo Cinema Paradiso,A filmmaker recalls his childhood when falling in love with the pictures at the cinema of his home village and forms a deep friendship with the cinema's projectionist.,A filmmaker recalls his childhood when falling in love with the pictures at the cinema of his home village and forms a deep friendship with the cinema's projectionist.,A filmmaker recalls childhood falling love pictures cinema home village forms deep friendship cinema's projectionist.,419
Celda 211,2009,"Action, Adventure, Crime",113 min,7.6,"The story of two men on different sides of a prison riot -- the inmate leading the rebellion and the young guard trapped in the revolt, who poses as a prisoner in a desperate attempt to survive the ordeal.",celda 211,Celda 211,"The story of two men on different sides of a prison riot -- the inmate leading the rebellion and the young guard trapped in the revolt, who poses as a prisoner in a desperate attempt to survive the ordeal.","The story of two men on different sides of a prison riot -- the inmate leading the rebellion and the young guard trapped in the revolt, who poses as a prisoner in a desperate attempt to survive the ordeal.","The story two men different sides prison riot -- inmate leading rebellion young guard trapped revolt, poses prisoner desperate attempt survive ordeal.",420
Der Untergang,2004,"Biography, Drama, History",156 min,8.2,"Traudl Junge, the final secretary for Adolf Hitler, tells of the Nazi dictator's final days in his Berlin bunker at the end of WWII.",der untergang,Der Untergang,"Traudl Junge, the final secretary for Adolf Hitler, tells of the Nazi dictator's final days in his Berlin bunker at the end of WWII.","Traudl Junge, the final secretary for Adolf Hitler, tells of the Nazi dictator's final days in his Berlin bunker at the end of WWII.","Traudl Junge, final secretary Adolf Hitler, tells Nazi dictator's final days Berlin bunker end WWII.",421
Deliverance,1972,"Adventure, Drama, Thriller",109 min,7.7,"Intent on seeing the Cahulawassee River before it's dammed and turned into a lake, outdoor fanatic Lewis Medlock takes his friends on a canoeing trip they'll never forget into the dangerous American back-country.",deliverance,Deliverance,"Intent on seeing the Cahulawassee River before it's dammed and turned into a lake, outdoor fanatic Lewis Medlock takes his friends on a canoeing trip they'll never forget into the dangerous American back-country.","Intent on seeing the Cahulawassee River before it's dammed and turned into a lake, outdoor fanatic Lewis Medlock takes his friends on a canoeing trip they'll never forget into the dangerous American back-country.","Intent seeing Cahulawassee River dammed turned lake, outdoor fanatic Lewis Medlock takes friends canoeing trip they'll never forget dangerous American back-country.",422
Die Hard,1988,"Action, Thriller",132 min,8.2,An NYPD officer tries to save his wife and several others taken hostage by German terrorists during a Christmas party at the Nakatomi Plaza in Los Angeles.,die hard,Die Hard,An NYPD officer tries to save his wife and several others taken hostage by German terrorists during a Christmas party at the Nakatomi Plaza in Los Angeles.,An NYPD officer tries to save his wife and several others taken hostage by German terrorists during a Christmas party at the Nakatomi Plaza in Los Angeles.,An NYPD officer tries save wife several others taken hostage German terrorists Christmas party Nakatomi Plaza Los Angeles.,423
Star Wars: Episode V - The Empire Strikes Back,1980,"Action, Adventure, Fantasy",124 min,8.7,"After the Rebels are brutally overpowered by the Empire on the ice planet Hoth, Luke Skywalker begins Jedi training with Yoda, while his friends are pursued by Darth Vader and a bounty hunter named Boba Fett all over the galaxy.",star wars: episode v - the empire strikes back,Star Wars Episode V  The Empire Strikes Back,"After the Rebels are brutally overpowered by the Empire on the ice planet Hoth, Luke Skywalker begins Jedi training with Yoda, while his friends are pursued by Darth Vader and a bounty hunter named Boba Fett all over the galaxy.","After the Rebels are brutally overpowered by the Empire on the ice planet Hoth, Luke Skywalker begins Jedi training with Yoda, while his friends are pursued by Darth Vader and a bounty hunter named Boba Fett all over the galaxy.","After Rebels brutally overpowered Empire ice planet Hoth, Luke Skywalker begins Jedi training Yoda, friends pursued Darth Vader bounty hunter named Boba Fett galaxy.",424
The Bourne Identity,2002,"Action, Mystery, Thriller",119 min,7.9,"A man is picked up by a fishing boat, bullet-riddled and suffering from amnesia, before racing to elude assassins and attempting to regain his memory.",the bourne identity,The Bourne Identity,"A man is picked up by a fishing boat, bullet-riddled and suffering from amnesia, before racing to elude assassins and attempting to regain his memory.","A man is picked up by a fishing boat, bullet-riddled and suffering from amnesia, before racing to elude assassins and attempting to regain his memory.","A man picked fishing boat, bullet-riddled suffering amnesia, racing elude assassins attempting regain memory.",425
Once Upon a Time in the West,1968,Western,165 min,8.5,A mysterious stranger with a harmonica joins forces with a notorious desperado to protect a beautiful widow from a ruthless assassin working for the railroad.,once upon a time in the west,Once Upon a Time in the West,A mysterious stranger with a harmonica joins forces with a notorious desperado to protect a beautiful widow from a ruthless assassin working for the railroad.,A mysterious stranger with a harmonica joins forces with a notorious desperado to protect a beautiful widow from a ruthless assassin working for the railroad.,A mysterious stranger harmonica joins forces notorious desperado protect beautiful widow ruthless assassin working railroad.,426
Omohide poro poro,1991,"Animation, Drama, Romance",118 min,7.6,A twenty-seven-year-old office worker travels to the countryside while reminiscing about her childhood in Tokyo.,omohide poro poro,Omohide poro poro,A twenty-seven-year-old office worker travels to the countryside while reminiscing about her childhood in Tokyo.,A twenty-seven-year-old office worker travels to the countryside while reminiscing about her childhood in Tokyo.,A twenty-seven-year-old office worker travels countryside reminiscing childhood Tokyo.,427
Finding Neverland,2004,"Biography, Drama, Family",106 min,7.6,The story of Sir J.M. Barrie's friendship with a family who inspired him to create Peter Pan.,finding neverland,Finding Neverland,The story of Sir J.M. Barrie's friendship with a family who inspired him to create Peter Pan.,The story of Sir J.M. Barrie's friendship with a family who inspired him to create Peter Pan.,The story Sir J.M. Barrie's friendship family inspired create Peter Pan.,428
Mulholland Dr.,2001,"Drama, Mystery, Thriller",147 min,7.9,"After a car wreck on the winding Mulholland Drive renders a woman amnesiac, she and a perky Hollywood-hopeful search for clues and answers across Los Angeles in a twisting venture beyond dreams and reality.",mulholland dr.,Mulholland Dr,"After a car wreck on the winding Mulholland Drive renders a woman amnesiac, she and a perky Hollywood-hopeful search for clues and answers across Los Angeles in a twisting venture beyond dreams and reality.","After a car wreck on the winding Mulholland Drive renders a woman amnesiac, she and a perky Hollywood-hopeful search for clues and answers across Los Angeles in a twisting venture beyond dreams and reality.","After car wreck winding Mulholland Drive renders woman amnesiac, perky Hollywood-hopeful search clues answers across Los Angeles twisting venture beyond dreams reality.",429
The Hurricane,1999,"Biography, Drama, Sport",146 min,7.6,"The story of Rubin 'Hurricane' Carter, a boxer wrongly imprisoned for murder, and the people who aided in his fight to prove his innocence.",the hurricane,The Hurricane,"The story of Rubin 'Hurricane' Carter, a boxer wrongly imprisoned for murder, and the people who aided in his fight to prove his innocence.","The story of Rubin 'Hurricane' Carter, a boxer wrongly imprisoned for murder, and the people who aided in his fight to prove his innocence.","The story Rubin 'Hurricane' Carter, boxer wrongly imprisoned murder, people aided fight prove innocence.",430
Bir Zamanlar Anadolu'da,2011,"Crime, Drama",157 min,7.9,A group of men set out in search of a dead body in the Anatolian steppes.,bir zamanlar anadolu'da,Bir Zamanlar Anadoluda,A group of men set out in search of a dead body in the Anatolian steppes.,A group of men set out in search of a dead body in the Anatolian steppes.,A group men set search dead body Anatolian steppes.,431
Chinatown,1974,"Drama, Mystery, Thriller",130 min,8.1,"A private detective hired to expose an adulterer finds himself caught up in a web of deceit, corruption, and murder.",chinatown,Chinatown,"A private detective hired to expose an adulterer finds himself caught up in a web of deceit, corruption, and murder.","A private detective hired to expose an adulterer finds himself caught up in a web of deceit, corruption, and murder.","A private detective hired expose adulterer finds caught web deceit, corruption, murder.",432
Scarface: The Shame of the Nation,1932,"Action, Crime, Drama",93 min,7.8,"An ambitious and nearly insane violent gangster climbs the ladder of success in the mob, but his weaknesses prove to be his downfall.",scarface: the shame of the nation,Scarface The Shame of the Nation,"An ambitious and nearly insane violent gangster climbs the ladder of success in the mob, but his weaknesses prove to be his downfall.","An ambitious and nearly insane violent gangster climbs the ladder of success in the mob, but his weaknesses prove to be his downfall.","An ambitious nearly insane violent gangster climbs ladder success mob, weaknesses prove downfall.",433
Dark Waters,2019,"Biography, Drama, History",126 min,7.6,A corporate defense attorney takes on an environmental lawsuit against a chemical company that exposes a lengthy history of pollution.,dark waters,Dark Waters,A corporate defense attorney takes on an environmental lawsuit against a chemical company that exposes a lengthy history of pollution.,A corporate defense attorney takes on an environmental lawsuit against a chemical company that exposes a lengthy history of pollution.,A corporate defense attorney takes environmental lawsuit chemical company exposes lengthy history pollution.,434
Gran Torino,2008,Drama,116 min,8.1,"Disgruntled Korean War veteran Walt Kowalski sets out to reform his neighbor, Thao Lor, a Hmong teenager who tried to steal Kowalski's prized possession: a 1972 Gran Torino.",gran torino,Gran Torino,"Disgruntled Korean War veteran Walt Kowalski sets out to reform his neighbor, Thao Lor, a Hmong teenager who tried to steal Kowalski's prized possession: a 1972 Gran Torino.","Disgruntled Korean War veteran Walt Kowalski sets out to reform his neighbor, Thao Lor, a Hmong teenager who tried to steal Kowalski's prized possession: a 1972 Gran Torino.","Disgruntled Korean War veteran Walt Kowalski sets reform neighbor, Thao Lor, Hmong teenager tried steal Kowalski's prized possession: 1972 Gran Torino.",435
La vita è bella,1997,"Comedy, Drama, Romance",116 min,8.6,"When an open-minded Jewish librarian and his son become victims of the Holocaust, he uses a perfect mixture of will, humor, and imagination to protect his son from the dangers around their camp.",la vita è bella,La vita è bella,"When an open-minded Jewish librarian and his son become victims of the Holocaust, he uses a perfect mixture of will, humor, and imagination to protect his son from the dangers around their camp.","When an open-minded Jewish librarian and his son become victims of the Holocaust, he uses a perfect mixture of will, humor, and imagination to protect his son from the dangers around their camp.","When open-minded Jewish librarian son become victims Holocaust, uses perfect mixture will, humor, imagination protect son dangers around camp.",436
Lola rennt,1998,"Crime, Drama, Thriller",81 min,7.6,"After a botched money delivery, Lola has 20 minutes to come up with 100,000 Deutschmarks.",lola rennt,Lola rennt,"After a botched money delivery, Lola has 20 minutes to come up with 100,000 Deutschmarks.","After a botched money delivery, Lola has 20 minutes to come up with 100,000 Deutschmarks.","After botched money delivery, Lola 20 minutes come 100,000 Deutschmarks.",437
Anatomy of a Murder,1959,"Crime, Drama, Mystery",161 min,8.0,"In a murder trial, the defendant says he suffered temporary insanity after the victim raped his wife. What is the truth, and will he win his case?",anatomy of a murder,Anatomy of a Murder,"In a murder trial, the defendant says he suffered temporary insanity after the victim raped his wife. What is the truth, and will he win his case?","In a murder trial, the defendant says he suffered temporary insanity after the victim raped his wife. What is the truth, and will he win his case?","In murder trial, defendant says suffered temporary insanity victim raped wife. What truth, win case?",438
Minority Report,2002,"Action, Crime, Mystery",145 min,7.6,"In a future where a special police unit is able to arrest murderers before they commit their crimes, an officer from that unit is himself accused of a future murder.",minority report,Minority Report,"In a future where a special police unit is able to arrest murderers before they commit their crimes, an officer from that unit is himself accused of a future murder.","In a future where a special police unit is able to arrest murderers before they commit their crimes, an officer from that unit is himself accused of a future murder.","In future special police unit able arrest murderers commit crimes, officer unit accused future murder.",439
Sin City,2005,"Crime, Thriller",124 min,8.0,"A movie that explores the dark and miserable town, Basin City, tells the story of three different people, all caught up in violent corruption.",sin city,Sin City,"A movie that explores the dark and miserable town, Basin City, tells the story of three different people, all caught up in violent corruption.","A movie that explores the dark and miserable town, Basin City, tells the story of three different people, all caught up in violent corruption.","A movie explores dark miserable town, Basin City, tells story three different people, caught violent corruption.",440
Mary and Max,2009,"Animation, Comedy, Drama",92 min,8.1,"A tale of friendship between two unlikely pen pals: Mary, a lonely, eight-year-old girl living in the suburbs of Melbourne, and Max, a forty-four-year old, severely obese man living in New York.",mary and max,Mary and Max,"A tale of friendship between two unlikely pen pals: Mary, a lonely, eight-year-old girl living in the suburbs of Melbourne, and Max, a forty-four-year old, severely obese man living in New York.","A tale of friendship between two unlikely pen pals: Mary, a lonely, eight-year-old girl living in the suburbs of Melbourne, and Max, a forty-four-year old, severely obese man living in New York.","A tale friendship two unlikely pen pals: Mary, lonely, eight-year-old girl living suburbs Melbourne, Max, forty-four-year old, severely obese man living New York.",441
The Departed,2006,"Crime, Drama, Thriller",151 min,8.5,An undercover cop and a mole in the police attempt to identify each other while infiltrating an Irish gang in South Boston.,the departed,The Departed,An undercover cop and a mole in the police attempt to identify each other while infiltrating an Irish gang in South Boston.,An undercover cop and a mole in the police attempt to identify each other while infiltrating an Irish gang in South Boston.,An undercover cop mole police attempt identify infiltrating Irish gang South Boston.,442
The Bridges of Madison County,1995,"Drama, Romance",135 min,7.6,Photographer Robert Kincaid wanders into the life of housewife Francesca Johnson for four days in the 1960s.,the bridges of madison county,The Bridges of Madison County,Photographer Robert Kincaid wanders into the life of housewife Francesca Johnson for four days in the 1960s.,Photographer Robert Kincaid wanders into the life of housewife Francesca Johnson for four days in the 1960s.,Photographer Robert Kincaid wanders life housewife Francesca Johnson four days 1960s.,443
Kal Ho Naa Ho,2003,"Comedy, Drama, Musical",186 min,8.0,"Naina, an introverted, perpetually depressed girl's life changes when she meets Aman. But Aman has a secret of his own which changes their lives forever. Embroiled in all this is Rohit, Naina's best friend who conceals his love for her.",kal ho naa ho,Kal Ho Naa Ho,"Naina, an introverted, perpetually depressed girl's life changes when she meets Aman. But Aman has a secret of his own which changes their lives forever. Embroiled in all this is Rohit, Naina's best friend who conceals his love for her.","Naina, an introverted, perpetually depressed girl's life changes when she meets Aman. But Aman has a secret of his own which changes their lives forever. Embroiled in all this is Rohit, Naina's best friend who conceals his love for her.","Naina, introverted, perpetually depressed girl's life changes meets Aman. But Aman secret changes lives forever. Embroiled Rohit, Naina's best friend conceals love her.",444
Isle of Dogs,2018,"Animation, Adventure, Comedy",101 min,7.9,"Set in Japan, Isle of Dogs follows a boy's odyssey in search of his lost dog.",isle of dogs,Isle of Dogs,"Set in Japan, Isle of Dogs follows a boy's odyssey in search of his lost dog.","Set in Japan, Isle of Dogs follows a boy's odyssey in search of his lost dog.","Set Japan, Isle Dogs follows boy's odyssey search lost dog.",445
Trois couleurs: Blanc,1994,"Comedy, Drama, Romance",92 min,7.6,"After his wife divorces him, a Polish immigrant plots to get even with her.",trois couleurs: blanc,Trois couleurs Blanc,"After his wife divorces him, a Polish immigrant plots to get even with her.","After his wife divorces him, a Polish immigrant plots to get even with her.","After wife divorces him, Polish immigrant plots get even her.",446
Enter the Dragon,1973,"Action, Crime, Drama",102 min,7.7,A secret agent comes to an opium lord's island fortress with other fighters for a martial-arts tournament.,enter the dragon,Enter the Dragon,A secret agent comes to an opium lord's island fortress with other fighters for a martial-arts tournament.,A secret agent comes to an opium lord's island fortress with other fighters for a martial-arts tournament.,A secret agent comes opium lord's island fortress fighters martial-arts tournament.,447
Mary Poppins,1964,"Comedy, Family, Fantasy",139 min,7.8,"In turn of the century London, a magical nanny employs music and adventure to help two neglected children become closer to their father.",mary poppins,Mary Poppins,"In turn of the century London, a magical nanny employs music and adventure to help two neglected children become closer to their father.","In turn of the century London, a magical nanny employs music and adventure to help two neglected children become closer to their father.","In turn century London, magical nanny employs music adventure help two neglected children become closer father.",448
Ordinary People,1980,Drama,124 min,7.7,"The accidental death of the older son of an affluent family deeply strains the relationships among the bitter mother, the good-natured father, and the guilt-ridden younger son.",ordinary people,Ordinary People,"The accidental death of the older son of an affluent family deeply strains the relationships among the bitter mother, the good-natured father, and the guilt-ridden younger son.","The accidental death of the older son of an affluent family deeply strains the relationships among the bitter mother, the good-natured father, and the guilt-ridden younger son.","The accidental death older son affluent family deeply strains relationships among bitter mother, good-natured father, guilt-ridden younger son.",449
Sherlock Jr.,1924,"Action, Comedy, Romance",45 min,8.2,"A film projectionist longs to be a detective, and puts his meagre skills to work when he is framed by a rival for stealing his girlfriend's father's pocketwatch.",sherlock jr.,Sherlock Jr,"A film projectionist longs to be a detective, and puts his meagre skills to work when he is framed by a rival for stealing his girlfriend's father's pocketwatch.","A film projectionist longs to be a detective, and puts his meagre skills to work when he is framed by a rival for stealing his girlfriend's father's pocketwatch.","A film projectionist longs detective, puts meagre skills work framed rival stealing girlfriend's father's pocketwatch.",450
Where Eagles Dare,1968,"Action, Adventure, War",158 min,7.7,"Allied agents stage a daring raid on a castle where the Nazis are holding American brigadier general George Carnaby prisoner, but that's not all that's really going on.",where eagles dare,Where Eagles Dare,"Allied agents stage a daring raid on a castle where the Nazis are holding American brigadier general George Carnaby prisoner, but that's not all that's really going on.","Allied agents stage a daring raid on a castle where the Nazis are holding American brigadier general George Carnaby prisoner, but that's not all that's really going on.","Allied agents stage daring raid castle Nazis holding American brigadier general George Carnaby prisoner, that's that's really going on.",451
Peeping Tom,1960,"Drama, Horror, Thriller",101 min,7.7,"A young man murders women, using a movie camera to film their dying expressions of terror.",peeping tom,Peeping Tom,"A young man murders women, using a movie camera to film their dying expressions of terror.","A young man murders women, using a movie camera to film their dying expressions of terror.","A young man murders women, using movie camera film dying expressions terror.",452
Shaun of the Dead,2004,"Comedy, Horror",99 min,7.9,A man's uneventful life is disrupted by the zombie apocalypse.,shaun of the dead,Shaun of the Dead,A man's uneventful life is disrupted by the zombie apocalypse.,A man's uneventful life is disrupted by the zombie apocalypse.,A man's uneventful life disrupted zombie apocalypse.,453
Dazed and Confused,1993,Comedy,102 min,7.6,The adventures of high school and junior high students on the last day of school in May 1976.,dazed and confused,Dazed and Confused,The adventures of high school and junior high students on the last day of school in May 1976.,The adventures of high school and junior high students on the last day of school in May 1976.,The adventures high school junior high students last day school May 1976.,454
Withnail & I,1987,"Comedy, Drama",107 min,7.7,"In 1969, two substance-abusing, unemployed actors retreat to the countryside for a holiday that proves disastrous.",withnail & i,Withnail  I,"In 1969, two substance-abusing, unemployed actors retreat to the countryside for a holiday that proves disastrous.","In 1969, two substance-abusing, unemployed actors retreat to the countryside for a holiday that proves disastrous.","In 1969, two substance-abusing, unemployed actors retreat countryside holiday proves disastrous.",455
M.S. Dhoni: The Untold Story,2016,"Biography, Drama, Sport",184 min,7.8,The untold story of Mahendra Singh Dhoni's journey from ticket collector to trophy collector - the world-cup-winning captain of the Indian Cricket Team.,m.s. dhoni: the untold story,MS Dhoni The Untold Story,The untold story of Mahendra Singh Dhoni's journey from ticket collector to trophy collector - the world-cup-winning captain of the Indian Cricket Team.,The untold story of Mahendra Singh Dhoni's journey from ticket collector to trophy collector - the world-cup-winning captain of the Indian Cricket Team.,The untold story Mahendra Singh Dhoni's journey ticket collector trophy collector - world-cup-winning captain Indian Cricket Team.,456
Falling Down,1993,"Action, Crime, Drama",113 min,7.6,An ordinary man frustrated with the various flaws he sees in society begins to psychotically and violently lash out against them.,falling down,Falling Down,An ordinary man frustrated with the various flaws he sees in society begins to psychotically and violently lash out against them.,An ordinary man frustrated with the various flaws he sees in society begins to psychotically and violently lash out against them.,An ordinary man frustrated various flaws sees society begins psychotically violently lash them.,457
L.A. Confidential,1997,"Crime, Drama, Mystery",138 min,8.2,"As corruption grows in 1950s Los Angeles, three policemen - one strait-laced, one brutal, and one sleazy - investigate a series of murders with their own brand of justice.",l.a. confidential,LA Confidential,"As corruption grows in 1950s Los Angeles, three policemen - one strait-laced, one brutal, and one sleazy - investigate a series of murders with their own brand of justice.","As corruption grows in 1950s Los Angeles, three policemen - one strait-laced, one brutal, and one sleazy - investigate a series of murders with their own brand of justice.","As corruption grows 1950s Los Angeles, three policemen - one strait-laced, one brutal, one sleazy - investigate series murders brand justice.",458
Kick-Ass,2010,"Action, Comedy, Crime",117 min,7.6,"Dave Lizewski is an unnoticed high school student and comic book fan who one day decides to become a superhero, even though he has no powers, training or meaningful reason to do so.",kick-ass,KickAss,"Dave Lizewski is an unnoticed high school student and comic book fan who one day decides to become a superhero, even though he has no powers, training or meaningful reason to do so.","Dave Lizewski is an unnoticed high school student and comic book fan who one day decides to become a superhero, even though he has no powers, training or meaningful reason to do so.","Dave Lizewski unnoticed high school student comic book fan one day decides become superhero, even though powers, training meaningful reason so.",459
V for Vendetta,2005,"Action, Drama, Sci-Fi",132 min,8.2,"In a future British tyranny, a shadowy freedom fighter, known only by the alias of ""V"", plots to overthrow it with the help of a young woman.",v for vendetta,V for Vendetta,"In a future British tyranny, a shadowy freedom fighter, known only by the alias of ""V"", plots to overthrow it with the help of a young woman.","In a future British tyranny, a shadowy freedom fighter, known only by the alias of ""V"", plots to overthrow it with the help of a young woman.","In future British tyranny, shadowy freedom fighter, known alias ""V"", plots overthrow help young woman.",460
Happiness,1998,"Comedy, Drama",134 min,7.7,"The lives of several individuals intertwine as they go about their lives in their own unique ways, engaging in acts society as a whole might find disturbing in a desperate search for human connection.",happiness,Happiness,"The lives of several individuals intertwine as they go about their lives in their own unique ways, engaging in acts society as a whole might find disturbing in a desperate search for human connection.","The lives of several individuals intertwine as they go about their lives in their own unique ways, engaging in acts society as a whole might find disturbing in a desperate search for human connection.","The lives several individuals intertwine go lives unique ways, engaging acts society whole might find disturbing desperate search human connection.",461
Blowup,1966,"Drama, Mystery, Thriller",111 min,7.6,A fashion photographer unknowingly captures a death on film after following two lovers in a park.,blowup,Blowup,A fashion photographer unknowingly captures a death on film after following two lovers in a park.,A fashion photographer unknowingly captures a death on film after following two lovers in a park.,A fashion photographer unknowingly captures death film following two lovers park.,462
Harry Potter and the Deathly Hallows: Part 1,2010,"Adventure, Family, Fantasy",146 min,7.7,"As Harry, Ron, and Hermione race against time and evil to destroy the Horcruxes, they uncover the existence of the three most powerful objects in the wizarding world: the Deathly Hallows.",harry potter and the deathly hallows: part 1,Harry Potter and the Deathly Hallows Part 1,"As Harry, Ron, and Hermione race against time and evil to destroy the Horcruxes, they uncover the existence of the three most powerful objects in the wizarding world: the Deathly Hallows.","As Harry, Ron, and Hermione race against time and evil to destroy the Horcruxes, they uncover the existence of the three most powerful objects in the wizarding world: the Deathly Hallows.","As Harry, Ron, Hermione race time evil destroy Horcruxes, uncover existence three powerful objects wizarding world: Deathly Hallows.",463
Taxi Driver,1976,"Crime, Drama",114 min,8.3,"A mentally unstable veteran works as a nighttime taxi driver in New York City, where the perceived decadence and sleaze fuels his urge for violent action by attempting to liberate a presidential campaign worker and an underage prostitute.",taxi driver,Taxi Driver,"A mentally unstable veteran works as a nighttime taxi driver in New York City, where the perceived decadence and sleaze fuels his urge for violent action by attempting to liberate a presidential campaign worker and an underage prostitute.","A mentally unstable veteran works as a nighttime taxi driver in New York City, where the perceived decadence and sleaze fuels his urge for violent action by attempting to liberate a presidential campaign worker and an underage prostitute.","A mentally unstable veteran works nighttime taxi driver New York City, perceived decadence sleaze fuels urge violent action attempting liberate presidential campaign worker underage prostitute.",464
Harry Potter and the Deathly Hallows: Part 2,2011,"Adventure, Drama, Fantasy",130 min,8.1,"Harry, Ron, and Hermione search for Voldemort's remaining Horcruxes in their effort to destroy the Dark Lord as the final battle rages on at Hogwarts.",harry potter and the deathly hallows: part 2,Harry Potter and the Deathly Hallows Part 2,"Harry, Ron, and Hermione search for Voldemort's remaining Horcruxes in their effort to destroy the Dark Lord as the final battle rages on at Hogwarts.","Harry, Ron, and Hermione search for Voldemort's remaining Horcruxes in their effort to destroy the Dark Lord as the final battle rages on at Hogwarts.","Harry, Ron, Hermione search Voldemort's remaining Horcruxes effort destroy Dark Lord final battle rages Hogwarts.",465
E.T. the Extra-Terrestrial,1982,"Family, Sci-Fi",115 min,7.8,A troubled child summons the courage to help a friendly alien escape Earth and return to his home world.,e.t. the extra-terrestrial,ET the ExtraTerrestrial,A troubled child summons the courage to help a friendly alien escape Earth and return to his home world.,A troubled child summons the courage to help a friendly alien escape Earth and return to his home world.,A troubled child summons courage help friendly alien escape Earth return home world.,466
Reservoir Dogs,1992,"Crime, Drama, Thriller",99 min,8.3,"When a simple jewelry heist goes horribly wrong, the surviving criminals begin to suspect that one of them is a police informant.",reservoir dogs,Reservoir Dogs,"When a simple jewelry heist goes horribly wrong, the surviving criminals begin to suspect that one of them is a police informant.","When a simple jewelry heist goes horribly wrong, the surviving criminals begin to suspect that one of them is a police informant.","When simple jewelry heist goes horribly wrong, surviving criminals begin suspect one police informant.",467
The Last Picture Show,1971,"Drama, Romance",118 min,8.0,"In 1951, a group of high schoolers come of age in a bleak, isolated, atrophied North Texas town that is slowly dying, both culturally and economically.",the last picture show,The Last Picture Show,"In 1951, a group of high schoolers come of age in a bleak, isolated, atrophied North Texas town that is slowly dying, both culturally and economically.","In 1951, a group of high schoolers come of age in a bleak, isolated, atrophied North Texas town that is slowly dying, both culturally and economically.","In 1951, group high schoolers come age bleak, isolated, atrophied North Texas town slowly dying, culturally economically.",468
The Exorcist,1973,Horror,122 min,8.0,"When a 12-year-old girl is possessed by a mysterious entity, her mother seeks the help of two priests to save her.",the exorcist,The Exorcist,"When a 12-year-old girl is possessed by a mysterious entity, her mother seeks the help of two priests to save her.","When a 12-year-old girl is possessed by a mysterious entity, her mother seeks the help of two priests to save her.","When 12-year-old girl possessed mysterious entity, mother seeks help two priests save her.",469
The Hangover,2009,Comedy,100 min,7.7,"Three buddies wake up from a bachelor party in Las Vegas, with no memory of the previous night and the bachelor missing. They make their way around the city in order to find their friend before his wedding.",the hangover,The Hangover,"Three buddies wake up from a bachelor party in Las Vegas, with no memory of the previous night and the bachelor missing. They make their way around the city in order to find their friend before his wedding.","Three buddies wake up from a bachelor party in Las Vegas, with no memory of the previous night and the bachelor missing. They make their way around the city in order to find their friend before his wedding.","Three buddies wake bachelor party Las Vegas, memory previous night bachelor missing. They make way around city order find friend wedding.",470
Loving Vincent,2017,"Animation, Biography, Crime",94 min,7.8,"In a story depicted in oil painted animation, a young man comes to the last hometown of painter Vincent van Gogh (Robert Gulaczyk) to deliver the troubled artist's final letter and ends up investigating his final days there.",loving vincent,Loving Vincent,"In a story depicted in oil painted animation, a young man comes to the last hometown of painter Vincent van Gogh (Robert Gulaczyk) to deliver the troubled artist's final letter and ends up investigating his final days there.","In a story depicted in oil painted animation, a young man comes to the last hometown of painter Vincent van Gogh (Robert Gulaczyk) to deliver the troubled artist's final letter and ends up investigating his final days there.","In story depicted oil painted animation, young man comes last hometown painter Vincent van Gogh (Robert Gulaczyk) deliver troubled artist's final letter ends investigating final days there.",471
Lost in Translation,2003,"Comedy, Drama",102 min,7.7,A faded movie star and a neglected young woman form an unlikely bond after crossing paths in Tokyo.,lost in translation,Lost in Translation,A faded movie star and a neglected young woman form an unlikely bond after crossing paths in Tokyo.,A faded movie star and a neglected young woman form an unlikely bond after crossing paths in Tokyo.,A faded movie star neglected young woman form unlikely bond crossing paths Tokyo.,472
Majo no takkyûbin,1989,"Animation, Adventure, Drama",103 min,7.8,"A young witch, on her mandatory year of independent life, finds fitting into a new community difficult while she supports herself by running an air courier service.",majo no takkyûbin,Majo no takkyûbin,"A young witch, on her mandatory year of independent life, finds fitting into a new community difficult while she supports herself by running an air courier service.","A young witch, on her mandatory year of independent life, finds fitting into a new community difficult while she supports herself by running an air courier service.","A young witch, mandatory year independent life, finds fitting new community difficult supports running air courier service.",473
Vertigo,1958,"Mystery, Romance, Thriller",128 min,8.3,A former police detective juggles wrestling with his personal demons and becoming obsessed with a hauntingly beautiful woman.,vertigo,Vertigo,A former police detective juggles wrestling with his personal demons and becoming obsessed with a hauntingly beautiful woman.,A former police detective juggles wrestling with his personal demons and becoming obsessed with a hauntingly beautiful woman.,A former police detective juggles wrestling personal demons becoming obsessed hauntingly beautiful woman.,474
Capharnaüm,2018,Drama,126 min,8.4,"While serving a five-year sentence for a violent crime, a 12-year-old boy sues his parents for neglect.",capharnaüm,Capharnaüm,"While serving a five-year sentence for a violent crime, a 12-year-old boy sues his parents for neglect.","While serving a five-year sentence for a violent crime, a 12-year-old boy sues his parents for neglect.","While serving five-year sentence violent crime, 12-year-old boy sues parents neglect.",475
Toy Story 3,2010,"Animation, Adventure, Comedy",103 min,8.2,"The toys are mistakenly delivered to a day-care center instead of the attic right before Andy leaves for college, and it's up to Woody to convince the other toys that they weren't abandoned and to return home.",toy story 3,Toy Story 3,"The toys are mistakenly delivered to a day-care center instead of the attic right before Andy leaves for college, and it's up to Woody to convince the other toys that they weren't abandoned and to return home.","The toys are mistakenly delivered to a day-care center instead of the attic right before Andy leaves for college, and it's up to Woody to convince the other toys that they weren't abandoned and to return home.","The toys mistakenly delivered day-care center instead attic right Andy leaves college, Woody convince toys abandoned return home.",476
Do the Right Thing,1989,"Comedy, Drama",120 min,8.0,"On the hottest day of the year on a street in the Bedford-Stuyvesant section of Brooklyn, everyone's hate and bigotry smolders and builds until it explodes into violence.",do the right thing,Do the Right Thing,"On the hottest day of the year on a street in the Bedford-Stuyvesant section of Brooklyn, everyone's hate and bigotry smolders and builds until it explodes into violence.","On the hottest day of the year on a street in the Bedford-Stuyvesant section of Brooklyn, everyone's hate and bigotry smolders and builds until it explodes into violence.","On hottest day year street Bedford-Stuyvesant section Brooklyn, everyone's hate bigotry smolders builds explodes violence.",477
The Royal Tenenbaums,2001,"Comedy, Drama",110 min,7.6,The eccentric members of a dysfunctional family reluctantly gather under the same roof for various reasons.,the royal tenenbaums,The Royal Tenenbaums,The eccentric members of a dysfunctional family reluctantly gather under the same roof for various reasons.,The eccentric members of a dysfunctional family reluctantly gather under the same roof for various reasons.,The eccentric members dysfunctional family reluctantly gather roof various reasons.,478
PK,2014,"Comedy, Drama, Musical",153 min,8.1,An alien on Earth loses the only device he can use to communicate with his spaceship. His innocent nature and child-like questions force the country to evaluate the impact of religion on its people.,pk,PK,An alien on Earth loses the only device he can use to communicate with his spaceship. His innocent nature and child-like questions force the country to evaluate the impact of religion on its people.,An alien on Earth loses the only device he can use to communicate with his spaceship. His innocent nature and child-like questions force the country to evaluate the impact of religion on its people.,An alien Earth loses device use communicate spaceship. His innocent nature child-like questions force country evaluate impact religion people.,479
What's Eating Gilbert Grape,1993,Drama,118 min,7.8,A young man in a small Midwestern town struggles to care for his mentally-disabled younger brother and morbidly obese mother while attempting to pursue his own happiness.,what's eating gilbert grape,Whats Eating Gilbert Grape,A young man in a small Midwestern town struggles to care for his mentally-disabled younger brother and morbidly obese mother while attempting to pursue his own happiness.,A young man in a small Midwestern town struggles to care for his mentally-disabled younger brother and morbidly obese mother while attempting to pursue his own happiness.,A young man small Midwestern town struggles care mentally-disabled younger brother morbidly obese mother attempting pursue happiness.,480
Rupan sansei: Kariosutoro no shiro,1979,"Animation, Adventure, Family",100 min,7.7,"A dashing thief, his gang of desperadoes and an intrepid policeman struggle to free a princess from an evil count's clutches, and learn the hidden secret to a fabulous treasure that she holds part of a key to.",rupan sansei: kariosutoro no shiro,Rupan sansei Kariosutoro no shiro,"A dashing thief, his gang of desperadoes and an intrepid policeman struggle to free a princess from an evil count's clutches, and learn the hidden secret to a fabulous treasure that she holds part of a key to.","A dashing thief, his gang of desperadoes and an intrepid policeman struggle to free a princess from an evil count's clutches, and learn the hidden secret to a fabulous treasure that she holds part of a key to.","A dashing thief, gang desperadoes intrepid policeman struggle free princess evil count's clutches, learn hidden secret fabulous treasure holds part key to.",481
Death Note: Desu nôto,2006,"Crime, Drama, Fantasy",126 min,7.7,"A battle between the world's two greatest minds begins when Light Yagami finds the Death Note, a notebook with the power to kill, and decides to rid the world of criminals.",death note: desu nôto,Death Note Desu nôto,"A battle between the world's two greatest minds begins when Light Yagami finds the Death Note, a notebook with the power to kill, and decides to rid the world of criminals.","A battle between the world's two greatest minds begins when Light Yagami finds the Death Note, a notebook with the power to kill, and decides to rid the world of criminals.","A battle world's two greatest minds begins Light Yagami finds Death Note, notebook power kill, decides rid world criminals.",482
Inception,2010,"Action, Adventure, Sci-Fi",148 min,8.8,A thief who steals corporate secrets through the use of dream-sharing technology is given the inverse task of planting an idea into the mind of a C.E.O.,inception,Inception,A thief who steals corporate secrets through the use of dream-sharing technology is given the inverse task of planting an idea into the mind of a C.E.O.,A thief who steals corporate secrets through the use of dream-sharing technology is given the inverse task of planting an idea into the mind of a C.E.O.,A thief steals corporate secrets use dream-sharing technology given inverse task planting idea mind C.E.O.,483
The Fifth Element,1997,"Action, Adventure, Sci-Fi",126 min,7.7,"In the colorful future, a cab driver unwittingly becomes the central figure in the search for a legendary cosmic weapon to keep Evil and Mr. Zorg at bay.",the fifth element,The Fifth Element,"In the colorful future, a cab driver unwittingly becomes the central figure in the search for a legendary cosmic weapon to keep Evil and Mr. Zorg at bay.","In the colorful future, a cab driver unwittingly becomes the central figure in the search for a legendary cosmic weapon to keep Evil and Mr. Zorg at bay.","In colorful future, cab driver unwittingly becomes central figure search legendary cosmic weapon keep Evil Mr. Zorg bay.",484
The Prestige,2006,"Drama, Mystery, Sci-Fi",130 min,8.5,"After a tragic accident, two stage magicians engage in a battle to create the ultimate illusion while sacrificing everything they have to outwit each other.",the prestige,The Prestige,"After a tragic accident, two stage magicians engage in a battle to create the ultimate illusion while sacrificing everything they have to outwit each other.","After a tragic accident, two stage magicians engage in a battle to create the ultimate illusion while sacrificing everything they have to outwit each other.","After tragic accident, two stage magicians engage battle create ultimate illusion sacrificing everything outwit other.",485
Brief Encounter,1945,"Drama, Romance",86 min,8.0,"Meeting a stranger in a railway station, a woman is tempted to cheat on her husband.",brief encounter,Brief Encounter,"Meeting a stranger in a railway station, a woman is tempted to cheat on her husband.","Meeting a stranger in a railway station, a woman is tempted to cheat on her husband.","Meeting stranger railway station, woman tempted cheat husband.",486
Shrek,2001,"Animation, Adventure, Comedy",90 min,7.8,"A mean lord exiles fairytale creatures to the swamp of a grumpy ogre, who must go on a quest and rescue a princess for the lord in order to get his land back.",shrek,Shrek,"A mean lord exiles fairytale creatures to the swamp of a grumpy ogre, who must go on a quest and rescue a princess for the lord in order to get his land back.","A mean lord exiles fairytale creatures to the swamp of a grumpy ogre, who must go on a quest and rescue a princess for the lord in order to get his land back.","A mean lord exiles fairytale creatures swamp grumpy ogre, must go quest rescue princess lord order get land back.",487
Fa yeung nin wah,2000,"Drama, Romance",98 min,8.1,"Two neighbors, a woman and a man, form a strong bond after both suspect extramarital activities of their spouses. However, they agree to keep their bond platonic so as not to commit similar wrongs.",fa yeung nin wah,Fa yeung nin wah,"Two neighbors, a woman and a man, form a strong bond after both suspect extramarital activities of their spouses. However, they agree to keep their bond platonic so as not to commit similar wrongs.","Two neighbors, a woman and a man, form a strong bond after both suspect extramarital activities of their spouses. However, they agree to keep their bond platonic so as not to commit similar wrongs.","Two neighbors, woman man, form strong bond suspect extramarital activities spouses. However, agree keep bond platonic commit similar wrongs.",488
Kumonosu-jô,1957,"Drama, History",110 min,8.1,"A war-hardened general, egged on by his ambitious wife, works to fulfill a prophecy that he would become lord of Spider's Web Castle.",kumonosu-jô,Kumonosujô,"A war-hardened general, egged on by his ambitious wife, works to fulfill a prophecy that he would become lord of Spider's Web Castle.","A war-hardened general, egged on by his ambitious wife, works to fulfill a prophecy that he would become lord of Spider's Web Castle.","A war-hardened general, egged ambitious wife, works fulfill prophecy would become lord Spider's Web Castle.",489
Star Trek Into Darkness,2013,"Action, Adventure, Sci-Fi",132 min,7.7,"After the crew of the Enterprise find an unstoppable force of terror from within their own organization, Captain Kirk leads a manhunt to a war-zone world to capture a one-man weapon of mass destruction.",star trek into darkness,Star Trek Into Darkness,"After the crew of the Enterprise find an unstoppable force of terror from within their own organization, Captain Kirk leads a manhunt to a war-zone world to capture a one-man weapon of mass destruction.","After the crew of the Enterprise find an unstoppable force of terror from within their own organization, Captain Kirk leads a manhunt to a war-zone world to capture a one-man weapon of mass destruction.","After crew Enterprise find unstoppable force terror within organization, Captain Kirk leads manhunt war-zone world capture one-man weapon mass destruction.",490
Sound of Metal,2019,"Drama, Music",120 min,7.8,A heavy-metal drummer's life is thrown into freefall when he begins to lose his hearing.,sound of metal,Sound of Metal,A heavy-metal drummer's life is thrown into freefall when he begins to lose his hearing.,A heavy-metal drummer's life is thrown into freefall when he begins to lose his hearing.,A heavy-metal drummer's life thrown freefall begins lose hearing.,491
Avatar,2009,"Action, Adventure, Fantasy",162 min,7.8,A paraplegic Marine dispatched to the moon Pandora on a unique mission becomes torn between following his orders and protecting the world he feels is his home.,avatar,Avatar,A paraplegic Marine dispatched to the moon Pandora on a unique mission becomes torn between following his orders and protecting the world he feels is his home.,A paraplegic Marine dispatched to the moon Pandora on a unique mission becomes torn between following his orders and protecting the world he feels is his home.,A paraplegic Marine dispatched moon Pandora unique mission becomes torn following orders protecting world feels home.,492
Me and Earl and the Dying Girl,2015,"Comedy, Drama",105 min,7.7,"High schooler Greg, who spends most of his time making parodies of classic movies with his co-worker Earl, finds his outlook forever altered after befriending a classmate who has just been diagnosed with cancer.",me and earl and the dying girl,Me and Earl and the Dying Girl,"High schooler Greg, who spends most of his time making parodies of classic movies with his co-worker Earl, finds his outlook forever altered after befriending a classmate who has just been diagnosed with cancer.","High schooler Greg, who spends most of his time making parodies of classic movies with his co-worker Earl, finds his outlook forever altered after befriending a classmate who has just been diagnosed with cancer.","High schooler Greg, spends time making parodies classic movies co-worker Earl, finds outlook forever altered befriending classmate diagnosed cancer.",493
Incredibles 2,2018,"Animation, Action, Adventure",118 min,7.6,The Incredibles family takes on a new mission which involves a change in family roles: Bob Parr (Mr. Incredible) must manage the house while his wife Helen (Elastigirl) goes out to save the world.,incredibles 2,Incredibles 2,The Incredibles family takes on a new mission which involves a change in family roles: Bob Parr (Mr. Incredible) must manage the house while his wife Helen (Elastigirl) goes out to save the world.,The Incredibles family takes on a new mission which involves a change in family roles: Bob Parr (Mr. Incredible) must manage the house while his wife Helen (Elastigirl) goes out to save the world.,The Incredibles family takes new mission involves change family roles: Bob Parr (Mr. Incredible) must manage house wife Helen (Elastigirl) goes save world.,494
Jurassic Park,1993,"Action, Adventure, Sci-Fi",127 min,8.1,A pragmatic paleontologist visiting an almost complete theme park is tasked with protecting a couple of kids after a power failure causes the park's cloned dinosaurs to run loose.,jurassic park,Jurassic Park,A pragmatic paleontologist visiting an almost complete theme park is tasked with protecting a couple of kids after a power failure causes the park's cloned dinosaurs to run loose.,A pragmatic paleontologist visiting an almost complete theme park is tasked with protecting a couple of kids after a power failure causes the park's cloned dinosaurs to run loose.,A pragmatic paleontologist visiting almost complete theme park tasked protecting couple kids power failure causes park's cloned dinosaurs run loose.,495
Das weiße Band - Eine deutsche Kindergeschichte,2009,"Drama, History, Mystery",144 min,7.8,"Strange events happen in a small village in the north of Germany during the years before World War I, which seem to be ritual punishment. Who is responsible?",das weiße band - eine deutsche kindergeschichte,Das weiße Band  Eine deutsche Kindergeschichte,"Strange events happen in a small village in the north of Germany during the years before World War I, which seem to be ritual punishment. Who is responsible?","Strange events happen in a small village in the north of Germany during the years before World War I, which seem to be ritual punishment. Who is responsible?","Strange events happen small village north Germany years World War I, seem ritual punishment. Who responsible?",496
Jungfrukällan,1960,Drama,89 min,8.1,"An innocent yet pampered young virgin and her family's pregnant and jealous servant set out to deliver candles to church, but only one returns from events that transpire in the woods along the way.",jungfrukällan,Jungfrukällan,"An innocent yet pampered young virgin and her family's pregnant and jealous servant set out to deliver candles to church, but only one returns from events that transpire in the woods along the way.","An innocent yet pampered young virgin and her family's pregnant and jealous servant set out to deliver candles to church, but only one returns from events that transpire in the woods along the way.","An innocent yet pampered young virgin family's pregnant jealous servant set deliver candles church, one returns events transpire woods along way.",497
Annie Hall,1977,"Comedy, Romance",93 min,8.0,Neurotic New York comedian Alvy Singer falls in love with the ditzy Annie Hall.,annie hall,Annie Hall,Neurotic New York comedian Alvy Singer falls in love with the ditzy Annie Hall.,Neurotic New York comedian Alvy Singer falls in love with the ditzy Annie Hall.,Neurotic New York comedian Alvy Singer falls love ditzy Annie Hall.,498
Pan's Labyrinth,2006,"Drama, Fantasy, War",118 min,8.2,"In the Falangist Spain of 1944, the bookish young stepdaughter of a sadistic army officer escapes into an eerie but captivating fantasy world.",pan's labyrinth,Pans Labyrinth,"In the Falangist Spain of 1944, the bookish young stepdaughter of a sadistic army officer escapes into an eerie but captivating fantasy world.","In the Falangist Spain of 1944, the bookish young stepdaughter of a sadistic army officer escapes into an eerie but captivating fantasy world.","In Falangist Spain 1944, bookish young stepdaughter sadistic army officer escapes eerie captivating fantasy world.",499
I Am Sam,2001,Drama,132 min,7.7,A mentally handicapped man fights for custody of his 7-year-old daughter and in the process teaches his cold-hearted lawyer the value of love and family.,i am sam,I Am Sam,A mentally handicapped man fights for custody of his 7-year-old daughter and in the process teaches his cold-hearted lawyer the value of love and family.,A mentally handicapped man fights for custody of his 7-year-old daughter and in the process teaches his cold-hearted lawyer the value of love and family.,A mentally handicapped man fights custody 7-year-old daughter process teaches cold-hearted lawyer value love family.,500
Les triplettes de Belleville,2003,"Animation, Comedy, Drama",80 min,7.8,"When her grandson is kidnapped during the Tour de France, Madame Souza and her beloved pooch Bruno team up with the Belleville Sisters--an aged song-and-dance team from the days of Fred Astaire--to rescue him.",les triplettes de belleville,Les triplettes de Belleville,"When her grandson is kidnapped during the Tour de France, Madame Souza and her beloved pooch Bruno team up with the Belleville Sisters--an aged song-and-dance team from the days of Fred Astaire--to rescue him.","When her grandson is kidnapped during the Tour de France, Madame Souza and her beloved pooch Bruno team up with the Belleville Sisters--an aged song-and-dance team from the days of Fred Astaire--to rescue him.","When grandson kidnapped Tour de France, Madame Souza beloved pooch Bruno team Belleville Sisters--an aged song-and-dance team days Fred Astaire--to rescue him.",501
Only the Brave,2017,"Action, Biography, Drama",134 min,7.6,"Based on the true story of the Granite Mountain Hotshots, a group of elite firefighters who risk everything to protect a town from a historic wildfire.",only the brave,Only the Brave,"Based on the true story of the Granite Mountain Hotshots, a group of elite firefighters who risk everything to protect a town from a historic wildfire.","Based on the true story of the Granite Mountain Hotshots, a group of elite firefighters who risk everything to protect a town from a historic wildfire.","Based true story Granite Mountain Hotshots, group elite firefighters risk everything protect town historic wildfire.",502
L'avventura,1960,"Drama, Mystery",144 min,7.9,"A woman disappears during a Mediterranean boating trip. During the search, her lover and her best friend become attracted to each other.",l'avventura,Lavventura,"A woman disappears during a Mediterranean boating trip. During the search, her lover and her best friend become attracted to each other.","A woman disappears during a Mediterranean boating trip. During the search, her lover and her best friend become attracted to each other.","A woman disappears Mediterranean boating trip. During search, lover best friend become attracted other.",503
Mustang,2015,Drama,97 min,7.6,"When five orphan girls are seen innocently playing with boys on a beach, their scandalized conservative guardians confine them while forced marriages are arranged.",mustang,Mustang,"When five orphan girls are seen innocently playing with boys on a beach, their scandalized conservative guardians confine them while forced marriages are arranged.","When five orphan girls are seen innocently playing with boys on a beach, their scandalized conservative guardians confine them while forced marriages are arranged.","When five orphan girls seen innocently playing boys beach, scandalized conservative guardians confine forced marriages arranged.",504
District 9,2009,"Action, Sci-Fi, Thriller",112 min,7.9,Violence ensues after an extraterrestrial race forced to live in slum-like conditions on Earth finds a kindred spirit in a government agent exposed to their biotechnology.,district 9,District 9,Violence ensues after an extraterrestrial race forced to live in slum-like conditions on Earth finds a kindred spirit in a government agent exposed to their biotechnology.,Violence ensues after an extraterrestrial race forced to live in slum-like conditions on Earth finds a kindred spirit in a government agent exposed to their biotechnology.,Violence ensues extraterrestrial race forced live slum-like conditions Earth finds kindred spirit government agent exposed biotechnology.,505
The Wolf of Wall Street,2013,"Biography, Crime, Drama",180 min,8.2,"Based on the true story of Jordan Belfort, from his rise to a wealthy stock-broker living the high life to his fall involving crime, corruption and the federal government.",the wolf of wall street,The Wolf of Wall Street,"Based on the true story of Jordan Belfort, from his rise to a wealthy stock-broker living the high life to his fall involving crime, corruption and the federal government.","Based on the true story of Jordan Belfort, from his rise to a wealthy stock-broker living the high life to his fall involving crime, corruption and the federal government.","Based true story Jordan Belfort, rise wealthy stock-broker living high life fall involving crime, corruption federal government.",506
Up,2009,"Animation, Adventure, Comedy",96 min,8.2,"78-year-old Carl Fredricksen travels to Paradise Falls in his house equipped with balloons, inadvertently taking a young stowaway.",up,Up,"78-year-old Carl Fredricksen travels to Paradise Falls in his house equipped with balloons, inadvertently taking a young stowaway.","78-year-old Carl Fredricksen travels to Paradise Falls in his house equipped with balloons, inadvertently taking a young stowaway.","78-year-old Carl Fredricksen travels Paradise Falls house equipped balloons, inadvertently taking young stowaway.",507
Roma,2018,Drama,135 min,7.7,A year in the life of a middle-class family's maid in Mexico City in the early 1970s.,roma,Roma,A year in the life of a middle-class family's maid in Mexico City in the early 1970s.,A year in the life of a middle-class family's maid in Mexico City in the early 1970s.,A year life middle-class family's maid Mexico City early 1970s.,508
Lord of War,2005,"Action, Crime, Drama",122 min,7.6,An arms dealer confronts the morality of his work as he is being chased by an INTERPOL Agent.,lord of war,Lord of War,An arms dealer confronts the morality of his work as he is being chased by an INTERPOL Agent.,An arms dealer confronts the morality of his work as he is being chased by an INTERPOL Agent.,An arms dealer confronts morality work chased INTERPOL Agent.,509
Nebraska,2013,"Adventure, Comedy, Drama",115 min,7.7,"An aging, booze-addled father makes the trip from Montana to Nebraska with his estranged son in order to claim a million-dollar Mega Sweepstakes Marketing prize.",nebraska,Nebraska,"An aging, booze-addled father makes the trip from Montana to Nebraska with his estranged son in order to claim a million-dollar Mega Sweepstakes Marketing prize.","An aging, booze-addled father makes the trip from Montana to Nebraska with his estranged son in order to claim a million-dollar Mega Sweepstakes Marketing prize.","An aging, booze-addled father makes trip Montana Nebraska estranged son order claim million-dollar Mega Sweepstakes Marketing prize.",510
Tombstone,1993,"Action, Biography, Drama",130 min,7.8,"A successful lawman's plans to retire anonymously in Tombstone, Arizona are disrupted by the kind of outlaws he was famous for eliminating.",tombstone,Tombstone,"A successful lawman's plans to retire anonymously in Tombstone, Arizona are disrupted by the kind of outlaws he was famous for eliminating.","A successful lawman's plans to retire anonymously in Tombstone, Arizona are disrupted by the kind of outlaws he was famous for eliminating.","A successful lawman's plans retire anonymously Tombstone, Arizona disrupted kind outlaws famous eliminating.",511
Deadpool,2016,"Action, Adventure, Comedy",108 min,8.0,"A wisecracking mercenary gets experimented on and becomes immortal but ugly, and sets out to track down the man who ruined his looks.",deadpool,Deadpool,"A wisecracking mercenary gets experimented on and becomes immortal but ugly, and sets out to track down the man who ruined his looks.","A wisecracking mercenary gets experimented on and becomes immortal but ugly, and sets out to track down the man who ruined his looks.","A wisecracking mercenary gets experimented becomes immortal ugly, sets track man ruined looks.",512
Knives Out,2019,"Comedy, Crime, Drama",130 min,7.9,"A detective investigates the death of a patriarch of an eccentric, combative family.",knives out,Knives Out,"A detective investigates the death of a patriarch of an eccentric, combative family.","A detective investigates the death of a patriarch of an eccentric, combative family.","A detective investigates death patriarch eccentric, combative family.",513
Bajrangi Bhaijaan,2015,"Action, Adventure, Comedy",163 min,8.0,An Indian man with a magnanimous heart takes a young mute Pakistani girl back to her homeland to reunite her with her family.,bajrangi bhaijaan,Bajrangi Bhaijaan,An Indian man with a magnanimous heart takes a young mute Pakistani girl back to her homeland to reunite her with her family.,An Indian man with a magnanimous heart takes a young mute Pakistani girl back to her homeland to reunite her with her family.,An Indian man magnanimous heart takes young mute Pakistani girl back homeland reunite family.,514
Du rififi chez les hommes,1955,"Crime, Drama, Thriller",118 min,8.2,"Four men plan a technically perfect crime, but the human element intervenes...",du rififi chez les hommes,Du rififi chez les hommes,"Four men plan a technically perfect crime, but the human element intervenes...","Four men plan a technically perfect crime, but the human element intervenes...","Four men plan technically perfect crime, human element intervenes...",515
Double Indemnity,1944,"Crime, Drama, Film-Noir",107 min,8.3,An insurance representative lets himself be talked by a seductive housewife into a murder/insurance fraud scheme that arouses the suspicion of an insurance investigator.,double indemnity,Double Indemnity,An insurance representative lets himself be talked by a seductive housewife into a murder/insurance fraud scheme that arouses the suspicion of an insurance investigator.,An insurance representative lets himself be talked by a seductive housewife into a murder/insurance fraud scheme that arouses the suspicion of an insurance investigator.,An insurance representative lets talked seductive housewife murder/insurance fraud scheme arouses suspicion insurance investigator.,516
Dirty Harry,1971,"Action, Crime, Thriller",102 min,7.7,"When a madman calling himself ""the Scorpio Killer"" menaces the city, tough-as-nails San Francisco Police Inspector ""Dirty"" Harry Callahan is assigned to track down and ferret out the crazed psychopath.",dirty harry,Dirty Harry,"When a madman calling himself ""the Scorpio Killer"" menaces the city, tough-as-nails San Francisco Police Inspector ""Dirty"" Harry Callahan is assigned to track down and ferret out the crazed psychopath.","When a madman calling himself ""the Scorpio Killer"" menaces the city, tough-as-nails San Francisco Police Inspector ""Dirty"" Harry Callahan is assigned to track down and ferret out the crazed psychopath.","When madman calling ""the Scorpio Killer"" menaces city, tough-as-nails San Francisco Police Inspector ""Dirty"" Harry Callahan assigned track ferret crazed psychopath.",517
Chugyeokja,2008,"Action, Crime, Thriller",125 min,7.8,A disgraced ex-policeman who runs a small ring of prostitutes finds himself in a race against time when one of his women goes missing.,chugyeokja,Chugyeokja,A disgraced ex-policeman who runs a small ring of prostitutes finds himself in a race against time when one of his women goes missing.,A disgraced ex-policeman who runs a small ring of prostitutes finds himself in a race against time when one of his women goes missing.,A disgraced ex-policeman runs small ring prostitutes finds race time one women goes missing.,518
El secreto de sus ojos,2009,"Drama, Mystery, Romance",129 min,8.2,A retired legal counselor writes a novel hoping to find closure for one of his past unresolved homicide cases and for his unreciprocated love with his superior - both of which still haunt him decades later.,el secreto de sus ojos,El secreto de sus ojos,A retired legal counselor writes a novel hoping to find closure for one of his past unresolved homicide cases and for his unreciprocated love with his superior - both of which still haunt him decades later.,A retired legal counselor writes a novel hoping to find closure for one of his past unresolved homicide cases and for his unreciprocated love with his superior - both of which still haunt him decades later.,A retired legal counselor writes novel hoping find closure one past unresolved homicide cases unreciprocated love superior - still haunt decades later.,519
Funny Games,1997,"Crime, Drama, Thriller",108 min,7.6,"Two violent young men take a mother, father, and son hostage in their vacation cabin and force them to play sadistic ""games"" with one another for their own amusement.",funny games,Funny Games,"Two violent young men take a mother, father, and son hostage in their vacation cabin and force them to play sadistic ""games"" with one another for their own amusement.","Two violent young men take a mother, father, and son hostage in their vacation cabin and force them to play sadistic ""games"" with one another for their own amusement.","Two violent young men take mother, father, son hostage vacation cabin force play sadistic ""games"" one another amusement.",520
Koe no katachi,2016,"Animation, Drama, Family",130 min,8.1,"A young man is ostracized by his classmates after he bullies a deaf girl to the point where she moves away. Years later, he sets off on a path for redemption.",koe no katachi,Koe no katachi,"A young man is ostracized by his classmates after he bullies a deaf girl to the point where she moves away. Years later, he sets off on a path for redemption.","A young man is ostracized by his classmates after he bullies a deaf girl to the point where she moves away. Years later, he sets off on a path for redemption.","A young man ostracized classmates bullies deaf girl point moves away. Years later, sets path redemption.",521
The Hobbit: The Desolation of Smaug,2013,"Adventure, Fantasy",161 min,7.8,"The dwarves, along with Bilbo Baggins and Gandalf the Grey, continue their quest to reclaim Erebor, their homeland, from Smaug. Bilbo Baggins is in possession of a mysterious and magical ring.",the hobbit: the desolation of smaug,The Hobbit The Desolation of Smaug,"The dwarves, along with Bilbo Baggins and Gandalf the Grey, continue their quest to reclaim Erebor, their homeland, from Smaug. Bilbo Baggins is in possession of a mysterious and magical ring.","The dwarves, along with Bilbo Baggins and Gandalf the Grey, continue their quest to reclaim Erebor, their homeland, from Smaug. Bilbo Baggins is in possession of a mysterious and magical ring.","The dwarves, along Bilbo Baggins Gandalf Grey, continue quest reclaim Erebor, homeland, Smaug. Bilbo Baggins possession mysterious magical ring.",522
Rocky,1976,"Drama, Sport",120 min,8.1,A small-time boxer gets a supremely rare chance to fight a heavy-weight champion in a bout in which he strives to go the distance for his self-respect.,rocky,Rocky,A small-time boxer gets a supremely rare chance to fight a heavy-weight champion in a bout in which he strives to go the distance for his self-respect.,A small-time boxer gets a supremely rare chance to fight a heavy-weight champion in a bout in which he strives to go the distance for his self-respect.,A small-time boxer gets supremely rare chance fight heavy-weight champion bout strives go distance self-respect.,523
What Ever Happened to Baby Jane?,1962,"Drama, Horror, Thriller",134 min,8.1,A former child star torments her paraplegic sister in their decaying Hollywood mansion.,what ever happened to baby jane?,What Ever Happened to Baby Jane,A former child star torments her paraplegic sister in their decaying Hollywood mansion.,A former child star torments her paraplegic sister in their decaying Hollywood mansion.,A former child star torments paraplegic sister decaying Hollywood mansion.,524
JFK,1991,"Drama, History, Thriller",189 min,8.0,New Orleans District Attorney Jim Garrison discovers there's more to the Kennedy assassination than the official story.,jfk,JFK,New Orleans District Attorney Jim Garrison discovers there's more to the Kennedy assassination than the official story.,New Orleans District Attorney Jim Garrison discovers there's more to the Kennedy assassination than the official story.,New Orleans District Attorney Jim Garrison discovers there's Kennedy assassination official story.,525
Ladri di biciclette,1948,Drama,89 min,8.3,"In post-war Italy, a working-class man's bicycle is stolen. He and his son set out to find it.",ladri di biciclette,Ladri di biciclette,"In post-war Italy, a working-class man's bicycle is stolen. He and his son set out to find it.","In post-war Italy, a working-class man's bicycle is stolen. He and his son set out to find it.","In post-war Italy, working-class man's bicycle stolen. He son set find it.",526
Some Like It Hot,1959,"Comedy, Music, Romance",121 min,8.2,"After two male musicians witness a mob hit, they flee the state in an all-female band disguised as women, but further complications set in.",some like it hot,Some Like It Hot,"After two male musicians witness a mob hit, they flee the state in an all-female band disguised as women, but further complications set in.","After two male musicians witness a mob hit, they flee the state in an all-female band disguised as women, but further complications set in.","After two male musicians witness mob hit, flee state all-female band disguised women, complications set in.",527
Logan,2017,"Action, Drama, Sci-Fi",137 min,8.1,"In a future where mutants are nearly extinct, an elderly and weary Logan leads a quiet life. But when Laura, a mutant child pursued by scientists, comes to him for help, he must get her to safety.",logan,Logan,"In a future where mutants are nearly extinct, an elderly and weary Logan leads a quiet life. But when Laura, a mutant child pursued by scientists, comes to him for help, he must get her to safety.","In a future where mutants are nearly extinct, an elderly and weary Logan leads a quiet life. But when Laura, a mutant child pursued by scientists, comes to him for help, he must get her to safety.","In future mutants nearly extinct, elderly weary Logan leads quiet life. But Laura, mutant child pursued scientists, comes help, must get safety.",528
Touch of Evil,1958,"Crime, Drama, Film-Noir",95 min,8.0,"A stark, perverse story of murder, kidnapping, and police corruption in a Mexican border town.",touch of evil,Touch of Evil,"A stark, perverse story of murder, kidnapping, and police corruption in a Mexican border town.","A stark, perverse story of murder, kidnapping, and police corruption in a Mexican border town.","A stark, perverse story murder, kidnapping, police corruption Mexican border town.",529
"Shin seiki Evangelion Gekijô-ban: Air/Magokoro wo, kimi ni",1997,"Animation, Action, Drama",87 min,8.1,Concurrent theatrical ending of the TV series Shin seiki evangerion (1995).,"shin seiki evangelion gekijô-ban: air/magokoro wo, kimi ni",Shin seiki Evangelion Gekijôban AirMagokoro wo kimi ni,Concurrent theatrical ending of the TV series Shin seiki evangerion (1995).,Concurrent theatrical ending of the TV series Shin seiki evangerion (1995).,Concurrent theatrical ending TV series Shin seiki evangerion (1995).,530
Jaws,1975,"Adventure, Thriller",124 min,8.0,"When a killer shark unleashes chaos on a beach community, it's up to a local sheriff, a marine biologist, and an old seafarer to hunt the beast down.",jaws,Jaws,"When a killer shark unleashes chaos on a beach community, it's up to a local sheriff, a marine biologist, and an old seafarer to hunt the beast down.","When a killer shark unleashes chaos on a beach community, it's up to a local sheriff, a marine biologist, and an old seafarer to hunt the beast down.","When killer shark unleashes chaos beach community, local sheriff, marine biologist, old seafarer hunt beast down.",531
Saw,2004,"Horror, Mystery, Thriller",103 min,7.6,"Two strangers awaken in a room with no recollection of how they got there, and soon discover they're pawns in a deadly game perpetrated by a notorious serial killer.",saw,Saw,"Two strangers awaken in a room with no recollection of how they got there, and soon discover they're pawns in a deadly game perpetrated by a notorious serial killer.","Two strangers awaken in a room with no recollection of how they got there, and soon discover they're pawns in a deadly game perpetrated by a notorious serial killer.","Two strangers awaken room recollection got there, soon discover they're pawns deadly game perpetrated notorious serial killer.",532
Efter brylluppet,2006,Drama,120 min,7.7,"A manager of an orphanage in India is sent to Copenhagen, Denmark, where he discovers a life-altering family secret.",efter brylluppet,Efter brylluppet,"A manager of an orphanage in India is sent to Copenhagen, Denmark, where he discovers a life-altering family secret.","A manager of an orphanage in India is sent to Copenhagen, Denmark, where he discovers a life-altering family secret.","A manager orphanage India sent Copenhagen, Denmark, discovers life-altering family secret.",533
Despicable Me,2010,"Animation, Comedy, Crime",95 min,7.6,"When a criminal mastermind uses a trio of orphan girls as pawns for a grand scheme, he finds their love is profoundly changing him for the better.",despicable me,Despicable Me,"When a criminal mastermind uses a trio of orphan girls as pawns for a grand scheme, he finds their love is profoundly changing him for the better.","When a criminal mastermind uses a trio of orphan girls as pawns for a grand scheme, he finds their love is profoundly changing him for the better.","When criminal mastermind uses trio orphan girls pawns grand scheme, finds love profoundly changing better.",534
The Purple Rose of Cairo,1985,"Comedy, Fantasy, Romance",82 min,7.7,"In New Jersey in 1935, a movie character walks off the screen and into the real world.",the purple rose of cairo,The Purple Rose of Cairo,"In New Jersey in 1935, a movie character walks off the screen and into the real world.","In New Jersey in 1935, a movie character walks off the screen and into the real world.","In New Jersey 1935, movie character walks screen real world.",535
Guardians of the Galaxy Vol. 2,2017,"Action, Adventure, Comedy",136 min,7.6,"The Guardians struggle to keep together as a team while dealing with their personal family issues, notably Star-Lord's encounter with his father the ambitious celestial being Ego.",guardians of the galaxy vol. 2,Guardians of the Galaxy Vol 2,"The Guardians struggle to keep together as a team while dealing with their personal family issues, notably Star-Lord's encounter with his father the ambitious celestial being Ego.","The Guardians struggle to keep together as a team while dealing with their personal family issues, notably Star-Lord's encounter with his father the ambitious celestial being Ego.","The Guardians struggle keep together team dealing personal family issues, notably Star-Lord's encounter father ambitious celestial Ego.",536
Uri: The Surgical Strike,2018,"Action, Drama, War",138 min,8.2,"Indian army special forces execute a covert operation, avenging the killing of fellow army men at their base by a terrorist group.",uri: the surgical strike,Uri The Surgical Strike,"Indian army special forces execute a covert operation, avenging the killing of fellow army men at their base by a terrorist group.","Indian army special forces execute a covert operation, avenging the killing of fellow army men at their base by a terrorist group.","Indian army special forces execute covert operation, avenging killing fellow army men base terrorist group.",537
The Notebook,2004,"Drama, Romance",123 min,7.8,"A poor yet passionate young man falls in love with a rich young woman, giving her a sense of freedom, but they are soon separated because of their social differences.",the notebook,The Notebook,"A poor yet passionate young man falls in love with a rich young woman, giving her a sense of freedom, but they are soon separated because of their social differences.","A poor yet passionate young man falls in love with a rich young woman, giving her a sense of freedom, but they are soon separated because of their social differences.","A poor yet passionate young man falls love rich young woman, giving sense freedom, soon separated social differences.",538
Dances with Wolves,1990,"Adventure, Drama, Western",181 min,8.0,"Lieutenant John Dunbar, assigned to a remote western Civil War outpost, befriends wolves and Indians, making him an intolerable aberration in the military.",dances with wolves,Dances with Wolves,"Lieutenant John Dunbar, assigned to a remote western Civil War outpost, befriends wolves and Indians, making him an intolerable aberration in the military.","Lieutenant John Dunbar, assigned to a remote western Civil War outpost, befriends wolves and Indians, making him an intolerable aberration in the military.","Lieutenant John Dunbar, assigned remote western Civil War outpost, befriends wolves Indians, making intolerable aberration military.",539
The Last Samurai,2003,"Action, Drama",154 min,7.7,An American military advisor embraces the Samurai culture he was hired to destroy after he is captured in battle.,the last samurai,The Last Samurai,An American military advisor embraces the Samurai culture he was hired to destroy after he is captured in battle.,An American military advisor embraces the Samurai culture he was hired to destroy after he is captured in battle.,An American military advisor embraces Samurai culture hired destroy captured battle.,540
Control,2007,"Biography, Drama, Music",122 min,7.7,"A profile of Ian Curtis, the enigmatic singer of Joy Division whose personal, professional, and romantic troubles led him to commit suicide at the age of 23.",control,Control,"A profile of Ian Curtis, the enigmatic singer of Joy Division whose personal, professional, and romantic troubles led him to commit suicide at the age of 23.","A profile of Ian Curtis, the enigmatic singer of Joy Division whose personal, professional, and romantic troubles led him to commit suicide at the age of 23.","A profile Ian Curtis, enigmatic singer Joy Division whose personal, professional, romantic troubles led commit suicide age 23.",541
Kai po che!,2013,"Drama, Sport",130 min,7.7,Three friends growing up in India at the turn of the millennium set out to open a training academy to produce the country's next cricket stars.,kai po che!,Kai po che,Three friends growing up in India at the turn of the millennium set out to open a training academy to produce the country's next cricket stars.,Three friends growing up in India at the turn of the millennium set out to open a training academy to produce the country's next cricket stars.,Three friends growing India turn millennium set open training academy produce country's next cricket stars.,542
Die Welle,2008,"Drama, Thriller",107 min,7.6,A high school teacher's experiment to demonstrate to his students what life is like under a dictatorship spins horribly out of control when he forms a social unit with a life of its own.,die welle,Die Welle,A high school teacher's experiment to demonstrate to his students what life is like under a dictatorship spins horribly out of control when he forms a social unit with a life of its own.,A high school teacher's experiment to demonstrate to his students what life is like under a dictatorship spins horribly out of control when he forms a social unit with a life of its own.,A high school teacher's experiment demonstrate students life like dictatorship spins horribly control forms social unit life own.,543
Song of the Sea,2014,"Animation, Adventure, Drama",93 min,8.1,"Ben, a young Irish boy, and his little sister Saoirse, a girl who can turn into a seal, go on an adventure to free the fairies and save the spirit world.",song of the sea,Song of the Sea,"Ben, a young Irish boy, and his little sister Saoirse, a girl who can turn into a seal, go on an adventure to free the fairies and save the spirit world.","Ben, a young Irish boy, and his little sister Saoirse, a girl who can turn into a seal, go on an adventure to free the fairies and save the spirit world.","Ben, young Irish boy, little sister Saoirse, girl turn seal, go adventure free fairies save spirit world.",544
Gongdong gyeongbi guyeok JSA,2000,"Action, Drama, Thriller",110 min,7.8,"After a shooting incident at the North/South Korean border/DMZ leaves 2 North Korean soldiers dead, a neutral Swiss/Swedish team investigates, what actually happened.",gongdong gyeongbi guyeok jsa,Gongdong gyeongbi guyeok JSA,"After a shooting incident at the North/South Korean border/DMZ leaves 2 North Korean soldiers dead, a neutral Swiss/Swedish team investigates, what actually happened.","After a shooting incident at the North/South Korean border/DMZ leaves 2 North Korean soldiers dead, a neutral Swiss/Swedish team investigates, what actually happened.","After shooting incident North/South Korean border/DMZ leaves 2 North Korean soldiers dead, neutral Swiss/Swedish team investigates, actually happened.",545
The Blind Side,2009,"Biography, Drama, Sport",129 min,7.6,"The story of Michael Oher, a homeless and traumatized boy who became an All-American football player and first-round NFL draft pick with the help of a caring woman and her family.",the blind side,The Blind Side,"The story of Michael Oher, a homeless and traumatized boy who became an All-American football player and first-round NFL draft pick with the help of a caring woman and her family.","The story of Michael Oher, a homeless and traumatized boy who became an All-American football player and first-round NFL draft pick with the help of a caring woman and her family.","The story Michael Oher, homeless traumatized boy became All-American football player first-round NFL draft pick help caring woman family.",546
Silver Linings Playbook,2012,"Comedy, Drama, Romance",122 min,7.7,"After a stint in a mental institution, former teacher Pat Solitano moves back in with his parents and tries to reconcile with his ex-wife. Things get more challenging when Pat meets Tiffany, a mysterious girl with problems of her own.",silver linings playbook,Silver Linings Playbook,"After a stint in a mental institution, former teacher Pat Solitano moves back in with his parents and tries to reconcile with his ex-wife. Things get more challenging when Pat meets Tiffany, a mysterious girl with problems of her own.","After a stint in a mental institution, former teacher Pat Solitano moves back in with his parents and tries to reconcile with his ex-wife. Things get more challenging when Pat meets Tiffany, a mysterious girl with problems of her own.","After stint mental institution, former teacher Pat Solitano moves back parents tries reconcile ex-wife. Things get challenging Pat meets Tiffany, mysterious girl problems own.",547
As Good as It Gets,1997,"Comedy, Drama, Romance",139 min,7.7,"A single mother and waitress, a misanthropic author, and a gay artist form an unlikely friendship after the artist is assaulted in a robbery.",as good as it gets,As Good as It Gets,"A single mother and waitress, a misanthropic author, and a gay artist form an unlikely friendship after the artist is assaulted in a robbery.","A single mother and waitress, a misanthropic author, and a gay artist form an unlikely friendship after the artist is assaulted in a robbery.","A single mother waitress, misanthropic author, gay artist form unlikely friendship artist assaulted robbery.",548
Stardust,2007,"Adventure, Family, Fantasy",127 min,7.6,"In a countryside town bordering on a magical land, a young man makes a promise to his beloved that he'll retrieve a fallen star by venturing into the magical realm.",stardust,Stardust,"In a countryside town bordering on a magical land, a young man makes a promise to his beloved that he'll retrieve a fallen star by venturing into the magical realm.","In a countryside town bordering on a magical land, a young man makes a promise to his beloved that he'll retrieve a fallen star by venturing into the magical realm.","In countryside town bordering magical land, young man makes promise beloved he'll retrieve fallen star venturing magical realm.",549
Mr. Nobody,2009,"Drama, Fantasy, Romance",141 min,7.8,"A boy stands on a station platform as a train is about to leave. Should he go with his mother or stay with his father? Infinite possibilities arise from this decision. As long as he doesn't choose, anything is possible.",mr. nobody,Mr Nobody,"A boy stands on a station platform as a train is about to leave. Should he go with his mother or stay with his father? Infinite possibilities arise from this decision. As long as he doesn't choose, anything is possible.","A boy stands on a station platform as a train is about to leave. Should he go with his mother or stay with his father? Infinite possibilities arise from this decision. As long as he doesn't choose, anything is possible.","A boy stands station platform train leave. Should go mother stay father? Infinite possibilities arise decision. As long choose, anything possible.",550
Gilda,1946,"Drama, Film-Noir, Romance",110 min,7.7,A small-time gambler hired to work in a Buenos Aires casino discovers his employer's new wife is his former lover.,gilda,Gilda,A small-time gambler hired to work in a Buenos Aires casino discovers his employer's new wife is his former lover.,A small-time gambler hired to work in a Buenos Aires casino discovers his employer's new wife is his former lover.,A small-time gambler hired work Buenos Aires casino discovers employer's new wife former lover.,551
Flipped,2010,"Comedy, Drama, Romance",90 min,7.7,Two eighth-graders start to have feelings for each other despite being total opposites.,flipped,Flipped,Two eighth-graders start to have feelings for each other despite being total opposites.,Two eighth-graders start to have feelings for each other despite being total opposites.,Two eighth-graders start feelings despite total opposites.,552
Pâfekuto burû,1997,"Animation, Crime, Mystery",81 min,8.0,"A pop singer gives up her career to become an actress, but she slowly goes insane when she starts being stalked by an obsessed fan and what seems to be a ghost of her past.",pâfekuto burû,Pâfekuto burû,"A pop singer gives up her career to become an actress, but she slowly goes insane when she starts being stalked by an obsessed fan and what seems to be a ghost of her past.","A pop singer gives up her career to become an actress, but she slowly goes insane when she starts being stalked by an obsessed fan and what seems to be a ghost of her past.","A pop singer gives career become actress, slowly goes insane starts stalked obsessed fan seems ghost past.",553
Delicatessen,1991,"Comedy, Crime",99 min,7.6,Post-apocalyptic surrealist black comedy about the landlord of an apartment building who occasionally prepares a delicacy for his odd tenants.,delicatessen,Delicatessen,Post-apocalyptic surrealist black comedy about the landlord of an apartment building who occasionally prepares a delicacy for his odd tenants.,Post-apocalyptic surrealist black comedy about the landlord of an apartment building who occasionally prepares a delicacy for his odd tenants.,Post-apocalyptic surrealist black comedy landlord apartment building occasionally prepares delicacy odd tenants.,554
No Man's Land,2001,"Comedy, Drama, War",98 min,7.9,"Bosnia and Herzegovina during 1993 at the time of the heaviest fighting between the two warring sides. Two soldiers from opposing sides in the conflict, Nino and Ciki, become trapped in no man's land, whilst a third soldier becomes a living booby trap.",no man's land,No Mans Land,"Bosnia and Herzegovina during 1993 at the time of the heaviest fighting between the two warring sides. Two soldiers from opposing sides in the conflict, Nino and Ciki, become trapped in no man's land, whilst a third soldier becomes a living booby trap.","Bosnia and Herzegovina during 1993 at the time of the heaviest fighting between the two warring sides. Two soldiers from opposing sides in the conflict, Nino and Ciki, become trapped in no man's land, whilst a third soldier becomes a living booby trap.","Bosnia Herzegovina 1993 time heaviest fighting two warring sides. Two soldiers opposing sides conflict, Nino Ciki, become trapped man's land, whilst third soldier becomes living booby trap.",555
Stand by Me,1986,"Adventure, Drama",89 min,8.1,"After the death of one of his friends, a writer recounts a childhood journey with his friends to find the body of a missing boy.",stand by me,Stand by Me,"After the death of one of his friends, a writer recounts a childhood journey with his friends to find the body of a missing boy.","After the death of one of his friends, a writer recounts a childhood journey with his friends to find the body of a missing boy.","After death one friends, writer recounts childhood journey friends find body missing boy.",556
The Muppet Christmas Carol,1992,"Comedy, Drama, Family",85 min,7.7,The Muppet characters tell their version of the classic tale of an old and bitter miser's redemption on Christmas Eve.,the muppet christmas carol,The Muppet Christmas Carol,The Muppet characters tell their version of the classic tale of an old and bitter miser's redemption on Christmas Eve.,The Muppet characters tell their version of the classic tale of an old and bitter miser's redemption on Christmas Eve.,The Muppet characters tell version classic tale old bitter miser's redemption Christmas Eve.,557
The Killing,1956,"Crime, Drama, Film-Noir",84 min,8.0,Crook Johnny Clay assembles a five man team to plan and execute a daring race-track robbery.,the killing,The Killing,Crook Johnny Clay assembles a five man team to plan and execute a daring race-track robbery.,Crook Johnny Clay assembles a five man team to plan and execute a daring race-track robbery.,Crook Johnny Clay assembles five man team plan execute daring race-track robbery.,558
Letters from Iwo Jima,2006,"Action, Adventure, Drama",141 min,7.9,"The story of the battle of Iwo Jima between the United States and Imperial Japan during World War II, as told from the perspective of the Japanese who fought it.",letters from iwo jima,Letters from Iwo Jima,"The story of the battle of Iwo Jima between the United States and Imperial Japan during World War II, as told from the perspective of the Japanese who fought it.","The story of the battle of Iwo Jima between the United States and Imperial Japan during World War II, as told from the perspective of the Japanese who fought it.","The story battle Iwo Jima United States Imperial Japan World War II, told perspective Japanese fought it.",559
The Sting,1973,"Comedy, Crime, Drama",129 min,8.3,Two grifters team up to pull off the ultimate con.,the sting,The Sting,Two grifters team up to pull off the ultimate con.,Two grifters team up to pull off the ultimate con.,Two grifters team pull ultimate con.,560
The Outlaw Josey Wales,1976,Western,135 min,7.8,Missouri farmer Josey Wales joins a Confederate guerrilla unit and winds up on the run from the Union soldiers who murdered his family.,the outlaw josey wales,The Outlaw Josey Wales,Missouri farmer Josey Wales joins a Confederate guerrilla unit and winds up on the run from the Union soldiers who murdered his family.,Missouri farmer Josey Wales joins a Confederate guerrilla unit and winds up on the run from the Union soldiers who murdered his family.,Missouri farmer Josey Wales joins Confederate guerrilla unit winds run Union soldiers murdered family.,561
No Country for Old Men,2007,"Crime, Drama, Thriller",122 min,8.1,Violence and mayhem ensue after a hunter stumbles upon a drug deal gone wrong and more than two million dollars in cash near the Rio Grande.,no country for old men,No Country for Old Men,Violence and mayhem ensue after a hunter stumbles upon a drug deal gone wrong and more than two million dollars in cash near the Rio Grande.,Violence and mayhem ensue after a hunter stumbles upon a drug deal gone wrong and more than two million dollars in cash near the Rio Grande.,Violence mayhem ensue hunter stumbles upon drug deal gone wrong two million dollars cash near Rio Grande.,562
The Ladykillers,1955,"Comedy, Crime",91 min,7.7,Five oddball criminals planning a bank robbery rent rooms on a cul-de-sac from an octogenarian widow under the pretext that they are classical musicians.,the ladykillers,The Ladykillers,Five oddball criminals planning a bank robbery rent rooms on a cul-de-sac from an octogenarian widow under the pretext that they are classical musicians.,Five oddball criminals planning a bank robbery rent rooms on a cul-de-sac from an octogenarian widow under the pretext that they are classical musicians.,Five oddball criminals planning bank robbery rent rooms cul-de-sac octogenarian widow pretext classical musicians.,563
Madeo,2009,"Crime, Drama, Mystery",129 min,7.8,A mother desperately searches for the killer who framed her son for a girl's horrific murder.,madeo,Madeo,A mother desperately searches for the killer who framed her son for a girl's horrific murder.,A mother desperately searches for the killer who framed her son for a girl's horrific murder.,A mother desperately searches killer framed son girl's horrific murder.,564
Awakenings,1990,"Biography, Drama",121 min,7.8,"The victims of an encephalitis epidemic many years ago have been catatonic ever since, but now a new drug offers the prospect of reviving them.",awakenings,Awakenings,"The victims of an encephalitis epidemic many years ago have been catatonic ever since, but now a new drug offers the prospect of reviving them.","The victims of an encephalitis epidemic many years ago have been catatonic ever since, but now a new drug offers the prospect of reviving them.","The victims encephalitis epidemic many years ago catatonic ever since, new drug offers prospect reviving them.",565
Cinderella Man,2005,"Biography, Drama, History",144 min,8.0,"The story of James J. Braddock, a supposedly washed-up boxer who came back to become a champion and an inspiration in the 1930s.",cinderella man,Cinderella Man,"The story of James J. Braddock, a supposedly washed-up boxer who came back to become a champion and an inspiration in the 1930s.","The story of James J. Braddock, a supposedly washed-up boxer who came back to become a champion and an inspiration in the 1930s.","The story James J. Braddock, supposedly washed-up boxer came back become champion inspiration 1930s.",566
On Golden Pond,1981,Drama,109 min,7.6,"Norman is a curmudgeon with an estranged relationship with his daughter Chelsea. At Golden Pond, he and his wife nevertheless agree to care for Billy, the son of Chelsea's new boyfriend, and a most unexpected relationship blooms.",on golden pond,On Golden Pond,"Norman is a curmudgeon with an estranged relationship with his daughter Chelsea. At Golden Pond, he and his wife nevertheless agree to care for Billy, the son of Chelsea's new boyfriend, and a most unexpected relationship blooms.","Norman is a curmudgeon with an estranged relationship with his daughter Chelsea. At Golden Pond, he and his wife nevertheless agree to care for Billy, the son of Chelsea's new boyfriend, and a most unexpected relationship blooms.","Norman curmudgeon estranged relationship daughter Chelsea. At Golden Pond, wife nevertheless agree care Billy, son Chelsea's new boyfriend, unexpected relationship blooms.",567
Airplane!,1980,Comedy,88 min,7.7,A man afraid to fly must ensure that a plane lands safely after the pilots become sick.,airplane!,Airplane,A man afraid to fly must ensure that a plane lands safely after the pilots become sick.,A man afraid to fly must ensure that a plane lands safely after the pilots become sick.,A man afraid fly must ensure plane lands safely pilots become sick.,568
Lage Raho Munna Bhai,2006,"Comedy, Drama, Romance",144 min,8.1,Munna Bhai embarks on a journey with Mahatma Gandhi in order to fight against a corrupt property dealer.,lage raho munna bhai,Lage Raho Munna Bhai,Munna Bhai embarks on a journey with Mahatma Gandhi in order to fight against a corrupt property dealer.,Munna Bhai embarks on a journey with Mahatma Gandhi in order to fight against a corrupt property dealer.,Munna Bhai embarks journey Mahatma Gandhi order fight corrupt property dealer.,569
The Magdalene Sisters,2002,Drama,114 min,7.7,Three young Irish women struggle to maintain their spirits while they endure dehumanizing abuse as inmates of a Magdalene Sisters Asylum.,the magdalene sisters,The Magdalene Sisters,Three young Irish women struggle to maintain their spirits while they endure dehumanizing abuse as inmates of a Magdalene Sisters Asylum.,Three young Irish women struggle to maintain their spirits while they endure dehumanizing abuse as inmates of a Magdalene Sisters Asylum.,Three young Irish women struggle maintain spirits endure dehumanizing abuse inmates Magdalene Sisters Asylum.,570
Mississippi Burning,1988,"Crime, Drama, History",128 min,7.8,Two F.B.I. Agents with wildly different styles arrive in Mississippi to investigate the disappearance of some civil rights activists.,mississippi burning,Mississippi Burning,Two F.B.I. Agents with wildly different styles arrive in Mississippi to investigate the disappearance of some civil rights activists.,Two F.B.I. Agents with wildly different styles arrive in Mississippi to investigate the disappearance of some civil rights activists.,Two F.B.I. Agents wildly different styles arrive Mississippi investigate disappearance civil rights activists.,571
La passion de Jeanne d'Arc,1928,"Biography, Drama, History",110 min,8.1,"In 1431, Jeanne d'Arc is placed on trial on charges of heresy. The ecclesiastical jurists attempt to force Jeanne to recant her claims of holy visions.",la passion de jeanne d'arc,La passion de Jeanne dArc,"In 1431, Jeanne d'Arc is placed on trial on charges of heresy. The ecclesiastical jurists attempt to force Jeanne to recant her claims of holy visions.","In 1431, Jeanne d'Arc is placed on trial on charges of heresy. The ecclesiastical jurists attempt to force Jeanne to recant her claims of holy visions.","In 1431, Jeanne d'Arc placed trial charges heresy. The ecclesiastical jurists attempt force Jeanne recant claims holy visions.",572
The Boondock Saints,1999,"Action, Crime, Thriller",108 min,7.8,Two Irish Catholic brothers become vigilantes and wipe out Boston's criminal underworld in the name of God.,the boondock saints,The Boondock Saints,Two Irish Catholic brothers become vigilantes and wipe out Boston's criminal underworld in the name of God.,Two Irish Catholic brothers become vigilantes and wipe out Boston's criminal underworld in the name of God.,Two Irish Catholic brothers become vigilantes wipe Boston's criminal underworld name God.,573
The Terminator,1984,"Action, Sci-Fi",107 min,8.0,"A human soldier is sent from 2029 to 1984 to stop an almost indestructible cyborg killing machine, sent from the same year, which has been programmed to execute a young woman whose unborn son is the key to humanity's future salvation.",the terminator,The Terminator,"A human soldier is sent from 2029 to 1984 to stop an almost indestructible cyborg killing machine, sent from the same year, which has been programmed to execute a young woman whose unborn son is the key to humanity's future salvation.","A human soldier is sent from 2029 to 1984 to stop an almost indestructible cyborg killing machine, sent from the same year, which has been programmed to execute a young woman whose unborn son is the key to humanity's future salvation.","A human soldier sent 2029 1984 stop almost indestructible cyborg killing machine, sent year, programmed execute young woman whose unborn son key humanity's future salvation.",574
Dawn of the Planet of the Apes,2014,"Action, Adventure, Drama",130 min,7.6,A growing nation of genetically evolved apes led by Caesar is threatened by a band of human survivors of the devastating virus unleashed a decade earlier.,dawn of the planet of the apes,Dawn of the Planet of the Apes,A growing nation of genetically evolved apes led by Caesar is threatened by a band of human survivors of the devastating virus unleashed a decade earlier.,A growing nation of genetically evolved apes led by Caesar is threatened by a band of human survivors of the devastating virus unleashed a decade earlier.,A growing nation genetically evolved apes led Caesar threatened band human survivors devastating virus unleashed decade earlier.,575
Red River,1948,"Action, Adventure, Drama",133 min,7.8,"Dunson leads a cattle drive, the culmination of over 14 years of work, to its destination in Missouri. But his tyrannical behavior along the way causes a mutiny, led by his adopted son.",red river,Red River,"Dunson leads a cattle drive, the culmination of over 14 years of work, to its destination in Missouri. But his tyrannical behavior along the way causes a mutiny, led by his adopted son.","Dunson leads a cattle drive, the culmination of over 14 years of work, to its destination in Missouri. But his tyrannical behavior along the way causes a mutiny, led by his adopted son.","Dunson leads cattle drive, culmination 14 years work, destination Missouri. But tyrannical behavior along way causes mutiny, led adopted son.",576
Persepolis,2007,"Animation, Biography, Drama",96 min,8.0,A precocious and outspoken Iranian girl grows up during the Islamic Revolution.,persepolis,Persepolis,A precocious and outspoken Iranian girl grows up during the Islamic Revolution.,A precocious and outspoken Iranian girl grows up during the Islamic Revolution.,A precocious outspoken Iranian girl grows Islamic Revolution.,577
Dilwale Dulhania Le Jayenge,1995,"Drama, Romance",189 min,8.1,"When Raj meets Simran in Europe, it isn't love at first sight but when Simran moves to India for an arranged marriage, love makes its presence felt.",dilwale dulhania le jayenge,Dilwale Dulhania Le Jayenge,"When Raj meets Simran in Europe, it isn't love at first sight but when Simran moves to India for an arranged marriage, love makes its presence felt.","When Raj meets Simran in Europe, it isn't love at first sight but when Simran moves to India for an arranged marriage, love makes its presence felt.","When Raj meets Simran Europe, love first sight Simran moves India arranged marriage, love makes presence felt.",578
The Lego Movie,2014,"Animation, Action, Adventure",100 min,7.7,"An ordinary LEGO construction worker, thought to be the prophesied as ""special"", is recruited to join a quest to stop an evil tyrant from gluing the LEGO universe into eternal stasis.",the lego movie,The Lego Movie,"An ordinary LEGO construction worker, thought to be the prophesied as ""special"", is recruited to join a quest to stop an evil tyrant from gluing the LEGO universe into eternal stasis.","An ordinary LEGO construction worker, thought to be the prophesied as ""special"", is recruited to join a quest to stop an evil tyrant from gluing the LEGO universe into eternal stasis.","An ordinary LEGO construction worker, thought prophesied ""special"", recruited join quest stop evil tyrant gluing LEGO universe eternal stasis.",579
Hot Fuzz,2007,"Action, Comedy, Mystery",121 min,7.8,A skilled London police officer is transferred to a small town with a dark secret.,hot fuzz,Hot Fuzz,A skilled London police officer is transferred to a small town with a dark secret.,A skilled London police officer is transferred to a small town with a dark secret.,A skilled London police officer transferred small town dark secret.,580
The World's Fastest Indian,2005,"Biography, Drama, Sport",127 min,7.8,"The story of New Zealander Burt Munro, who spent years rebuilding a 1920 Indian motorcycle, which helped him set the land speed world record at Utah's Bonneville Salt Flats in 1967.",the world's fastest indian,The Worlds Fastest Indian,"The story of New Zealander Burt Munro, who spent years rebuilding a 1920 Indian motorcycle, which helped him set the land speed world record at Utah's Bonneville Salt Flats in 1967.","The story of New Zealander Burt Munro, who spent years rebuilding a 1920 Indian motorcycle, which helped him set the land speed world record at Utah's Bonneville Salt Flats in 1967.","The story New Zealander Burt Munro, spent years rebuilding 1920 Indian motorcycle, helped set land speed world record Utah's Bonneville Salt Flats 1967.",581
Zerkalo,1975,"Biography, Drama",107 min,8.1,"A dying man in his forties remembers his past. His childhood, his mother, the war, personal moments and things that tell of the recent history of all the Russian nation.",zerkalo,Zerkalo,"A dying man in his forties remembers his past. His childhood, his mother, the war, personal moments and things that tell of the recent history of all the Russian nation.","A dying man in his forties remembers his past. His childhood, his mother, the war, personal moments and things that tell of the recent history of all the Russian nation.","A dying man forties remembers past. His childhood, mother, war, personal moments things tell recent history Russian nation.",582
Pirates of the Caribbean: The Curse of the Black Pearl,2003,"Action, Adventure, Fantasy",143 min,8.0,"Blacksmith Will Turner teams up with eccentric pirate ""Captain"" Jack Sparrow to save his love, the governor's daughter, from Jack's former pirate allies, who are now undead.",pirates of the caribbean: the curse of the black pearl,Pirates of the Caribbean The Curse of the Black Pearl,"Blacksmith Will Turner teams up with eccentric pirate ""Captain"" Jack Sparrow to save his love, the governor's daughter, from Jack's former pirate allies, who are now undead.","Blacksmith Will Turner teams up with eccentric pirate ""Captain"" Jack Sparrow to save his love, the governor's daughter, from Jack's former pirate allies, who are now undead.","Blacksmith Will Turner teams eccentric pirate ""Captain"" Jack Sparrow save love, governor's daughter, Jack's former pirate allies, undead.",583
Dancer in the Dark,2000,"Crime, Drama, Musical",140 min,8.0,"An East European girl travels to the United States with her young son, expecting it to be like a Hollywood film.",dancer in the dark,Dancer in the Dark,"An East European girl travels to the United States with her young son, expecting it to be like a Hollywood film.","An East European girl travels to the United States with her young son, expecting it to be like a Hollywood film.","An East European girl travels United States young son, expecting like Hollywood film.",584
A Wednesday,2008,"Action, Crime, Drama",104 min,8.1,A retiring police officer reminisces about the most astounding day of his career. About a case that was never filed but continues to haunt him in his memories - the case of a man and a Wednesday.,a wednesday,A Wednesday,A retiring police officer reminisces about the most astounding day of his career. About a case that was never filed but continues to haunt him in his memories - the case of a man and a Wednesday.,A retiring police officer reminisces about the most astounding day of his career. About a case that was never filed but continues to haunt him in his memories - the case of a man and a Wednesday.,A retiring police officer reminisces astounding day career. About case never filed continues haunt memories - case man Wednesday.,585
American Psycho,2000,"Comedy, Crime, Drama",101 min,7.6,"A wealthy New York City investment banking executive, Patrick Bateman, hides his alternate psychopathic ego from his co-workers and friends as he delves deeper into his violent, hedonistic fantasies.",american psycho,American Psycho,"A wealthy New York City investment banking executive, Patrick Bateman, hides his alternate psychopathic ego from his co-workers and friends as he delves deeper into his violent, hedonistic fantasies.","A wealthy New York City investment banking executive, Patrick Bateman, hides his alternate psychopathic ego from his co-workers and friends as he delves deeper into his violent, hedonistic fantasies.","A wealthy New York City investment banking executive, Patrick Bateman, hides alternate psychopathic ego co-workers friends delves deeper violent, hedonistic fantasies.",586
Do lok tin si,1995,"Comedy, Crime, Drama",99 min,7.7,"This Hong Kong-set crime drama follows the lives of a hitman, hoping to get out of the business, and his elusive female partner.",do lok tin si,Do lok tin si,"This Hong Kong-set crime drama follows the lives of a hitman, hoping to get out of the business, and his elusive female partner.","This Hong Kong-set crime drama follows the lives of a hitman, hoping to get out of the business, and his elusive female partner.","This Hong Kong-set crime drama follows lives hitman, hoping get business, elusive female partner.",587
Sing Street,2016,"Comedy, Drama, Music",106 min,7.9,A boy growing up in Dublin during the 1980s escapes his strained family life by starting a band to impress the mysterious girl he likes.,sing street,Sing Street,A boy growing up in Dublin during the 1980s escapes his strained family life by starting a band to impress the mysterious girl he likes.,A boy growing up in Dublin during the 1980s escapes his strained family life by starting a band to impress the mysterious girl he likes.,A boy growing Dublin 1980s escapes strained family life starting band impress mysterious girl likes.,588
The Help,2011,Drama,146 min,8.0,"An aspiring author during the civil rights movement of the 1960s decides to write a book detailing the African American maids' point of view on the white families for which they work, and the hardships they go through on a daily basis.",the help,The Help,"An aspiring author during the civil rights movement of the 1960s decides to write a book detailing the African American maids' point of view on the white families for which they work, and the hardships they go through on a daily basis.","An aspiring author during the civil rights movement of the 1960s decides to write a book detailing the African American maids' point of view on the white families for which they work, and the hardships they go through on a daily basis.","An aspiring author civil rights movement 1960s decides write book detailing African American maids' point view white families work, hardships go daily basis.",589
Mystic River,2003,"Crime, Drama, Mystery",138 min,7.9,The lives of three men who were childhood friends are shattered when one of them has a family tragedy.,mystic river,Mystic River,The lives of three men who were childhood friends are shattered when one of them has a family tragedy.,The lives of three men who were childhood friends are shattered when one of them has a family tragedy.,The lives three men childhood friends shattered one family tragedy.,590
Lilja 4-ever,2002,"Crime, Drama",109 min,7.8,"Sixteen-year-old Lilja and her only friend, the young boy Volodja, live in Russia, fantasizing about a better life. One day, Lilja falls in love with Andrej, who is going to Sweden, and invites Lilja to come along and start a new life.",lilja 4-ever,Lilja 4ever,"Sixteen-year-old Lilja and her only friend, the young boy Volodja, live in Russia, fantasizing about a better life. One day, Lilja falls in love with Andrej, who is going to Sweden, and invites Lilja to come along and start a new life.","Sixteen-year-old Lilja and her only friend, the young boy Volodja, live in Russia, fantasizing about a better life. One day, Lilja falls in love with Andrej, who is going to Sweden, and invites Lilja to come along and start a new life.","Sixteen-year-old Lilja friend, young boy Volodja, live Russia, fantasizing better life. One day, Lilja falls love Andrej, going Sweden, invites Lilja come along start new life.",591
Midnight Express,1978,"Biography, Crime, Drama",121 min,7.6,"Billy Hayes, an American college student, is caught smuggling drugs out of Turkey and thrown into prison.",midnight express,Midnight Express,"Billy Hayes, an American college student, is caught smuggling drugs out of Turkey and thrown into prison.","Billy Hayes, an American college student, is caught smuggling drugs out of Turkey and thrown into prison.","Billy Hayes, American college student, caught smuggling drugs Turkey thrown prison.",592
300,2006,"Action, Drama",117 min,7.6,King Leonidas of Sparta and a force of 300 men fight the Persians at Thermopylae in 480 B.C.,300,300,King Leonidas of Sparta and a force of 300 men fight the Persians at Thermopylae in 480 B.C.,King Leonidas of Sparta and a force of 300 men fight the Persians at Thermopylae in 480 B.C.,King Leonidas Sparta force 300 men fight Persians Thermopylae 480 B.C.,593
Hævnen,2010,"Drama, Romance",118 min,7.6,"The lives of two Danish families cross each other, and an extraordinary but risky friendship comes into bud. But loneliness, frailty and sorrow lie in wait.",hævnen,Hævnen,"The lives of two Danish families cross each other, and an extraordinary but risky friendship comes into bud. But loneliness, frailty and sorrow lie in wait.","The lives of two Danish families cross each other, and an extraordinary but risky friendship comes into bud. But loneliness, frailty and sorrow lie in wait.","The lives two Danish families cross other, extraordinary risky friendship comes bud. But loneliness, frailty sorrow lie wait.",594
Auf der anderen Seite,2007,Drama,122 min,7.8,A Turkish man travels to Istanbul to find the daughter of his father's former girlfriend.,auf der anderen seite,Auf der anderen Seite,A Turkish man travels to Istanbul to find the daughter of his father's former girlfriend.,A Turkish man travels to Istanbul to find the daughter of his father's former girlfriend.,A Turkish man travels Istanbul find daughter father's former girlfriend.,595
The Odd Couple,1968,Comedy,105 min,7.7,"Two friends try sharing an apartment, but their ideas of housekeeping and lifestyles are as different as night and day.",the odd couple,The Odd Couple,"Two friends try sharing an apartment, but their ideas of housekeeping and lifestyles are as different as night and day.","Two friends try sharing an apartment, but their ideas of housekeeping and lifestyles are as different as night and day.","Two friends try sharing apartment, ideas housekeeping lifestyles different night day.",596
Rushmore,1998,"Comedy, Drama, Romance",93 min,7.7,The extracurricular king of Rushmore Preparatory School is put on academic probation.,rushmore,Rushmore,The extracurricular king of Rushmore Preparatory School is put on academic probation.,The extracurricular king of Rushmore Preparatory School is put on academic probation.,The extracurricular king Rushmore Preparatory School put academic probation.,597
Wo hu cang long,2000,"Action, Adventure, Fantasy",120 min,7.8,A young Chinese warrior steals a sword from a famed swordsman and then escapes into a world of romantic adventure with a mysterious man in the frontier of the nation.,wo hu cang long,Wo hu cang long,A young Chinese warrior steals a sword from a famed swordsman and then escapes into a world of romantic adventure with a mysterious man in the frontier of the nation.,A young Chinese warrior steals a sword from a famed swordsman and then escapes into a world of romantic adventure with a mysterious man in the frontier of the nation.,A young Chinese warrior steals sword famed swordsman escapes world romantic adventure mysterious man frontier nation.,598
Love and Death,1975,"Comedy, War",85 min,7.7,"In czarist Russia, a neurotic soldier and his distant cousin formulate a plot to assassinate Napoleon.",love and death,Love and Death,"In czarist Russia, a neurotic soldier and his distant cousin formulate a plot to assassinate Napoleon.","In czarist Russia, a neurotic soldier and his distant cousin formulate a plot to assassinate Napoleon.","In czarist Russia, neurotic soldier distant cousin formulate plot assassinate Napoleon.",599
Strangers on a Train,1951,"Crime, Film-Noir, Thriller",101 min,7.9,A psychopath forces a tennis star to comply with his theory that two strangers can get away with murder.,strangers on a train,Strangers on a Train,A psychopath forces a tennis star to comply with his theory that two strangers can get away with murder.,A psychopath forces a tennis star to comply with his theory that two strangers can get away with murder.,A psychopath forces tennis star comply theory two strangers get away murder.,600
Fear and Loathing in Las Vegas,1998,"Adventure, Comedy, Drama",118 min,7.6,An oddball journalist and his psychopathic lawyer travel to Las Vegas for a series of psychedelic escapades.,fear and loathing in las vegas,Fear and Loathing in Las Vegas,An oddball journalist and his psychopathic lawyer travel to Las Vegas for a series of psychedelic escapades.,An oddball journalist and his psychopathic lawyer travel to Las Vegas for a series of psychedelic escapades.,An oddball journalist psychopathic lawyer travel Las Vegas series psychedelic escapades.,601
Udta Punjab,2016,"Action, Crime, Drama",148 min,7.8,A story that revolves around drug abuse in the affluent north Indian State of Punjab and how the youth there have succumbed to it en-masse resulting in a socio-economic decline.,udta punjab,Udta Punjab,A story that revolves around drug abuse in the affluent north Indian State of Punjab and how the youth there have succumbed to it en-masse resulting in a socio-economic decline.,A story that revolves around drug abuse in the affluent north Indian State of Punjab and how the youth there have succumbed to it en-masse resulting in a socio-economic decline.,A story revolves around drug abuse affluent north Indian State Punjab youth succumbed en-masse resulting socio-economic decline.,602
Ocean's Eleven,2001,"Crime, Thriller",116 min,7.7,Danny Ocean and his ten accomplices plan to rob three Las Vegas casinos simultaneously.,ocean's eleven,Oceans Eleven,Danny Ocean and his ten accomplices plan to rob three Las Vegas casinos simultaneously.,Danny Ocean and his ten accomplices plan to rob three Las Vegas casinos simultaneously.,Danny Ocean ten accomplices plan rob three Las Vegas casinos simultaneously.,603
Tumbbad,2018,"Drama, Fantasy, Horror",104 min,8.3,A mythological story about a goddess who created the entire universe. The plot revolves around the consequences when humans build a temple for her first-born.,tumbbad,Tumbbad,A mythological story about a goddess who created the entire universe. The plot revolves around the consequences when humans build a temple for her first-born.,A mythological story about a goddess who created the entire universe. The plot revolves around the consequences when humans build a temple for her first-born.,A mythological story goddess created entire universe. The plot revolves around consequences humans build temple first-born.,604
Finding Nemo,2003,"Animation, Adventure, Comedy",100 min,8.1,"After his son is captured in the Great Barrier Reef and taken to Sydney, a timid clownfish sets out on a journey to bring him home.",finding nemo,Finding Nemo,"After his son is captured in the Great Barrier Reef and taken to Sydney, a timid clownfish sets out on a journey to bring him home.","After his son is captured in the Great Barrier Reef and taken to Sydney, a timid clownfish sets out on a journey to bring him home.","After son captured Great Barrier Reef taken Sydney, timid clownfish sets journey bring home.",605
Willy Wonka & the Chocolate Factory,1971,"Family, Fantasy, Musical",100 min,7.8,A poor but hopeful boy seeks one of the five coveted golden tickets that will send him on a tour of Willy Wonka's mysterious chocolate factory.,willy wonka & the chocolate factory,Willy Wonka  the Chocolate Factory,A poor but hopeful boy seeks one of the five coveted golden tickets that will send him on a tour of Willy Wonka's mysterious chocolate factory.,A poor but hopeful boy seeks one of the five coveted golden tickets that will send him on a tour of Willy Wonka's mysterious chocolate factory.,A poor hopeful boy seeks one five coveted golden tickets send tour Willy Wonka's mysterious chocolate factory.,606
A Beautiful Mind,2001,"Biography, Drama",135 min,8.2,"After John Nash, a brilliant but asocial mathematician, accepts secret work in cryptography, his life takes a turn for the nightmarish.",a beautiful mind,A Beautiful Mind,"After John Nash, a brilliant but asocial mathematician, accepts secret work in cryptography, his life takes a turn for the nightmarish.","After John Nash, a brilliant but asocial mathematician, accepts secret work in cryptography, his life takes a turn for the nightmarish.","After John Nash, brilliant asocial mathematician, accepts secret work cryptography, life takes turn nightmarish.",607
Edward Scissorhands,1990,"Drama, Fantasy, Romance",105 min,7.9,"An artificial man, who was incompletely constructed and has scissors for hands, leads a solitary life. Then one day, a suburban lady meets him and introduces him to her world.",edward scissorhands,Edward Scissorhands,"An artificial man, who was incompletely constructed and has scissors for hands, leads a solitary life. Then one day, a suburban lady meets him and introduces him to her world.","An artificial man, who was incompletely constructed and has scissors for hands, leads a solitary life. Then one day, a suburban lady meets him and introduces him to her world.","An artificial man, incompletely constructed scissors hands, leads solitary life. Then one day, suburban lady meets introduces world.",608
The Intouchables,2011,"Biography, Comedy, Drama",112 min,8.5,"After he becomes a quadriplegic from a paragliding accident, an aristocrat hires a young man from the projects to be his caregiver.",the intouchables,The Intouchables,"After he becomes a quadriplegic from a paragliding accident, an aristocrat hires a young man from the projects to be his caregiver.","After he becomes a quadriplegic from a paragliding accident, an aristocrat hires a young man from the projects to be his caregiver.","After becomes quadriplegic paragliding accident, aristocrat hires young man projects caregiver.",609
"Aguirre, der Zorn Gottes",1972,"Action, Adventure, Biography",95 min,7.9,"In the 16th century, the ruthless and insane Don Lope de Aguirre leads a Spanish expedition in search of El Dorado.","aguirre, der zorn gottes",Aguirre der Zorn Gottes,"In the 16th century, the ruthless and insane Don Lope de Aguirre leads a Spanish expedition in search of El Dorado.","In the 16th century, the ruthless and insane Don Lope de Aguirre leads a Spanish expedition in search of El Dorado.","In 16th century, ruthless insane Don Lope de Aguirre leads Spanish expedition search El Dorado.",610
Tonari no Totoro,1988,"Animation, Family, Fantasy",86 min,8.2,"When two girls move to the country to be near their ailing mother, they have adventures with the wondrous forest spirits who live nearby.",tonari no totoro,Tonari no Totoro,"When two girls move to the country to be near their ailing mother, they have adventures with the wondrous forest spirits who live nearby.","When two girls move to the country to be near their ailing mother, they have adventures with the wondrous forest spirits who live nearby.","When two girls move country near ailing mother, adventures wondrous forest spirits live nearby.",611
Gattaca,1997,"Drama, Sci-Fi, Thriller",106 min,7.8,A genetically inferior man assumes the identity of a superior one in order to pursue his lifelong dream of space travel.,gattaca,Gattaca,A genetically inferior man assumes the identity of a superior one in order to pursue his lifelong dream of space travel.,A genetically inferior man assumes the identity of a superior one in order to pursue his lifelong dream of space travel.,A genetically inferior man assumes identity superior one order pursue lifelong dream space travel.,612
Bridge of Spies,2015,"Drama, History, Thriller",142 min,7.6,"During the Cold War, an American lawyer is recruited to defend an arrested Soviet spy in court, and then help the CIA facilitate an exchange of the spy for the Soviet captured American U2 spy plane pilot, Francis Gary Powers.",bridge of spies,Bridge of Spies,"During the Cold War, an American lawyer is recruited to defend an arrested Soviet spy in court, and then help the CIA facilitate an exchange of the spy for the Soviet captured American U2 spy plane pilot, Francis Gary Powers.","During the Cold War, an American lawyer is recruited to defend an arrested Soviet spy in court, and then help the CIA facilitate an exchange of the spy for the Soviet captured American U2 spy plane pilot, Francis Gary Powers.","During Cold War, American lawyer recruited defend arrested Soviet spy court, help CIA facilitate exchange spy Soviet captured American U2 spy plane pilot, Francis Gary Powers.",613
Belle de jour,1967,"Drama, Romance",100 min,7.7,A frigid young housewife decides to spend her midweek afternoons as a prostitute.,belle de jour,Belle de jour,A frigid young housewife decides to spend her midweek afternoons as a prostitute.,A frigid young housewife decides to spend her midweek afternoons as a prostitute.,A frigid young housewife decides spend midweek afternoons prostitute.,614
The Taking of Pelham One Two Three,1974,"Action, Crime, Thriller",104 min,7.7,"In New York, armed men hijack a subway car and demand a ransom for the passengers. Even if it's paid, how could they get away?",the taking of pelham one two three,The Taking of Pelham One Two Three,"In New York, armed men hijack a subway car and demand a ransom for the passengers. Even if it's paid, how could they get away?","In New York, armed men hijack a subway car and demand a ransom for the passengers. Even if it's paid, how could they get away?","In New York, armed men hijack subway car demand ransom passengers. Even paid, could get away?",615
Batoru rowaiaru,2000,"Action, Adventure, Drama",114 min,7.6,"In the future, the Japanese government captures a class of ninth-grade students and forces them to kill each other under the revolutionary ""Battle Royale"" act.",batoru rowaiaru,Batoru rowaiaru,"In the future, the Japanese government captures a class of ninth-grade students and forces them to kill each other under the revolutionary ""Battle Royale"" act.","In the future, the Japanese government captures a class of ninth-grade students and forces them to kill each other under the revolutionary ""Battle Royale"" act.","In future, Japanese government captures class ninth-grade students forces kill revolutionary ""Battle Royale"" act.",616
Birdman or (The Unexpected Virtue of Ignorance),2014,"Comedy, Drama",119 min,7.7,"A washed-up superhero actor attempts to revive his fading career by writing, directing, and starring in a Broadway production.",birdman or (the unexpected virtue of ignorance),Birdman or The Unexpected Virtue of Ignorance,"A washed-up superhero actor attempts to revive his fading career by writing, directing, and starring in a Broadway production.","A washed-up superhero actor attempts to revive his fading career by writing, directing, and starring in a Broadway production.","A washed-up superhero actor attempts revive fading career writing, directing, starring Broadway production.",617
Amélie,2001,"Comedy, Romance",122 min,8.3,"Amélie is an innocent and naive girl in Paris with her own sense of justice. She decides to help those around her and, along the way, discovers love.",amélie,Amélie,"Amélie is an innocent and naive girl in Paris with her own sense of justice. She decides to help those around her and, along the way, discovers love.","Amélie is an innocent and naive girl in Paris with her own sense of justice. She decides to help those around her and, along the way, discovers love.","Amélie innocent naive girl Paris sense justice. She decides help around and, along way, discovers love.",618
His Girl Friday,1940,"Comedy, Drama, Romance",92 min,7.9,A newspaper editor uses every trick in the book to keep his ace reporter ex-wife from remarrying.,his girl friday,His Girl Friday,A newspaper editor uses every trick in the book to keep his ace reporter ex-wife from remarrying.,A newspaper editor uses every trick in the book to keep his ace reporter ex-wife from remarrying.,A newspaper editor uses every trick book keep ace reporter ex-wife remarrying.,619
Dil Chahta Hai,2001,"Comedy, Drama, Romance",183 min,8.1,"Three inseparable childhood friends are just out of college. Nothing comes between them - until they each fall in love, and their wildly different approaches to relationships creates tension.",dil chahta hai,Dil Chahta Hai,"Three inseparable childhood friends are just out of college. Nothing comes between them - until they each fall in love, and their wildly different approaches to relationships creates tension.","Three inseparable childhood friends are just out of college. Nothing comes between them - until they each fall in love, and their wildly different approaches to relationships creates tension.","Three inseparable childhood friends college. Nothing comes - fall love, wildly different approaches relationships creates tension.",620
Detachment,2011,Drama,98 min,7.7,A substitute teacher who drifts from classroom to classroom finds a connection to the students and teachers during his latest assignment.,detachment,Detachment,A substitute teacher who drifts from classroom to classroom finds a connection to the students and teachers during his latest assignment.,A substitute teacher who drifts from classroom to classroom finds a connection to the students and teachers during his latest assignment.,A substitute teacher drifts classroom classroom finds connection students teachers latest assignment.,621
Perfetti sconosciuti,2016,"Comedy, Drama",96 min,7.8,"Seven long-time friends get together for a dinner. When they decide to share with each other the content of every text message, email and phone call they receive, many secrets start to unveil and the equilibrium trembles.",perfetti sconosciuti,Perfetti sconosciuti,"Seven long-time friends get together for a dinner. When they decide to share with each other the content of every text message, email and phone call they receive, many secrets start to unveil and the equilibrium trembles.","Seven long-time friends get together for a dinner. When they decide to share with each other the content of every text message, email and phone call they receive, many secrets start to unveil and the equilibrium trembles.","Seven long-time friends get together dinner. When decide share content every text message, email phone call receive, many secrets start unveil equilibrium trembles.",622
Days of Heaven,1978,"Drama, Romance",94 min,7.8,A hot-tempered farm laborer convinces the woman he loves to marry their rich but dying boss so that they can have a claim to his fortune.,days of heaven,Days of Heaven,A hot-tempered farm laborer convinces the woman he loves to marry their rich but dying boss so that they can have a claim to his fortune.,A hot-tempered farm laborer convinces the woman he loves to marry their rich but dying boss so that they can have a claim to his fortune.,A hot-tempered farm laborer convinces woman loves marry rich dying boss claim fortune.,623
The Thin Man,1934,"Comedy, Crime, Mystery",91 min,8.0,"Former detective Nick Charles and his wealthy wife Nora investigate a murder case, mostly for the fun of it.",the thin man,The Thin Man,"Former detective Nick Charles and his wealthy wife Nora investigate a murder case, mostly for the fun of it.","Former detective Nick Charles and his wealthy wife Nora investigate a murder case, mostly for the fun of it.","Former detective Nick Charles wealthy wife Nora investigate murder case, mostly fun it.",624
The Searchers,1956,"Adventure, Drama, Western",119 min,7.9,An American Civil War veteran embarks on a journey to rescue his niece from the Comanches.,the searchers,The Searchers,An American Civil War veteran embarks on a journey to rescue his niece from the Comanches.,An American Civil War veteran embarks on a journey to rescue his niece from the Comanches.,An American Civil War veteran embarks journey rescue niece Comanches.,625
Baby Driver,2017,"Action, Crime, Drama",113 min,7.6,"After being coerced into working for a crime boss, a young getaway driver finds himself taking part in a heist doomed to fail.",baby driver,Baby Driver,"After being coerced into working for a crime boss, a young getaway driver finds himself taking part in a heist doomed to fail.","After being coerced into working for a crime boss, a young getaway driver finds himself taking part in a heist doomed to fail.","After coerced working crime boss, young getaway driver finds taking part heist doomed fail.",626
Kis Uykusu,2014,Drama,196 min,8.1,A hotel owner and landlord in a remote Turkish village deals with conflicts within his family and a tenant behind on his rent.,kis uykusu,Kis Uykusu,A hotel owner and landlord in a remote Turkish village deals with conflicts within his family and a tenant behind on his rent.,A hotel owner and landlord in a remote Turkish village deals with conflicts within his family and a tenant behind on his rent.,A hotel owner landlord remote Turkish village deals conflicts within family tenant behind rent.,627
Secrets & Lies,1996,"Comedy, Drama",136 min,8.0,"Following the death of her adoptive parents, a successful young black optometrist establishes contact with her biological mother -- a lonely white factory worker living in poverty in East London.",secrets & lies,Secrets  Lies,"Following the death of her adoptive parents, a successful young black optometrist establishes contact with her biological mother -- a lonely white factory worker living in poverty in East London.","Following the death of her adoptive parents, a successful young black optometrist establishes contact with her biological mother -- a lonely white factory worker living in poverty in East London.","Following death adoptive parents, successful young black optometrist establishes contact biological mother -- lonely white factory worker living poverty East London.",628
Hedwig and the Angry Inch,2001,"Comedy, Drama, Music",95 min,7.7,A gender-queer punk-rock singer from East Berlin tours the U.S. with her band as she tells her life story and follows the former lover/band-mate who stole her songs.,hedwig and the angry inch,Hedwig and the Angry Inch,A gender-queer punk-rock singer from East Berlin tours the U.S. with her band as she tells her life story and follows the former lover/band-mate who stole her songs.,A gender-queer punk-rock singer from East Berlin tours the U.S. with her band as she tells her life story and follows the former lover/band-mate who stole her songs.,A gender-queer punk-rock singer East Berlin tours U.S. band tells life story follows former lover/band-mate stole songs.,629
Bound by Honor,1993,"Crime, Drama",180 min,8.0,"Based on the true life experiences of poet Jimmy Santiago Baca, the film focuses on step-brothers Paco and Cruz, and their bi-racial cousin Miklo.",bound by honor,Bound by Honor,"Based on the true life experiences of poet Jimmy Santiago Baca, the film focuses on step-brothers Paco and Cruz, and their bi-racial cousin Miklo.","Based on the true life experiences of poet Jimmy Santiago Baca, the film focuses on step-brothers Paco and Cruz, and their bi-racial cousin Miklo.","Based true life experiences poet Jimmy Santiago Baca, film focuses step-brothers Paco Cruz, bi-racial cousin Miklo.",630
The Last King of Scotland,2006,"Biography, Drama, History",123 min,7.7,Based on the events of the brutal Ugandan dictator Idi Amin's regime as seen by his personal physician during the 1970s.,the last king of scotland,The Last King of Scotland,Based on the events of the brutal Ugandan dictator Idi Amin's regime as seen by his personal physician during the 1970s.,Based on the events of the brutal Ugandan dictator Idi Amin's regime as seen by his personal physician during the 1970s.,Based events brutal Ugandan dictator Idi Amin's regime seen personal physician 1970s.,631
Blazing Saddles,1974,"Comedy, Western",93 min,7.7,"In order to ruin a western town, a corrupt politician appoints a black Sheriff, who promptly becomes his most formidable adversary.",blazing saddles,Blazing Saddles,"In order to ruin a western town, a corrupt politician appoints a black Sheriff, who promptly becomes his most formidable adversary.","In order to ruin a western town, a corrupt politician appoints a black Sheriff, who promptly becomes his most formidable adversary.","In order ruin western town, corrupt politician appoints black Sheriff, promptly becomes formidable adversary.",632
Ford v Ferrari,2019,"Action, Biography, Drama",152 min,8.1,American car designer Carroll Shelby and driver Ken Miles battle corporate interference and the laws of physics to build a revolutionary race car for Ford in order to defeat Ferrari at the 24 Hours of Le Mans in 1966.,ford v ferrari,Ford v Ferrari,American car designer Carroll Shelby and driver Ken Miles battle corporate interference and the laws of physics to build a revolutionary race car for Ford in order to defeat Ferrari at the 24 Hours of Le Mans in 1966.,American car designer Carroll Shelby and driver Ken Miles battle corporate interference and the laws of physics to build a revolutionary race car for Ford in order to defeat Ferrari at the 24 Hours of Le Mans in 1966.,American car designer Carroll Shelby driver Ken Miles battle corporate interference laws physics build revolutionary race car Ford order defeat Ferrari 24 Hours Le Mans 1966.,633
12 Angry Men,1957,"Crime, Drama",96 min,9.0,A jury holdout attempts to prevent a miscarriage of justice by forcing his colleagues to reconsider the evidence.,12 angry men,12 Angry Men,A jury holdout attempts to prevent a miscarriage of justice by forcing his colleagues to reconsider the evidence.,A jury holdout attempts to prevent a miscarriage of justice by forcing his colleagues to reconsider the evidence.,A jury holdout attempts prevent miscarriage justice forcing colleagues reconsider evidence.,634
Lucky Number Slevin,2006,"Action, Crime, Drama",110 min,7.7,"A case of mistaken identity lands Slevin into the middle of a war being plotted by two of the city's most rival crime bosses. Under constant surveillance by Detective Brikowski and assassin Goodkat, he must get them before they get him.",lucky number slevin,Lucky Number Slevin,"A case of mistaken identity lands Slevin into the middle of a war being plotted by two of the city's most rival crime bosses. Under constant surveillance by Detective Brikowski and assassin Goodkat, he must get them before they get him.","A case of mistaken identity lands Slevin into the middle of a war being plotted by two of the city's most rival crime bosses. Under constant surveillance by Detective Brikowski and assassin Goodkat, he must get them before they get him.","A case mistaken identity lands Slevin middle war plotted two city's rival crime bosses. Under constant surveillance Detective Brikowski assassin Goodkat, must get get him.",635
The Count of Monte Cristo,2002,"Action, Adventure, Drama",131 min,7.8,"A young man, falsely imprisoned by his jealous ""friend"", escapes and uses a hidden treasure to exact his revenge.",the count of monte cristo,The Count of Monte Cristo,"A young man, falsely imprisoned by his jealous ""friend"", escapes and uses a hidden treasure to exact his revenge.","A young man, falsely imprisoned by his jealous ""friend"", escapes and uses a hidden treasure to exact his revenge.","A young man, falsely imprisoned jealous ""friend"", escapes uses hidden treasure exact revenge.",636
Match Point,2005,"Drama, Romance, Thriller",124 min,7.6,"At a turning point in his life, a former tennis pro falls for an actress who happens to be dating his friend and soon-to-be brother-in-law.",match point,Match Point,"At a turning point in his life, a former tennis pro falls for an actress who happens to be dating his friend and soon-to-be brother-in-law.","At a turning point in his life, a former tennis pro falls for an actress who happens to be dating his friend and soon-to-be brother-in-law.","At turning point life, former tennis pro falls actress happens dating friend soon-to-be brother-in-law.",637
The Trial of the Chicago 7,2020,"Drama, History, Thriller",129 min,7.8,"The story of 7 people on trial stemming from various charges surrounding the uprising at the 1968 Democratic National Convention in Chicago, Illinois.",the trial of the chicago 7,The Trial of the Chicago 7,"The story of 7 people on trial stemming from various charges surrounding the uprising at the 1968 Democratic National Convention in Chicago, Illinois.","The story of 7 people on trial stemming from various charges surrounding the uprising at the 1968 Democratic National Convention in Chicago, Illinois.","The story 7 people trial stemming various charges surrounding uprising 1968 Democratic National Convention Chicago, Illinois.",638
Rockstar,2011,"Drama, Music, Musical",159 min,7.7,"Janardhan Jakhar chases his dreams of becoming a big Rock star, during which he falls in love with Heer.",rockstar,Rockstar,"Janardhan Jakhar chases his dreams of becoming a big Rock star, during which he falls in love with Heer.","Janardhan Jakhar chases his dreams of becoming a big Rock star, during which he falls in love with Heer.","Janardhan Jakhar chases dreams becoming big Rock star, falls love Heer.",639
In the Heat of the Night,1967,"Crime, Drama, Mystery",110 min,7.9,A black police detective is asked to investigate a murder in a racially hostile southern town.,in the heat of the night,In the Heat of the Night,A black police detective is asked to investigate a murder in a racially hostile southern town.,A black police detective is asked to investigate a murder in a racially hostile southern town.,A black police detective asked investigate murder racially hostile southern town.,640
Mission: Impossible - Fallout,2018,"Action, Adventure, Thriller",147 min,7.7,"Ethan Hunt and his IMF team, along with some familiar allies, race against time after a mission gone wrong.",mission: impossible - fallout,Mission Impossible  Fallout,"Ethan Hunt and his IMF team, along with some familiar allies, race against time after a mission gone wrong.","Ethan Hunt and his IMF team, along with some familiar allies, race against time after a mission gone wrong.","Ethan Hunt IMF team, along familiar allies, race time mission gone wrong.",641
The Breakfast Club,1985,"Comedy, Drama",97 min,7.8,Five high school students meet in Saturday detention and discover how they have a lot more in common than they thought.,the breakfast club,The Breakfast Club,Five high school students meet in Saturday detention and discover how they have a lot more in common than they thought.,Five high school students meet in Saturday detention and discover how they have a lot more in common than they thought.,Five high school students meet Saturday detention discover lot common thought.,642
American Beauty,1999,Drama,122 min,8.3,A sexually frustrated suburban father has a mid-life crisis after becoming infatuated with his daughter's best friend.,american beauty,American Beauty,A sexually frustrated suburban father has a mid-life crisis after becoming infatuated with his daughter's best friend.,A sexually frustrated suburban father has a mid-life crisis after becoming infatuated with his daughter's best friend.,A sexually frustrated suburban father mid-life crisis becoming infatuated daughter's best friend.,643
Abre los ojos,1997,"Drama, Mystery, Sci-Fi",119 min,7.7,"A very handsome man finds the love of his life, but he suffers an accident and needs to have his face rebuilt by surgery after it is severely disfigured.",abre los ojos,Abre los ojos,"A very handsome man finds the love of his life, but he suffers an accident and needs to have his face rebuilt by surgery after it is severely disfigured.","A very handsome man finds the love of his life, but he suffers an accident and needs to have his face rebuilt by surgery after it is severely disfigured.","A handsome man finds love life, suffers accident needs face rebuilt surgery severely disfigured.",644
What We Do in the Shadows,2014,"Comedy, Horror",86 min,7.7,"Viago, Deacon and Vladislav are vampires who are finding that modern life has them struggling with the mundane - like paying rent, keeping up with the chore wheel, trying to get into nightclubs and overcoming flatmate conflicts.",what we do in the shadows,What We Do in the Shadows,"Viago, Deacon and Vladislav are vampires who are finding that modern life has them struggling with the mundane - like paying rent, keeping up with the chore wheel, trying to get into nightclubs and overcoming flatmate conflicts.","Viago, Deacon and Vladislav are vampires who are finding that modern life has them struggling with the mundane - like paying rent, keeping up with the chore wheel, trying to get into nightclubs and overcoming flatmate conflicts.","Viago, Deacon Vladislav vampires finding modern life struggling mundane - like paying rent, keeping chore wheel, trying get nightclubs overcoming flatmate conflicts.",645
Dunkirk,2017,"Action, Drama, History",106 min,7.8,"Allied soldiers from Belgium, the British Empire, and France are surrounded by the German Army and evacuated during a fierce battle in World War II.",dunkirk,Dunkirk,"Allied soldiers from Belgium, the British Empire, and France are surrounded by the German Army and evacuated during a fierce battle in World War II.","Allied soldiers from Belgium, the British Empire, and France are surrounded by the German Army and evacuated during a fierce battle in World War II.","Allied soldiers Belgium, British Empire, France surrounded German Army evacuated fierce battle World War II.",646
The Princess Bride,1987,"Adventure, Family, Fantasy",98 min,8.0,"While home sick in bed, a young boy's grandfather reads him the story of a farmboy-turned-pirate who encounters numerous obstacles, enemies and allies in his quest to be reunited with his true love.",the princess bride,The Princess Bride,"While home sick in bed, a young boy's grandfather reads him the story of a farmboy-turned-pirate who encounters numerous obstacles, enemies and allies in his quest to be reunited with his true love.","While home sick in bed, a young boy's grandfather reads him the story of a farmboy-turned-pirate who encounters numerous obstacles, enemies and allies in his quest to be reunited with his true love.","While home sick bed, young boy's grandfather reads story farmboy-turned-pirate encounters numerous obstacles, enemies allies quest reunited true love.",647
Iron Man,2008,"Action, Adventure, Sci-Fi",126 min,7.9,"After being held captive in an Afghan cave, billionaire engineer Tony Stark creates a unique weaponized suit of armor to fight evil.",iron man,Iron Man,"After being held captive in an Afghan cave, billionaire engineer Tony Stark creates a unique weaponized suit of armor to fight evil.","After being held captive in an Afghan cave, billionaire engineer Tony Stark creates a unique weaponized suit of armor to fight evil.","After held captive Afghan cave, billionaire engineer Tony Stark creates unique weaponized suit armor fight evil.",648
Back to the Future,1985,"Adventure, Comedy, Sci-Fi",116 min,8.5,"Marty McFly, a 17-year-old high school student, is accidentally sent thirty years into the past in a time-traveling DeLorean invented by his close friend, the eccentric scientist Doc Brown.",back to the future,Back to the Future,"Marty McFly, a 17-year-old high school student, is accidentally sent thirty years into the past in a time-traveling DeLorean invented by his close friend, the eccentric scientist Doc Brown.","Marty McFly, a 17-year-old high school student, is accidentally sent thirty years into the past in a time-traveling DeLorean invented by his close friend, the eccentric scientist Doc Brown.","Marty McFly, 17-year-old high school student, accidentally sent thirty years past time-traveling DeLorean invented close friend, eccentric scientist Doc Brown.",649
It's a Wonderful Life,1946,"Drama, Family, Fantasy",130 min,8.6,An angel is sent from Heaven to help a desperately frustrated businessman by showing him what life would have been like if he had never existed.,it's a wonderful life,Its a Wonderful Life,An angel is sent from Heaven to help a desperately frustrated businessman by showing him what life would have been like if he had never existed.,An angel is sent from Heaven to help a desperately frustrated businessman by showing him what life would have been like if he had never existed.,An angel sent Heaven help desperately frustrated businessman showing life would like never existed.,650
Ray,2004,"Biography, Drama, Music",152 min,7.7,"The story of the life and career of the legendary rhythm and blues musician Ray Charles, from his humble beginnings in the South, where he went blind at age seven, to his meteoric rise to stardom during the 1950s and 1960s.",ray,Ray,"The story of the life and career of the legendary rhythm and blues musician Ray Charles, from his humble beginnings in the South, where he went blind at age seven, to his meteoric rise to stardom during the 1950s and 1960s.","The story of the life and career of the legendary rhythm and blues musician Ray Charles, from his humble beginnings in the South, where he went blind at age seven, to his meteoric rise to stardom during the 1950s and 1960s.","The story life career legendary rhythm blues musician Ray Charles, humble beginnings South, went blind age seven, meteoric rise stardom 1950s 1960s.",651
Star Trek II: The Wrath of Khan,1982,"Action, Adventure, Sci-Fi",113 min,7.7,"With the assistance of the Enterprise crew, Admiral Kirk must stop an old nemesis, Khan Noonien Singh, from using the life-generating Genesis Device as the ultimate weapon.",star trek ii: the wrath of khan,Star Trek II The Wrath of Khan,"With the assistance of the Enterprise crew, Admiral Kirk must stop an old nemesis, Khan Noonien Singh, from using the life-generating Genesis Device as the ultimate weapon.","With the assistance of the Enterprise crew, Admiral Kirk must stop an old nemesis, Khan Noonien Singh, from using the life-generating Genesis Device as the ultimate weapon.","With assistance Enterprise crew, Admiral Kirk must stop old nemesis, Khan Noonien Singh, using life-generating Genesis Device ultimate weapon.",652
Mommy,2014,Drama,139 min,8.1,"A widowed single mother, raising her violent son alone, finds new hope when a mysterious neighbor inserts herself into their household.",mommy,Mommy,"A widowed single mother, raising her violent son alone, finds new hope when a mysterious neighbor inserts herself into their household.","A widowed single mother, raising her violent son alone, finds new hope when a mysterious neighbor inserts herself into their household.","A widowed single mother, raising violent son alone, finds new hope mysterious neighbor inserts household.",653
Baahubali 2: The Conclusion,2017,"Action, Drama",167 min,8.2,"When Shiva, the son of Bahubali, learns about his heritage, he begins to look for answers. His story is juxtaposed with past events that unfolded in the Mahishmati Kingdom.",baahubali 2: the conclusion,Baahubali 2 The Conclusion,"When Shiva, the son of Bahubali, learns about his heritage, he begins to look for answers. His story is juxtaposed with past events that unfolded in the Mahishmati Kingdom.","When Shiva, the son of Bahubali, learns about his heritage, he begins to look for answers. His story is juxtaposed with past events that unfolded in the Mahishmati Kingdom.","When Shiva, son Bahubali, learns heritage, begins look answers. His story juxtaposed past events unfolded Mahishmati Kingdom.",654
Se7en,1995,"Crime, Drama, Mystery",127 min,8.6,"Two detectives, a rookie and a veteran, hunt a serial killer who uses the seven deadly sins as his motives.",se7en,Se7en,"Two detectives, a rookie and a veteran, hunt a serial killer who uses the seven deadly sins as his motives.","Two detectives, a rookie and a veteran, hunt a serial killer who uses the seven deadly sins as his motives.","Two detectives, rookie veteran, hunt serial killer uses seven deadly sins motives.",655
Nelyubov,2017,Drama,127 min,7.6,A couple going through a divorce must team up to find their son who has disappeared during one of their bitter arguments.,nelyubov,Nelyubov,A couple going through a divorce must team up to find their son who has disappeared during one of their bitter arguments.,A couple going through a divorce must team up to find their son who has disappeared during one of their bitter arguments.,A couple going divorce must team find son disappeared one bitter arguments.,656
How to Train Your Dragon,2010,"Animation, Action, Adventure",98 min,8.1,"A hapless young Viking who aspires to hunt dragons becomes the unlikely friend of a young dragon himself, and learns there may be more to the creatures than he assumed.",how to train your dragon,How to Train Your Dragon,"A hapless young Viking who aspires to hunt dragons becomes the unlikely friend of a young dragon himself, and learns there may be more to the creatures than he assumed.","A hapless young Viking who aspires to hunt dragons becomes the unlikely friend of a young dragon himself, and learns there may be more to the creatures than he assumed.","A hapless young Viking aspires hunt dragons becomes unlikely friend young dragon himself, learns may creatures assumed.",657
The Wrestler,2008,"Drama, Sport",109 min,7.9,"A faded professional wrestler must retire, but finds his quest for a new life outside the ring a dispiriting struggle.",the wrestler,The Wrestler,"A faded professional wrestler must retire, but finds his quest for a new life outside the ring a dispiriting struggle.","A faded professional wrestler must retire, but finds his quest for a new life outside the ring a dispiriting struggle.","A faded professional wrestler must retire, finds quest new life outside ring dispiriting struggle.",658
Zwartboek,2006,"Drama, Thriller, War",145 min,7.7,"In the Nazi-occupied Netherlands during World War II, a Jewish singer infiltrates the regional Gestapo headquarters for the Dutch resistance.",zwartboek,Zwartboek,"In the Nazi-occupied Netherlands during World War II, a Jewish singer infiltrates the regional Gestapo headquarters for the Dutch resistance.","In the Nazi-occupied Netherlands during World War II, a Jewish singer infiltrates the regional Gestapo headquarters for the Dutch resistance.","In Nazi-occupied Netherlands World War II, Jewish singer infiltrates regional Gestapo headquarters Dutch resistance.",659
The Incredibles,2004,"Animation, Action, Adventure",115 min,8.0,"A family of undercover superheroes, while trying to live the quiet suburban life, are forced into action to save the world.",the incredibles,The Incredibles,"A family of undercover superheroes, while trying to live the quiet suburban life, are forced into action to save the world.","A family of undercover superheroes, while trying to live the quiet suburban life, are forced into action to save the world.","A family undercover superheroes, trying live quiet suburban life, forced action save world.",660
Cool Hand Luke,1967,"Crime, Drama",127 min,8.1,"A laid back Southern man is sentenced to two years in a rural prison, but refuses to conform.",cool hand luke,Cool Hand Luke,"A laid back Southern man is sentenced to two years in a rural prison, but refuses to conform.","A laid back Southern man is sentenced to two years in a rural prison, but refuses to conform.","A laid back Southern man sentenced two years rural prison, refuses conform.",661
Papillon,1973,"Biography, Crime, Drama",151 min,8.0,"A man befriends a fellow criminal as the two of them begin serving their sentence on a dreadful prison island, which inspires the man to plot his escape.",papillon,Papillon,"A man befriends a fellow criminal as the two of them begin serving their sentence on a dreadful prison island, which inspires the man to plot his escape.","A man befriends a fellow criminal as the two of them begin serving their sentence on a dreadful prison island, which inspires the man to plot his escape.","A man befriends fellow criminal two begin serving sentence dreadful prison island, inspires man plot escape.",662
Dip huet seung hung,1989,"Action, Crime, Drama",111 min,7.8,A disillusioned assassin accepts one last hit in hopes of using his earnings to restore vision to a singer he accidentally blinded.,dip huet seung hung,Dip huet seung hung,A disillusioned assassin accepts one last hit in hopes of using his earnings to restore vision to a singer he accidentally blinded.,A disillusioned assassin accepts one last hit in hopes of using his earnings to restore vision to a singer he accidentally blinded.,A disillusioned assassin accepts one last hit hopes using earnings restore vision singer accidentally blinded.,663
Sling Blade,1996,Drama,135 min,8.0,"Karl Childers, a simple man hospitalized since his childhood murder of his mother and her lover, is released to start a new life in a small town.",sling blade,Sling Blade,"Karl Childers, a simple man hospitalized since his childhood murder of his mother and her lover, is released to start a new life in a small town.","Karl Childers, a simple man hospitalized since his childhood murder of his mother and her lover, is released to start a new life in a small town.","Karl Childers, simple man hospitalized since childhood murder mother lover, released start new life small town.",664
Big Hero 6,2014,"Animation, Action, Adventure",102 min,7.8,"A special bond develops between plus-sized inflatable robot Baymax and prodigy Hiro Hamada, who together team up with a group of friends to form a band of high-tech heroes.",big hero 6,Big Hero 6,"A special bond develops between plus-sized inflatable robot Baymax and prodigy Hiro Hamada, who together team up with a group of friends to form a band of high-tech heroes.","A special bond develops between plus-sized inflatable robot Baymax and prodigy Hiro Hamada, who together team up with a group of friends to form a band of high-tech heroes.","A special bond develops plus-sized inflatable robot Baymax prodigy Hiro Hamada, together team group friends form band high-tech heroes.",665
Life of Pi,2012,"Adventure, Drama, Fantasy",127 min,7.9,"A young man who survives a disaster at sea is hurtled into an epic journey of adventure and discovery. While cast away, he forms an unexpected connection with another survivor: a fearsome Bengal tiger.",life of pi,Life of Pi,"A young man who survives a disaster at sea is hurtled into an epic journey of adventure and discovery. While cast away, he forms an unexpected connection with another survivor: a fearsome Bengal tiger.","A young man who survives a disaster at sea is hurtled into an epic journey of adventure and discovery. While cast away, he forms an unexpected connection with another survivor: a fearsome Bengal tiger.","A young man survives disaster sea hurtled epic journey adventure discovery. While cast away, forms unexpected connection another survivor: fearsome Bengal tiger.",666
Mandariinid,2013,"Drama, War",87 min,8.2,"In 1992, war rages in Abkhazia, a breakaway region of Georgia. An Estonian man Ivo has decided to stay behind and harvest his crops of tangerines. In a bloody conflict at his door, a wounded man is left behind, and Ivo takes him in.",mandariinid,Mandariinid,"In 1992, war rages in Abkhazia, a breakaway region of Georgia. An Estonian man Ivo has decided to stay behind and harvest his crops of tangerines. In a bloody conflict at his door, a wounded man is left behind, and Ivo takes him in.","In 1992, war rages in Abkhazia, a breakaway region of Georgia. An Estonian man Ivo has decided to stay behind and harvest his crops of tangerines. In a bloody conflict at his door, a wounded man is left behind, and Ivo takes him in.","In 1992, war rages Abkhazia, breakaway region Georgia. An Estonian man Ivo decided stay behind harvest crops tangerines. In bloody conflict door, wounded man left behind, Ivo takes in.",667
Django Unchained,2012,"Drama, Western",165 min,8.4,"With the help of a German bounty hunter, a freed slave sets out to rescue his wife from a brutal Mississippi plantation owner.",django unchained,Django Unchained,"With the help of a German bounty hunter, a freed slave sets out to rescue his wife from a brutal Mississippi plantation owner.","With the help of a German bounty hunter, a freed slave sets out to rescue his wife from a brutal Mississippi plantation owner.","With help German bounty hunter, freed slave sets rescue wife brutal Mississippi plantation owner.",668
Captain Fantastic,2016,"Comedy, Drama",118 min,7.9,"In the forests of the Pacific Northwest, a father devoted to raising his six kids with a rigorous physical and intellectual education is forced to leave his paradise and enter the world, challenging his idea of what it means to be a parent.",captain fantastic,Captain Fantastic,"In the forests of the Pacific Northwest, a father devoted to raising his six kids with a rigorous physical and intellectual education is forced to leave his paradise and enter the world, challenging his idea of what it means to be a parent.","In the forests of the Pacific Northwest, a father devoted to raising his six kids with a rigorous physical and intellectual education is forced to leave his paradise and enter the world, challenging his idea of what it means to be a parent.","In forests Pacific Northwest, father devoted raising six kids rigorous physical intellectual education forced leave paradise enter world, challenging idea means parent.",669
Cast Away,2000,"Adventure, Drama, Romance",143 min,7.8,A FedEx executive undergoes a physical and emotional transformation after crash landing on a deserted island.,cast away,Cast Away,A FedEx executive undergoes a physical and emotional transformation after crash landing on a deserted island.,A FedEx executive undergoes a physical and emotional transformation after crash landing on a deserted island.,A FedEx executive undergoes physical emotional transformation crash landing deserted island.,670
Chhichhore,2019,"Comedy, Drama",143 min,8.2,"A tragic incident forces Anirudh, a middle-aged man, to take a trip down memory lane and reminisce his college days along with his friends, who were labelled as losers.",chhichhore,Chhichhore,"A tragic incident forces Anirudh, a middle-aged man, to take a trip down memory lane and reminisce his college days along with his friends, who were labelled as losers.","A tragic incident forces Anirudh, a middle-aged man, to take a trip down memory lane and reminisce his college days along with his friends, who were labelled as losers.","A tragic incident forces Anirudh, middle-aged man, take trip memory lane reminisce college days along friends, labelled losers.",671
The Little Mermaid,1989,"Animation, Family, Fantasy",83 min,7.6,A mermaid princess makes a Faustian bargain in an attempt to become human and win a prince's love.,the little mermaid,The Little Mermaid,A mermaid princess makes a Faustian bargain in an attempt to become human and win a prince's love.,A mermaid princess makes a Faustian bargain in an attempt to become human and win a prince's love.,A mermaid princess makes Faustian bargain attempt become human win prince's love.,672
True Romance,1993,"Crime, Drama, Romance",119 min,7.9,"In Detroit, a lonely pop culture geek marries a call girl, steals cocaine from her pimp, and tries to sell it in Hollywood. Meanwhile, the owners of the cocaine, the Mob, track them down in an attempt to reclaim it.",true romance,True Romance,"In Detroit, a lonely pop culture geek marries a call girl, steals cocaine from her pimp, and tries to sell it in Hollywood. Meanwhile, the owners of the cocaine, the Mob, track them down in an attempt to reclaim it.","In Detroit, a lonely pop culture geek marries a call girl, steals cocaine from her pimp, and tries to sell it in Hollywood. Meanwhile, the owners of the cocaine, the Mob, track them down in an attempt to reclaim it.","In Detroit, lonely pop culture geek marries call girl, steals cocaine pimp, tries sell Hollywood. Meanwhile, owners cocaine, Mob, track attempt reclaim it.",673
The Verdict,1982,Drama,129 min,7.7,A lawyer sees the chance to salvage his career and self-respect by taking a medical malpractice case to trial rather than settling.,the verdict,The Verdict,A lawyer sees the chance to salvage his career and self-respect by taking a medical malpractice case to trial rather than settling.,A lawyer sees the chance to salvage his career and self-respect by taking a medical malpractice case to trial rather than settling.,A lawyer sees chance salvage career self-respect taking medical malpractice case trial rather settling.,674
Sense and Sensibility,1995,"Drama, Romance",136 min,7.6,"Rich Mr. Dashwood dies, leaving his second wife and her three daughters poor by the rules of inheritance. The two eldest daughters are the title opposites.",sense and sensibility,Sense and Sensibility,"Rich Mr. Dashwood dies, leaving his second wife and her three daughters poor by the rules of inheritance. The two eldest daughters are the title opposites.","Rich Mr. Dashwood dies, leaving his second wife and her three daughters poor by the rules of inheritance. The two eldest daughters are the title opposites.","Rich Mr. Dashwood dies, leaving second wife three daughters poor rules inheritance. The two eldest daughters title opposites.",675
3 Idiots,2009,"Comedy, Drama",170 min,8.4,"Two friends are searching for their long lost companion. They revisit their college days and recall the memories of their friend who inspired them to think differently, even as the rest of the world called them ""idiots"".",3 idiots,3 Idiots,"Two friends are searching for their long lost companion. They revisit their college days and recall the memories of their friend who inspired them to think differently, even as the rest of the world called them ""idiots"".","Two friends are searching for their long lost companion. They revisit their college days and recall the memories of their friend who inspired them to think differently, even as the rest of the world called them ""idiots"".","Two friends searching long lost companion. They revisit college days recall memories friend inspired think differently, even rest world called ""idiots"".",676
Hamlet,1996,Drama,242 min,7.7,"Hamlet, Prince of Denmark, returns home to find his father murdered and his mother remarrying the murderer, his uncle. Meanwhile, war is brewing.",hamlet,Hamlet,"Hamlet, Prince of Denmark, returns home to find his father murdered and his mother remarrying the murderer, his uncle. Meanwhile, war is brewing.","Hamlet, Prince of Denmark, returns home to find his father murdered and his mother remarrying the murderer, his uncle. Meanwhile, war is brewing.","Hamlet, Prince Denmark, returns home find father murdered mother remarrying murderer, uncle. Meanwhile, war brewing.",677
The Matrix,1999,"Action, Sci-Fi",136 min,8.7,"When a beautiful stranger leads computer hacker Neo to a forbidding underworld, he discovers the shocking truth--the life he knows is the elaborate deception of an evil cyber-intelligence.",the matrix,The Matrix,"When a beautiful stranger leads computer hacker Neo to a forbidding underworld, he discovers the shocking truth--the life he knows is the elaborate deception of an evil cyber-intelligence.","When a beautiful stranger leads computer hacker Neo to a forbidding underworld, he discovers the shocking truth--the life he knows is the elaborate deception of an evil cyber-intelligence.","When beautiful stranger leads computer hacker Neo forbidding underworld, discovers shocking truth--the life knows elaborate deception evil cyber-intelligence.",678
"Swades: We, the People",2004,Drama,210 min,8.2,A successful Indian scientist returns to an Indian village to take his nanny to America with him and in the process rediscovers his roots.,"swades: we, the people",Swades We the People,A successful Indian scientist returns to an Indian village to take his nanny to America with him and in the process rediscovers his roots.,A successful Indian scientist returns to an Indian village to take his nanny to America with him and in the process rediscovers his roots.,A successful Indian scientist returns Indian village take nanny America process rediscovers roots.,679
American History X,1998,Drama,119 min,8.5,A former neo-nazi skinhead tries to prevent his younger brother from going down the same wrong path that he did.,american history x,American History X,A former neo-nazi skinhead tries to prevent his younger brother from going down the same wrong path that he did.,A former neo-nazi skinhead tries to prevent his younger brother from going down the same wrong path that he did.,A former neo-nazi skinhead tries prevent younger brother going wrong path did.,680
"4 luni, 3 saptamâni si 2 zile",2007,Drama,113 min,7.9,A woman assists her friend in arranging an illegal abortion in 1980s Romania.,"4 luni, 3 saptamâni si 2 zile",4 luni 3 saptamâni si 2 zile,A woman assists her friend in arranging an illegal abortion in 1980s Romania.,A woman assists her friend in arranging an illegal abortion in 1980s Romania.,A woman assists friend arranging illegal abortion 1980s Romania.,681
Yeopgijeogin geunyeo,2001,"Comedy, Drama, Romance",137 min,8.0,"A young man sees a drunk, cute woman standing too close to the tracks at a metro station in Seoul and pulls her back. She ends up getting him into trouble repeatedly after that, starting on the train.",yeopgijeogin geunyeo,Yeopgijeogin geunyeo,"A young man sees a drunk, cute woman standing too close to the tracks at a metro station in Seoul and pulls her back. She ends up getting him into trouble repeatedly after that, starting on the train.","A young man sees a drunk, cute woman standing too close to the tracks at a metro station in Seoul and pulls her back. She ends up getting him into trouble repeatedly after that, starting on the train.","A young man sees drunk, cute woman standing close tracks metro station Seoul pulls back. She ends getting trouble repeatedly that, starting train.",682
Dial M for Murder,1954,"Crime, Thriller",105 min,8.2,A former tennis player tries to arrange his wife's murder after learning of her affair.,dial m for murder,Dial M for Murder,A former tennis player tries to arrange his wife's murder after learning of her affair.,A former tennis player tries to arrange his wife's murder after learning of her affair.,A former tennis player tries arrange wife's murder learning affair.,683
This Is England,2006,"Crime, Drama",101 min,7.7,"A young boy becomes friends with a gang of skinheads. Friends soon become like family, and relationships will be pushed to the very limit.",this is england,This Is England,"A young boy becomes friends with a gang of skinheads. Friends soon become like family, and relationships will be pushed to the very limit.","A young boy becomes friends with a gang of skinheads. Friends soon become like family, and relationships will be pushed to the very limit.","A young boy becomes friends gang skinheads. Friends soon become like family, relationships pushed limit.",684
Rush,2013,"Action, Biography, Drama",123 min,8.1,The merciless 1970s rivalry between Formula One rivals James Hunt and Niki Lauda.,rush,Rush,The merciless 1970s rivalry between Formula One rivals James Hunt and Niki Lauda.,The merciless 1970s rivalry between Formula One rivals James Hunt and Niki Lauda.,The merciless 1970s rivalry Formula One rivals James Hunt Niki Lauda.,685
Road to Perdition,2002,"Crime, Drama, Thriller",117 min,7.7,"A mob enforcer's son witnesses a murder, forcing him and his father to take to the road, and his father down a path of redemption and revenge.",road to perdition,Road to Perdition,"A mob enforcer's son witnesses a murder, forcing him and his father to take to the road, and his father down a path of redemption and revenge.","A mob enforcer's son witnesses a murder, forcing him and his father to take to the road, and his father down a path of redemption and revenge.","A mob enforcer's son witnesses murder, forcing father take road, father path redemption revenge.",686
City Lights,1931,"Comedy, Drama, Romance",87 min,8.5,"With the aid of a wealthy erratic tippler, a dewy-eyed tramp who has fallen in love with a sightless flower girl accumulates money to be able to help her medically.",city lights,City Lights,"With the aid of a wealthy erratic tippler, a dewy-eyed tramp who has fallen in love with a sightless flower girl accumulates money to be able to help her medically.","With the aid of a wealthy erratic tippler, a dewy-eyed tramp who has fallen in love with a sightless flower girl accumulates money to be able to help her medically.","With aid wealthy erratic tippler, dewy-eyed tramp fallen love sightless flower girl accumulates money able help medically.",687
Searching,2018,"Drama, Mystery, Thriller",102 min,7.6,"After his teenage daughter goes missing, a desperate father tries to find clues on her laptop.",searching,Searching,"After his teenage daughter goes missing, a desperate father tries to find clues on her laptop.","After his teenage daughter goes missing, a desperate father tries to find clues on her laptop.","After teenage daughter goes missing, desperate father tries find clues laptop.",688
Serbuan maut 2: Berandal,2014,"Action, Crime, Thriller",150 min,8.0,"Only a short time after the first raid, Rama goes undercover with the thugs of Jakarta and plans to bring down the syndicate and uncover the corruption within his police force.",serbuan maut 2: berandal,Serbuan maut 2 Berandal,"Only a short time after the first raid, Rama goes undercover with the thugs of Jakarta and plans to bring down the syndicate and uncover the corruption within his police force.","Only a short time after the first raid, Rama goes undercover with the thugs of Jakarta and plans to bring down the syndicate and uncover the corruption within his police force.","Only short time first raid, Rama goes undercover thugs Jakarta plans bring syndicate uncover corruption within police force.",689
The Social Network,2010,"Biography, Drama",120 min,7.7,"As Harvard student Mark Zuckerberg creates the social networking site that would become known as Facebook, he is sued by the twins who claimed he stole their idea, and by the co-founder who was later squeezed out of the business.",the social network,The Social Network,"As Harvard student Mark Zuckerberg creates the social networking site that would become known as Facebook, he is sued by the twins who claimed he stole their idea, and by the co-founder who was later squeezed out of the business.","As Harvard student Mark Zuckerberg creates the social networking site that would become known as Facebook, he is sued by the twins who claimed he stole their idea, and by the co-founder who was later squeezed out of the business.","As Harvard student Mark Zuckerberg creates social networking site would become known Facebook, sued twins claimed stole idea, co-founder later squeezed business.",690
Frankenstein,1931,"Drama, Horror, Sci-Fi",70 min,7.8,Dr. Frankenstein dares to tamper with life and death by creating a human monster out of lifeless body parts.,frankenstein,Frankenstein,Dr. Frankenstein dares to tamper with life and death by creating a human monster out of lifeless body parts.,Dr. Frankenstein dares to tamper with life and death by creating a human monster out of lifeless body parts.,Dr. Frankenstein dares tamper life death creating human monster lifeless body parts.,691
Get Out,2017,"Horror, Mystery, Thriller",104 min,7.7,"A young African-American visits his white girlfriend's parents for the weekend, where his simmering uneasiness about their reception of him eventually reaches a boiling point.",get out,Get Out,"A young African-American visits his white girlfriend's parents for the weekend, where his simmering uneasiness about their reception of him eventually reaches a boiling point.","A young African-American visits his white girlfriend's parents for the weekend, where his simmering uneasiness about their reception of him eventually reaches a boiling point.","A young African-American visits white girlfriend's parents weekend, simmering uneasiness reception eventually reaches boiling point.",692
The Man Who Shot Liberty Valance,1962,"Drama, Western",123 min,8.1,A senator returns to a western town for the funeral of an old friend and tells the story of his origins.,the man who shot liberty valance,The Man Who Shot Liberty Valance,A senator returns to a western town for the funeral of an old friend and tells the story of his origins.,A senator returns to a western town for the funeral of an old friend and tells the story of his origins.,A senator returns western town funeral old friend tells story origins.,693
Guess Who's Coming to Dinner,1967,"Comedy, Drama",108 min,7.8,A couple's attitudes are challenged when their daughter introduces them to her African-American fiancé.,guess who's coming to dinner,Guess Whos Coming to Dinner,A couple's attitudes are challenged when their daughter introduces them to her African-American fiancé.,A couple's attitudes are challenged when their daughter introduces them to her African-American fiancé.,A couple's attitudes challenged daughter introduces African-American fiancé.,694
"Crna macka, beli macor",1998,"Comedy, Crime, Romance",127 min,8.1,Matko and his son Zare live on the banks of the Danube river and get by through hustling and basically doing anything to make a living. In order to pay off a business debt Matko agrees to marry off Zare to the sister of a local gangster.,"crna macka, beli macor",Crna macka beli macor,Matko and his son Zare live on the banks of the Danube river and get by through hustling and basically doing anything to make a living. In order to pay off a business debt Matko agrees to marry off Zare to the sister of a local gangster.,Matko and his son Zare live on the banks of the Danube river and get by through hustling and basically doing anything to make a living. In order to pay off a business debt Matko agrees to marry off Zare to the sister of a local gangster.,Matko son Zare live banks Danube river get hustling basically anything make living. In order pay business debt Matko agrees marry Zare sister local gangster.,695
En man som heter Ove,2015,"Comedy, Drama, Romance",116 min,7.7,"Ove, an ill-tempered, isolated retiree who spends his days enforcing block association rules and visiting his wife's grave, has finally given up on life just as an unlikely friendship develops with his boisterous new neighbors.",en man som heter ove,En man som heter Ove,"Ove, an ill-tempered, isolated retiree who spends his days enforcing block association rules and visiting his wife's grave, has finally given up on life just as an unlikely friendship develops with his boisterous new neighbors.","Ove, an ill-tempered, isolated retiree who spends his days enforcing block association rules and visiting his wife's grave, has finally given up on life just as an unlikely friendship develops with his boisterous new neighbors.","Ove, ill-tempered, isolated retiree spends days enforcing block association rules visiting wife's grave, finally given life unlikely friendship develops boisterous new neighbors.",696
All Quiet on the Western Front,1930,"Drama, War",152 min,8.0,"A German youth eagerly enters World War I, but his enthusiasm wanes as he gets a firsthand view of the horror.",all quiet on the western front,All Quiet on the Western Front,"A German youth eagerly enters World War I, but his enthusiasm wanes as he gets a firsthand view of the horror.","A German youth eagerly enters World War I, but his enthusiasm wanes as he gets a firsthand view of the horror.","A German youth eagerly enters World War I, enthusiasm wanes gets firsthand view horror.",697
Arsenic and Old Lace,1942,"Comedy, Crime, Thriller",118 min,8.0,A writer of books on the futility of marriage risks his reputation when he decides to get married. Things get even more complicated when he learns on his wedding day that his beloved maiden aunts are habitual murderers.,arsenic and old lace,Arsenic and Old Lace,A writer of books on the futility of marriage risks his reputation when he decides to get married. Things get even more complicated when he learns on his wedding day that his beloved maiden aunts are habitual murderers.,A writer of books on the futility of marriage risks his reputation when he decides to get married. Things get even more complicated when he learns on his wedding day that his beloved maiden aunts are habitual murderers.,A writer books futility marriage risks reputation decides get married. Things get even complicated learns wedding day beloved maiden aunts habitual murderers.,698
Giant,1956,"Drama, Western",201 min,7.6,Sprawling epic covering the life of a Texas cattle rancher and his family and associates.,giant,Giant,Sprawling epic covering the life of a Texas cattle rancher and his family and associates.,Sprawling epic covering the life of a Texas cattle rancher and his family and associates.,Sprawling epic covering life Texas cattle rancher family associates.,699
Il postino,1994,"Biography, Comedy, Drama",108 min,7.7,"A simple Italian postman learns to love poetry while delivering mail to a famous poet, and then uses this to woo local beauty Beatrice.",il postino,Il postino,"A simple Italian postman learns to love poetry while delivering mail to a famous poet, and then uses this to woo local beauty Beatrice.","A simple Italian postman learns to love poetry while delivering mail to a famous poet, and then uses this to woo local beauty Beatrice.","A simple Italian postman learns love poetry delivering mail famous poet, uses woo local beauty Beatrice.",700
The Birds,1963,"Drama, Horror, Mystery",119 min,7.7,A wealthy San Francisco socialite pursues a potential boyfriend to a small Northern California town that slowly takes a turn for the bizarre when birds of all kinds suddenly begin to attack people.,the birds,The Birds,A wealthy San Francisco socialite pursues a potential boyfriend to a small Northern California town that slowly takes a turn for the bizarre when birds of all kinds suddenly begin to attack people.,A wealthy San Francisco socialite pursues a potential boyfriend to a small Northern California town that slowly takes a turn for the bizarre when birds of all kinds suddenly begin to attack people.,A wealthy San Francisco socialite pursues potential boyfriend small Northern California town slowly takes turn bizarre birds kinds suddenly begin attack people.,701
"Paris, Texas",1984,Drama,145 min,8.1,"Travis Henderson, an aimless drifter who has been missing for four years, wanders out of the desert and must reconnect with society, himself, his life, and his family.","paris, texas",Paris Texas,"Travis Henderson, an aimless drifter who has been missing for four years, wanders out of the desert and must reconnect with society, himself, his life, and his family.","Travis Henderson, an aimless drifter who has been missing for four years, wanders out of the desert and must reconnect with society, himself, his life, and his family.","Travis Henderson, aimless drifter missing four years, wanders desert must reconnect society, himself, life, family.",702
Haider,2014,"Action, Crime, Drama",160 min,8.1,"A young man returns to Kashmir after his father's disappearance to confront his uncle, whom he suspects of playing a role in his father's fate.",haider,Haider,"A young man returns to Kashmir after his father's disappearance to confront his uncle, whom he suspects of playing a role in his father's fate.","A young man returns to Kashmir after his father's disappearance to confront his uncle, whom he suspects of playing a role in his father's fate.","A young man returns Kashmir father's disappearance confront uncle, suspects playing role father's fate.",703
"Lock, Stock and Two Smoking Barrels",1998,"Action, Comedy, Crime",107 min,8.2,"A botched card game in London triggers four friends, thugs, weed-growers, hard gangsters, loan sharks and debt collectors to collide with each other in a series of unexpected events, all for the sake of weed, cash and two antique shotguns.","lock, stock and two smoking barrels",Lock Stock and Two Smoking Barrels,"A botched card game in London triggers four friends, thugs, weed-growers, hard gangsters, loan sharks and debt collectors to collide with each other in a series of unexpected events, all for the sake of weed, cash and two antique shotguns.","A botched card game in London triggers four friends, thugs, weed-growers, hard gangsters, loan sharks and debt collectors to collide with each other in a series of unexpected events, all for the sake of weed, cash and two antique shotguns.","A botched card game London triggers four friends, thugs, weed-growers, hard gangsters, loan sharks debt collectors collide series unexpected events, sake weed, cash two antique shotguns.",704
High Noon,1952,"Drama, Thriller, Western",85 min,7.9,"A town Marshal, despite the disagreements of his newlywed bride and the townspeople around him, must face a gang of deadly killers alone at high noon when the gang leader, an outlaw he sent up years ago, arrives on the noon train.",high noon,High Noon,"A town Marshal, despite the disagreements of his newlywed bride and the townspeople around him, must face a gang of deadly killers alone at high noon when the gang leader, an outlaw he sent up years ago, arrives on the noon train.","A town Marshal, despite the disagreements of his newlywed bride and the townspeople around him, must face a gang of deadly killers alone at high noon when the gang leader, an outlaw he sent up years ago, arrives on the noon train.","A town Marshal, despite disagreements newlywed bride townspeople around him, must face gang deadly killers alone high noon gang leader, outlaw sent years ago, arrives noon train.",705
The Theory of Everything,2014,"Biography, Drama, Romance",123 min,7.7,A look at the relationship between the famous physicist Stephen Hawking and his wife.,the theory of everything,The Theory of Everything,A look at the relationship between the famous physicist Stephen Hawking and his wife.,A look at the relationship between the famous physicist Stephen Hawking and his wife.,A look relationship famous physicist Stephen Hawking wife.,706
Beauty and the Beast,1991,"Animation, Family, Fantasy",84 min,8.0,A prince cursed to spend his days as a hideous monster sets out to regain his humanity by earning a young woman's love.,beauty and the beast,Beauty and the Beast,A prince cursed to spend his days as a hideous monster sets out to regain his humanity by earning a young woman's love.,A prince cursed to spend his days as a hideous monster sets out to regain his humanity by earning a young woman's love.,A prince cursed spend days hideous monster sets regain humanity earning young woman's love.,707
Bonnie and Clyde,1967,"Action, Biography, Crime",111 min,7.8,"Bored waitress Bonnie Parker falls in love with an ex-con named Clyde Barrow and together they start a violent crime spree through the country, stealing cars and robbing banks.",bonnie and clyde,Bonnie and Clyde,"Bored waitress Bonnie Parker falls in love with an ex-con named Clyde Barrow and together they start a violent crime spree through the country, stealing cars and robbing banks.","Bored waitress Bonnie Parker falls in love with an ex-con named Clyde Barrow and together they start a violent crime spree through the country, stealing cars and robbing banks.","Bored waitress Bonnie Parker falls love ex-con named Clyde Barrow together start violent crime spree country, stealing cars robbing banks.",708
Arrival,2016,"Drama, Sci-Fi",116 min,7.9,A linguist works with the military to communicate with alien lifeforms after twelve mysterious spacecrafts appear around the world.,arrival,Arrival,A linguist works with the military to communicate with alien lifeforms after twelve mysterious spacecrafts appear around the world.,A linguist works with the military to communicate with alien lifeforms after twelve mysterious spacecrafts appear around the world.,A linguist works military communicate alien lifeforms twelve mysterious spacecrafts appear around world.,709
The Last of the Mohicans,1992,"Action, Adventure, Drama",112 min,7.7,Three trappers protect the daughters of a British Colonel in the midst of the French and Indian War.,the last of the mohicans,The Last of the Mohicans,Three trappers protect the daughters of a British Colonel in the midst of the French and Indian War.,Three trappers protect the daughters of a British Colonel in the midst of the French and Indian War.,Three trappers protect daughters British Colonel midst French Indian War.,710
Tangled,2010,"Animation, Adventure, Comedy",100 min,7.7,"The magically long-haired Rapunzel has spent her entire life in a tower, but now that a runaway thief has stumbled upon her, she is about to discover the world for the first time, and who she really is.",tangled,Tangled,"The magically long-haired Rapunzel has spent her entire life in a tower, but now that a runaway thief has stumbled upon her, she is about to discover the world for the first time, and who she really is.","The magically long-haired Rapunzel has spent her entire life in a tower, but now that a runaway thief has stumbled upon her, she is about to discover the world for the first time, and who she really is.","The magically long-haired Rapunzel spent entire life tower, runaway thief stumbled upon her, discover world first time, really is.",711
Idi i smotri,1985,"Drama, Thriller, War",142 min,8.3,"After finding an old rifle, a young boy joins the Soviet resistance movement against ruthless German forces and experiences the horrors of World War II.",idi i smotri,Idi i smotri,"After finding an old rifle, a young boy joins the Soviet resistance movement against ruthless German forces and experiences the horrors of World War II.","After finding an old rifle, a young boy joins the Soviet resistance movement against ruthless German forces and experiences the horrors of World War II.","After finding old rifle, young boy joins Soviet resistance movement ruthless German forces experiences horrors World War II.",712
A Night at the Opera,1935,"Comedy, Music, Musical",96 min,7.9,A sly business manager and two wacky friends of two opera singers help them achieve success while humiliating their stuffy and snobbish enemies.,a night at the opera,A Night at the Opera,A sly business manager and two wacky friends of two opera singers help them achieve success while humiliating their stuffy and snobbish enemies.,A sly business manager and two wacky friends of two opera singers help them achieve success while humiliating their stuffy and snobbish enemies.,A sly business manager two wacky friends two opera singers help achieve success humiliating stuffy snobbish enemies.,713
The Iron Giant,1999,"Animation, Action, Adventure",86 min,8.0,A young boy befriends a giant robot from outer space that a paranoid government agent wants to destroy.,the iron giant,The Iron Giant,A young boy befriends a giant robot from outer space that a paranoid government agent wants to destroy.,A young boy befriends a giant robot from outer space that a paranoid government agent wants to destroy.,A young boy befriends giant robot outer space paranoid government agent wants destroy.,714
The Godfather,1972,"Crime, Drama",175 min,9.2,An organized crime dynasty's aging patriarch transfers control of his clandestine empire to his reluctant son.,the godfather,The Godfather,An organized crime dynasty's aging patriarch transfers control of his clandestine empire to his reluctant son.,An organized crime dynasty's aging patriarch transfers control of his clandestine empire to his reluctant son.,An organized crime dynasty's aging patriarch transfers control clandestine empire reluctant son.,715
The Station Agent,2003,"Comedy, Drama",89 min,7.6,"When his only friend dies, a man born with dwarfism moves to rural New Jersey to live a life of solitude, only to meet a chatty hot dog vendor and a woman dealing with her own personal loss.",the station agent,The Station Agent,"When his only friend dies, a man born with dwarfism moves to rural New Jersey to live a life of solitude, only to meet a chatty hot dog vendor and a woman dealing with her own personal loss.","When his only friend dies, a man born with dwarfism moves to rural New Jersey to live a life of solitude, only to meet a chatty hot dog vendor and a woman dealing with her own personal loss.","When friend dies, man born dwarfism moves rural New Jersey live life solitude, meet chatty hot dog vendor woman dealing personal loss.",716
Mad Max 2,1981,"Action, Adventure, Sci-Fi",96 min,7.6,"In the post-apocalyptic Australian wasteland, a cynical drifter agrees to help a small, gasoline-rich community escape a horde of bandits.",mad max 2,Mad Max 2,"In the post-apocalyptic Australian wasteland, a cynical drifter agrees to help a small, gasoline-rich community escape a horde of bandits.","In the post-apocalyptic Australian wasteland, a cynical drifter agrees to help a small, gasoline-rich community escape a horde of bandits.","In post-apocalyptic Australian wasteland, cynical drifter agrees help small, gasoline-rich community escape horde bandits.",717
The Lost Weekend,1945,"Drama, Film-Noir",101 min,7.9,The desperate life of a chronic alcoholic is followed through a four-day drinking bout.,the lost weekend,The Lost Weekend,The desperate life of a chronic alcoholic is followed through a four-day drinking bout.,The desperate life of a chronic alcoholic is followed through a four-day drinking bout.,The desperate life chronic alcoholic followed four-day drinking bout.,718
Paths of Glory,1957,"Drama, War",88 min,8.4,"After refusing to attack an enemy position, a general accuses the soldiers of cowardice and their commanding officer must defend them.",paths of glory,Paths of Glory,"After refusing to attack an enemy position, a general accuses the soldiers of cowardice and their commanding officer must defend them.","After refusing to attack an enemy position, a general accuses the soldiers of cowardice and their commanding officer must defend them.","After refusing attack enemy position, general accuses soldiers cowardice commanding officer must defend them.",719
Soul,2020,"Animation, Adventure, Comedy",100 min,8.1,"After landing the gig of a lifetime, a New York jazz pianist suddenly finds himself trapped in a strange land between Earth and the afterlife.",soul,Soul,"After landing the gig of a lifetime, a New York jazz pianist suddenly finds himself trapped in a strange land between Earth and the afterlife.","After landing the gig of a lifetime, a New York jazz pianist suddenly finds himself trapped in a strange land between Earth and the afterlife.","After landing gig lifetime, New York jazz pianist suddenly finds trapped strange land Earth afterlife.",720
Whiplash,2014,"Drama, Music",106 min,8.5,A promising young drummer enrolls at a cut-throat music conservatory where his dreams of greatness are mentored by an instructor who will stop at nothing to realize a student's potential.,whiplash,Whiplash,A promising young drummer enrolls at a cut-throat music conservatory where his dreams of greatness are mentored by an instructor who will stop at nothing to realize a student's potential.,A promising young drummer enrolls at a cut-throat music conservatory where his dreams of greatness are mentored by an instructor who will stop at nothing to realize a student's potential.,A promising young drummer enrolls cut-throat music conservatory dreams greatness mentored instructor stop nothing realize student's potential.,721
Crash,2004,"Crime, Drama, Thriller",112 min,7.7,"Los Angeles citizens with vastly separate lives collide in interweaving stories of race, loss and redemption.",crash,Crash,"Los Angeles citizens with vastly separate lives collide in interweaving stories of race, loss and redemption.","Los Angeles citizens with vastly separate lives collide in interweaving stories of race, loss and redemption.","Los Angeles citizens vastly separate lives collide interweaving stories race, loss redemption.",722
Hable con ella,2002,"Drama, Mystery, Romance",112 min,7.9,Two men share an odd friendship while they care for two women who are both in deep comas.,hable con ella,Hable con ella,Two men share an odd friendship while they care for two women who are both in deep comas.,Two men share an odd friendship while they care for two women who are both in deep comas.,Two men share odd friendship care two women deep comas.,723
The Graduate,1967,"Comedy, Drama, Romance",106 min,8.0,A disillusioned college graduate finds himself torn between his older lover and her daughter.,the graduate,The Graduate,A disillusioned college graduate finds himself torn between his older lover and her daughter.,A disillusioned college graduate finds himself torn between his older lover and her daughter.,A disillusioned college graduate finds torn older lover daughter.,724
The Best Years of Our Lives,1946,"Drama, Romance, War",170 min,8.0,Three World War II veterans return home to small-town America to discover that they and their families have been irreparably changed.,the best years of our lives,The Best Years of Our Lives,Three World War II veterans return home to small-town America to discover that they and their families have been irreparably changed.,Three World War II veterans return home to small-town America to discover that they and their families have been irreparably changed.,Three World War II veterans return home small-town America discover families irreparably changed.,725
G.O.R.A.,2004,"Adventure, Comedy, Sci-Fi",127 min,8.0,A slick young Turk kidnapped by extraterrestrials shows his great « humanitarian spirit » by outwitting the evil commander-in-chief of the planet of G.O.R.A.,g.o.r.a.,GORA,A slick young Turk kidnapped by extraterrestrials shows his great « humanitarian spirit » by outwitting the evil commander-in-chief of the planet of G.O.R.A.,A slick young Turk kidnapped by extraterrestrials shows his great « humanitarian spirit » by outwitting the evil commander-in-chief of the planet of G.O.R.A.,A slick young Turk kidnapped extraterrestrials shows great « humanitarian spirit » outwitting evil commander-in-chief planet G.O.R.A.,726
Miracle in cell NO.7,2019,Drama,132 min,8.3,A story of love between a mentally-ill father who was wrongly accused of murder and his lovely six years old daughter. The prison would be their home. Based on the 2013 Korean movie 7-beon-bang-ui seon-mul (2013).,miracle in cell no.7,Miracle in cell NO7,A story of love between a mentally-ill father who was wrongly accused of murder and his lovely six years old daughter. The prison would be their home. Based on the 2013 Korean movie 7-beon-bang-ui seon-mul (2013).,A story of love between a mentally-ill father who was wrongly accused of murder and his lovely six years old daughter. The prison would be their home. Based on the 2013 Korean movie 7-beon-bang-ui seon-mul (2013).,A story love mentally-ill father wrongly accused murder lovely six years old daughter. The prison would home. Based 2013 Korean movie 7-beon-bang-ui seon-mul (2013).,727
Guardians of the Galaxy,2014,"Action, Adventure, Comedy",121 min,8.0,A group of intergalactic criminals must pull together to stop a fanatical warrior with plans to purge the universe.,guardians of the galaxy,Guardians of the Galaxy,A group of intergalactic criminals must pull together to stop a fanatical warrior with plans to purge the universe.,A group of intergalactic criminals must pull together to stop a fanatical warrior with plans to purge the universe.,A group intergalactic criminals must pull together stop fanatical warrior plans purge universe.,728
Philomena,2013,"Biography, Comedy, Drama",98 min,7.6,"A world-weary political journalist picks up the story of a woman's search for her son, who was taken away from her decades ago after she became pregnant and was forced to live in a convent.",philomena,Philomena,"A world-weary political journalist picks up the story of a woman's search for her son, who was taken away from her decades ago after she became pregnant and was forced to live in a convent.","A world-weary political journalist picks up the story of a woman's search for her son, who was taken away from her decades ago after she became pregnant and was forced to live in a convent.","A world-weary political journalist picks story woman's search son, taken away decades ago became pregnant forced live convent.",729
The Adventures of Robin Hood,1938,"Action, Adventure, Romance",102 min,7.9,"When Prince John and the Norman Lords begin oppressing the Saxon masses in King Richard's absence, a Saxon lord fights back as the outlaw leader of a rebel guerrilla army.",the adventures of robin hood,The Adventures of Robin Hood,"When Prince John and the Norman Lords begin oppressing the Saxon masses in King Richard's absence, a Saxon lord fights back as the outlaw leader of a rebel guerrilla army.","When Prince John and the Norman Lords begin oppressing the Saxon masses in King Richard's absence, a Saxon lord fights back as the outlaw leader of a rebel guerrilla army.","When Prince John Norman Lords begin oppressing Saxon masses King Richard's absence, Saxon lord fights back outlaw leader rebel guerrilla army.",730
Tropa de Elite 2: O Inimigo Agora é Outro,2010,"Action, Crime, Drama",115 min,8.0,"After a prison riot, former-Captain Nascimento, now a high ranking security officer in Rio de Janeiro, is swept into a bloody political dispute that involves government officials and paramilitary groups.",tropa de elite 2: o inimigo agora é outro,Tropa de Elite 2 O Inimigo Agora é Outro,"After a prison riot, former-Captain Nascimento, now a high ranking security officer in Rio de Janeiro, is swept into a bloody political dispute that involves government officials and paramilitary groups.","After a prison riot, former-Captain Nascimento, now a high ranking security officer in Rio de Janeiro, is swept into a bloody political dispute that involves government officials and paramilitary groups.","After prison riot, former-Captain Nascimento, high ranking security officer Rio de Janeiro, swept bloody political dispute involves government officials paramilitary groups.",731
Kung fu,2004,"Action, Comedy, Fantasy",99 min,7.7,"In Shanghai, China in the 1940s, a wannabe gangster aspires to join the notorious ""Axe Gang"" while residents of a housing complex exhibit extraordinary powers in defending their turf.",kung fu,Kung fu,"In Shanghai, China in the 1940s, a wannabe gangster aspires to join the notorious ""Axe Gang"" while residents of a housing complex exhibit extraordinary powers in defending their turf.","In Shanghai, China in the 1940s, a wannabe gangster aspires to join the notorious ""Axe Gang"" while residents of a housing complex exhibit extraordinary powers in defending their turf.","In Shanghai, China 1940s, wannabe gangster aspires join notorious ""Axe Gang"" residents housing complex exhibit extraordinary powers defending turf.",732
Kill Bill: Vol. 1,2003,"Action, Crime, Drama",111 min,8.1,"After awakening from a four-year coma, a former assassin wreaks vengeance on the team of assassins who betrayed her.",kill bill: vol. 1,Kill Bill Vol 1,"After awakening from a four-year coma, a former assassin wreaks vengeance on the team of assassins who betrayed her.","After awakening from a four-year coma, a former assassin wreaks vengeance on the team of assassins who betrayed her.","After awakening four-year coma, former assassin wreaks vengeance team assassins betrayed her.",733
The Lord of the Rings: The Two Towers,2002,"Action, Adventure, Drama",179 min,8.7,"While Frodo and Sam edge closer to Mordor with the help of the shifty Gollum, the divided fellowship makes a stand against Sauron's new ally, Saruman, and his hordes of Isengard.",the lord of the rings: the two towers,The Lord of the Rings The Two Towers,"While Frodo and Sam edge closer to Mordor with the help of the shifty Gollum, the divided fellowship makes a stand against Sauron's new ally, Saruman, and his hordes of Isengard.","While Frodo and Sam edge closer to Mordor with the help of the shifty Gollum, the divided fellowship makes a stand against Sauron's new ally, Saruman, and his hordes of Isengard.","While Frodo Sam edge closer Mordor help shifty Gollum, divided fellowship makes stand Sauron's new ally, Saruman, hordes Isengard.",734
La Grande Illusion,1937,"Drama, War",113 min,8.1,"During WWI, two French soldiers are captured and imprisoned in a German P.O.W. camp. Several escape attempts follow until they are eventually sent to a seemingly inescapable fortress.",la grande illusion,La Grande Illusion,"During WWI, two French soldiers are captured and imprisoned in a German P.O.W. camp. Several escape attempts follow until they are eventually sent to a seemingly inescapable fortress.","During WWI, two French soldiers are captured and imprisoned in a German P.O.W. camp. Several escape attempts follow until they are eventually sent to a seemingly inescapable fortress.","During WWI, two French soldiers captured imprisoned German P.O.W. camp. Several escape attempts follow eventually sent seemingly inescapable fortress.",735
The Big Short,2015,"Biography, Comedy, Drama",130 min,7.8,In 2006-2007 a group of investors bet against the US mortgage market. In their research they discover how flawed and corrupt the market is.,the big short,The Big Short,In 2006-2007 a group of investors bet against the US mortgage market. In their research they discover how flawed and corrupt the market is.,In 2006-2007 a group of investors bet against the US mortgage market. In their research they discover how flawed and corrupt the market is.,In 2006-2007 group investors bet US mortgage market. In research discover flawed corrupt market is.,736
Festen,1998,Drama,105 min,8.0,"At Helge's 60th birthday party, some unpleasant family truths are revealed.",festen,Festen,"At Helge's 60th birthday party, some unpleasant family truths are revealed.","At Helge's 60th birthday party, some unpleasant family truths are revealed.","At Helge's 60th birthday party, unpleasant family truths revealed.",737
Fitzcarraldo,1982,"Adventure, Drama",158 min,8.1,"The story of Brian Sweeney Fitzgerald, an extremely determined man who intends to build an opera house in the middle of a jungle.",fitzcarraldo,Fitzcarraldo,"The story of Brian Sweeney Fitzgerald, an extremely determined man who intends to build an opera house in the middle of a jungle.","The story of Brian Sweeney Fitzgerald, an extremely determined man who intends to build an opera house in the middle of a jungle.","The story Brian Sweeney Fitzgerald, extremely determined man intends build opera house middle jungle.",738
Andaz Apna Apna,1994,"Action, Comedy, Romance",160 min,8.2,Two slackers competing for the affections of an heiress inadvertently become her protectors from an evil criminal.,andaz apna apna,Andaz Apna Apna,Two slackers competing for the affections of an heiress inadvertently become her protectors from an evil criminal.,Two slackers competing for the affections of an heiress inadvertently become her protectors from an evil criminal.,Two slackers competing affections heiress inadvertently become protectors evil criminal.,739
First Blood,1982,"Action, Adventure",93 min,7.7,A veteran Green Beret is forced by a cruel Sheriff and his deputies to flee into the mountains and wage an escalating one-man war against his pursuers.,first blood,First Blood,A veteran Green Beret is forced by a cruel Sheriff and his deputies to flee into the mountains and wage an escalating one-man war against his pursuers.,A veteran Green Beret is forced by a cruel Sheriff and his deputies to flee into the mountains and wage an escalating one-man war against his pursuers.,A veteran Green Beret forced cruel Sheriff deputies flee mountains wage escalating one-man war pursuers.,740
The Jungle Book,1967,"Animation, Adventure, Family",78 min,7.6,Bagheera the Panther and Baloo the Bear have a difficult time trying to convince a boy to leave the jungle for human civilization.,the jungle book,The Jungle Book,Bagheera the Panther and Baloo the Bear have a difficult time trying to convince a boy to leave the jungle for human civilization.,Bagheera the Panther and Baloo the Bear have a difficult time trying to convince a boy to leave the jungle for human civilization.,Bagheera Panther Baloo Bear difficult time trying convince boy leave jungle human civilization.,741
Todo sobre mi madre,1999,Drama,101 min,7.8,"Young Esteban wants to become a writer and also to discover the identity of his second mother, a trans woman, carefully concealed by his mother Manuela.",todo sobre mi madre,Todo sobre mi madre,"Young Esteban wants to become a writer and also to discover the identity of his second mother, a trans woman, carefully concealed by his mother Manuela.","Young Esteban wants to become a writer and also to discover the identity of his second mother, a trans woman, carefully concealed by his mother Manuela.","Young Esteban wants become writer also discover identity second mother, trans woman, carefully concealed mother Manuela.",742
Philadelphia,1993,Drama,125 min,7.7,"When a man with HIV is fired by his law firm because of his condition, he hires a homophobic small time lawyer as the only willing advocate for a wrongful dismissal suit.",philadelphia,Philadelphia,"When a man with HIV is fired by his law firm because of his condition, he hires a homophobic small time lawyer as the only willing advocate for a wrongful dismissal suit.","When a man with HIV is fired by his law firm because of his condition, he hires a homophobic small time lawyer as the only willing advocate for a wrongful dismissal suit.","When man HIV fired law firm condition, hires homophobic small time lawyer willing advocate wrongful dismissal suit.",743
The Irishman,2019,"Biography, Crime, Drama",209 min,7.9,"An old man recalls his time painting houses for his friend, Jimmy Hoffa, through the 1950-70s.",the irishman,The Irishman,"An old man recalls his time painting houses for his friend, Jimmy Hoffa, through the 1950-70s.","An old man recalls his time painting houses for his friend, Jimmy Hoffa, through the 1950-70s.","An old man recalls time painting houses friend, Jimmy Hoffa, 1950-70s.",744
Blood Simple,1984,"Crime, Drama, Thriller",99 min,7.6,"The owner of a seedy small-town Texas bar discovers that one of his employees is having an affair with his wife. A chaotic chain of misunderstandings, lies and mischief ensues after he devises a plot to have them murdered.",blood simple,Blood Simple,"The owner of a seedy small-town Texas bar discovers that one of his employees is having an affair with his wife. A chaotic chain of misunderstandings, lies and mischief ensues after he devises a plot to have them murdered.","The owner of a seedy small-town Texas bar discovers that one of his employees is having an affair with his wife. A chaotic chain of misunderstandings, lies and mischief ensues after he devises a plot to have them murdered.","The owner seedy small-town Texas bar discovers one employees affair wife. A chaotic chain misunderstandings, lies mischief ensues devises plot murdered.",745
Gegen die Wand,2004,"Drama, Romance",121 min,7.9,"With the intention to break free from the strict familial restrictions, a suicidal young woman sets up a marriage of convenience with a forty-year-old addict, an act that will lead to an outburst of envious love.",gegen die wand,Gegen die Wand,"With the intention to break free from the strict familial restrictions, a suicidal young woman sets up a marriage of convenience with a forty-year-old addict, an act that will lead to an outburst of envious love.","With the intention to break free from the strict familial restrictions, a suicidal young woman sets up a marriage of convenience with a forty-year-old addict, an act that will lead to an outburst of envious love.","With intention break free strict familial restrictions, suicidal young woman sets marriage convenience forty-year-old addict, act lead outburst envious love.",746
The Last Emperor,1987,"Biography, Drama, History",163 min,7.7,The story of the final Emperor of China.,the last emperor,The Last Emperor,The story of the final Emperor of China.,The story of the final Emperor of China.,The story final Emperor China.,747
Catch Me If You Can,2002,"Biography, Crime, Drama",141 min,8.1,"Barely 21 yet, Frank is a skilled forger who has passed as a doctor, lawyer and pilot. FBI agent Carl becomes obsessed with tracking down the con man, who only revels in the pursuit.",catch me if you can,Catch Me If You Can,"Barely 21 yet, Frank is a skilled forger who has passed as a doctor, lawyer and pilot. FBI agent Carl becomes obsessed with tracking down the con man, who only revels in the pursuit.","Barely 21 yet, Frank is a skilled forger who has passed as a doctor, lawyer and pilot. FBI agent Carl becomes obsessed with tracking down the con man, who only revels in the pursuit.","Barely 21 yet, Frank skilled forger passed doctor, lawyer pilot. FBI agent Carl becomes obsessed tracking con man, revels pursuit.",748
King Kong,1933,"Adventure, Horror, Sci-Fi",100 min,7.9,A film crew goes to a tropical island for an exotic location shoot and discovers a colossal ape who takes a shine to their female blonde star. He is then captured and brought back to New York City for public exhibition.,king kong,King Kong,A film crew goes to a tropical island for an exotic location shoot and discovers a colossal ape who takes a shine to their female blonde star. He is then captured and brought back to New York City for public exhibition.,A film crew goes to a tropical island for an exotic location shoot and discovers a colossal ape who takes a shine to their female blonde star. He is then captured and brought back to New York City for public exhibition.,A film crew goes tropical island exotic location shoot discovers colossal ape takes shine female blonde star. He captured brought back New York City public exhibition.,749
Fantasia,1940,"Animation, Family, Fantasy",125 min,7.7,A collection of animated interpretations of great works of Western classical music.,fantasia,Fantasia,A collection of animated interpretations of great works of Western classical music.,A collection of animated interpretations of great works of Western classical music.,A collection animated interpretations great works Western classical music.,750
The Philadelphia Story,1940,"Comedy, Romance",112 min,7.9,"When a rich woman's ex-husband and a tabloid-type reporter turn up just before her planned remarriage, she begins to learn the truth about herself.",the philadelphia story,The Philadelphia Story,"When a rich woman's ex-husband and a tabloid-type reporter turn up just before her planned remarriage, she begins to learn the truth about herself.","When a rich woman's ex-husband and a tabloid-type reporter turn up just before her planned remarriage, she begins to learn the truth about herself.","When rich woman's ex-husband tabloid-type reporter turn planned remarriage, begins learn truth herself.",751
The Right Stuff,1983,"Adventure, Biography, Drama",193 min,7.8,"The story of the original Mercury 7 astronauts and their macho, seat-of-the-pants approach to the space program.",the right stuff,The Right Stuff,"The story of the original Mercury 7 astronauts and their macho, seat-of-the-pants approach to the space program.","The story of the original Mercury 7 astronauts and their macho, seat-of-the-pants approach to the space program.","The story original Mercury 7 astronauts macho, seat-of-the-pants approach space program.",752
Rashômon,1950,"Crime, Drama, Mystery",88 min,8.2,"The rape of a bride and the murder of her samurai husband are recalled from the perspectives of a bandit, the bride, the samurai's ghost and a woodcutter.",rashômon,Rashômon,"The rape of a bride and the murder of her samurai husband are recalled from the perspectives of a bandit, the bride, the samurai's ghost and a woodcutter.","The rape of a bride and the murder of her samurai husband are recalled from the perspectives of a bandit, the bride, the samurai's ghost and a woodcutter.","The rape bride murder samurai husband recalled perspectives bandit, bride, samurai's ghost woodcutter.",753
Man on Fire,2004,"Action, Crime, Drama",146 min,7.7,"In Mexico City, a former CIA operative swears vengeance on those who committed an unspeakable act against the family he was hired to protect.",man on fire,Man on Fire,"In Mexico City, a former CIA operative swears vengeance on those who committed an unspeakable act against the family he was hired to protect.","In Mexico City, a former CIA operative swears vengeance on those who committed an unspeakable act against the family he was hired to protect.","In Mexico City, former CIA operative swears vengeance committed unspeakable act family hired protect.",754
Midnight Cowboy,1969,Drama,113 min,7.8,"A naive hustler travels from Texas to New York City to seek personal fortune, finding a new friend in the process.",midnight cowboy,Midnight Cowboy,"A naive hustler travels from Texas to New York City to seek personal fortune, finding a new friend in the process.","A naive hustler travels from Texas to New York City to seek personal fortune, finding a new friend in the process.","A naive hustler travels Texas New York City seek personal fortune, finding new friend process.",755
Jojo Rabbit,2019,"Comedy, Drama, War",108 min,7.9,A young boy in Hitler's army finds out his mother is hiding a Jewish girl in their home.,jojo rabbit,Jojo Rabbit,A young boy in Hitler's army finds out his mother is hiding a Jewish girl in their home.,A young boy in Hitler's army finds out his mother is hiding a Jewish girl in their home.,A young boy Hitler's army finds mother hiding Jewish girl home.,756
The Goonies,1985,"Adventure, Comedy, Family",114 min,7.8,A group of young misfits called The Goonies discover an ancient map and set out on an adventure to find a legendary pirate's long-lost treasure.,the goonies,The Goonies,A group of young misfits called The Goonies discover an ancient map and set out on an adventure to find a legendary pirate's long-lost treasure.,A group of young misfits called The Goonies discover an ancient map and set out on an adventure to find a legendary pirate's long-lost treasure.,A group young misfits called The Goonies discover ancient map set adventure find legendary pirate's long-lost treasure.,757
Cowboy Bebop: Tengoku no tobira,2001,"Animation, Action, Crime",115 min,7.9,"A terrorist explosion releases a deadly virus on the masses, and it's up the bounty-hunting Bebop crew to catch the cold-blooded culprit.",cowboy bebop: tengoku no tobira,Cowboy Bebop Tengoku no tobira,"A terrorist explosion releases a deadly virus on the masses, and it's up the bounty-hunting Bebop crew to catch the cold-blooded culprit.","A terrorist explosion releases a deadly virus on the masses, and it's up the bounty-hunting Bebop crew to catch the cold-blooded culprit.","A terrorist explosion releases deadly virus masses, bounty-hunting Bebop crew catch cold-blooded culprit.",758
Spider-Man: Into the Spider-Verse,2018,"Animation, Action, Adventure",117 min,8.4,"Teen Miles Morales becomes the Spider-Man of his universe, and must join with five spider-powered individuals from other dimensions to stop a threat for all realities.",spider-man: into the spider-verse,SpiderMan Into the SpiderVerse,"Teen Miles Morales becomes the Spider-Man of his universe, and must join with five spider-powered individuals from other dimensions to stop a threat for all realities.","Teen Miles Morales becomes the Spider-Man of his universe, and must join with five spider-powered individuals from other dimensions to stop a threat for all realities.","Teen Miles Morales becomes Spider-Man universe, must join five spider-powered individuals dimensions stop threat realities.",759
Nightcrawler,2014,"Crime, Drama, Thriller",117 min,7.9,"When Louis Bloom, a con man desperate for work, muscles into the world of L.A. crime journalism, he blurs the line between observer and participant to become the star of his own story.",nightcrawler,Nightcrawler,"When Louis Bloom, a con man desperate for work, muscles into the world of L.A. crime journalism, he blurs the line between observer and participant to become the star of his own story.","When Louis Bloom, a con man desperate for work, muscles into the world of L.A. crime journalism, he blurs the line between observer and participant to become the star of his own story.","When Louis Bloom, con man desperate work, muscles world L.A. crime journalism, blurs line observer participant become star story.",760
The Big Sleep,1946,"Crime, Film-Noir, Mystery",114 min,7.9,"Private detective Philip Marlowe is hired by a wealthy family. Before the complex case is over, he's seen murder, blackmail, and what might be love.",the big sleep,The Big Sleep,"Private detective Philip Marlowe is hired by a wealthy family. Before the complex case is over, he's seen murder, blackmail, and what might be love.","Private detective Philip Marlowe is hired by a wealthy family. Before the complex case is over, he's seen murder, blackmail, and what might be love.","Private detective Philip Marlowe hired wealthy family. Before complex case over, he's seen murder, blackmail, might love.",761
The Dirty Dozen,1967,"Action, Adventure, War",150 min,7.7,"During World War II, a rebellious U.S. Army Major is assigned a dozen convicted murderers to train and lead them into a mass assassination mission of German officers.",the dirty dozen,The Dirty Dozen,"During World War II, a rebellious U.S. Army Major is assigned a dozen convicted murderers to train and lead them into a mass assassination mission of German officers.","During World War II, a rebellious U.S. Army Major is assigned a dozen convicted murderers to train and lead them into a mass assassination mission of German officers.","During World War II, rebellious U.S. Army Major assigned dozen convicted murderers train lead mass assassination mission German officers.",762
Beasts of No Nation,2015,"Drama, War",137 min,7.7,"A drama based on the experiences of Agu, a child soldier fighting in the civil war of an unnamed African country.",beasts of no nation,Beasts of No Nation,"A drama based on the experiences of Agu, a child soldier fighting in the civil war of an unnamed African country.","A drama based on the experiences of Agu, a child soldier fighting in the civil war of an unnamed African country.","A drama based experiences Agu, child soldier fighting civil war unnamed African country.",763
The Big Lebowski,1998,"Comedy, Crime, Sport",117 min,8.1,"Jeff ""The Dude"" Lebowski, mistaken for a millionaire of the same name, seeks restitution for his ruined rug and enlists his bowling buddies to help get it.",the big lebowski,The Big Lebowski,"Jeff ""The Dude"" Lebowski, mistaken for a millionaire of the same name, seeks restitution for his ruined rug and enlists his bowling buddies to help get it.","Jeff ""The Dude"" Lebowski, mistaken for a millionaire of the same name, seeks restitution for his ruined rug and enlists his bowling buddies to help get it.","Jeff ""The Dude"" Lebowski, mistaken millionaire name, seeks restitution ruined rug enlists bowling buddies help get it.",764
Interstellar,2014,"Adventure, Drama, Sci-Fi",169 min,8.6,A team of explorers travel through a wormhole in space in an attempt to ensure humanity's survival.,interstellar,Interstellar,A team of explorers travel through a wormhole in space in an attempt to ensure humanity's survival.,A team of explorers travel through a wormhole in space in an attempt to ensure humanity's survival.,A team explorers travel wormhole space attempt ensure humanity's survival.,765
Mr. Smith Goes to Washington,1939,"Comedy, Drama",129 min,8.1,"A naive man is appointed to fill a vacancy in the United States Senate. His plans promptly collide with political corruption, but he doesn't back down.",mr. smith goes to washington,Mr Smith Goes to Washington,"A naive man is appointed to fill a vacancy in the United States Senate. His plans promptly collide with political corruption, but he doesn't back down.","A naive man is appointed to fill a vacancy in the United States Senate. His plans promptly collide with political corruption, but he doesn't back down.","A naive man appointed fill vacancy United States Senate. His plans promptly collide political corruption, back down.",766
La règle du jeu,1939,"Comedy, Drama",110 min,8.0,"A bourgeois life in France at the onset of World War II, as the rich and their poor servants meet up at a French chateau.",la règle du jeu,La règle du jeu,"A bourgeois life in France at the onset of World War II, as the rich and their poor servants meet up at a French chateau.","A bourgeois life in France at the onset of World War II, as the rich and their poor servants meet up at a French chateau.","A bourgeois life France onset World War II, rich poor servants meet French chateau.",767
Hera Pheri,2000,"Action, Comedy, Crime",156 min,8.2,"Three unemployed men look for answers to all their money problems - but when their opportunity arrives, will they know what to do with it?",hera pheri,Hera Pheri,"Three unemployed men look for answers to all their money problems - but when their opportunity arrives, will they know what to do with it?","Three unemployed men look for answers to all their money problems - but when their opportunity arrives, will they know what to do with it?","Three unemployed men look answers money problems - opportunity arrives, know it?",768
The Elephant Man,1980,"Biography, Drama",124 min,8.1,"A Victorian surgeon rescues a heavily disfigured man who is mistreated while scraping a living as a side-show freak. Behind his monstrous façade, there is revealed a person of kindness, intelligence and sophistication.",the elephant man,The Elephant Man,"A Victorian surgeon rescues a heavily disfigured man who is mistreated while scraping a living as a side-show freak. Behind his monstrous façade, there is revealed a person of kindness, intelligence and sophistication.","A Victorian surgeon rescues a heavily disfigured man who is mistreated while scraping a living as a side-show freak. Behind his monstrous façade, there is revealed a person of kindness, intelligence and sophistication.","A Victorian surgeon rescues heavily disfigured man mistreated scraping living side-show freak. Behind monstrous façade, revealed person kindness, intelligence sophistication.",769
The Thin Red Line,1998,"Drama, War",170 min,7.6,"Adaptation of James Jones' autobiographical 1962 novel, focusing on the conflict at Guadalcanal during the second World War.",the thin red line,The Thin Red Line,"Adaptation of James Jones' autobiographical 1962 novel, focusing on the conflict at Guadalcanal during the second World War.","Adaptation of James Jones' autobiographical 1962 novel, focusing on the conflict at Guadalcanal during the second World War.","Adaptation James Jones' autobiographical 1962 novel, focusing conflict Guadalcanal second World War.",770
The Treasure of the Sierra Madre,1948,"Adventure, Drama, Western",126 min,8.2,Two Americans searching for work in Mexico convince an old prospector to help them mine for gold in the Sierra Madre Mountains.,the treasure of the sierra madre,The Treasure of the Sierra Madre,Two Americans searching for work in Mexico convince an old prospector to help them mine for gold in the Sierra Madre Mountains.,Two Americans searching for work in Mexico convince an old prospector to help them mine for gold in the Sierra Madre Mountains.,Two Americans searching work Mexico convince old prospector help mine gold Sierra Madre Mountains.,771
The Straight Story,1999,"Biography, Drama",112 min,8.0,An old man makes a long journey by lawnmower to mend his relationship with an ill brother.,the straight story,The Straight Story,An old man makes a long journey by lawnmower to mend his relationship with an ill brother.,An old man makes a long journey by lawnmower to mend his relationship with an ill brother.,An old man makes long journey lawnmower mend relationship ill brother.,772
Being John Malkovich,1999,"Comedy, Drama, Fantasy",113 min,7.7,A puppeteer discovers a portal that leads literally into the head of movie star John Malkovich.,being john malkovich,Being John Malkovich,A puppeteer discovers a portal that leads literally into the head of movie star John Malkovich.,A puppeteer discovers a portal that leads literally into the head of movie star John Malkovich.,A puppeteer discovers portal leads literally head movie star John Malkovich.,773
Being There,1979,"Comedy, Drama",130 min,8.0,"A simpleminded, sheltered gardener becomes an unlikely trusted advisor to a powerful businessman and an insider in Washington politics.",being there,Being There,"A simpleminded, sheltered gardener becomes an unlikely trusted advisor to a powerful businessman and an insider in Washington politics.","A simpleminded, sheltered gardener becomes an unlikely trusted advisor to a powerful businessman and an insider in Washington politics.","A simpleminded, sheltered gardener becomes unlikely trusted advisor powerful businessman insider Washington politics.",774
Boyhood,2014,Drama,165 min,7.9,"The life of Mason, from early childhood to his arrival at college.",boyhood,Boyhood,"The life of Mason, from early childhood to his arrival at college.","The life of Mason, from early childhood to his arrival at college.","The life Mason, early childhood arrival college.",775
The Revenant,2015,"Action, Adventure, Drama",156 min,8.0,A frontiersman on a fur trading expedition in the 1820s fights for survival after being mauled by a bear and left for dead by members of his own hunting team.,the revenant,The Revenant,A frontiersman on a fur trading expedition in the 1820s fights for survival after being mauled by a bear and left for dead by members of his own hunting team.,A frontiersman on a fur trading expedition in the 1820s fights for survival after being mauled by a bear and left for dead by members of his own hunting team.,A frontiersman fur trading expedition 1820s fights survival mauled bear left dead members hunting team.,776
Joyeux Noël,2005,"Drama, History, Music",116 min,7.7,"In December 1914, an unofficial Christmas truce on the Western Front allows soldiers from opposing sides of the First World War to gain insight into each other's way of life.",joyeux noël,Joyeux Noël,"In December 1914, an unofficial Christmas truce on the Western Front allows soldiers from opposing sides of the First World War to gain insight into each other's way of life.","In December 1914, an unofficial Christmas truce on the Western Front allows soldiers from opposing sides of the First World War to gain insight into each other's way of life.","In December 1914, unofficial Christmas truce Western Front allows soldiers opposing sides First World War gain insight other's way life.",777
White Heat,1949,"Action, Crime, Drama",114 min,8.1,A psychopathic criminal with a mother complex makes a daring break from prison and leads his old gang in a chemical plant payroll heist.,white heat,White Heat,A psychopathic criminal with a mother complex makes a daring break from prison and leads his old gang in a chemical plant payroll heist.,A psychopathic criminal with a mother complex makes a daring break from prison and leads his old gang in a chemical plant payroll heist.,A psychopathic criminal mother complex makes daring break prison leads old gang chemical plant payroll heist.,778
The Remains of the Day,1993,"Drama, Romance",134 min,7.8,A butler who sacrificed body and soul to service in the years leading up to World War II realizes too late how misguided his loyalty was to his lordly employer.,the remains of the day,The Remains of the Day,A butler who sacrificed body and soul to service in the years leading up to World War II realizes too late how misguided his loyalty was to his lordly employer.,A butler who sacrificed body and soul to service in the years leading up to World War II realizes too late how misguided his loyalty was to his lordly employer.,A butler sacrificed body soul service years leading World War II realizes late misguided loyalty lordly employer.,779
K.G.F: Chapter 1,2018,"Action, Drama",156 min,8.2,"In the 1970s, a fierce rebel rises against brutal oppression and becomes the symbol of hope to legions of downtrodden people.",k.g.f: chapter 1,KGF Chapter 1,"In the 1970s, a fierce rebel rises against brutal oppression and becomes the symbol of hope to legions of downtrodden people.","In the 1970s, a fierce rebel rises against brutal oppression and becomes the symbol of hope to legions of downtrodden people.","In 1970s, fierce rebel rises brutal oppression becomes symbol hope legions downtrodden people.",780
The Fugitive,1993,"Action, Crime, Drama",130 min,7.8,"Dr. Richard Kimble, unjustly accused of murdering his wife, must find the real killer while being the target of a nationwide manhunt led by a seasoned U.S. Marshal.",the fugitive,The Fugitive,"Dr. Richard Kimble, unjustly accused of murdering his wife, must find the real killer while being the target of a nationwide manhunt led by a seasoned U.S. Marshal.","Dr. Richard Kimble, unjustly accused of murdering his wife, must find the real killer while being the target of a nationwide manhunt led by a seasoned U.S. Marshal.","Dr. Richard Kimble, unjustly accused murdering wife, must find real killer target nationwide manhunt led seasoned U.S. Marshal.",781
The Quiet Man,1952,"Comedy, Drama, Romance",129 min,7.7,"A retired American boxer returns to the village of his birth in Ireland, where he falls for a spirited redhead whose brother is contemptuous of their union.",the quiet man,The Quiet Man,"A retired American boxer returns to the village of his birth in Ireland, where he falls for a spirited redhead whose brother is contemptuous of their union.","A retired American boxer returns to the village of his birth in Ireland, where he falls for a spirited redhead whose brother is contemptuous of their union.","A retired American boxer returns village birth Ireland, falls spirited redhead whose brother contemptuous union.",782
Good Will Hunting,1997,"Drama, Romance",126 min,8.3,"Will Hunting, a janitor at M.I.T., has a gift for mathematics, but needs help from a psychologist to find direction in his life.",good will hunting,Good Will Hunting,"Will Hunting, a janitor at M.I.T., has a gift for mathematics, but needs help from a psychologist to find direction in his life.","Will Hunting, a janitor at M.I.T., has a gift for mathematics, but needs help from a psychologist to find direction in his life.","Will Hunting, janitor M.I.T., gift mathematics, needs help psychologist find direction life.",783
Mar adentro,2014,"Biography, Drama",126 min,8.0,"The factual story of Spaniard Ramon Sampedro, who fought a thirty-year campaign in favor of euthanasia and his own right to die.",mar adentro,Mar adentro,"The factual story of Spaniard Ramon Sampedro, who fought a thirty-year campaign in favor of euthanasia and his own right to die.","The factual story of Spaniard Ramon Sampedro, who fought a thirty-year campaign in favor of euthanasia and his own right to die.","The factual story Spaniard Ramon Sampedro, fought thirty-year campaign favor euthanasia right die.",784
Drishyam,2013,"Crime, Drama, Thriller",160 min,8.3,A man goes to extreme lengths to save his family from punishment after the family commits an accidental crime.,drishyam,Drishyam,A man goes to extreme lengths to save his family from punishment after the family commits an accidental crime.,A man goes to extreme lengths to save his family from punishment after the family commits an accidental crime.,A man goes extreme lengths save family punishment family commits accidental crime.,785
The Wizard of Oz,1939,"Adventure, Family, Fantasy",102 min,8.0,Dorothy Gale is swept away from a farm in Kansas to a magical land of Oz in a tornado and embarks on a quest with her new friends to see the Wizard who can help her return home to Kansas and help her friends as well.,the wizard of oz,The Wizard of Oz,Dorothy Gale is swept away from a farm in Kansas to a magical land of Oz in a tornado and embarks on a quest with her new friends to see the Wizard who can help her return home to Kansas and help her friends as well.,Dorothy Gale is swept away from a farm in Kansas to a magical land of Oz in a tornado and embarks on a quest with her new friends to see the Wizard who can help her return home to Kansas and help her friends as well.,Dorothy Gale swept away farm Kansas magical land Oz tornado embarks quest new friends see Wizard help return home Kansas help friends well.,786
Zootopia,2016,"Animation, Adventure, Comedy",108 min,8.0,"In a city of anthropomorphic animals, a rookie bunny cop and a cynical con artist fox must work together to uncover a conspiracy.",zootopia,Zootopia,"In a city of anthropomorphic animals, a rookie bunny cop and a cynical con artist fox must work together to uncover a conspiracy.","In a city of anthropomorphic animals, a rookie bunny cop and a cynical con artist fox must work together to uncover a conspiracy.","In city anthropomorphic animals, rookie bunny cop cynical con artist fox must work together uncover conspiracy.",787
Barfi!,2012,"Comedy, Drama, Romance",151 min,8.1,Three young people learn that love can neither be defined nor contained by society's definition of normal and abnormal.,barfi!,Barfi,Three young people learn that love can neither be defined nor contained by society's definition of normal and abnormal.,Three young people learn that love can neither be defined nor contained by society's definition of normal and abnormal.,Three young people learn love neither defined contained society's definition normal abnormal.,788
Marriage Story,2019,"Comedy, Drama, Romance",137 min,7.9,Noah Baumbach's incisive and compassionate look at a marriage breaking up and a family staying together.,marriage story,Marriage Story,Noah Baumbach's incisive and compassionate look at a marriage breaking up and a family staying together.,Noah Baumbach's incisive and compassionate look at a marriage breaking up and a family staying together.,Noah Baumbach's incisive compassionate look marriage breaking family staying together.,789
Ikiru,1952,Drama,143 min,8.3,A bureaucrat tries to find a meaning in his life after he discovers he has terminal cancer.,ikiru,Ikiru,A bureaucrat tries to find a meaning in his life after he discovers he has terminal cancer.,A bureaucrat tries to find a meaning in his life after he discovers he has terminal cancer.,A bureaucrat tries find meaning life discovers terminal cancer.,790
The Fighter,2010,"Biography, Drama, Sport",116 min,7.8,"Based on the story of Micky Ward, a fledgling boxer who tries to escape the shadow of his more famous but troubled older boxing brother and get his own shot at greatness.",the fighter,The Fighter,"Based on the story of Micky Ward, a fledgling boxer who tries to escape the shadow of his more famous but troubled older boxing brother and get his own shot at greatness.","Based on the story of Micky Ward, a fledgling boxer who tries to escape the shadow of his more famous but troubled older boxing brother and get his own shot at greatness.","Based story Micky Ward, fledgling boxer tries escape shadow famous troubled older boxing brother get shot greatness.",791
Soorarai Pottru,2020,Drama,153 min,8.6,"Nedumaaran Rajangam ""Maara"" sets out to make the common man fly and in the process takes on the world's most capital intensive industry and several enemies who stand in his way.",soorarai pottru,Soorarai Pottru,"Nedumaaran Rajangam ""Maara"" sets out to make the common man fly and in the process takes on the world's most capital intensive industry and several enemies who stand in his way.","Nedumaaran Rajangam ""Maara"" sets out to make the common man fly and in the process takes on the world's most capital intensive industry and several enemies who stand in his way.","Nedumaaran Rajangam ""Maara"" sets make common man fly process takes world's capital intensive industry several enemies stand way.",792
Wait Until Dark,1967,Thriller,108 min,7.8,A recently blinded woman is terrorized by a trio of thugs while they search for a heroin-stuffed doll they believe is in her apartment.,wait until dark,Wait Until Dark,A recently blinded woman is terrorized by a trio of thugs while they search for a heroin-stuffed doll they believe is in her apartment.,A recently blinded woman is terrorized by a trio of thugs while they search for a heroin-stuffed doll they believe is in her apartment.,A recently blinded woman terrorized trio thugs search heroin-stuffed doll believe apartment.,793
Once Upon a Time in America,1984,"Crime, Drama",229 min,8.4,"A former Prohibition-era Jewish gangster returns to the Lower East Side of Manhattan over thirty years later, where he once again must confront the ghosts and regrets of his old life.",once upon a time in america,Once Upon a Time in America,"A former Prohibition-era Jewish gangster returns to the Lower East Side of Manhattan over thirty years later, where he once again must confront the ghosts and regrets of his old life.","A former Prohibition-era Jewish gangster returns to the Lower East Side of Manhattan over thirty years later, where he once again must confront the ghosts and regrets of his old life.","A former Prohibition-era Jewish gangster returns Lower East Side Manhattan thirty years later, must confront ghosts regrets old life.",794
Aliens,1986,"Action, Adventure, Sci-Fi",137 min,8.3,"Fifty-seven years after surviving an apocalyptic attack aboard her space vessel by merciless space creatures, Officer Ripley awakens from hyper-sleep and tries to warn anyone who will listen about the predators.",aliens,Aliens,"Fifty-seven years after surviving an apocalyptic attack aboard her space vessel by merciless space creatures, Officer Ripley awakens from hyper-sleep and tries to warn anyone who will listen about the predators.","Fifty-seven years after surviving an apocalyptic attack aboard her space vessel by merciless space creatures, Officer Ripley awakens from hyper-sleep and tries to warn anyone who will listen about the predators.","Fifty-seven years surviving apocalyptic attack aboard space vessel merciless space creatures, Officer Ripley awakens hyper-sleep tries warn anyone listen predators.",795
Kaze no tani no Naushika,1984,"Animation, Adventure, Fantasy",117 min,8.1,Warrior and pacifist Princess Nausicaä desperately struggles to prevent two warring nations from destroying themselves and their dying planet.,kaze no tani no naushika,Kaze no tani no Naushika,Warrior and pacifist Princess Nausicaä desperately struggles to prevent two warring nations from destroying themselves and their dying planet.,Warrior and pacifist Princess Nausicaä desperately struggles to prevent two warring nations from destroying themselves and their dying planet.,Warrior pacifist Princess Nausicaä desperately struggles prevent two warring nations destroying dying planet.,796
Zulu,1964,"Drama, History, War",138 min,7.7,Outnumbered British soldiers do battle with Zulu warriors at Rorke's Drift.,zulu,Zulu,Outnumbered British soldiers do battle with Zulu warriors at Rorke's Drift.,Outnumbered British soldiers do battle with Zulu warriors at Rorke's Drift.,Outnumbered British soldiers battle Zulu warriors Rorke's Drift.,797
La dolce vita,1960,"Comedy, Drama",174 min,8.0,A series of stories following a week in the life of a philandering paparazzo journalist living in Rome.,la dolce vita,La dolce vita,A series of stories following a week in the life of a philandering paparazzo journalist living in Rome.,A series of stories following a week in the life of a philandering paparazzo journalist living in Rome.,A series stories following week life philandering paparazzo journalist living Rome.,798
Braveheart,1995,"Biography, Drama, History",178 min,8.3,Scottish warrior William Wallace leads his countrymen in a rebellion to free his homeland from the tyranny of King Edward I of England.,braveheart,Braveheart,Scottish warrior William Wallace leads his countrymen in a rebellion to free his homeland from the tyranny of King Edward I of England.,Scottish warrior William Wallace leads his countrymen in a rebellion to free his homeland from the tyranny of King Edward I of England.,Scottish warrior William Wallace leads countrymen rebellion free homeland tyranny King Edward I England.,799
