,problem_set,orientation,direction,target,solution,validity,generalizability,explainability_size,explainabilty_repeated_terms,explainabilty_cognitive_chunks,time_to_generate
0,0,Rows,Removal,0,DUPLICATED,1.0,1.0,1.0,1.0,1.0,0.004266977310180664
1,0,Rows,Removal,1,DUPLICATED,1.0,1.0,1.0,1.0,1.0,0.004266977310180664
2,0,Rows,Removal,2,DUPLICATED,1.0,1.0,1.0,1.0,1.0,0.004266977310180664
3,0,Rows,Removal,3,DUPLICATED,1.0,1.0,1.0,1.0,1.0,0.004266977310180664
4,0,Rows,Removal,4,DUPLICATED,1.0,1.0,1.0,1.0,1.0,0.004266977310180664
5,0,Rows,Removal,5,DUPLICATED,1.0,1.0,1.0,1.0,1.0,0.004266977310180664
6,0,Rows,Removal,6,DUPLICATED,1.0,1.0,1.0,1.0,1.0,0.004266977310180664
7,0,Rows,Removal,7,DUPLICATED,1.0,1.0,1.0,1.0,1.0,0.004266977310180664
8,0,Rows,Removal,9,DUPLICATED,1.0,1.0,1.0,1.0,1.0,0.004266977310180664
9,0,Rows,Removal,10,DUPLICATED,1.0,1.0,1.0,1.0,1.0,0.004266977310180664
10,0,Rows,Removal,11,DUPLICATED,1.0,1.0,1.0,1.0,1.0,0.004266977310180664
11,0,Rows,Removal,12,DUPLICATED,1.0,1.0,1.0,1.0,1.0,0.004266977310180664
12,0,Rows,Removal,14,DUPLICATED,1.0,1.0,1.0,1.0,1.0,0.004266977310180664
13,0,Rows,Removal,15,DUPLICATED,1.0,1.0,1.0,1.0,1.0,0.004266977310180664
14,0,Rows,Removal,16,DUPLICATED,1.0,1.0,1.0,1.0,1.0,0.004266977310180664
15,0,Rows,Removal,17,DUPLICATED,1.0,1.0,1.0,1.0,1.0,0.004266977310180664
16,0,Rows,Removal,19,DUPLICATED,1.0,1.0,1.0,1.0,1.0,0.004266977310180664
17,0,Rows,Removal,20,DUPLICATED,1.0,1.0,1.0,1.0,1.0,0.004266977310180664
18,0,Rows,Removal,21,DUPLICATED,1.0,1.0,1.0,1.0,1.0,0.004266977310180664
19,0,Rows,Removal,22,DUPLICATED,1.0,1.0,1.0,1.0,1.0,0.004266977310180664
20,0,Rows,Removal,24,DUPLICATED,1.0,1.0,1.0,1.0,1.0,0.004266977310180664
21,0,Rows,Removal,26,DUPLICATED,1.0,1.0,1.0,1.0,1.0,0.004266977310180664
22,0,Rows,Removal,27,DUPLICATED,1.0,1.0,1.0,1.0,1.0,0.004266977310180664
23,0,Rows,Removal,28,DUPLICATED,1.0,1.0,1.0,1.0,1.0,0.004266977310180664
24,0,Rows,Removal,30,DUPLICATED,1.0,1.0,1.0,1.0,1.0,0.004266977310180664
25,0,Rows,Removal,31,DUPLICATED,1.0,1.0,1.0,1.0,1.0,0.004266977310180664
26,0,Rows,Removal,32,DUPLICATED,1.0,1.0,1.0,1.0,1.0,0.004266977310180664
27,0,Rows,Removal,33,DUPLICATED,1.0,1.0,1.0,1.0,1.0,0.004266977310180664
28,0,Rows,Removal,34,DUPLICATED,1.0,1.0,1.0,1.0,1.0,0.004266977310180664
29,0,Rows,Removal,35,DUPLICATED,1.0,1.0,1.0,1.0,1.0,0.004266977310180664
30,0,Rows,Removal,36,DUPLICATED,1.0,1.0,1.0,1.0,1.0,0.004266977310180664
31,0,Rows,Removal,37,DUPLICATED,1.0,1.0,1.0,1.0,1.0,0.004266977310180664
32,0,Rows,Removal,38,DUPLICATED,1.0,1.0,1.0,1.0,1.0,0.004266977310180664
33,0,Rows,Removal,39,DUPLICATED,1.0,1.0,1.0,1.0,1.0,0.004266977310180664
34,0,Rows,Removal,40,DUPLICATED,1.0,1.0,1.0,1.0,1.0,0.004266977310180664
35,0,Rows,Removal,41,DUPLICATED,1.0,1.0,1.0,1.0,1.0,0.004266977310180664
36,0,Rows,Removal,42,DUPLICATED,1.0,1.0,1.0,1.0,1.0,0.004266977310180664
37,0,Rows,Removal,45,DUPLICATED,1.0,1.0,1.0,1.0,1.0,0.004266977310180664
38,0,Rows,Removal,46,DUPLICATED,1.0,1.0,1.0,1.0,1.0,0.004266977310180664
39,0,Rows,Removal,47,DUPLICATED,1.0,1.0,1.0,1.0,1.0,0.004266977310180664
40,0,Rows,Removal,50,DUPLICATED,1.0,1.0,1.0,1.0,1.0,0.004266977310180664
41,0,Rows,Removal,52,DUPLICATED,1.0,1.0,1.0,1.0,1.0,0.004266977310180664
42,0,Rows,Removal,53,DUPLICATED,1.0,1.0,1.0,1.0,1.0,0.004266977310180664
43,0,Rows,Removal,54,DUPLICATED,1.0,1.0,1.0,1.0,1.0,0.004266977310180664
44,0,Rows,Removal,55,DUPLICATED,1.0,1.0,1.0,1.0,1.0,0.004266977310180664
45,0,Rows,Removal,57,DUPLICATED,1.0,1.0,1.0,1.0,1.0,0.004266977310180664
46,0,Rows,Removal,58,DUPLICATED,1.0,1.0,1.0,1.0,1.0,0.004266977310180664
47,0,Rows,Removal,59,DUPLICATED,1.0,1.0,1.0,1.0,1.0,0.004266977310180664
48,0,Rows,Removal,60,DUPLICATED,1.0,1.0,1.0,1.0,1.0,0.004266977310180664
49,0,Rows,Removal,61,DUPLICATED,1.0,1.0,1.0,1.0,1.0,0.004266977310180664
50,0,Rows,Removal,62,DUPLICATED,1.0,1.0,1.0,1.0,1.0,0.004266977310180664
51,0,Rows,Removal,64,DUPLICATED,1.0,1.0,1.0,1.0,1.0,0.004266977310180664
52,0,Rows,Removal,66,DUPLICATED,1.0,1.0,1.0,1.0,1.0,0.004266977310180664
53,0,Rows,Removal,68,DUPLICATED,1.0,1.0,1.0,1.0,1.0,0.004266977310180664
54,0,Rows,Removal,72,DUPLICATED,1.0,1.0,1.0,1.0,1.0,0.004266977310180664
55,0,Rows,Removal,74,DUPLICATED,1.0,1.0,1.0,1.0,1.0,0.004266977310180664
56,0,Rows,Removal,75,DUPLICATED,1.0,1.0,1.0,1.0,1.0,0.004266977310180664
57,0,Rows,Removal,77,DUPLICATED,1.0,1.0,1.0,1.0,1.0,0.004266977310180664
58,0,Rows,Removal,78,DUPLICATED,1.0,1.0,1.0,1.0,1.0,0.004266977310180664
59,0,Rows,Removal,79,DUPLICATED,1.0,1.0,1.0,1.0,1.0,0.004266977310180664
60,0,Rows,Removal,80,DUPLICATED,1.0,1.0,1.0,1.0,1.0,0.004266977310180664
61,0,Rows,Removal,81,DUPLICATED,1.0,1.0,1.0,1.0,1.0,0.004266977310180664
62,0,Rows,Removal,82,DUPLICATED,1.0,1.0,1.0,1.0,1.0,0.004266977310180664
63,0,Rows,Removal,83,DUPLICATED,1.0,1.0,1.0,1.0,1.0,0.004266977310180664
64,0,Rows,Removal,85,DUPLICATED,1.0,1.0,1.0,1.0,1.0,0.004266977310180664
65,0,Rows,Removal,86,DUPLICATED,1.0,1.0,1.0,1.0,1.0,0.004266977310180664
66,0,Rows,Removal,88,DUPLICATED,1.0,1.0,1.0,1.0,1.0,0.004266977310180664
67,0,Rows,Removal,89,DUPLICATED,1.0,1.0,1.0,1.0,1.0,0.004266977310180664
68,0,Rows,Removal,90,DUPLICATED,1.0,1.0,1.0,1.0,1.0,0.004266977310180664
69,0,Rows,Removal,91,DUPLICATED,1.0,1.0,1.0,1.0,1.0,0.004266977310180664
70,0,Rows,Removal,92,DUPLICATED,1.0,1.0,1.0,1.0,1.0,0.004266977310180664
71,0,Rows,Removal,94,DUPLICATED,1.0,1.0,1.0,1.0,1.0,0.004266977310180664
72,0,Rows,Removal,95,DUPLICATED,1.0,1.0,1.0,1.0,1.0,0.004266977310180664
73,0,Rows,Removal,97,DUPLICATED,1.0,1.0,1.0,1.0,1.0,0.004266977310180664
74,0,Rows,Removal,98,DUPLICATED,1.0,1.0,1.0,1.0,1.0,0.004266977310180664
75,0,Rows,Removal,101,DUPLICATED,1.0,1.0,1.0,1.0,1.0,0.004266977310180664
76,0,Rows,Removal,102,DUPLICATED,1.0,1.0,1.0,1.0,1.0,0.004266977310180664
77,0,Rows,Removal,103,DUPLICATED,1.0,1.0,1.0,1.0,1.0,0.004266977310180664
78,0,Rows,Removal,104,DUPLICATED,1.0,1.0,1.0,1.0,1.0,0.004266977310180664
79,0,Rows,Removal,106,DUPLICATED,1.0,1.0,1.0,1.0,1.0,0.004266977310180664
80,0,Rows,Removal,107,DUPLICATED,1.0,1.0,1.0,1.0,1.0,0.004266977310180664
81,0,Rows,Removal,108,DUPLICATED,1.0,1.0,1.0,1.0,1.0,0.004266977310180664
82,0,Rows,Removal,110,DUPLICATED,1.0,1.0,1.0,1.0,1.0,0.004266977310180664
83,0,Rows,Removal,112,DUPLICATED,1.0,1.0,1.0,1.0,1.0,0.004266977310180664
84,0,Rows,Removal,113,DUPLICATED,1.0,1.0,1.0,1.0,1.0,0.004266977310180664
85,0,Rows,Removal,114,DUPLICATED,1.0,1.0,1.0,1.0,1.0,0.004266977310180664
86,0,Rows,Removal,116,DUPLICATED,1.0,1.0,1.0,1.0,1.0,0.004266977310180664
87,0,Rows,Removal,117,DUPLICATED,1.0,1.0,1.0,1.0,1.0,0.004266977310180664
88,0,Rows,Removal,119,DUPLICATED,1.0,1.0,1.0,1.0,1.0,0.004266977310180664
89,0,Rows,Removal,122,DUPLICATED,1.0,1.0,1.0,1.0,1.0,0.004266977310180664
90,0,Rows,Removal,123,DUPLICATED,1.0,1.0,1.0,1.0,1.0,0.004266977310180664
91,0,Rows,Removal,125,DUPLICATED,1.0,1.0,1.0,1.0,1.0,0.004266977310180664
92,0,Rows,Removal,126,DUPLICATED,1.0,1.0,1.0,1.0,1.0,0.004266977310180664
93,0,Rows,Removal,127,DUPLICATED,1.0,1.0,1.0,1.0,1.0,0.004266977310180664
94,0,Rows,Removal,129,DUPLICATED,1.0,1.0,1.0,1.0,1.0,0.004266977310180664
95,0,Rows,Removal,130,DUPLICATED,1.0,1.0,1.0,1.0,1.0,0.004266977310180664
96,0,Rows,Removal,131,DUPLICATED,1.0,1.0,1.0,1.0,1.0,0.004266977310180664
97,0,Rows,Removal,132,DUPLICATED,1.0,1.0,1.0,1.0,1.0,0.004266977310180664
98,0,Rows,Removal,133,DUPLICATED,1.0,1.0,1.0,1.0,1.0,0.004266977310180664
99,0,Rows,Removal,136,DUPLICATED,1.0,1.0,1.0,1.0,1.0,0.004266977310180664
100,0,Rows,Removal,137,DUPLICATED,1.0,1.0,1.0,1.0,1.0,0.004266977310180664
101,0,Rows,Removal,138,DUPLICATED,1.0,1.0,1.0,1.0,1.0,0.004266977310180664
102,0,Rows,Removal,139,DUPLICATED,1.0,1.0,1.0,1.0,1.0,0.004266977310180664
103,0,Rows,Removal,140,DUPLICATED,1.0,1.0,1.0,1.0,1.0,0.004266977310180664
104,0,Rows,Removal,142,DUPLICATED,1.0,1.0,1.0,1.0,1.0,0.004266977310180664
105,0,Rows,Removal,143,DUPLICATED,1.0,1.0,1.0,1.0,1.0,0.004266977310180664
106,0,Rows,Removal,144,DUPLICATED,1.0,1.0,1.0,1.0,1.0,0.004266977310180664
107,0,Rows,Removal,145,DUPLICATED,1.0,1.0,1.0,1.0,1.0,0.004266977310180664
108,0,Rows,Removal,146,DUPLICATED,1.0,1.0,1.0,1.0,1.0,0.004266977310180664
109,0,Rows,Removal,147,DUPLICATED,1.0,1.0,1.0,1.0,1.0,0.004266977310180664
110,0,Rows,Removal,148,DUPLICATED,1.0,1.0,1.0,1.0,1.0,0.004266977310180664
111,0,Rows,Removal,150,DUPLICATED,1.0,1.0,1.0,1.0,1.0,0.004266977310180664
112,0,Rows,Removal,152,DUPLICATED,1.0,1.0,1.0,1.0,1.0,0.004266977310180664
113,0,Rows,Removal,153,DUPLICATED,1.0,1.0,1.0,1.0,1.0,0.004266977310180664
114,0,Rows,Removal,154,DUPLICATED,1.0,1.0,1.0,1.0,1.0,0.004266977310180664
115,0,Rows,Removal,155,DUPLICATED,1.0,1.0,1.0,1.0,1.0,0.004266977310180664
116,0,Rows,Removal,156,DUPLICATED,1.0,1.0,1.0,1.0,1.0,0.004266977310180664
117,0,Rows,Removal,159,DUPLICATED,1.0,1.0,1.0,1.0,1.0,0.004266977310180664
118,0,Rows,Removal,160,DUPLICATED,1.0,1.0,1.0,1.0,1.0,0.004266977310180664
119,0,Rows,Removal,161,DUPLICATED,1.0,1.0,1.0,1.0,1.0,0.004266977310180664
120,0,Rows,Removal,162,DUPLICATED,1.0,1.0,1.0,1.0,1.0,0.004266977310180664
121,0,Rows,Removal,164,DUPLICATED,1.0,1.0,1.0,1.0,1.0,0.004266977310180664
122,0,Rows,Removal,165,DUPLICATED,1.0,1.0,1.0,1.0,1.0,0.004266977310180664
123,0,Rows,Removal,166,DUPLICATED,1.0,1.0,1.0,1.0,1.0,0.004266977310180664
124,0,Rows,Removal,167,DUPLICATED,1.0,1.0,1.0,1.0,1.0,0.004266977310180664
125,0,Rows,Removal,169,DUPLICATED,1.0,1.0,1.0,1.0,1.0,0.004266977310180664
126,0,Rows,Removal,171,DUPLICATED,1.0,1.0,1.0,1.0,1.0,0.004266977310180664
127,0,Rows,Removal,172,DUPLICATED,1.0,1.0,1.0,1.0,1.0,0.004266977310180664
128,0,Rows,Removal,175,DUPLICATED,1.0,1.0,1.0,1.0,1.0,0.004266977310180664
129,0,Rows,Removal,176,DUPLICATED,1.0,1.0,1.0,1.0,1.0,0.004266977310180664
130,0,Rows,Removal,180,DUPLICATED,1.0,1.0,1.0,1.0,1.0,0.004266977310180664
131,0,Rows,Removal,181,DUPLICATED,1.0,1.0,1.0,1.0,1.0,0.004266977310180664
132,0,Rows,Removal,182,DUPLICATED,1.0,1.0,1.0,1.0,1.0,0.004266977310180664
133,0,Rows,Removal,183,DUPLICATED,1.0,1.0,1.0,1.0,1.0,0.004266977310180664
134,0,Rows,Removal,186,DUPLICATED,1.0,1.0,1.0,1.0,1.0,0.004266977310180664
135,0,Rows,Removal,187,DUPLICATED,1.0,1.0,1.0,1.0,1.0,0.004266977310180664
136,0,Rows,Removal,189,DUPLICATED,1.0,1.0,1.0,1.0,1.0,0.004266977310180664
137,0,Rows,Removal,190,DUPLICATED,1.0,1.0,1.0,1.0,1.0,0.004266977310180664
138,0,Rows,Removal,191,DUPLICATED,1.0,1.0,1.0,1.0,1.0,0.004266977310180664
139,0,Rows,Removal,193,DUPLICATED,1.0,1.0,1.0,1.0,1.0,0.004266977310180664
140,0,Rows,Removal,194,DUPLICATED,1.0,1.0,1.0,1.0,1.0,0.004266977310180664
141,0,Rows,Removal,195,DUPLICATED,1.0,1.0,1.0,1.0,1.0,0.004266977310180664
142,0,Rows,Removal,197,DUPLICATED,1.0,1.0,1.0,1.0,1.0,0.004266977310180664
143,0,Rows,Removal,200,DUPLICATED,1.0,1.0,1.0,1.0,1.0,0.004266977310180664
144,0,Rows,Removal,201,DUPLICATED,1.0,1.0,1.0,1.0,1.0,0.004266977310180664
145,0,Rows,Removal,202,DUPLICATED,1.0,1.0,1.0,1.0,1.0,0.004266977310180664
146,0,Rows,Removal,204,DUPLICATED,1.0,1.0,1.0,1.0,1.0,0.004266977310180664
147,0,Rows,Removal,206,DUPLICATED,1.0,1.0,1.0,1.0,1.0,0.004266977310180664
148,0,Rows,Removal,207,DUPLICATED,1.0,1.0,1.0,1.0,1.0,0.004266977310180664
149,0,Rows,Removal,209,DUPLICATED,1.0,1.0,1.0,1.0,1.0,0.004266977310180664
150,0,Rows,Removal,213,DUPLICATED,1.0,1.0,1.0,1.0,1.0,0.004266977310180664
151,0,Rows,Removal,214,DUPLICATED,1.0,1.0,1.0,1.0,1.0,0.004266977310180664
152,0,Rows,Removal,215,DUPLICATED,1.0,1.0,1.0,1.0,1.0,0.004266977310180664
153,0,Rows,Removal,216,DUPLICATED,1.0,1.0,1.0,1.0,1.0,0.004266977310180664
154,0,Rows,Removal,217,DUPLICATED,1.0,1.0,1.0,1.0,1.0,0.004266977310180664
155,0,Rows,Removal,221,DUPLICATED,1.0,1.0,1.0,1.0,1.0,0.004266977310180664
156,0,Rows,Removal,222,DUPLICATED,1.0,1.0,1.0,1.0,1.0,0.004266977310180664
157,0,Rows,Removal,223,DUPLICATED,1.0,1.0,1.0,1.0,1.0,0.004266977310180664
158,0,Rows,Removal,224,DUPLICATED,1.0,1.0,1.0,1.0,1.0,0.004266977310180664
159,0,Rows,Removal,225,DUPLICATED,1.0,1.0,1.0,1.0,1.0,0.004266977310180664
160,0,Rows,Removal,226,DUPLICATED,1.0,1.0,1.0,1.0,1.0,0.004266977310180664
161,0,Rows,Removal,227,DUPLICATED,1.0,1.0,1.0,1.0,1.0,0.004266977310180664
162,0,Rows,Removal,228,DUPLICATED,1.0,1.0,1.0,1.0,1.0,0.004266977310180664
163,0,Rows,Removal,232,DUPLICATED,1.0,1.0,1.0,1.0,1.0,0.004266977310180664
164,0,Rows,Removal,234,DUPLICATED,1.0,1.0,1.0,1.0,1.0,0.004266977310180664
165,0,Rows,Removal,235,DUPLICATED,1.0,1.0,1.0,1.0,1.0,0.004266977310180664
166,0,Rows,Removal,236,DUPLICATED,1.0,1.0,1.0,1.0,1.0,0.004266977310180664
167,0,Rows,Removal,238,DUPLICATED,1.0,1.0,1.0,1.0,1.0,0.004266977310180664
168,0,Rows,Removal,241,DUPLICATED,1.0,1.0,1.0,1.0,1.0,0.004266977310180664
169,0,Rows,Removal,242,DUPLICATED,1.0,1.0,1.0,1.0,1.0,0.004266977310180664
170,0,Rows,Removal,243,DUPLICATED,1.0,1.0,1.0,1.0,1.0,0.004266977310180664
171,0,Rows,Removal,244,DUPLICATED,1.0,1.0,1.0,1.0,1.0,0.004266977310180664
172,0,Rows,Removal,245,DUPLICATED,1.0,1.0,1.0,1.0,1.0,0.004266977310180664
173,0,Rows,Removal,248,DUPLICATED,1.0,1.0,1.0,1.0,1.0,0.004266977310180664
174,0,Rows,Removal,249,DUPLICATED,1.0,1.0,1.0,1.0,1.0,0.004266977310180664
175,0,Rows,Removal,250,DUPLICATED,1.0,1.0,1.0,1.0,1.0,0.004266977310180664
176,0,Rows,Removal,253,DUPLICATED,1.0,1.0,1.0,1.0,1.0,0.004266977310180664
177,0,Rows,Removal,255,DUPLICATED,1.0,1.0,1.0,1.0,1.0,0.004266977310180664
178,0,Rows,Removal,256,DUPLICATED,1.0,1.0,1.0,1.0,1.0,0.004266977310180664
179,0,Rows,Removal,257,DUPLICATED,1.0,1.0,1.0,1.0,1.0,0.004266977310180664
180,0,Rows,Removal,258,DUPLICATED,1.0,1.0,1.0,1.0,1.0,0.004266977310180664
181,0,Rows,Removal,260,DUPLICATED,1.0,1.0,1.0,1.0,1.0,0.004266977310180664
182,0,Rows,Removal,261,DUPLICATED,1.0,1.0,1.0,1.0,1.0,0.004266977310180664
183,0,Rows,Removal,262,DUPLICATED,1.0,1.0,1.0,1.0,1.0,0.004266977310180664
184,0,Rows,Removal,264,DUPLICATED,1.0,1.0,1.0,1.0,1.0,0.004266977310180664
185,0,Rows,Removal,265,DUPLICATED,1.0,1.0,1.0,1.0,1.0,0.004266977310180664
186,0,Rows,Removal,266,DUPLICATED,1.0,1.0,1.0,1.0,1.0,0.004266977310180664
187,0,Rows,Removal,267,DUPLICATED,1.0,1.0,1.0,1.0,1.0,0.004266977310180664
188,0,Rows,Removal,268,DUPLICATED,1.0,1.0,1.0,1.0,1.0,0.004266977310180664
189,0,Rows,Removal,269,DUPLICATED,1.0,1.0,1.0,1.0,1.0,0.004266977310180664
190,0,Rows,Removal,270,DUPLICATED,1.0,1.0,1.0,1.0,1.0,0.004266977310180664
191,0,Rows,Removal,271,DUPLICATED,1.0,1.0,1.0,1.0,1.0,0.004266977310180664
192,0,Rows,Removal,274,DUPLICATED,1.0,1.0,1.0,1.0,1.0,0.004266977310180664
193,0,Rows,Removal,276,DUPLICATED,1.0,1.0,1.0,1.0,1.0,0.004266977310180664
194,0,Rows,Removal,277,DUPLICATED,1.0,1.0,1.0,1.0,1.0,0.004266977310180664
195,0,Rows,Removal,278,DUPLICATED,1.0,1.0,1.0,1.0,1.0,0.004266977310180664
196,0,Rows,Removal,280,DUPLICATED,1.0,1.0,1.0,1.0,1.0,0.004266977310180664
197,0,Rows,Removal,284,DUPLICATED,1.0,1.0,1.0,1.0,1.0,0.004266977310180664
198,0,Rows,Removal,285,DUPLICATED,1.0,1.0,1.0,1.0,1.0,0.004266977310180664
199,0,Rows,Removal,288,DUPLICATED,1.0,1.0,1.0,1.0,1.0,0.004266977310180664
200,0,Rows,Removal,292,DUPLICATED,1.0,1.0,1.0,1.0,1.0,0.004266977310180664
201,0,Rows,Removal,293,DUPLICATED,1.0,1.0,1.0,1.0,1.0,0.004266977310180664
202,0,Rows,Removal,294,DUPLICATED,1.0,1.0,1.0,1.0,1.0,0.004266977310180664
203,0,Rows,Removal,295,DUPLICATED,1.0,1.0,1.0,1.0,1.0,0.004266977310180664
204,0,Rows,Removal,300,DUPLICATED,1.0,1.0,1.0,1.0,1.0,0.004266977310180664
205,0,Rows,Removal,301,DUPLICATED,1.0,1.0,1.0,1.0,1.0,0.004266977310180664
206,0,Rows,Removal,302,DUPLICATED,1.0,1.0,1.0,1.0,1.0,0.004266977310180664
207,0,Rows,Removal,305,DUPLICATED,1.0,1.0,1.0,1.0,1.0,0.004266977310180664
208,0,Rows,Removal,308,DUPLICATED,1.0,1.0,1.0,1.0,1.0,0.004266977310180664
209,0,Rows,Removal,309,DUPLICATED,1.0,1.0,1.0,1.0,1.0,0.004266977310180664
210,0,Rows,Removal,310,DUPLICATED,1.0,1.0,1.0,1.0,1.0,0.004266977310180664
211,0,Rows,Removal,312,DUPLICATED,1.0,1.0,1.0,1.0,1.0,0.004266977310180664
212,0,Rows,Removal,314,DUPLICATED,1.0,1.0,1.0,1.0,1.0,0.004266977310180664
213,0,Rows,Removal,315,DUPLICATED,1.0,1.0,1.0,1.0,1.0,0.004266977310180664
214,0,Rows,Removal,317,DUPLICATED,1.0,1.0,1.0,1.0,1.0,0.004266977310180664
215,0,Rows,Removal,318,DUPLICATED,1.0,1.0,1.0,1.0,1.0,0.004266977310180664
216,0,Rows,Removal,319,DUPLICATED,1.0,1.0,1.0,1.0,1.0,0.004266977310180664
217,0,Rows,Removal,320,DUPLICATED,1.0,1.0,1.0,1.0,1.0,0.004266977310180664
218,0,Rows,Removal,322,DUPLICATED,1.0,1.0,1.0,1.0,1.0,0.004266977310180664
219,0,Rows,Removal,323,DUPLICATED,1.0,1.0,1.0,1.0,1.0,0.004266977310180664
220,0,Rows,Removal,325,DUPLICATED,1.0,1.0,1.0,1.0,1.0,0.004266977310180664
221,0,Rows,Removal,326,DUPLICATED,1.0,1.0,1.0,1.0,1.0,0.004266977310180664
222,0,Rows,Removal,327,DUPLICATED,1.0,1.0,1.0,1.0,1.0,0.004266977310180664
223,0,Rows,Removal,328,DUPLICATED,1.0,1.0,1.0,1.0,1.0,0.004266977310180664
224,0,Rows,Removal,329,DUPLICATED,1.0,1.0,1.0,1.0,1.0,0.004266977310180664
225,0,Rows,Removal,330,DUPLICATED,1.0,1.0,1.0,1.0,1.0,0.004266977310180664
226,0,Rows,Removal,331,DUPLICATED,1.0,1.0,1.0,1.0,1.0,0.004266977310180664
227,0,Rows,Removal,333,DUPLICATED,1.0,1.0,1.0,1.0,1.0,0.004266977310180664
228,0,Rows,Removal,334,DUPLICATED,1.0,1.0,1.0,1.0,1.0,0.004266977310180664
229,0,Rows,Removal,335,DUPLICATED,1.0,1.0,1.0,1.0,1.0,0.004266977310180664
230,0,Rows,Removal,336,DUPLICATED,1.0,1.0,1.0,1.0,1.0,0.004266977310180664
231,0,Rows,Removal,337,DUPLICATED,1.0,1.0,1.0,1.0,1.0,0.004266977310180664
232,0,Rows,Removal,338,DUPLICATED,1.0,1.0,1.0,1.0,1.0,0.004266977310180664
233,0,Rows,Removal,339,DUPLICATED,1.0,1.0,1.0,1.0,1.0,0.004266977310180664
234,0,Rows,Removal,341,DUPLICATED,1.0,1.0,1.0,1.0,1.0,0.004266977310180664
235,0,Rows,Removal,343,DUPLICATED,1.0,1.0,1.0,1.0,1.0,0.004266977310180664
236,0,Rows,Removal,344,DUPLICATED,1.0,1.0,1.0,1.0,1.0,0.004266977310180664
237,0,Rows,Removal,345,DUPLICATED,1.0,1.0,1.0,1.0,1.0,0.004266977310180664
238,0,Rows,Removal,346,DUPLICATED,1.0,1.0,1.0,1.0,1.0,0.004266977310180664
239,0,Rows,Removal,347,DUPLICATED,1.0,1.0,1.0,1.0,1.0,0.004266977310180664
240,0,Rows,Removal,348,DUPLICATED,1.0,1.0,1.0,1.0,1.0,0.004266977310180664
241,0,Rows,Removal,349,DUPLICATED,1.0,1.0,1.0,1.0,1.0,0.004266977310180664
242,0,Rows,Removal,352,DUPLICATED,1.0,1.0,1.0,1.0,1.0,0.004266977310180664
243,0,Rows,Removal,355,DUPLICATED,1.0,1.0,1.0,1.0,1.0,0.004266977310180664
244,0,Rows,Removal,356,DUPLICATED,1.0,1.0,1.0,1.0,1.0,0.004266977310180664
245,0,Rows,Removal,357,DUPLICATED,1.0,1.0,1.0,1.0,1.0,0.004266977310180664
246,0,Rows,Removal,359,DUPLICATED,1.0,1.0,1.0,1.0,1.0,0.004266977310180664
247,0,Rows,Removal,362,DUPLICATED,1.0,1.0,1.0,1.0,1.0,0.004266977310180664
248,0,Rows,Removal,363,DUPLICATED,1.0,1.0,1.0,1.0,1.0,0.004266977310180664
249,0,Rows,Removal,364,DUPLICATED,1.0,1.0,1.0,1.0,1.0,0.004266977310180664
250,0,Rows,Removal,365,DUPLICATED,1.0,1.0,1.0,1.0,1.0,0.004266977310180664
251,0,Rows,Removal,369,DUPLICATED,1.0,1.0,1.0,1.0,1.0,0.004266977310180664
252,0,Rows,Removal,370,DUPLICATED,1.0,1.0,1.0,1.0,1.0,0.004266977310180664
253,0,Rows,Removal,371,DUPLICATED,1.0,1.0,1.0,1.0,1.0,0.004266977310180664
254,0,Rows,Removal,372,DUPLICATED,1.0,1.0,1.0,1.0,1.0,0.004266977310180664
255,0,Rows,Removal,373,DUPLICATED,1.0,1.0,1.0,1.0,1.0,0.004266977310180664
256,0,Rows,Removal,375,DUPLICATED,1.0,1.0,1.0,1.0,1.0,0.004266977310180664
257,0,Rows,Removal,376,DUPLICATED,1.0,1.0,1.0,1.0,1.0,0.004266977310180664
258,0,Rows,Removal,378,DUPLICATED,1.0,1.0,1.0,1.0,1.0,0.004266977310180664
259,0,Rows,Removal,379,DUPLICATED,1.0,1.0,1.0,1.0,1.0,0.004266977310180664
260,0,Rows,Removal,380,DUPLICATED,1.0,1.0,1.0,1.0,1.0,0.004266977310180664
261,0,Rows,Removal,381,DUPLICATED,1.0,1.0,1.0,1.0,1.0,0.004266977310180664
262,0,Rows,Removal,384,DUPLICATED,1.0,1.0,1.0,1.0,1.0,0.004266977310180664
263,0,Rows,Removal,385,DUPLICATED,1.0,1.0,1.0,1.0,1.0,0.004266977310180664
264,0,Rows,Removal,386,DUPLICATED,1.0,1.0,1.0,1.0,1.0,0.004266977310180664
265,0,Rows,Removal,388,DUPLICATED,1.0,1.0,1.0,1.0,1.0,0.004266977310180664
266,0,Rows,Removal,389,DUPLICATED,1.0,1.0,1.0,1.0,1.0,0.004266977310180664
267,0,Rows,Removal,390,DUPLICATED,1.0,1.0,1.0,1.0,1.0,0.004266977310180664
268,0,Rows,Removal,391,DUPLICATED,1.0,1.0,1.0,1.0,1.0,0.004266977310180664
269,0,Rows,Removal,392,DUPLICATED,1.0,1.0,1.0,1.0,1.0,0.004266977310180664
270,0,Rows,Removal,393,DUPLICATED,1.0,1.0,1.0,1.0,1.0,0.004266977310180664
271,0,Rows,Removal,394,DUPLICATED,1.0,1.0,1.0,1.0,1.0,0.004266977310180664
272,0,Rows,Removal,395,DUPLICATED,1.0,1.0,1.0,1.0,1.0,0.004266977310180664
273,0,Rows,Removal,396,DUPLICATED,1.0,1.0,1.0,1.0,1.0,0.004266977310180664
274,0,Rows,Removal,397,DUPLICATED,1.0,1.0,1.0,1.0,1.0,0.004266977310180664
275,0,Rows,Removal,398,DUPLICATED,1.0,1.0,1.0,1.0,1.0,0.004266977310180664
276,0,Rows,Removal,399,DUPLICATED,1.0,1.0,1.0,1.0,1.0,0.004266977310180664
277,0,Rows,Removal,400,DUPLICATED,1.0,1.0,1.0,1.0,1.0,0.004266977310180664
278,0,Rows,Removal,401,DUPLICATED,1.0,1.0,1.0,1.0,1.0,0.004266977310180664
279,0,Rows,Removal,403,DUPLICATED,1.0,1.0,1.0,1.0,1.0,0.004266977310180664
280,0,Rows,Removal,404,DUPLICATED,1.0,1.0,1.0,1.0,1.0,0.004266977310180664
281,0,Rows,Removal,405,DUPLICATED,1.0,1.0,1.0,1.0,1.0,0.004266977310180664
282,0,Rows,Removal,411,DUPLICATED,1.0,1.0,1.0,1.0,1.0,0.004266977310180664
283,0,Rows,Removal,412,DUPLICATED,1.0,1.0,1.0,1.0,1.0,0.004266977310180664
284,0,Rows,Removal,413,DUPLICATED,1.0,1.0,1.0,1.0,1.0,0.004266977310180664
285,0,Rows,Removal,417,DUPLICATED,1.0,1.0,1.0,1.0,1.0,0.004266977310180664
286,0,Rows,Removal,418,DUPLICATED,1.0,1.0,1.0,1.0,1.0,0.004266977310180664
287,0,Rows,Removal,419,DUPLICATED,1.0,1.0,1.0,1.0,1.0,0.004266977310180664
288,0,Rows,Removal,421,DUPLICATED,1.0,1.0,1.0,1.0,1.0,0.004266977310180664
289,0,Rows,Removal,424,DUPLICATED,1.0,1.0,1.0,1.0,1.0,0.004266977310180664
290,0,Rows,Removal,425,DUPLICATED,1.0,1.0,1.0,1.0,1.0,0.004266977310180664
291,0,Rows,Removal,428,DUPLICATED,1.0,1.0,1.0,1.0,1.0,0.004266977310180664
292,0,Rows,Removal,429,DUPLICATED,1.0,1.0,1.0,1.0,1.0,0.004266977310180664
293,0,Rows,Removal,431,DUPLICATED,1.0,1.0,1.0,1.0,1.0,0.004266977310180664
294,0,Rows,Removal,434,DUPLICATED,1.0,1.0,1.0,1.0,1.0,0.004266977310180664
295,0,Rows,Removal,436,DUPLICATED,1.0,1.0,1.0,1.0,1.0,0.004266977310180664
296,0,Rows,Removal,437,DUPLICATED,1.0,1.0,1.0,1.0,1.0,0.004266977310180664
297,0,Rows,Removal,439,DUPLICATED,1.0,1.0,1.0,1.0,1.0,0.004266977310180664
298,0,Rows,Removal,441,DUPLICATED,1.0,1.0,1.0,1.0,1.0,0.004266977310180664
299,0,Rows,Removal,442,DUPLICATED,1.0,1.0,1.0,1.0,1.0,0.004266977310180664
300,0,Rows,Removal,444,DUPLICATED,1.0,1.0,1.0,1.0,1.0,0.004266977310180664
301,0,Rows,Removal,446,DUPLICATED,1.0,1.0,1.0,1.0,1.0,0.004266977310180664
302,0,Rows,Removal,447,DUPLICATED,1.0,1.0,1.0,1.0,1.0,0.004266977310180664
303,0,Rows,Removal,448,DUPLICATED,1.0,1.0,1.0,1.0,1.0,0.004266977310180664
304,0,Rows,Removal,449,DUPLICATED,1.0,1.0,1.0,1.0,1.0,0.004266977310180664
305,0,Rows,Removal,451,DUPLICATED,1.0,1.0,1.0,1.0,1.0,0.004266977310180664
306,0,Rows,Removal,452,DUPLICATED,1.0,1.0,1.0,1.0,1.0,0.004266977310180664
307,0,Rows,Removal,453,DUPLICATED,1.0,1.0,1.0,1.0,1.0,0.004266977310180664
308,0,Rows,Removal,454,DUPLICATED,1.0,1.0,1.0,1.0,1.0,0.004266977310180664
309,0,Rows,Removal,455,DUPLICATED,1.0,1.0,1.0,1.0,1.0,0.004266977310180664
310,0,Rows,Removal,456,DUPLICATED,1.0,1.0,1.0,1.0,1.0,0.004266977310180664
311,0,Rows,Removal,458,DUPLICATED,1.0,1.0,1.0,1.0,1.0,0.004266977310180664
312,0,Rows,Removal,459,DUPLICATED,1.0,1.0,1.0,1.0,1.0,0.004266977310180664
313,0,Rows,Removal,460,DUPLICATED,1.0,1.0,1.0,1.0,1.0,0.004266977310180664
314,0,Rows,Removal,462,DUPLICATED,1.0,1.0,1.0,1.0,1.0,0.004266977310180664
315,0,Rows,Removal,465,DUPLICATED,1.0,1.0,1.0,1.0,1.0,0.004266977310180664
316,0,Rows,Removal,466,DUPLICATED,1.0,1.0,1.0,1.0,1.0,0.004266977310180664
317,0,Rows,Removal,467,DUPLICATED,1.0,1.0,1.0,1.0,1.0,0.004266977310180664
318,0,Rows,Removal,468,DUPLICATED,1.0,1.0,1.0,1.0,1.0,0.004266977310180664
319,0,Rows,Removal,469,DUPLICATED,1.0,1.0,1.0,1.0,1.0,0.004266977310180664
320,0,Rows,Removal,470,DUPLICATED,1.0,1.0,1.0,1.0,1.0,0.004266977310180664
321,0,Rows,Removal,473,DUPLICATED,1.0,1.0,1.0,1.0,1.0,0.004266977310180664
322,0,Rows,Removal,474,DUPLICATED,1.0,1.0,1.0,1.0,1.0,0.004266977310180664
323,0,Rows,Removal,475,DUPLICATED,1.0,1.0,1.0,1.0,1.0,0.004266977310180664
324,0,Rows,Removal,476,DUPLICATED,1.0,1.0,1.0,1.0,1.0,0.004266977310180664
325,0,Rows,Removal,477,DUPLICATED,1.0,1.0,1.0,1.0,1.0,0.004266977310180664
326,0,Rows,Removal,481,DUPLICATED,1.0,1.0,1.0,1.0,1.0,0.004266977310180664
327,0,Rows,Removal,483,DUPLICATED,1.0,1.0,1.0,1.0,1.0,0.004266977310180664
328,0,Rows,Removal,484,DUPLICATED,1.0,1.0,1.0,1.0,1.0,0.004266977310180664
329,0,Rows,Removal,487,DUPLICATED,1.0,1.0,1.0,1.0,1.0,0.004266977310180664
330,0,Rows,Removal,488,DUPLICATED,1.0,1.0,1.0,1.0,1.0,0.004266977310180664
331,0,Rows,Removal,489,DUPLICATED,1.0,1.0,1.0,1.0,1.0,0.004266977310180664
332,0,Rows,Removal,490,DUPLICATED,1.0,1.0,1.0,1.0,1.0,0.004266977310180664
333,0,Rows,Removal,491,DUPLICATED,1.0,1.0,1.0,1.0,1.0,0.004266977310180664
334,0,Rows,Removal,492,DUPLICATED,1.0,1.0,1.0,1.0,1.0,0.004266977310180664
335,0,Rows,Removal,493,DUPLICATED,1.0,1.0,1.0,1.0,1.0,0.004266977310180664
336,0,Rows,Removal,496,DUPLICATED,1.0,1.0,1.0,1.0,1.0,0.004266977310180664
337,0,Rows,Removal,498,DUPLICATED,1.0,1.0,1.0,1.0,1.0,0.004266977310180664
338,0,Rows,Removal,499,DUPLICATED,1.0,1.0,1.0,1.0,1.0,0.004266977310180664
339,0,Rows,Removal,501,DUPLICATED,1.0,1.0,1.0,1.0,1.0,0.004266977310180664
340,0,Rows,Removal,502,DUPLICATED,1.0,1.0,1.0,1.0,1.0,0.004266977310180664
341,0,Rows,Removal,503,DUPLICATED,1.0,1.0,1.0,1.0,1.0,0.004266977310180664
342,0,Rows,Removal,504,DUPLICATED,1.0,1.0,1.0,1.0,1.0,0.004266977310180664
343,0,Rows,Removal,505,DUPLICATED,1.0,1.0,1.0,1.0,1.0,0.004266977310180664
344,0,Rows,Removal,506,DUPLICATED,1.0,1.0,1.0,1.0,1.0,0.004266977310180664
345,0,Rows,Removal,510,DUPLICATED,1.0,1.0,1.0,1.0,1.0,0.004266977310180664
346,0,Rows,Removal,512,DUPLICATED,1.0,1.0,1.0,1.0,1.0,0.004266977310180664
347,0,Rows,Removal,513,DUPLICATED,1.0,1.0,1.0,1.0,1.0,0.004266977310180664
348,0,Rows,Removal,515,DUPLICATED,1.0,1.0,1.0,1.0,1.0,0.004266977310180664
349,0,Rows,Removal,516,DUPLICATED,1.0,1.0,1.0,1.0,1.0,0.004266977310180664
350,0,Rows,Removal,517,DUPLICATED,1.0,1.0,1.0,1.0,1.0,0.004266977310180664
351,0,Rows,Removal,519,DUPLICATED,1.0,1.0,1.0,1.0,1.0,0.004266977310180664
352,0,Rows,Removal,520,DUPLICATED,1.0,1.0,1.0,1.0,1.0,0.004266977310180664
353,0,Rows,Removal,523,DUPLICATED,1.0,1.0,1.0,1.0,1.0,0.004266977310180664
354,0,Rows,Removal,524,DUPLICATED,1.0,1.0,1.0,1.0,1.0,0.004266977310180664
355,0,Rows,Removal,525,DUPLICATED,1.0,1.0,1.0,1.0,1.0,0.004266977310180664
356,0,Rows,Removal,526,DUPLICATED,1.0,1.0,1.0,1.0,1.0,0.004266977310180664
357,0,Rows,Removal,531,DUPLICATED,1.0,1.0,1.0,1.0,1.0,0.004266977310180664
358,0,Rows,Removal,533,DUPLICATED,1.0,1.0,1.0,1.0,1.0,0.004266977310180664
359,0,Rows,Removal,534,DUPLICATED,1.0,1.0,1.0,1.0,1.0,0.004266977310180664
360,0,Rows,Removal,536,DUPLICATED,1.0,1.0,1.0,1.0,1.0,0.004266977310180664
361,0,Rows,Removal,537,DUPLICATED,1.0,1.0,1.0,1.0,1.0,0.004266977310180664
362,0,Rows,Removal,538,DUPLICATED,1.0,1.0,1.0,1.0,1.0,0.004266977310180664
363,0,Rows,Removal,539,DUPLICATED,1.0,1.0,1.0,1.0,1.0,0.004266977310180664
364,0,Rows,Removal,540,DUPLICATED,1.0,1.0,1.0,1.0,1.0,0.004266977310180664
365,0,Rows,Removal,541,DUPLICATED,1.0,1.0,1.0,1.0,1.0,0.004266977310180664
366,0,Rows,Removal,542,DUPLICATED,1.0,1.0,1.0,1.0,1.0,0.004266977310180664
367,0,Rows,Removal,545,DUPLICATED,1.0,1.0,1.0,1.0,1.0,0.004266977310180664
368,0,Rows,Removal,546,DUPLICATED,1.0,1.0,1.0,1.0,1.0,0.004266977310180664
369,0,Rows,Removal,547,DUPLICATED,1.0,1.0,1.0,1.0,1.0,0.004266977310180664
370,0,Rows,Removal,549,DUPLICATED,1.0,1.0,1.0,1.0,1.0,0.004266977310180664
371,0,Rows,Removal,550,DUPLICATED,1.0,1.0,1.0,1.0,1.0,0.004266977310180664
372,0,Rows,Removal,551,DUPLICATED,1.0,1.0,1.0,1.0,1.0,0.004266977310180664
373,0,Rows,Removal,553,DUPLICATED,1.0,1.0,1.0,1.0,1.0,0.004266977310180664
374,0,Rows,Removal,556,DUPLICATED,1.0,1.0,1.0,1.0,1.0,0.004266977310180664
375,0,Rows,Removal,558,DUPLICATED,1.0,1.0,1.0,1.0,1.0,0.004266977310180664
376,0,Rows,Removal,559,DUPLICATED,1.0,1.0,1.0,1.0,1.0,0.004266977310180664
377,0,Rows,Removal,560,DUPLICATED,1.0,1.0,1.0,1.0,1.0,0.004266977310180664
378,0,Rows,Removal,562,DUPLICATED,1.0,1.0,1.0,1.0,1.0,0.004266977310180664
379,0,Rows,Removal,563,DUPLICATED,1.0,1.0,1.0,1.0,1.0,0.004266977310180664
380,0,Rows,Removal,566,DUPLICATED,1.0,1.0,1.0,1.0,1.0,0.004266977310180664
381,0,Rows,Removal,567,DUPLICATED,1.0,1.0,1.0,1.0,1.0,0.004266977310180664
382,0,Rows,Removal,568,DUPLICATED,1.0,1.0,1.0,1.0,1.0,0.004266977310180664
383,0,Rows,Removal,569,DUPLICATED,1.0,1.0,1.0,1.0,1.0,0.004266977310180664
384,0,Rows,Removal,570,DUPLICATED,1.0,1.0,1.0,1.0,1.0,0.004266977310180664
385,0,Rows,Removal,571,DUPLICATED,1.0,1.0,1.0,1.0,1.0,0.004266977310180664
386,0,Rows,Removal,572,DUPLICATED,1.0,1.0,1.0,1.0,1.0,0.004266977310180664
387,0,Rows,Removal,573,DUPLICATED,1.0,1.0,1.0,1.0,1.0,0.004266977310180664
388,0,Rows,Removal,574,DUPLICATED,1.0,1.0,1.0,1.0,1.0,0.004266977310180664
389,0,Rows,Removal,576,DUPLICATED,1.0,1.0,1.0,1.0,1.0,0.004266977310180664
390,0,Rows,Removal,577,DUPLICATED,1.0,1.0,1.0,1.0,1.0,0.004266977310180664
391,0,Rows,Removal,578,DUPLICATED,1.0,1.0,1.0,1.0,1.0,0.004266977310180664
392,0,Rows,Removal,579,DUPLICATED,1.0,1.0,1.0,1.0,1.0,0.004266977310180664
393,0,Rows,Removal,580,DUPLICATED,1.0,1.0,1.0,1.0,1.0,0.004266977310180664
394,0,Rows,Removal,583,DUPLICATED,1.0,1.0,1.0,1.0,1.0,0.004266977310180664
395,0,Rows,Removal,584,DUPLICATED,1.0,1.0,1.0,1.0,1.0,0.004266977310180664
396,0,Rows,Removal,585,DUPLICATED,1.0,1.0,1.0,1.0,1.0,0.004266977310180664
397,0,Rows,Removal,586,DUPLICATED,1.0,1.0,1.0,1.0,1.0,0.004266977310180664
398,0,Rows,Removal,587,DUPLICATED,1.0,1.0,1.0,1.0,1.0,0.004266977310180664
399,0,Rows,Removal,588,DUPLICATED,1.0,1.0,1.0,1.0,1.0,0.004266977310180664
400,0,Rows,Removal,589,DUPLICATED,1.0,1.0,1.0,1.0,1.0,0.004266977310180664
401,0,Rows,Removal,590,DUPLICATED,1.0,1.0,1.0,1.0,1.0,0.004266977310180664
402,0,Rows,Removal,592,DUPLICATED,1.0,1.0,1.0,1.0,1.0,0.004266977310180664
403,0,Rows,Removal,593,DUPLICATED,1.0,1.0,1.0,1.0,1.0,0.004266977310180664
404,0,Rows,Removal,594,DUPLICATED,1.0,1.0,1.0,1.0,1.0,0.004266977310180664
405,0,Rows,Removal,595,DUPLICATED,1.0,1.0,1.0,1.0,1.0,0.004266977310180664
406,0,Rows,Removal,597,DUPLICATED,1.0,1.0,1.0,1.0,1.0,0.004266977310180664
407,0,Rows,Removal,600,DUPLICATED,1.0,1.0,1.0,1.0,1.0,0.004266977310180664
408,0,Rows,Removal,601,DUPLICATED,1.0,1.0,1.0,1.0,1.0,0.004266977310180664
409,0,Rows,Removal,603,DUPLICATED,1.0,1.0,1.0,1.0,1.0,0.004266977310180664
410,0,Rows,Removal,604,DUPLICATED,1.0,1.0,1.0,1.0,1.0,0.004266977310180664
411,0,Rows,Removal,606,DUPLICATED,1.0,1.0,1.0,1.0,1.0,0.004266977310180664
412,0,Rows,Removal,608,DUPLICATED,1.0,1.0,1.0,1.0,1.0,0.004266977310180664
413,0,Rows,Removal,609,DUPLICATED,1.0,1.0,1.0,1.0,1.0,0.004266977310180664
414,0,Rows,Removal,612,DUPLICATED,1.0,1.0,1.0,1.0,1.0,0.004266977310180664
415,0,Rows,Removal,614,DUPLICATED,1.0,1.0,1.0,1.0,1.0,0.004266977310180664
416,0,Rows,Removal,615,DUPLICATED,1.0,1.0,1.0,1.0,1.0,0.004266977310180664
417,0,Rows,Removal,616,DUPLICATED,1.0,1.0,1.0,1.0,1.0,0.004266977310180664
418,0,Rows,Removal,619,DUPLICATED,1.0,1.0,1.0,1.0,1.0,0.004266977310180664
419,0,Rows,Removal,622,DUPLICATED,1.0,1.0,1.0,1.0,1.0,0.004266977310180664
420,0,Rows,Removal,623,DUPLICATED,1.0,1.0,1.0,1.0,1.0,0.004266977310180664
421,0,Rows,Removal,624,DUPLICATED,1.0,1.0,1.0,1.0,1.0,0.004266977310180664
422,0,Rows,Removal,625,DUPLICATED,1.0,1.0,1.0,1.0,1.0,0.004266977310180664
423,0,Rows,Removal,626,DUPLICATED,1.0,1.0,1.0,1.0,1.0,0.004266977310180664
424,0,Rows,Removal,627,DUPLICATED,1.0,1.0,1.0,1.0,1.0,0.004266977310180664
425,0,Rows,Removal,628,DUPLICATED,1.0,1.0,1.0,1.0,1.0,0.004266977310180664
426,0,Rows,Removal,631,DUPLICATED,1.0,1.0,1.0,1.0,1.0,0.004266977310180664
427,0,Rows,Removal,633,DUPLICATED,1.0,1.0,1.0,1.0,1.0,0.004266977310180664
428,0,Rows,Removal,634,DUPLICATED,1.0,1.0,1.0,1.0,1.0,0.004266977310180664
429,0,Rows,Removal,635,DUPLICATED,1.0,1.0,1.0,1.0,1.0,0.004266977310180664
430,0,Rows,Removal,638,DUPLICATED,1.0,1.0,1.0,1.0,1.0,0.004266977310180664
431,0,Rows,Removal,639,DUPLICATED,1.0,1.0,1.0,1.0,1.0,0.004266977310180664
432,0,Rows,Removal,640,DUPLICATED,1.0,1.0,1.0,1.0,1.0,0.004266977310180664
433,0,Rows,Removal,641,DUPLICATED,1.0,1.0,1.0,1.0,1.0,0.004266977310180664
434,0,Rows,Removal,644,DUPLICATED,1.0,1.0,1.0,1.0,1.0,0.004266977310180664
435,0,Rows,Removal,645,DUPLICATED,1.0,1.0,1.0,1.0,1.0,0.004266977310180664
436,0,Rows,Removal,646,DUPLICATED,1.0,1.0,1.0,1.0,1.0,0.004266977310180664
437,0,Rows,Removal,648,DUPLICATED,1.0,1.0,1.0,1.0,1.0,0.004266977310180664
438,0,Rows,Removal,652,DUPLICATED,1.0,1.0,1.0,1.0,1.0,0.004266977310180664
439,0,Rows,Removal,653,DUPLICATED,1.0,1.0,1.0,1.0,1.0,0.004266977310180664
440,0,Rows,Removal,655,DUPLICATED,1.0,1.0,1.0,1.0,1.0,0.004266977310180664
441,0,Rows,Removal,656,DUPLICATED,1.0,1.0,1.0,1.0,1.0,0.004266977310180664
442,0,Rows,Removal,657,DUPLICATED,1.0,1.0,1.0,1.0,1.0,0.004266977310180664
443,0,Rows,Removal,658,DUPLICATED,1.0,1.0,1.0,1.0,1.0,0.004266977310180664
444,0,Rows,Removal,659,DUPLICATED,1.0,1.0,1.0,1.0,1.0,0.004266977310180664
445,0,Rows,Removal,660,DUPLICATED,1.0,1.0,1.0,1.0,1.0,0.004266977310180664
446,0,Rows,Removal,661,DUPLICATED,1.0,1.0,1.0,1.0,1.0,0.004266977310180664
447,0,Rows,Removal,662,DUPLICATED,1.0,1.0,1.0,1.0,1.0,0.004266977310180664
448,0,Rows,Removal,663,DUPLICATED,1.0,1.0,1.0,1.0,1.0,0.004266977310180664
449,0,Rows,Removal,664,DUPLICATED,1.0,1.0,1.0,1.0,1.0,0.004266977310180664
450,0,Rows,Removal,665,DUPLICATED,1.0,1.0,1.0,1.0,1.0,0.004266977310180664
451,0,Rows,Removal,666,DUPLICATED,1.0,1.0,1.0,1.0,1.0,0.004266977310180664
452,0,Rows,Removal,667,DUPLICATED,1.0,1.0,1.0,1.0,1.0,0.004266977310180664
453,0,Rows,Removal,669,DUPLICATED,1.0,1.0,1.0,1.0,1.0,0.004266977310180664
454,0,Rows,Removal,671,DUPLICATED,1.0,1.0,1.0,1.0,1.0,0.004266977310180664
455,0,Rows,Removal,673,DUPLICATED,1.0,1.0,1.0,1.0,1.0,0.004266977310180664
456,0,Rows,Removal,674,DUPLICATED,1.0,1.0,1.0,1.0,1.0,0.004266977310180664
457,0,Rows,Removal,675,DUPLICATED,1.0,1.0,1.0,1.0,1.0,0.004266977310180664
458,0,Rows,Removal,676,DUPLICATED,1.0,1.0,1.0,1.0,1.0,0.004266977310180664
459,0,Rows,Removal,680,DUPLICATED,1.0,1.0,1.0,1.0,1.0,0.004266977310180664
460,0,Rows,Removal,681,DUPLICATED,1.0,1.0,1.0,1.0,1.0,0.004266977310180664
461,0,Rows,Removal,682,DUPLICATED,1.0,1.0,1.0,1.0,1.0,0.004266977310180664
462,0,Rows,Removal,683,DUPLICATED,1.0,1.0,1.0,1.0,1.0,0.004266977310180664
463,0,Rows,Removal,684,DUPLICATED,1.0,1.0,1.0,1.0,1.0,0.004266977310180664
464,0,Rows,Removal,685,DUPLICATED,1.0,1.0,1.0,1.0,1.0,0.004266977310180664
465,0,Rows,Removal,686,DUPLICATED,1.0,1.0,1.0,1.0,1.0,0.004266977310180664
466,0,Rows,Removal,687,DUPLICATED,1.0,1.0,1.0,1.0,1.0,0.004266977310180664
467,0,Rows,Removal,688,DUPLICATED,1.0,1.0,1.0,1.0,1.0,0.004266977310180664
468,0,Rows,Removal,689,DUPLICATED,1.0,1.0,1.0,1.0,1.0,0.004266977310180664
469,0,Rows,Removal,691,DUPLICATED,1.0,1.0,1.0,1.0,1.0,0.004266977310180664
470,0,Rows,Removal,692,DUPLICATED,1.0,1.0,1.0,1.0,1.0,0.004266977310180664
471,0,Rows,Removal,696,DUPLICATED,1.0,1.0,1.0,1.0,1.0,0.004266977310180664
472,0,Rows,Removal,697,DUPLICATED,1.0,1.0,1.0,1.0,1.0,0.004266977310180664
473,0,Rows,Removal,698,DUPLICATED,1.0,1.0,1.0,1.0,1.0,0.004266977310180664
474,0,Rows,Removal,699,DUPLICATED,1.0,1.0,1.0,1.0,1.0,0.004266977310180664
475,0,Rows,Removal,701,DUPLICATED,1.0,1.0,1.0,1.0,1.0,0.004266977310180664
476,0,Rows,Removal,702,DUPLICATED,1.0,1.0,1.0,1.0,1.0,0.004266977310180664
477,0,Rows,Removal,703,DUPLICATED,1.0,1.0,1.0,1.0,1.0,0.004266977310180664
478,0,Rows,Removal,704,DUPLICATED,1.0,1.0,1.0,1.0,1.0,0.004266977310180664
479,0,Rows,Removal,706,DUPLICATED,1.0,1.0,1.0,1.0,1.0,0.004266977310180664
480,0,Rows,Removal,708,DUPLICATED,1.0,1.0,1.0,1.0,1.0,0.004266977310180664
481,0,Rows,Removal,709,DUPLICATED,1.0,1.0,1.0,1.0,1.0,0.004266977310180664
482,0,Rows,Removal,710,DUPLICATED,1.0,1.0,1.0,1.0,1.0,0.004266977310180664
483,0,Rows,Removal,711,DUPLICATED,1.0,1.0,1.0,1.0,1.0,0.004266977310180664
484,0,Rows,Removal,712,DUPLICATED,1.0,1.0,1.0,1.0,1.0,0.004266977310180664
485,0,Rows,Removal,713,DUPLICATED,1.0,1.0,1.0,1.0,1.0,0.004266977310180664
486,0,Rows,Removal,714,DUPLICATED,1.0,1.0,1.0,1.0,1.0,0.004266977310180664
487,0,Rows,Removal,715,DUPLICATED,1.0,1.0,1.0,1.0,1.0,0.004266977310180664
488,0,Rows,Removal,716,DUPLICATED,1.0,1.0,1.0,1.0,1.0,0.004266977310180664
489,0,Rows,Removal,717,DUPLICATED,1.0,1.0,1.0,1.0,1.0,0.004266977310180664
490,0,Rows,Removal,718,DUPLICATED,1.0,1.0,1.0,1.0,1.0,0.004266977310180664
491,0,Rows,Removal,720,DUPLICATED,1.0,1.0,1.0,1.0,1.0,0.004266977310180664
492,0,Rows,Removal,721,DUPLICATED,1.0,1.0,1.0,1.0,1.0,0.004266977310180664
493,0,Rows,Removal,722,DUPLICATED,1.0,1.0,1.0,1.0,1.0,0.004266977310180664
494,0,Rows,Removal,723,DUPLICATED,1.0,1.0,1.0,1.0,1.0,0.004266977310180664
495,0,Rows,Removal,724,DUPLICATED,1.0,1.0,1.0,1.0,1.0,0.004266977310180664
496,0,Rows,Removal,725,DUPLICATED,1.0,1.0,1.0,1.0,1.0,0.004266977310180664
497,0,Rows,Removal,726,DUPLICATED,1.0,1.0,1.0,1.0,1.0,0.004266977310180664
498,0,Rows,Removal,728,DUPLICATED,1.0,1.0,1.0,1.0,1.0,0.004266977310180664
499,0,Rows,Removal,730,DUPLICATED,1.0,1.0,1.0,1.0,1.0,0.004266977310180664
500,0,Rows,Removal,731,DUPLICATED,1.0,1.0,1.0,1.0,1.0,0.004266977310180664
501,0,Rows,Removal,732,DUPLICATED,1.0,1.0,1.0,1.0,1.0,0.004266977310180664
502,0,Rows,Removal,734,DUPLICATED,1.0,1.0,1.0,1.0,1.0,0.004266977310180664
0,0,Rows,Addition,0,BOOTSTRAPPED,1.0,1.0,1,1,1,0.0018241405487060547
0,0,Rows,Addition,1,BOOTSTRAPPED,1.0,1.0,1,1,1,0.0018582344055175781
0,0,Rows,Addition,2,BOOTSTRAPPED,1.0,1.0,1,1,1,0.0017538070678710938
0,0,Rows,Addition,3,BOOTSTRAPPED,1.0,1.0,1,1,1,0.0017390251159667969
0,0,Rows,Addition,4,BOOTSTRAPPED,1.0,1.0,1,1,1,0.0017101764678955078
0,0,Rows,Addition,6,BOOTSTRAPPED,1.0,1.0,1,1,1,0.0018768310546875
0,0,Rows,Addition,9,BOOTSTRAPPED,1.0,1.0,1,1,1,0.0019788742065429688
0,0,Rows,Addition,11,BOOTSTRAPPED,1.0,1.0,1,1,1,0.0016791820526123047
0,0,Rows,Addition,12,BOOTSTRAPPED,1.0,1.0,1,1,1,0.001744985580444336
0,0,Rows,Addition,14,BOOTSTRAPPED,1.0,1.0,1,1,1,0.0017161369323730469
0,0,Rows,Addition,15,BOOTSTRAPPED,1.0,1.0,1,1,1,0.0017461776733398438
0,0,Rows,Addition,16,BOOTSTRAPPED,1.0,1.0,1,1,1,0.0019249916076660156
0,0,Rows,Addition,17,BOOTSTRAPPED,1.0,1.0,1,1,1,0.0017077922821044922
0,0,Rows,Addition,18,BOOTSTRAPPED,1.0,1.0,1,1,1,0.0016937255859375
0,0,Rows,Addition,19,BOOTSTRAPPED,1.0,1.0,1,1,1,0.0017516613006591797
0,0,Rows,Addition,20,BOOTSTRAPPED,1.0,1.0,1,1,1,0.0017559528350830078
0,0,Rows,Addition,21,BOOTSTRAPPED,1.0,1.0,1,1,1,0.001748800277709961
0,0,Rows,Addition,22,BOOTSTRAPPED,1.0,1.0,1,1,1,0.0017330646514892578
0,0,Rows,Addition,24,BOOTSTRAPPED,1.0,1.0,1,1,1,0.0018219947814941406
0,0,Rows,Addition,25,BOOTSTRAPPED,1.0,1.0,1,1,1,0.0017008781433105469
0,0,Rows,Addition,27,BOOTSTRAPPED,1.0,1.0,1,1,1,0.001653909683227539
0,0,Rows,Addition,28,BOOTSTRAPPED,1.0,1.0,1,1,1,0.0016429424285888672
0,0,Rows,Addition,29,BOOTSTRAPPED,1.0,1.0,1,1,1,0.0016808509826660156
0,0,Rows,Addition,31,BOOTSTRAPPED,1.0,1.0,1,1,1,0.0017299652099609375
0,0,Rows,Addition,32,BOOTSTRAPPED,1.0,1.0,1,1,1,0.0017430782318115234
0,0,Rows,Addition,34,BOOTSTRAPPED,1.0,1.0,1,1,1,0.0017268657684326172
0,0,Rows,Addition,35,BOOTSTRAPPED,1.0,1.0,1,1,1,0.0018239021301269531
0,0,Rows,Addition,36,BOOTSTRAPPED,1.0,1.0,1,1,1,0.0017800331115722656
0,0,Rows,Addition,37,BOOTSTRAPPED,1.0,1.0,1,1,1,0.0016169548034667969
0,0,Rows,Addition,38,BOOTSTRAPPED,1.0,1.0,1,1,1,0.0016591548919677734
0,0,Rows,Addition,39,BOOTSTRAPPED,1.0,1.0,1,1,1,0.0016319751739501953
0,0,Rows,Addition,40,BOOTSTRAPPED,1.0,1.0,1,1,1,0.0019350051879882812
0,0,Rows,Addition,42,BOOTSTRAPPED,1.0,1.0,1,1,1,0.0017278194427490234
0,0,Rows,Addition,43,BOOTSTRAPPED,1.0,1.0,1,1,1,0.0017168521881103516
0,0,Rows,Addition,44,BOOTSTRAPPED,1.0,1.0,1,1,1,0.0017049312591552734
0,0,Rows,Addition,45,BOOTSTRAPPED,1.0,1.0,1,1,1,0.001627206802368164
0,0,Rows,Addition,47,BOOTSTRAPPED,1.0,1.0,1,1,1,0.0016682147979736328
0,0,Rows,Addition,49,BOOTSTRAPPED,1.0,1.0,1,1,1,0.001712799072265625
0,0,Rows,Addition,51,BOOTSTRAPPED,1.0,1.0,1,1,1,0.0017838478088378906
0,0,Rows,Addition,53,BOOTSTRAPPED,1.0,1.0,1,1,1,0.001725912094116211
0,0,Rows,Addition,54,BOOTSTRAPPED,1.0,1.0,1,1,1,0.0017180442810058594
0,0,Rows,Addition,55,BOOTSTRAPPED,1.0,1.0,1,1,1,0.0018219947814941406
0,0,Rows,Addition,56,BOOTSTRAPPED,1.0,1.0,1,1,1,0.0016350746154785156
0,0,Rows,Addition,57,BOOTSTRAPPED,1.0,1.0,1,1,1,0.0016660690307617188
0,0,Rows,Addition,59,BOOTSTRAPPED,1.0,1.0,1,1,1,0.0017061233520507812
0,0,Rows,Addition,60,BOOTSTRAPPED,1.0,1.0,1,1,1,0.0016939640045166016
0,0,Rows,Addition,63,BOOTSTRAPPED,1.0,1.0,1,1,1,0.0017168521881103516
0,0,Rows,Addition,64,BOOTSTRAPPED,1.0,1.0,1,1,1,0.0017092227935791016
0,0,Rows,Addition,65,BOOTSTRAPPED,1.0,1.0,1,1,1,0.0017189979553222656
0,0,Rows,Addition,66,BOOTSTRAPPED,1.0,1.0,1,1,1,0.0018091201782226562
0,0,Rows,Addition,67,BOOTSTRAPPED,1.0,1.0,1,1,1,0.0017139911651611328
0,0,Rows,Addition,68,BOOTSTRAPPED,1.0,1.0,1,1,1,0.0016498565673828125
0,0,Rows,Addition,69,BOOTSTRAPPED,1.0,1.0,1,1,1,0.0016641616821289062
0,0,Rows,Addition,70,BOOTSTRAPPED,1.0,1.0,1,1,1,0.0017080307006835938
0,0,Rows,Addition,71,BOOTSTRAPPED,1.0,1.0,1,1,1,0.001722097396850586
0,0,Rows,Addition,75,BOOTSTRAPPED,1.0,1.0,1,1,1,0.0017421245574951172
0,0,Rows,Addition,76,BOOTSTRAPPED,1.0,1.0,1,1,1,0.0017330646514892578
0,0,Rows,Addition,77,BOOTSTRAPPED,1.0,1.0,1,1,1,0.0016820430755615234
0,0,Rows,Addition,78,BOOTSTRAPPED,1.0,1.0,1,1,1,0.0016090869903564453
0,0,Rows,Addition,80,BOOTSTRAPPED,1.0,1.0,1,1,1,0.0016388893127441406
0,0,Rows,Addition,81,BOOTSTRAPPED,1.0,1.0,1,1,1,0.0016751289367675781
0,0,Rows,Addition,82,BOOTSTRAPPED,1.0,1.0,1,1,1,0.0016829967498779297
0,0,Rows,Addition,83,BOOTSTRAPPED,1.0,1.0,1,1,1,0.0016851425170898438
0,0,Rows,Addition,85,BOOTSTRAPPED,1.0,1.0,1,1,1,0.0017230510711669922
0,0,Rows,Addition,86,BOOTSTRAPPED,1.0,1.0,1,1,1,0.0017309188842773438
0,0,Rows,Addition,87,BOOTSTRAPPED,1.0,1.0,1,1,1,0.0016951560974121094
0,0,Rows,Addition,88,BOOTSTRAPPED,1.0,1.0,1,1,1,0.0016908645629882812
0,0,Rows,Addition,89,BOOTSTRAPPED,1.0,1.0,1,1,1,0.0017309188842773438
0,0,Rows,Addition,90,BOOTSTRAPPED,1.0,1.0,1,1,1,0.0017359256744384766
0,0,Rows,Addition,93,BOOTSTRAPPED,1.0,1.0,1,1,1,0.0017690658569335938
0,0,Rows,Addition,94,BOOTSTRAPPED,1.0,1.0,1,1,1,0.0017290115356445312
0,0,Rows,Addition,95,BOOTSTRAPPED,1.0,1.0,1,1,1,0.0017099380493164062
0,0,Rows,Addition,96,BOOTSTRAPPED,1.0,1.0,1,1,1,0.001767873764038086
0,0,Rows,Addition,98,BOOTSTRAPPED,1.0,1.0,1,1,1,0.0016269683837890625
0,0,Rows,Addition,99,BOOTSTRAPPED,1.0,1.0,1,1,1,0.0016629695892333984
0,0,Rows,Addition,101,BOOTSTRAPPED,1.0,1.0,1,1,1,0.001722097396850586
0,0,Rows,Addition,102,BOOTSTRAPPED,1.0,1.0,1,1,1,0.0016849040985107422
0,0,Rows,Addition,103,BOOTSTRAPPED,1.0,1.0,1,1,1,0.0016939640045166016
0,0,Rows,Addition,104,BOOTSTRAPPED,1.0,1.0,1,1,1,0.0017139911651611328
0,0,Rows,Addition,105,BOOTSTRAPPED,1.0,1.0,1,1,1,0.001711130142211914
0,0,Rows,Addition,107,BOOTSTRAPPED,1.0,1.0,1,1,1,0.0017452239990234375
0,0,Rows,Addition,108,BOOTSTRAPPED,1.0,1.0,1,1,1,0.0017049312591552734
0,0,Rows,Addition,109,BOOTSTRAPPED,1.0,1.0,1,1,1,0.0016248226165771484
0,0,Rows,Addition,110,BOOTSTRAPPED,1.0,1.0,1,1,1,0.0016508102416992188
0,0,Rows,Addition,112,BOOTSTRAPPED,1.0,1.0,1,1,1,0.0016748905181884766
0,0,Rows,Addition,114,BOOTSTRAPPED,1.0,1.0,1,1,1,0.0017228126525878906
0,0,Rows,Addition,115,BOOTSTRAPPED,1.0,1.0,1,1,1,0.0016901493072509766
0,0,Rows,Addition,116,BOOTSTRAPPED,1.0,1.0,1,1,1,0.0016961097717285156
0,0,Rows,Addition,117,BOOTSTRAPPED,1.0,1.0,1,1,1,0.0017020702362060547
0,0,Rows,Addition,118,BOOTSTRAPPED,1.0,1.0,1,1,1,0.0016469955444335938
0,0,Rows,Addition,119,BOOTSTRAPPED,1.0,1.0,1,1,1,0.0016520023345947266
0,0,Rows,Addition,120,BOOTSTRAPPED,1.0,1.0,1,1,1,0.001689910888671875
0,0,Rows,Addition,123,BOOTSTRAPPED,1.0,1.0,1,1,1,0.0016889572143554688
0,0,Rows,Addition,124,BOOTSTRAPPED,1.0,1.0,1,1,1,0.0017120838165283203
0,0,Rows,Addition,126,BOOTSTRAPPED,1.0,1.0,1,1,1,0.0017669200897216797
0,0,Rows,Addition,127,BOOTSTRAPPED,1.0,1.0,1,1,1,0.001730203628540039
0,0,Rows,Addition,128,BOOTSTRAPPED,1.0,1.0,1,1,1,0.0017321109771728516
0,0,Rows,Addition,129,BOOTSTRAPPED,1.0,1.0,1,1,1,0.0017161369323730469
0,0,Rows,Addition,130,BOOTSTRAPPED,1.0,1.0,1,1,1,0.0017468929290771484
0,0,Rows,Addition,131,BOOTSTRAPPED,1.0,1.0,1,1,1,0.0017311573028564453
0,0,Rows,Addition,133,BOOTSTRAPPED,1.0,1.0,1,1,1,0.0017240047454833984
0,0,Rows,Addition,135,BOOTSTRAPPED,1.0,1.0,1,1,1,0.0017659664154052734
0,0,Rows,Addition,136,BOOTSTRAPPED,1.0,1.0,1,1,1,0.0017192363739013672
0,0,Rows,Addition,137,BOOTSTRAPPED,1.0,1.0,1,1,1,0.0017719268798828125
0,0,Rows,Addition,138,BOOTSTRAPPED,1.0,1.0,1,1,1,0.0016429424285888672
0,0,Rows,Addition,139,BOOTSTRAPPED,1.0,1.0,1,1,1,0.0017838478088378906
0,0,Rows,Addition,141,BOOTSTRAPPED,1.0,1.0,1,1,1,0.0016810894012451172
0,0,Rows,Addition,143,BOOTSTRAPPED,1.0,1.0,1,1,1,0.001744985580444336
0,0,Rows,Addition,144,BOOTSTRAPPED,1.0,1.0,1,1,1,0.0017142295837402344
0,0,Rows,Addition,145,BOOTSTRAPPED,1.0,1.0,1,1,1,0.0017087459564208984
0,0,Rows,Addition,146,BOOTSTRAPPED,1.0,1.0,1,1,1,0.0017430782318115234
0,0,Rows,Addition,147,BOOTSTRAPPED,1.0,1.0,1,1,1,0.001783132553100586
0,0,Rows,Addition,149,BOOTSTRAPPED,1.0,1.0,1,1,1,0.0017077922821044922
0,0,Rows,Addition,151,BOOTSTRAPPED,1.0,1.0,1,1,1,0.001692056655883789
0,0,Rows,Addition,152,BOOTSTRAPPED,1.0,1.0,1,1,1,0.001714944839477539
0,0,Rows,Addition,153,BOOTSTRAPPED,1.0,1.0,1,1,1,0.0017330646514892578
0,0,Rows,Addition,154,BOOTSTRAPPED,1.0,1.0,1,1,1,0.0017218589782714844
0,0,Rows,Addition,158,BOOTSTRAPPED,1.0,1.0,1,1,1,0.0017271041870117188
0,0,Rows,Addition,159,BOOTSTRAPPED,1.0,1.0,1,1,1,0.0017478466033935547
0,0,Rows,Addition,160,BOOTSTRAPPED,1.0,1.0,1,1,1,0.0017142295837402344
0,0,Rows,Addition,161,BOOTSTRAPPED,1.0,1.0,1,1,1,0.0017333030700683594
0,0,Rows,Addition,162,BOOTSTRAPPED,1.0,1.0,1,1,1,0.0017349720001220703
0,0,Rows,Addition,164,BOOTSTRAPPED,1.0,1.0,1,1,1,0.0017390251159667969
0,0,Rows,Addition,165,BOOTSTRAPPED,1.0,1.0,1,1,1,0.0017809867858886719
0,0,Rows,Addition,173,BOOTSTRAPPED,1.0,1.0,1,1,1,0.0016131401062011719
0,0,Rows,Addition,174,BOOTSTRAPPED,1.0,1.0,1,1,1,0.0016880035400390625
0,0,Rows,Addition,175,BOOTSTRAPPED,1.0,1.0,1,1,1,0.0017316341400146484
0,0,Rows,Addition,177,BOOTSTRAPPED,1.0,1.0,1,1,1,0.0016367435455322266
0,0,Rows,Addition,180,BOOTSTRAPPED,1.0,1.0,1,1,1,0.001631021499633789
0,0,Rows,Addition,181,BOOTSTRAPPED,1.0,1.0,1,1,1,0.0016908645629882812
0,0,Rows,Addition,182,BOOTSTRAPPED,1.0,1.0,1,1,1,0.0017032623291015625
0,0,Rows,Addition,183,BOOTSTRAPPED,1.0,1.0,1,1,1,0.0017380714416503906
0,0,Rows,Addition,184,BOOTSTRAPPED,1.0,1.0,1,1,1,0.0017180442810058594
0,0,Rows,Addition,185,BOOTSTRAPPED,1.0,1.0,1,1,1,0.0017080307006835938
0,0,Rows,Addition,189,BOOTSTRAPPED,1.0,1.0,1,1,1,0.0017490386962890625
0,0,Rows,Addition,190,BOOTSTRAPPED,1.0,1.0,1,1,1,0.0016281604766845703
0,0,Rows,Addition,191,BOOTSTRAPPED,1.0,1.0,1,1,1,0.0016989707946777344
0,0,Rows,Addition,192,BOOTSTRAPPED,1.0,1.0,1,1,1,0.0017447471618652344
0,0,Rows,Addition,193,BOOTSTRAPPED,1.0,1.0,1,1,1,0.0017161369323730469
0,0,Rows,Addition,194,BOOTSTRAPPED,1.0,1.0,1,1,1,0.001728057861328125
0,0,Rows,Addition,195,BOOTSTRAPPED,1.0,1.0,1,1,1,0.0017299652099609375
0,0,Rows,Addition,196,BOOTSTRAPPED,1.0,1.0,1,1,1,0.001768350601196289
0,0,Rows,Addition,197,BOOTSTRAPPED,1.0,1.0,1,1,1,0.0017788410186767578
0,0,Rows,Addition,200,BOOTSTRAPPED,1.0,1.0,1,1,1,0.0017521381378173828
0,0,Rows,Addition,201,BOOTSTRAPPED,1.0,1.0,1,1,1,0.0017540454864501953
0,0,Rows,Addition,202,BOOTSTRAPPED,1.0,1.0,1,1,1,0.0017490386962890625
0,0,Rows,Addition,204,BOOTSTRAPPED,1.0,1.0,1,1,1,0.0017349720001220703
0,0,Rows,Addition,205,BOOTSTRAPPED,1.0,1.0,1,1,1,0.0017468929290771484
0,0,Rows,Addition,206,BOOTSTRAPPED,1.0,1.0,1,1,1,0.00177001953125
0,0,Rows,Addition,207,BOOTSTRAPPED,1.0,1.0,1,1,1,0.001867055892944336
0,0,Rows,Addition,208,BOOTSTRAPPED,1.0,1.0,1,1,1,0.0016367435455322266
0,0,Rows,Addition,210,BOOTSTRAPPED,1.0,1.0,1,1,1,0.0016350746154785156
0,0,Rows,Addition,212,BOOTSTRAPPED,1.0,1.0,1,1,1,0.0016758441925048828
0,0,Rows,Addition,213,BOOTSTRAPPED,1.0,1.0,1,1,1,0.0016980171203613281
0,0,Rows,Addition,214,BOOTSTRAPPED,1.0,1.0,1,1,1,0.0017337799072265625
0,0,Rows,Addition,216,BOOTSTRAPPED,1.0,1.0,1,1,1,0.0017542839050292969
0,0,Rows,Addition,217,BOOTSTRAPPED,1.0,1.0,1,1,1,0.0017287731170654297
0,0,Rows,Addition,218,BOOTSTRAPPED,1.0,1.0,1,1,1,0.001748800277709961
0,0,Rows,Addition,220,BOOTSTRAPPED,1.0,1.0,1,1,1,0.0016350746154785156
0,0,Rows,Addition,221,BOOTSTRAPPED,1.0,1.0,1,1,1,0.0016911029815673828
0,0,Rows,Addition,222,BOOTSTRAPPED,1.0,1.0,1,1,1,0.0017590522766113281
0,0,Rows,Addition,223,BOOTSTRAPPED,1.0,1.0,1,1,1,0.0017130374908447266
0,0,Rows,Addition,224,BOOTSTRAPPED,1.0,1.0,1,1,1,0.0017747879028320312
0,0,Rows,Addition,225,BOOTSTRAPPED,1.0,1.0,1,1,1,0.0017058849334716797
0,0,Rows,Addition,226,BOOTSTRAPPED,1.0,1.0,1,1,1,0.0017459392547607422
0,0,Rows,Addition,227,BOOTSTRAPPED,1.0,1.0,1,1,1,0.0017578601837158203
0,0,Rows,Addition,228,BOOTSTRAPPED,1.0,1.0,1,1,1,0.001657724380493164
0,0,Rows,Addition,230,BOOTSTRAPPED,1.0,1.0,1,1,1,0.0016520023345947266
0,0,Rows,Addition,231,BOOTSTRAPPED,1.0,1.0,1,1,1,0.0017619132995605469
0,0,Rows,Addition,234,BOOTSTRAPPED,1.0,1.0,1,1,1,0.0017039775848388672
0,0,Rows,Addition,239,BOOTSTRAPPED,1.0,1.0,1,1,1,0.0016987323760986328
0,0,Rows,Addition,241,BOOTSTRAPPED,1.0,1.0,1,1,1,0.0017189979553222656
0,0,Rows,Addition,242,BOOTSTRAPPED,1.0,1.0,1,1,1,0.001728057861328125
0,0,Rows,Addition,243,BOOTSTRAPPED,1.0,1.0,1,1,1,0.0018527507781982422
0,0,Rows,Addition,244,BOOTSTRAPPED,1.0,1.0,1,1,1,0.001622915267944336
0,0,Rows,Addition,245,BOOTSTRAPPED,1.0,1.0,1,1,1,0.00164794921875
0,0,Rows,Addition,247,BOOTSTRAPPED,1.0,1.0,1,1,1,0.0017070770263671875
0,0,Rows,Addition,248,BOOTSTRAPPED,1.0,1.0,1,1,1,0.0017480850219726562
0,0,Rows,Addition,249,BOOTSTRAPPED,1.0,1.0,1,1,1,0.001706838607788086
0,0,Rows,Addition,253,BOOTSTRAPPED,1.0,1.0,1,1,1,0.001775979995727539
0,0,Rows,Addition,254,BOOTSTRAPPED,1.0,1.0,1,1,1,0.0017600059509277344
0,0,Rows,Addition,257,BOOTSTRAPPED,1.0,1.0,1,1,1,0.0016388893127441406
0,0,Rows,Addition,258,BOOTSTRAPPED,1.0,1.0,1,1,1,0.0016448497772216797
0,0,Rows,Addition,260,BOOTSTRAPPED,1.0,1.0,1,1,1,0.0017189979553222656
0,0,Rows,Addition,261,BOOTSTRAPPED,1.0,1.0,1,1,1,0.0017132759094238281
0,0,Rows,Addition,262,BOOTSTRAPPED,1.0,1.0,1,1,1,0.0017139911651611328
0,0,Rows,Addition,263,BOOTSTRAPPED,1.0,1.0,1,1,1,0.0017740726470947266
0,0,Rows,Addition,266,BOOTSTRAPPED,1.0,1.0,1,1,1,0.0017368793487548828
0,0,Rows,Addition,267,BOOTSTRAPPED,1.0,1.0,1,1,1,0.0017781257629394531
0,0,Rows,Addition,268,BOOTSTRAPPED,1.0,1.0,1,1,1,0.0017390251159667969
0,0,Rows,Addition,269,BOOTSTRAPPED,1.0,1.0,1,1,1,0.0017399787902832031
0,0,Rows,Addition,270,BOOTSTRAPPED,1.0,1.0,1,1,1,0.0017619132995605469
0,0,Rows,Addition,271,BOOTSTRAPPED,1.0,1.0,1,1,1,0.0017359256744384766
0,0,Rows,Addition,273,BOOTSTRAPPED,1.0,1.0,1,1,1,0.0017311573028564453
0,0,Rows,Addition,274,BOOTSTRAPPED,1.0,1.0,1,1,1,0.0017638206481933594
0,0,Rows,Addition,278,BOOTSTRAPPED,1.0,1.0,1,1,1,0.0017812252044677734
0,0,Rows,Addition,280,BOOTSTRAPPED,1.0,1.0,1,1,1,0.0016701221466064453
0,0,Rows,Addition,281,BOOTSTRAPPED,1.0,1.0,1,1,1,0.0017018318176269531
0,0,Rows,Addition,282,BOOTSTRAPPED,1.0,1.0,1,1,1,0.0017139911651611328
0,0,Rows,Addition,283,BOOTSTRAPPED,1.0,1.0,1,1,1,0.001705169677734375
0,0,Rows,Addition,284,BOOTSTRAPPED,1.0,1.0,1,1,1,0.0017070770263671875
0,0,Rows,Addition,285,BOOTSTRAPPED,1.0,1.0,1,1,1,0.0016999244689941406
0,0,Rows,Addition,286,BOOTSTRAPPED,1.0,1.0,1,1,1,0.0017180442810058594
0,0,Rows,Addition,287,BOOTSTRAPPED,1.0,1.0,1,1,1,0.0019042491912841797
0,0,Rows,Addition,288,BOOTSTRAPPED,1.0,1.0,1,1,1,0.0016760826110839844
0,0,Rows,Addition,289,BOOTSTRAPPED,1.0,1.0,1,1,1,0.00164794921875
0,0,Rows,Addition,290,BOOTSTRAPPED,1.0,1.0,1,1,1,0.001695871353149414
0,0,Rows,Addition,291,BOOTSTRAPPED,1.0,1.0,1,1,1,0.0016870498657226562
0,0,Rows,Addition,292,BOOTSTRAPPED,1.0,1.0,1,1,1,0.0016980171203613281
0,0,Rows,Addition,293,BOOTSTRAPPED,1.0,1.0,1,1,1,0.001711130142211914
0,0,Rows,Addition,295,BOOTSTRAPPED,1.0,1.0,1,1,1,0.001714944839477539
0,0,Rows,Addition,297,BOOTSTRAPPED,1.0,1.0,1,1,1,0.0018341541290283203
0,0,Rows,Addition,300,BOOTSTRAPPED,1.0,1.0,1,1,1,0.0017201900482177734
0,0,Rows,Addition,301,BOOTSTRAPPED,1.0,1.0,1,1,1,0.0016820430755615234
0,0,Rows,Addition,302,BOOTSTRAPPED,1.0,1.0,1,1,1,0.0016796588897705078
0,0,Rows,Addition,305,BOOTSTRAPPED,1.0,1.0,1,1,1,0.0017027854919433594
0,0,Rows,Addition,307,BOOTSTRAPPED,1.0,1.0,1,1,1,0.001737833023071289
0,0,Rows,Addition,308,BOOTSTRAPPED,1.0,1.0,1,1,1,0.0017838478088378906
0,0,Rows,Addition,309,BOOTSTRAPPED,1.0,1.0,1,1,1,0.0017697811126708984
0,0,Rows,Addition,310,BOOTSTRAPPED,1.0,1.0,1,1,1,0.0017309188842773438
0,0,Rows,Addition,311,BOOTSTRAPPED,1.0,1.0,1,1,1,0.001728057861328125
0,0,Rows,Addition,313,BOOTSTRAPPED,1.0,1.0,1,1,1,0.0017352104187011719
0,0,Rows,Addition,316,BOOTSTRAPPED,1.0,1.0,1,1,1,0.0017347335815429688
0,0,Rows,Addition,317,BOOTSTRAPPED,1.0,1.0,1,1,1,0.0017521381378173828
0,0,Rows,Addition,319,BOOTSTRAPPED,1.0,1.0,1,1,1,0.001753091812133789
0,0,Rows,Addition,320,BOOTSTRAPPED,1.0,1.0,1,1,1,0.0017299652099609375
0,0,Rows,Addition,321,BOOTSTRAPPED,1.0,1.0,1,1,1,0.0017790794372558594
0,0,Rows,Addition,322,BOOTSTRAPPED,1.0,1.0,1,1,1,0.0017588138580322266
0,0,Rows,Addition,324,BOOTSTRAPPED,1.0,1.0,1,1,1,0.0017650127410888672
0,0,Rows,Addition,325,BOOTSTRAPPED,1.0,1.0,1,1,1,0.0018510818481445312
0,0,Rows,Addition,326,BOOTSTRAPPED,1.0,1.0,1,1,1,0.0017430782318115234
0,0,Rows,Addition,329,BOOTSTRAPPED,1.0,1.0,1,1,1,0.001783132553100586
0,0,Rows,Addition,330,BOOTSTRAPPED,1.0,1.0,1,1,1,0.0017478466033935547
0,0,Rows,Addition,331,BOOTSTRAPPED,1.0,1.0,1,1,1,0.0017459392547607422
0,0,Rows,Addition,332,BOOTSTRAPPED,1.0,1.0,1,1,1,0.0019369125366210938
0,0,Rows,Addition,334,BOOTSTRAPPED,1.0,1.0,1,1,1,0.0016970634460449219
0,0,Rows,Addition,335,BOOTSTRAPPED,1.0,1.0,1,1,1,0.0016682147979736328
0,0,Rows,Addition,336,BOOTSTRAPPED,1.0,1.0,1,1,1,0.0017001628875732422
0,0,Rows,Addition,337,BOOTSTRAPPED,1.0,1.0,1,1,1,0.0017540454864501953
0,0,Rows,Addition,339,BOOTSTRAPPED,1.0,1.0,1,1,1,0.0017409324645996094
0,0,Rows,Addition,340,BOOTSTRAPPED,1.0,1.0,1,1,1,0.0017347335815429688
0,0,Rows,Addition,341,BOOTSTRAPPED,1.0,1.0,1,1,1,0.0018129348754882812
0,0,Rows,Addition,343,BOOTSTRAPPED,1.0,1.0,1,1,1,0.0017321109771728516
0,0,Rows,Addition,345,BOOTSTRAPPED,1.0,1.0,1,1,1,0.0017437934875488281
0,0,Rows,Addition,348,BOOTSTRAPPED,1.0,1.0,1,1,1,0.001725912094116211
0,0,Rows,Addition,349,BOOTSTRAPPED,1.0,1.0,1,1,1,0.001737833023071289
0,0,Rows,Addition,350,BOOTSTRAPPED,1.0,1.0,1,1,1,0.001756906509399414
0,0,Rows,Addition,351,BOOTSTRAPPED,1.0,1.0,1,1,1,0.0017511844635009766
0,0,Rows,Addition,353,BOOTSTRAPPED,1.0,1.0,1,1,1,0.001766204833984375
0,0,Rows,Addition,355,BOOTSTRAPPED,1.0,1.0,1,1,1,0.0017919540405273438
0,0,Rows,Addition,356,BOOTSTRAPPED,1.0,1.0,1,1,1,0.0016999244689941406
0,0,Rows,Addition,359,BOOTSTRAPPED,1.0,1.0,1,1,1,0.0017311573028564453
0,0,Rows,Addition,360,BOOTSTRAPPED,1.0,1.0,1,1,1,0.0017237663269042969
0,0,Rows,Addition,361,BOOTSTRAPPED,1.0,1.0,1,1,1,0.001783132553100586
0,0,Rows,Addition,363,BOOTSTRAPPED,1.0,1.0,1,1,1,0.0017490386962890625
0,0,Rows,Addition,364,BOOTSTRAPPED,1.0,1.0,1,1,1,0.0017518997192382812
0,0,Rows,Addition,365,BOOTSTRAPPED,1.0,1.0,1,1,1,0.001827239990234375
0,0,Rows,Addition,367,BOOTSTRAPPED,1.0,1.0,1,1,1,0.0016109943389892578
0,0,Rows,Addition,368,BOOTSTRAPPED,1.0,1.0,1,1,1,0.001680135726928711
0,0,Rows,Addition,369,BOOTSTRAPPED,1.0,1.0,1,1,1,0.0017809867858886719
0,0,Rows,Addition,370,BOOTSTRAPPED,1.0,1.0,1,1,1,0.0017359256744384766
0,0,Rows,Addition,371,BOOTSTRAPPED,1.0,1.0,1,1,1,0.0017681121826171875
0,0,Rows,Addition,372,BOOTSTRAPPED,1.0,1.0,1,1,1,0.0017409324645996094
0,0,Rows,Addition,373,BOOTSTRAPPED,1.0,1.0,1,1,1,0.0017321109771728516
0,0,Rows,Addition,374,BOOTSTRAPPED,1.0,1.0,1,1,1,0.0017881393432617188
0,0,Rows,Addition,375,BOOTSTRAPPED,1.0,1.0,1,1,1,0.0016281604766845703
0,0,Rows,Addition,377,BOOTSTRAPPED,1.0,1.0,1,1,1,0.0016450881958007812
0,0,Rows,Addition,378,BOOTSTRAPPED,1.0,1.0,1,1,1,0.001669168472290039
0,0,Rows,Addition,380,BOOTSTRAPPED,1.0,1.0,1,1,1,0.0017139911651611328
0,0,Rows,Addition,381,BOOTSTRAPPED,1.0,1.0,1,1,1,0.0017206668853759766
0,0,Rows,Addition,382,BOOTSTRAPPED,1.0,1.0,1,1,1,0.0017137527465820312
0,0,Rows,Addition,383,BOOTSTRAPPED,1.0,1.0,1,1,1,0.001714944839477539
0,0,Rows,Addition,384,BOOTSTRAPPED,1.0,1.0,1,1,1,0.0017499923706054688
0,0,Rows,Addition,386,BOOTSTRAPPED,1.0,1.0,1,1,1,0.001728057861328125
0,0,Rows,Addition,387,BOOTSTRAPPED,1.0,1.0,1,1,1,0.0017359256744384766
0,0,Rows,Addition,389,BOOTSTRAPPED,1.0,1.0,1,1,1,0.001741170883178711
0,0,Rows,Addition,390,BOOTSTRAPPED,1.0,1.0,1,1,1,0.0017459392547607422
0,0,Rows,Addition,391,BOOTSTRAPPED,1.0,1.0,1,1,1,0.001753091812133789
0,0,Rows,Addition,393,BOOTSTRAPPED,1.0,1.0,1,1,1,0.001737833023071289
0,0,Rows,Addition,394,BOOTSTRAPPED,1.0,1.0,1,1,1,0.0018508434295654297
0,0,Rows,Addition,397,BOOTSTRAPPED,1.0,1.0,1,1,1,0.0016369819641113281
0,0,Rows,Addition,398,BOOTSTRAPPED,1.0,1.0,1,1,1,0.0016322135925292969
0,0,Rows,Addition,400,BOOTSTRAPPED,1.0,1.0,1,1,1,0.0016820430755615234
0,0,Rows,Addition,401,BOOTSTRAPPED,1.0,1.0,1,1,1,0.0017230510711669922
0,0,Rows,Addition,403,BOOTSTRAPPED,1.0,1.0,1,1,1,0.001775979995727539
0,0,Rows,Addition,405,BOOTSTRAPPED,1.0,1.0,1,1,1,0.0017268657684326172
0,0,Rows,Addition,406,BOOTSTRAPPED,1.0,1.0,1,1,1,0.0017428398132324219
0,0,Rows,Addition,407,BOOTSTRAPPED,1.0,1.0,1,1,1,0.0018010139465332031
0,0,Rows,Addition,410,BOOTSTRAPPED,1.0,1.0,1,1,1,0.0017309188842773438
0,0,Rows,Addition,411,BOOTSTRAPPED,1.0,1.0,1,1,1,0.0017511844635009766
0,0,Rows,Addition,413,BOOTSTRAPPED,1.0,1.0,1,1,1,0.0018007755279541016
0,0,Rows,Addition,414,BOOTSTRAPPED,1.0,1.0,1,1,1,0.001789093017578125
0,0,Rows,Addition,415,BOOTSTRAPPED,1.0,1.0,1,1,1,0.0017201900482177734
0,0,Rows,Addition,416,BOOTSTRAPPED,1.0,1.0,1,1,1,0.0017437934875488281
0,0,Rows,Addition,418,BOOTSTRAPPED,1.0,1.0,1,1,1,0.0017430782318115234
0,0,Rows,Addition,422,BOOTSTRAPPED,1.0,1.0,1,1,1,0.0017809867858886719
0,0,Rows,Addition,423,BOOTSTRAPPED,1.0,1.0,1,1,1,0.0017757415771484375
0,0,Rows,Addition,426,BOOTSTRAPPED,1.0,1.0,1,1,1,0.0016398429870605469
0,0,Rows,Addition,427,BOOTSTRAPPED,1.0,1.0,1,1,1,0.0016210079193115234
0,0,Rows,Addition,428,BOOTSTRAPPED,1.0,1.0,1,1,1,0.0016357898712158203
0,0,Rows,Addition,429,BOOTSTRAPPED,1.0,1.0,1,1,1,0.0016977787017822266
0,0,Rows,Addition,430,BOOTSTRAPPED,1.0,1.0,1,1,1,0.00168609619140625
0,0,Rows,Addition,431,BOOTSTRAPPED,1.0,1.0,1,1,1,0.0017228126525878906
0,0,Rows,Addition,432,BOOTSTRAPPED,1.0,1.0,1,1,1,0.0017271041870117188
0,0,Rows,Addition,433,BOOTSTRAPPED,1.0,1.0,1,1,1,0.0017049312591552734
0,0,Rows,Addition,434,BOOTSTRAPPED,1.0,1.0,1,1,1,0.001711130142211914
0,0,Rows,Addition,437,BOOTSTRAPPED,1.0,1.0,1,1,1,0.0017321109771728516
0,0,Rows,Addition,439,BOOTSTRAPPED,1.0,1.0,1,1,1,0.0017430782318115234
0,0,Rows,Addition,440,BOOTSTRAPPED,1.0,1.0,1,1,1,0.0016901493072509766
0,0,Rows,Addition,441,BOOTSTRAPPED,1.0,1.0,1,1,1,0.0017399787902832031
0,0,Rows,Addition,442,BOOTSTRAPPED,1.0,1.0,1,1,1,0.0017919540405273438
0,0,Rows,Addition,444,BOOTSTRAPPED,1.0,1.0,1,1,1,0.0016140937805175781
0,0,Rows,Addition,445,BOOTSTRAPPED,1.0,1.0,1,1,1,0.0016357898712158203
0,0,Rows,Addition,446,BOOTSTRAPPED,1.0,1.0,1,1,1,0.0016787052154541016
0,0,Rows,Addition,447,BOOTSTRAPPED,1.0,1.0,1,1,1,0.0016970634460449219
0,0,Rows,Addition,448,BOOTSTRAPPED,1.0,1.0,1,1,1,0.0017290115356445312
0,0,Rows,Addition,451,BOOTSTRAPPED,1.0,1.0,1,1,1,0.0016200542449951172
0,0,Rows,Addition,452,BOOTSTRAPPED,1.0,1.0,1,1,1,0.0016510486602783203
0,0,Rows,Addition,453,BOOTSTRAPPED,1.0,1.0,1,1,1,0.0017440319061279297
0,0,Rows,Addition,454,BOOTSTRAPPED,1.0,1.0,1,1,1,0.0016238689422607422
0,0,Rows,Addition,457,BOOTSTRAPPED,1.0,1.0,1,1,1,0.0016379356384277344
0,0,Rows,Addition,459,BOOTSTRAPPED,1.0,1.0,1,1,1,0.0016613006591796875
0,0,Rows,Addition,461,BOOTSTRAPPED,1.0,1.0,1,1,1,0.0016739368438720703
0,0,Rows,Addition,465,BOOTSTRAPPED,1.0,1.0,1,1,1,0.0017020702362060547
0,0,Rows,Addition,467,BOOTSTRAPPED,1.0,1.0,1,1,1,0.0017228126525878906
0,0,Rows,Addition,468,BOOTSTRAPPED,1.0,1.0,1,1,1,0.0017099380493164062
0,0,Rows,Addition,469,BOOTSTRAPPED,1.0,1.0,1,1,1,0.0017402172088623047
0,0,Rows,Addition,470,BOOTSTRAPPED,1.0,1.0,1,1,1,0.0016140937805175781
0,0,Rows,Addition,471,BOOTSTRAPPED,1.0,1.0,1,1,1,0.0016660690307617188
0,0,Rows,Addition,472,BOOTSTRAPPED,1.0,1.0,1,1,1,0.0016858577728271484
0,0,Rows,Addition,475,BOOTSTRAPPED,1.0,1.0,1,1,1,0.00173187255859375
0,0,Rows,Addition,478,BOOTSTRAPPED,1.0,1.0,1,1,1,0.001708984375
0,0,Rows,Addition,479,BOOTSTRAPPED,1.0,1.0,1,1,1,0.0016677379608154297
0,0,Rows,Addition,480,BOOTSTRAPPED,1.0,1.0,1,1,1,0.0016508102416992188
0,0,Rows,Addition,481,BOOTSTRAPPED,1.0,1.0,1,1,1,0.0017080307006835938
0,0,Rows,Addition,484,BOOTSTRAPPED,1.0,1.0,1,1,1,0.0016093254089355469
0,0,Rows,Addition,486,BOOTSTRAPPED,1.0,1.0,1,1,1,0.0016319751739501953
0,0,Rows,Addition,490,BOOTSTRAPPED,1.0,1.0,1,1,1,0.0016918182373046875
0,0,Rows,Addition,491,BOOTSTRAPPED,1.0,1.0,1,1,1,0.0017180442810058594
0,0,Rows,Addition,492,BOOTSTRAPPED,1.0,1.0,1,1,1,0.001692056655883789
0,0,Rows,Addition,493,BOOTSTRAPPED,1.0,1.0,1,1,1,0.001753091812133789
0,0,Rows,Addition,494,BOOTSTRAPPED,1.0,1.0,1,1,1,0.0017180442810058594
0,0,Rows,Addition,495,BOOTSTRAPPED,1.0,1.0,1,1,1,0.0016937255859375
0,0,Rows,Addition,499,BOOTSTRAPPED,1.0,1.0,1,1,1,0.0016162395477294922
0,0,Rows,Addition,500,BOOTSTRAPPED,1.0,1.0,1,1,1,0.001669168472290039
0,0,Rows,Addition,501,BOOTSTRAPPED,1.0,1.0,1,1,1,0.0016999244689941406
0,0,Rows,Addition,504,BOOTSTRAPPED,1.0,1.0,1,1,1,0.0017249584197998047
0,0,Rows,Addition,506,BOOTSTRAPPED,1.0,1.0,1,1,1,0.0017399787902832031
0,0,Rows,Addition,509,BOOTSTRAPPED,1.0,1.0,1,1,1,0.0017518997192382812
0,0,Rows,Addition,510,BOOTSTRAPPED,1.0,1.0,1,1,1,0.001779794692993164
0,0,Rows,Addition,511,BOOTSTRAPPED,1.0,1.0,1,1,1,0.0017311573028564453
0,0,Rows,Addition,512,BOOTSTRAPPED,1.0,1.0,1,1,1,0.0017390251159667969
0,0,Rows,Addition,515,BOOTSTRAPPED,1.0,1.0,1,1,1,0.0017688274383544922
0,0,Rows,Addition,516,BOOTSTRAPPED,1.0,1.0,1,1,1,0.0017468929290771484
0,0,Rows,Addition,517,BOOTSTRAPPED,1.0,1.0,1,1,1,0.001840829849243164
0,0,Rows,Addition,518,BOOTSTRAPPED,1.0,1.0,1,1,1,0.0017390251159667969
0,0,Rows,Addition,520,BOOTSTRAPPED,1.0,1.0,1,1,1,0.0017352104187011719
0,0,Rows,Addition,521,BOOTSTRAPPED,1.0,1.0,1,1,1,0.0017819404602050781
0,0,Rows,Addition,522,BOOTSTRAPPED,1.0,1.0,1,1,1,0.0016672611236572266
0,0,Rows,Addition,523,BOOTSTRAPPED,1.0,1.0,1,1,1,0.0016598701477050781
0,0,Rows,Addition,524,BOOTSTRAPPED,1.0,1.0,1,1,1,0.0016870498657226562
0,0,Rows,Addition,525,BOOTSTRAPPED,1.0,1.0,1,1,1,0.0017321109771728516
0,0,Rows,Addition,527,BOOTSTRAPPED,1.0,1.0,1,1,1,0.00174713134765625
0,0,Rows,Addition,528,BOOTSTRAPPED,1.0,1.0,1,1,1,0.001708984375
0,0,Rows,Addition,529,BOOTSTRAPPED,1.0,1.0,1,1,1,0.0017459392547607422
0,0,Rows,Addition,530,BOOTSTRAPPED,1.0,1.0,1,1,1,0.0016591548919677734
0,0,Rows,Addition,531,BOOTSTRAPPED,1.0,1.0,1,1,1,0.0016400814056396484
0,0,Rows,Addition,532,BOOTSTRAPPED,1.0,1.0,1,1,1,0.0016908645629882812
0,0,Rows,Addition,533,BOOTSTRAPPED,1.0,1.0,1,1,1,0.0017168521881103516
0,0,Rows,Addition,536,BOOTSTRAPPED,1.0,1.0,1,1,1,0.0017430782318115234
0,0,Rows,Addition,538,BOOTSTRAPPED,1.0,1.0,1,1,1,0.0017001628875732422
0,0,Rows,Addition,540,BOOTSTRAPPED,1.0,1.0,1,1,1,0.0017900466918945312
0,0,Rows,Addition,541,BOOTSTRAPPED,1.0,1.0,1,1,1,0.0018062591552734375
0,0,Rows,Addition,542,BOOTSTRAPPED,1.0,1.0,1,1,1,0.0016129016876220703
0,0,Rows,Addition,544,BOOTSTRAPPED,1.0,1.0,1,1,1,0.0016388893127441406
0,0,Rows,Addition,545,BOOTSTRAPPED,1.0,1.0,1,1,1,0.0017406940460205078
0,0,Rows,Addition,547,BOOTSTRAPPED,1.0,1.0,1,1,1,0.0017199516296386719
0,0,Rows,Addition,549,BOOTSTRAPPED,1.0,1.0,1,1,1,0.001737833023071289
0,0,Rows,Addition,552,BOOTSTRAPPED,1.0,1.0,1,1,1,0.0017371177673339844
0,0,Rows,Addition,553,BOOTSTRAPPED,1.0,1.0,1,1,1,0.001750946044921875
0,0,Rows,Addition,555,BOOTSTRAPPED,1.0,1.0,1,1,1,0.0018379688262939453
0,0,Rows,Addition,556,BOOTSTRAPPED,1.0,1.0,1,1,1,0.0016398429870605469
0,0,Rows,Addition,558,BOOTSTRAPPED,1.0,1.0,1,1,1,0.0016429424285888672
0,0,Rows,Addition,559,BOOTSTRAPPED,1.0,1.0,1,1,1,0.0016810894012451172
0,0,Rows,Addition,560,BOOTSTRAPPED,1.0,1.0,1,1,1,0.0017399787902832031
0,0,Rows,Addition,562,BOOTSTRAPPED,1.0,1.0,1,1,1,0.0017347335815429688
0,0,Rows,Addition,564,BOOTSTRAPPED,1.0,1.0,1,1,1,0.0017230510711669922
0,0,Rows,Addition,566,BOOTSTRAPPED,1.0,1.0,1,1,1,0.0017621517181396484
0,0,Rows,Addition,567,BOOTSTRAPPED,1.0,1.0,1,1,1,0.0017769336700439453
0,0,Rows,Addition,568,BOOTSTRAPPED,1.0,1.0,1,1,1,0.0016090869903564453
0,0,Rows,Addition,569,BOOTSTRAPPED,1.0,1.0,1,1,1,0.0017001628875732422
0,0,Rows,Addition,571,BOOTSTRAPPED,1.0,1.0,1,1,1,0.001710653305053711
0,0,Rows,Addition,572,BOOTSTRAPPED,1.0,1.0,1,1,1,0.0017268657684326172
0,0,Rows,Addition,573,BOOTSTRAPPED,1.0,1.0,1,1,1,0.0017349720001220703
0,0,Rows,Addition,576,BOOTSTRAPPED,1.0,1.0,1,1,1,0.0017268657684326172
0,0,Rows,Addition,577,BOOTSTRAPPED,1.0,1.0,1,1,1,0.0017478466033935547
0,0,Rows,Addition,578,BOOTSTRAPPED,1.0,1.0,1,1,1,0.001714944839477539
0,0,Rows,Addition,579,BOOTSTRAPPED,1.0,1.0,1,1,1,0.0017309188842773438
0,0,Rows,Addition,580,BOOTSTRAPPED,1.0,1.0,1,1,1,0.001744985580444336
0,0,Rows,Addition,581,BOOTSTRAPPED,1.0,1.0,1,1,1,0.0017230510711669922
0,0,Rows,Addition,582,BOOTSTRAPPED,1.0,1.0,1,1,1,0.001783132553100586
0,0,Rows,Addition,584,BOOTSTRAPPED,1.0,1.0,1,1,1,0.0017910003662109375
0,0,Rows,Addition,585,BOOTSTRAPPED,1.0,1.0,1,1,1,0.0017480850219726562
0,0,Rows,Addition,586,BOOTSTRAPPED,1.0,1.0,1,1,1,0.0018310546875
0,0,Rows,Addition,588,BOOTSTRAPPED,1.0,1.0,1,1,1,0.0017359256744384766
0,0,Rows,Addition,590,BOOTSTRAPPED,1.0,1.0,1,1,1,0.0017528533935546875
0,0,Rows,Addition,591,BOOTSTRAPPED,1.0,1.0,1,1,1,0.0017516613006591797
0,0,Rows,Addition,592,BOOTSTRAPPED,1.0,1.0,1,1,1,0.0018160343170166016
0,0,Rows,Addition,594,BOOTSTRAPPED,1.0,1.0,1,1,1,0.0017781257629394531
0,0,Rows,Addition,595,BOOTSTRAPPED,1.0,1.0,1,1,1,0.0017879009246826172
0,0,Rows,Addition,596,BOOTSTRAPPED,1.0,1.0,1,1,1,0.0017399787902832031
0,0,Rows,Addition,598,BOOTSTRAPPED,1.0,1.0,1,1,1,0.0016570091247558594
0,0,Rows,Addition,599,BOOTSTRAPPED,1.0,1.0,1,1,1,0.0016789436340332031
0,0,Rows,Addition,600,BOOTSTRAPPED,1.0,1.0,1,1,1,0.0016701221466064453
0,0,Rows,Addition,601,BOOTSTRAPPED,1.0,1.0,1,1,1,0.0016469955444335938
0,0,Rows,Addition,602,BOOTSTRAPPED,1.0,1.0,1,1,1,0.0017330646514892578
0,0,Rows,Addition,604,BOOTSTRAPPED,1.0,1.0,1,1,1,0.001669168472290039
0,0,Rows,Addition,605,BOOTSTRAPPED,1.0,1.0,1,1,1,0.0016460418701171875
0,0,Rows,Addition,606,BOOTSTRAPPED,1.0,1.0,1,1,1,0.0017063617706298828
0,0,Rows,Addition,607,BOOTSTRAPPED,1.0,1.0,1,1,1,0.0016639232635498047
0,0,Rows,Addition,609,BOOTSTRAPPED,1.0,1.0,1,1,1,0.001990795135498047
0,0,Rows,Addition,610,BOOTSTRAPPED,1.0,1.0,1,1,1,0.0018570423126220703
0,0,Rows,Addition,611,BOOTSTRAPPED,1.0,1.0,1,1,1,0.0016849040985107422
0,0,Rows,Addition,612,BOOTSTRAPPED,1.0,1.0,1,1,1,0.0016739368438720703
0,0,Rows,Addition,613,BOOTSTRAPPED,1.0,1.0,1,1,1,0.0016810894012451172
0,0,Rows,Addition,616,BOOTSTRAPPED,1.0,1.0,1,1,1,0.0016791820526123047
0,0,Rows,Addition,617,BOOTSTRAPPED,1.0,1.0,1,1,1,0.0019083023071289062
0,0,Rows,Addition,618,BOOTSTRAPPED,1.0,1.0,1,1,1,0.0017390251159667969
0,0,Rows,Addition,619,BOOTSTRAPPED,1.0,1.0,1,1,1,0.001683950424194336
0,0,Rows,Addition,620,BOOTSTRAPPED,1.0,1.0,1,1,1,0.0016820430755615234
0,0,Rows,Addition,621,BOOTSTRAPPED,1.0,1.0,1,1,1,0.0017209053039550781
0,0,Rows,Addition,622,BOOTSTRAPPED,1.0,1.0,1,1,1,0.0016961097717285156
0,0,Rows,Addition,626,BOOTSTRAPPED,1.0,1.0,1,1,1,0.0018072128295898438
0,0,Rows,Addition,629,BOOTSTRAPPED,1.0,1.0,1,1,1,0.0018329620361328125
0,0,Rows,Addition,631,BOOTSTRAPPED,1.0,1.0,1,1,1,0.0016655921936035156
0,0,Rows,Addition,632,BOOTSTRAPPED,1.0,1.0,1,1,1,0.0016210079193115234
0,0,Rows,Addition,633,BOOTSTRAPPED,1.0,1.0,1,1,1,0.001657724380493164
0,0,Rows,Addition,634,BOOTSTRAPPED,1.0,1.0,1,1,1,0.0016770362854003906
0,0,Rows,Addition,635,BOOTSTRAPPED,1.0,1.0,1,1,1,0.0017101764678955078
0,0,Rows,Addition,636,BOOTSTRAPPED,1.0,1.0,1,1,1,0.0017189979553222656
0,0,Rows,Addition,637,BOOTSTRAPPED,1.0,1.0,1,1,1,0.001708984375
0,0,Rows,Addition,638,BOOTSTRAPPED,1.0,1.0,1,1,1,0.0017809867858886719
0,0,Rows,Addition,639,BOOTSTRAPPED,1.0,1.0,1,1,1,0.0016319751739501953
0,0,Rows,Addition,640,BOOTSTRAPPED,1.0,1.0,1,1,1,0.0016579627990722656
0,0,Rows,Addition,642,BOOTSTRAPPED,1.0,1.0,1,1,1,0.0016791820526123047
0,0,Rows,Addition,645,BOOTSTRAPPED,1.0,1.0,1,1,1,0.0016798973083496094
0,0,Rows,Addition,647,BOOTSTRAPPED,1.0,1.0,1,1,1,0.0017652511596679688
0,0,Rows,Addition,648,BOOTSTRAPPED,1.0,1.0,1,1,1,0.0017268657684326172
0,0,Rows,Addition,649,BOOTSTRAPPED,1.0,1.0,1,1,1,0.0017170906066894531
0,0,Rows,Addition,650,BOOTSTRAPPED,1.0,1.0,1,1,1,0.0017971992492675781
0,0,Rows,Addition,651,BOOTSTRAPPED,1.0,1.0,1,1,1,0.001646280288696289
0,0,Rows,Addition,653,BOOTSTRAPPED,1.0,1.0,1,1,1,0.00164794921875
0,0,Rows,Addition,654,BOOTSTRAPPED,1.0,1.0,1,1,1,0.001669168472290039
0,0,Rows,Addition,655,BOOTSTRAPPED,1.0,1.0,1,1,1,0.0017087459564208984
0,0,Rows,Addition,656,BOOTSTRAPPED,1.0,1.0,1,1,1,0.001722097396850586
0,0,Rows,Addition,657,BOOTSTRAPPED,1.0,1.0,1,1,1,0.0016949176788330078
0,0,Rows,Addition,659,BOOTSTRAPPED,1.0,1.0,1,1,1,0.0017180442810058594
0,0,Rows,Addition,662,BOOTSTRAPPED,1.0,1.0,1,1,1,0.0019600391387939453
0,0,Rows,Addition,664,BOOTSTRAPPED,1.0,1.0,1,1,1,0.0017158985137939453
0,0,Rows,Addition,666,BOOTSTRAPPED,1.0,1.0,1,1,1,0.0016970634460449219
0,0,Rows,Addition,671,BOOTSTRAPPED,1.0,1.0,1,1,1,0.0017240047454833984
0,0,Rows,Addition,673,BOOTSTRAPPED,1.0,1.0,1,1,1,0.0017399787902832031
0,0,Rows,Addition,674,BOOTSTRAPPED,1.0,1.0,1,1,1,0.0017158985137939453
0,0,Rows,Addition,675,BOOTSTRAPPED,1.0,1.0,1,1,1,0.0017731189727783203
0,0,Rows,Addition,676,BOOTSTRAPPED,1.0,1.0,1,1,1,0.001851797103881836
0,0,Rows,Addition,677,BOOTSTRAPPED,1.0,1.0,1,1,1,0.001608133316040039
0,0,Rows,Addition,679,BOOTSTRAPPED,1.0,1.0,1,1,1,0.0016889572143554688
0,0,Rows,Addition,680,BOOTSTRAPPED,1.0,1.0,1,1,1,0.001711130142211914
0,0,Rows,Addition,681,BOOTSTRAPPED,1.0,1.0,1,1,1,0.0017311573028564453
0,0,Rows,Addition,682,BOOTSTRAPPED,1.0,1.0,1,1,1,0.0017621517181396484
0,0,Rows,Addition,684,BOOTSTRAPPED,1.0,1.0,1,1,1,0.0017421245574951172
0,0,Rows,Addition,685,BOOTSTRAPPED,1.0,1.0,1,1,1,0.0017311573028564453
0,0,Rows,Addition,686,BOOTSTRAPPED,1.0,1.0,1,1,1,0.0017848014831542969
0,0,Rows,Addition,687,BOOTSTRAPPED,1.0,1.0,1,1,1,0.0017290115356445312
0,0,Rows,Addition,689,BOOTSTRAPPED,1.0,1.0,1,1,1,0.0018317699432373047
0,0,Rows,Addition,690,BOOTSTRAPPED,1.0,1.0,1,1,1,0.0018029212951660156
0,0,Rows,Addition,691,BOOTSTRAPPED,1.0,1.0,1,1,1,0.0017371177673339844
0,0,Rows,Addition,692,BOOTSTRAPPED,1.0,1.0,1,1,1,0.001753091812133789
0,0,Rows,Addition,693,BOOTSTRAPPED,1.0,1.0,1,1,1,0.001725912094116211
0,0,Rows,Addition,697,BOOTSTRAPPED,1.0,1.0,1,1,1,0.001722097396850586
0,0,Rows,Addition,698,BOOTSTRAPPED,1.0,1.0,1,1,1,0.0017480850219726562
0,0,Rows,Addition,699,BOOTSTRAPPED,1.0,1.0,1,1,1,0.0017406940460205078
0,0,Rows,Addition,700,BOOTSTRAPPED,1.0,1.0,1,1,1,0.0017359256744384766
0,0,Rows,Addition,701,BOOTSTRAPPED,1.0,1.0,1,1,1,0.0017299652099609375
0,0,Rows,Addition,702,BOOTSTRAPPED,1.0,1.0,1,1,1,0.0017559528350830078
0,0,Rows,Addition,704,BOOTSTRAPPED,1.0,1.0,1,1,1,0.0017468929290771484
0,0,Rows,Addition,705,BOOTSTRAPPED,1.0,1.0,1,1,1,0.0017299652099609375
0,0,Rows,Addition,707,BOOTSTRAPPED,1.0,1.0,1,1,1,0.0017862319946289062
0,0,Rows,Addition,708,BOOTSTRAPPED,1.0,1.0,1,1,1,0.0017409324645996094
0,0,Rows,Addition,709,BOOTSTRAPPED,1.0,1.0,1,1,1,0.0017230510711669922
0,0,Rows,Addition,713,BOOTSTRAPPED,1.0,1.0,1,1,1,0.0017552375793457031
0,0,Rows,Addition,714,BOOTSTRAPPED,1.0,1.0,1,1,1,0.0017511844635009766
0,0,Rows,Addition,715,BOOTSTRAPPED,1.0,1.0,1,1,1,0.001728057861328125
0,0,Rows,Addition,716,BOOTSTRAPPED,1.0,1.0,1,1,1,0.001795053482055664
0,0,Rows,Addition,717,BOOTSTRAPPED,1.0,1.0,1,1,1,0.001734018325805664
0,0,Rows,Addition,720,BOOTSTRAPPED,1.0,1.0,1,1,1,0.0019059181213378906
0,0,Rows,Addition,721,BOOTSTRAPPED,1.0,1.0,1,1,1,0.001728057861328125
0,0,Rows,Addition,723,BOOTSTRAPPED,1.0,1.0,1,1,1,0.0017108917236328125
0,0,Rows,Addition,725,BOOTSTRAPPED,1.0,1.0,1,1,1,0.0017268657684326172
0,0,Rows,Addition,726,BOOTSTRAPPED,1.0,1.0,1,1,1,0.0017440319061279297
0,0,Rows,Addition,730,BOOTSTRAPPED,1.0,1.0,1,1,1,0.0017299652099609375
0,0,Rows,Addition,731,BOOTSTRAPPED,1.0,1.0,1,1,1,0.0017399787902832031
0,0,Rows,Addition,732,BOOTSTRAPPED,1.0,1.0,1,1,1,0.0018529891967773438
0,2,Rows,Removal,18,DUPLICATED,1.0,1.0,1.0,1.0,1.0,0.006227970123291016
1,2,Rows,Removal,25,DUPLICATED,1.0,1.0,1.0,1.0,1.0,0.006227970123291016
2,2,Rows,Removal,29,DUPLICATED,1.0,1.0,1.0,1.0,1.0,0.006227970123291016
3,2,Rows,Removal,43,DUPLICATED,1.0,1.0,1.0,1.0,1.0,0.006227970123291016
4,2,Rows,Removal,44,DUPLICATED,1.0,1.0,1.0,1.0,1.0,0.006227970123291016
5,2,Rows,Removal,48,DUPLICATED,1.0,1.0,1.0,1.0,1.0,0.006227970123291016
6,2,Rows,Removal,49,DUPLICATED,1.0,1.0,1.0,1.0,1.0,0.006227970123291016
7,2,Rows,Removal,51,DUPLICATED,1.0,1.0,1.0,1.0,1.0,0.006227970123291016
8,2,Rows,Removal,56,DUPLICATED,1.0,1.0,1.0,1.0,1.0,0.006227970123291016
9,2,Rows,Removal,67,DUPLICATED,1.0,1.0,1.0,1.0,1.0,0.006227970123291016
10,2,Rows,Removal,69,DUPLICATED,1.0,1.0,1.0,1.0,1.0,0.006227970123291016
11,2,Rows,Removal,70,DUPLICATED,1.0,1.0,1.0,1.0,1.0,0.006227970123291016
12,2,Rows,Removal,73,DUPLICATED,1.0,1.0,1.0,1.0,1.0,0.006227970123291016
13,2,Rows,Removal,76,DUPLICATED,1.0,1.0,1.0,1.0,1.0,0.006227970123291016
14,2,Rows,Removal,84,DUPLICATED,1.0,1.0,1.0,1.0,1.0,0.006227970123291016
15,2,Rows,Removal,93,DUPLICATED,1.0,1.0,1.0,1.0,1.0,0.006227970123291016
16,2,Rows,Removal,96,DUPLICATED,1.0,1.0,1.0,1.0,1.0,0.006227970123291016
17,2,Rows,Removal,100,DUPLICATED,1.0,1.0,1.0,1.0,1.0,0.006227970123291016
18,2,Rows,Removal,109,DUPLICATED,1.0,1.0,1.0,1.0,1.0,0.006227970123291016
19,2,Rows,Removal,111,DUPLICATED,1.0,1.0,1.0,1.0,1.0,0.006227970123291016
20,2,Rows,Removal,124,DUPLICATED,1.0,1.0,1.0,1.0,1.0,0.006227970123291016
21,2,Rows,Removal,134,DUPLICATED,1.0,1.0,1.0,1.0,1.0,0.006227970123291016
22,2,Rows,Removal,135,DUPLICATED,1.0,1.0,1.0,1.0,1.0,0.006227970123291016
23,2,Rows,Removal,141,DUPLICATED,1.0,1.0,1.0,1.0,1.0,0.006227970123291016
24,2,Rows,Removal,149,DUPLICATED,1.0,1.0,1.0,1.0,1.0,0.006227970123291016
25,2,Rows,Removal,157,DUPLICATED,1.0,1.0,1.0,1.0,1.0,0.006227970123291016
26,2,Rows,Removal,163,DUPLICATED,1.0,1.0,1.0,1.0,1.0,0.006227970123291016
27,2,Rows,Removal,168,DUPLICATED,1.0,1.0,1.0,1.0,1.0,0.006227970123291016
28,2,Rows,Removal,170,DUPLICATED,1.0,1.0,1.0,1.0,1.0,0.006227970123291016
29,2,Rows,Removal,173,DUPLICATED,1.0,1.0,1.0,1.0,1.0,0.006227970123291016
30,2,Rows,Removal,174,DUPLICATED,1.0,1.0,1.0,1.0,1.0,0.006227970123291016
31,2,Rows,Removal,178,DUPLICATED,1.0,1.0,1.0,1.0,1.0,0.006227970123291016
32,2,Rows,Removal,179,DUPLICATED,1.0,1.0,1.0,1.0,1.0,0.006227970123291016
33,2,Rows,Removal,188,DUPLICATED,1.0,1.0,1.0,1.0,1.0,0.006227970123291016
34,2,Rows,Removal,192,DUPLICATED,1.0,1.0,1.0,1.0,1.0,0.006227970123291016
35,2,Rows,Removal,196,DUPLICATED,1.0,1.0,1.0,1.0,1.0,0.006227970123291016
36,2,Rows,Removal,199,DUPLICATED,1.0,1.0,1.0,1.0,1.0,0.006227970123291016
37,2,Rows,Removal,208,DUPLICATED,1.0,1.0,1.0,1.0,1.0,0.006227970123291016
38,2,Rows,Removal,210,DUPLICATED,1.0,1.0,1.0,1.0,1.0,0.006227970123291016
39,2,Rows,Removal,211,DUPLICATED,1.0,1.0,1.0,1.0,1.0,0.006227970123291016
40,2,Rows,Removal,212,DUPLICATED,1.0,1.0,1.0,1.0,1.0,0.006227970123291016
41,2,Rows,Removal,218,DUPLICATED,1.0,1.0,1.0,1.0,1.0,0.006227970123291016
42,2,Rows,Removal,219,DUPLICATED,1.0,1.0,1.0,1.0,1.0,0.006227970123291016
43,2,Rows,Removal,220,DUPLICATED,1.0,1.0,1.0,1.0,1.0,0.006227970123291016
44,2,Rows,Removal,229,DUPLICATED,1.0,1.0,1.0,1.0,1.0,0.006227970123291016
45,2,Rows,Removal,231,DUPLICATED,1.0,1.0,1.0,1.0,1.0,0.006227970123291016
46,2,Rows,Removal,237,DUPLICATED,1.0,1.0,1.0,1.0,1.0,0.006227970123291016
47,2,Rows,Removal,239,DUPLICATED,1.0,1.0,1.0,1.0,1.0,0.006227970123291016
48,2,Rows,Removal,240,DUPLICATED,1.0,1.0,1.0,1.0,1.0,0.006227970123291016
49,2,Rows,Removal,246,DUPLICATED,1.0,1.0,1.0,1.0,1.0,0.006227970123291016
50,2,Rows,Removal,247,DUPLICATED,1.0,1.0,1.0,1.0,1.0,0.006227970123291016
51,2,Rows,Removal,251,DUPLICATED,1.0,1.0,1.0,1.0,1.0,0.006227970123291016
52,2,Rows,Removal,252,DUPLICATED,1.0,1.0,1.0,1.0,1.0,0.006227970123291016
53,2,Rows,Removal,254,DUPLICATED,1.0,1.0,1.0,1.0,1.0,0.006227970123291016
54,2,Rows,Removal,259,DUPLICATED,1.0,1.0,1.0,1.0,1.0,0.006227970123291016
55,2,Rows,Removal,279,DUPLICATED,1.0,1.0,1.0,1.0,1.0,0.006227970123291016
56,2,Rows,Removal,282,DUPLICATED,1.0,1.0,1.0,1.0,1.0,0.006227970123291016
57,2,Rows,Removal,289,DUPLICATED,1.0,1.0,1.0,1.0,1.0,0.006227970123291016
58,2,Rows,Removal,290,DUPLICATED,1.0,1.0,1.0,1.0,1.0,0.006227970123291016
59,2,Rows,Removal,291,DUPLICATED,1.0,1.0,1.0,1.0,1.0,0.006227970123291016
60,2,Rows,Removal,296,DUPLICATED,1.0,1.0,1.0,1.0,1.0,0.006227970123291016
61,2,Rows,Removal,298,DUPLICATED,1.0,1.0,1.0,1.0,1.0,0.006227970123291016
62,2,Rows,Removal,299,DUPLICATED,1.0,1.0,1.0,1.0,1.0,0.006227970123291016
63,2,Rows,Removal,303,DUPLICATED,1.0,1.0,1.0,1.0,1.0,0.006227970123291016
64,2,Rows,Removal,321,DUPLICATED,1.0,1.0,1.0,1.0,1.0,0.006227970123291016
65,2,Rows,Removal,324,DUPLICATED,1.0,1.0,1.0,1.0,1.0,0.006227970123291016
66,2,Rows,Removal,332,DUPLICATED,1.0,1.0,1.0,1.0,1.0,0.006227970123291016
67,2,Rows,Removal,342,DUPLICATED,1.0,1.0,1.0,1.0,1.0,0.006227970123291016
68,2,Rows,Removal,350,DUPLICATED,1.0,1.0,1.0,1.0,1.0,0.006227970123291016
69,2,Rows,Removal,353,DUPLICATED,1.0,1.0,1.0,1.0,1.0,0.006227970123291016
70,2,Rows,Removal,354,DUPLICATED,1.0,1.0,1.0,1.0,1.0,0.006227970123291016
71,2,Rows,Removal,361,DUPLICATED,1.0,1.0,1.0,1.0,1.0,0.006227970123291016
72,2,Rows,Removal,367,DUPLICATED,1.0,1.0,1.0,1.0,1.0,0.006227970123291016
73,2,Rows,Removal,368,DUPLICATED,1.0,1.0,1.0,1.0,1.0,0.006227970123291016
74,2,Rows,Removal,387,DUPLICATED,1.0,1.0,1.0,1.0,1.0,0.006227970123291016
75,2,Rows,Removal,402,DUPLICATED,1.0,1.0,1.0,1.0,1.0,0.006227970123291016
76,2,Rows,Removal,406,DUPLICATED,1.0,1.0,1.0,1.0,1.0,0.006227970123291016
77,2,Rows,Removal,407,DUPLICATED,1.0,1.0,1.0,1.0,1.0,0.006227970123291016
78,2,Rows,Removal,408,DUPLICATED,1.0,1.0,1.0,1.0,1.0,0.006227970123291016
79,2,Rows,Removal,410,DUPLICATED,1.0,1.0,1.0,1.0,1.0,0.006227970123291016
80,2,Rows,Removal,414,DUPLICATED,1.0,1.0,1.0,1.0,1.0,0.006227970123291016
81,2,Rows,Removal,416,DUPLICATED,1.0,1.0,1.0,1.0,1.0,0.006227970123291016
82,2,Rows,Removal,420,DUPLICATED,1.0,1.0,1.0,1.0,1.0,0.006227970123291016
83,2,Rows,Removal,422,DUPLICATED,1.0,1.0,1.0,1.0,1.0,0.006227970123291016
84,2,Rows,Removal,430,DUPLICATED,1.0,1.0,1.0,1.0,1.0,0.006227970123291016
85,2,Rows,Removal,432,DUPLICATED,1.0,1.0,1.0,1.0,1.0,0.006227970123291016
86,2,Rows,Removal,435,DUPLICATED,1.0,1.0,1.0,1.0,1.0,0.006227970123291016
87,2,Rows,Removal,438,DUPLICATED,1.0,1.0,1.0,1.0,1.0,0.006227970123291016
88,2,Rows,Removal,440,DUPLICATED,1.0,1.0,1.0,1.0,1.0,0.006227970123291016
89,2,Rows,Removal,443,DUPLICATED,1.0,1.0,1.0,1.0,1.0,0.006227970123291016
90,2,Rows,Removal,445,DUPLICATED,1.0,1.0,1.0,1.0,1.0,0.006227970123291016
91,2,Rows,Removal,450,DUPLICATED,1.0,1.0,1.0,1.0,1.0,0.006227970123291016
92,2,Rows,Removal,457,DUPLICATED,1.0,1.0,1.0,1.0,1.0,0.006227970123291016
93,2,Rows,Removal,461,DUPLICATED,1.0,1.0,1.0,1.0,1.0,0.006227970123291016
94,2,Rows,Removal,463,DUPLICATED,1.0,1.0,1.0,1.0,1.0,0.006227970123291016
95,2,Rows,Removal,464,DUPLICATED,1.0,1.0,1.0,1.0,1.0,0.006227970123291016
96,2,Rows,Removal,471,DUPLICATED,1.0,1.0,1.0,1.0,1.0,0.006227970123291016
97,2,Rows,Removal,472,DUPLICATED,1.0,1.0,1.0,1.0,1.0,0.006227970123291016
98,2,Rows,Removal,478,DUPLICATED,1.0,1.0,1.0,1.0,1.0,0.006227970123291016
99,2,Rows,Removal,479,DUPLICATED,1.0,1.0,1.0,1.0,1.0,0.006227970123291016
100,2,Rows,Removal,480,DUPLICATED,1.0,1.0,1.0,1.0,1.0,0.006227970123291016
101,2,Rows,Removal,482,DUPLICATED,1.0,1.0,1.0,1.0,1.0,0.006227970123291016
102,2,Rows,Removal,485,DUPLICATED,1.0,1.0,1.0,1.0,1.0,0.006227970123291016
103,2,Rows,Removal,486,DUPLICATED,1.0,1.0,1.0,1.0,1.0,0.006227970123291016
104,2,Rows,Removal,495,DUPLICATED,1.0,1.0,1.0,1.0,1.0,0.006227970123291016
105,2,Rows,Removal,507,DUPLICATED,1.0,1.0,1.0,1.0,1.0,0.006227970123291016
106,2,Rows,Removal,508,DUPLICATED,1.0,1.0,1.0,1.0,1.0,0.006227970123291016
107,2,Rows,Removal,509,DUPLICATED,1.0,1.0,1.0,1.0,1.0,0.006227970123291016
108,2,Rows,Removal,518,DUPLICATED,1.0,1.0,1.0,1.0,1.0,0.006227970123291016
109,2,Rows,Removal,521,DUPLICATED,1.0,1.0,1.0,1.0,1.0,0.006227970123291016
110,2,Rows,Removal,527,DUPLICATED,1.0,1.0,1.0,1.0,1.0,0.006227970123291016
111,2,Rows,Removal,528,DUPLICATED,1.0,1.0,1.0,1.0,1.0,0.006227970123291016
112,2,Rows,Removal,530,DUPLICATED,1.0,1.0,1.0,1.0,1.0,0.006227970123291016
113,2,Rows,Removal,532,DUPLICATED,1.0,1.0,1.0,1.0,1.0,0.006227970123291016
114,2,Rows,Removal,544,DUPLICATED,1.0,1.0,1.0,1.0,1.0,0.006227970123291016
115,2,Rows,Removal,555,DUPLICATED,1.0,1.0,1.0,1.0,1.0,0.006227970123291016
116,2,Rows,Removal,564,DUPLICATED,1.0,1.0,1.0,1.0,1.0,0.006227970123291016
117,2,Rows,Removal,565,DUPLICATED,1.0,1.0,1.0,1.0,1.0,0.006227970123291016
118,2,Rows,Removal,575,DUPLICATED,1.0,1.0,1.0,1.0,1.0,0.006227970123291016
119,2,Rows,Removal,581,DUPLICATED,1.0,1.0,1.0,1.0,1.0,0.006227970123291016
120,2,Rows,Removal,596,DUPLICATED,1.0,1.0,1.0,1.0,1.0,0.006227970123291016
121,2,Rows,Removal,598,DUPLICATED,1.0,1.0,1.0,1.0,1.0,0.006227970123291016
122,2,Rows,Removal,599,DUPLICATED,1.0,1.0,1.0,1.0,1.0,0.006227970123291016
123,2,Rows,Removal,602,DUPLICATED,1.0,1.0,1.0,1.0,1.0,0.006227970123291016
124,2,Rows,Removal,605,DUPLICATED,1.0,1.0,1.0,1.0,1.0,0.006227970123291016
125,2,Rows,Removal,607,DUPLICATED,1.0,1.0,1.0,1.0,1.0,0.006227970123291016
126,2,Rows,Removal,610,DUPLICATED,1.0,1.0,1.0,1.0,1.0,0.006227970123291016
127,2,Rows,Removal,611,DUPLICATED,1.0,1.0,1.0,1.0,1.0,0.006227970123291016
128,2,Rows,Removal,613,DUPLICATED,1.0,1.0,1.0,1.0,1.0,0.006227970123291016
129,2,Rows,Removal,617,DUPLICATED,1.0,1.0,1.0,1.0,1.0,0.006227970123291016
130,2,Rows,Removal,618,DUPLICATED,1.0,1.0,1.0,1.0,1.0,0.006227970123291016
131,2,Rows,Removal,620,DUPLICATED,1.0,1.0,1.0,1.0,1.0,0.006227970123291016
132,2,Rows,Removal,629,DUPLICATED,1.0,1.0,1.0,1.0,1.0,0.006227970123291016
133,2,Rows,Removal,632,DUPLICATED,1.0,1.0,1.0,1.0,1.0,0.006227970123291016
134,2,Rows,Removal,637,DUPLICATED,1.0,1.0,1.0,1.0,1.0,0.006227970123291016
135,2,Rows,Removal,642,DUPLICATED,1.0,1.0,1.0,1.0,1.0,0.006227970123291016
136,2,Rows,Removal,643,DUPLICATED,1.0,1.0,1.0,1.0,1.0,0.006227970123291016
137,2,Rows,Removal,647,DUPLICATED,1.0,1.0,1.0,1.0,1.0,0.006227970123291016
138,2,Rows,Removal,650,DUPLICATED,1.0,1.0,1.0,1.0,1.0,0.006227970123291016
139,2,Rows,Removal,651,DUPLICATED,1.0,1.0,1.0,1.0,1.0,0.006227970123291016
140,2,Rows,Removal,654,DUPLICATED,1.0,1.0,1.0,1.0,1.0,0.006227970123291016
141,2,Rows,Removal,670,DUPLICATED,1.0,1.0,1.0,1.0,1.0,0.006227970123291016
142,2,Rows,Removal,678,DUPLICATED,1.0,1.0,1.0,1.0,1.0,0.006227970123291016
143,2,Rows,Removal,679,DUPLICATED,1.0,1.0,1.0,1.0,1.0,0.006227970123291016
144,2,Rows,Removal,693,DUPLICATED,1.0,1.0,1.0,1.0,1.0,0.006227970123291016
145,2,Rows,Removal,695,DUPLICATED,1.0,1.0,1.0,1.0,1.0,0.006227970123291016
146,2,Rows,Removal,700,DUPLICATED,1.0,1.0,1.0,1.0,1.0,0.006227970123291016
147,2,Rows,Removal,705,DUPLICATED,1.0,1.0,1.0,1.0,1.0,0.006227970123291016
148,2,Rows,Removal,707,DUPLICATED,1.0,1.0,1.0,1.0,1.0,0.006227970123291016
149,2,Rows,Removal,719,DUPLICATED,1.0,1.0,1.0,1.0,1.0,0.006227970123291016
150,2,Rows,Removal,727,DUPLICATED,1.0,1.0,1.0,1.0,1.0,0.006227970123291016
151,2,Rows,Removal,729,DUPLICATED,1.0,1.0,1.0,1.0,1.0,0.006227970123291016
152,2,Rows,Removal,733,DUPLICATED,1.0,1.0,1.0,1.0,1.0,0.006227970123291016
153,2,Rows,Removal,736,DUPLICATED,1.0,1.0,1.0,1.0,1.0,0.006227970123291016
154,2,Rows,Removal,742,DUPLICATED,1.0,1.0,1.0,1.0,1.0,0.006227970123291016
155,2,Rows,Removal,755,DUPLICATED,1.0,1.0,1.0,1.0,1.0,0.006227970123291016
156,2,Rows,Removal,764,DUPLICATED,1.0,1.0,1.0,1.0,1.0,0.006227970123291016
157,2,Rows,Removal,781,DUPLICATED,1.0,1.0,1.0,1.0,1.0,0.006227970123291016
158,2,Rows,Removal,782,DUPLICATED,1.0,1.0,1.0,1.0,1.0,0.006227970123291016
159,2,Rows,Removal,785,DUPLICATED,1.0,1.0,1.0,1.0,1.0,0.006227970123291016
160,2,Rows,Removal,788,DUPLICATED,1.0,1.0,1.0,1.0,1.0,0.006227970123291016
161,2,Rows,Removal,789,DUPLICATED,1.0,1.0,1.0,1.0,1.0,0.006227970123291016
162,2,Rows,Removal,790,DUPLICATED,1.0,1.0,1.0,1.0,1.0,0.006227970123291016
163,2,Rows,Removal,798,DUPLICATED,1.0,1.0,1.0,1.0,1.0,0.006227970123291016
164,2,Rows,Removal,801,DUPLICATED,1.0,1.0,1.0,1.0,1.0,0.006227970123291016
165,2,Rows,Removal,812,DUPLICATED,1.0,1.0,1.0,1.0,1.0,0.006227970123291016
166,2,Rows,Removal,817,DUPLICATED,1.0,1.0,1.0,1.0,1.0,0.006227970123291016
167,2,Rows,Removal,819,DUPLICATED,1.0,1.0,1.0,1.0,1.0,0.006227970123291016
168,2,Rows,Removal,829,DUPLICATED,1.0,1.0,1.0,1.0,1.0,0.006227970123291016
169,2,Rows,Removal,831,DUPLICATED,1.0,1.0,1.0,1.0,1.0,0.006227970123291016
170,2,Rows,Removal,834,DUPLICATED,1.0,1.0,1.0,1.0,1.0,0.006227970123291016
171,2,Rows,Removal,836,DUPLICATED,1.0,1.0,1.0,1.0,1.0,0.006227970123291016
172,2,Rows,Removal,839,DUPLICATED,1.0,1.0,1.0,1.0,1.0,0.006227970123291016
173,2,Rows,Removal,840,DUPLICATED,1.0,1.0,1.0,1.0,1.0,0.006227970123291016
174,2,Rows,Removal,856,DUPLICATED,1.0,1.0,1.0,1.0,1.0,0.006227970123291016
175,2,Rows,Removal,857,DUPLICATED,1.0,1.0,1.0,1.0,1.0,0.006227970123291016
176,2,Rows,Removal,859,DUPLICATED,1.0,1.0,1.0,1.0,1.0,0.006227970123291016
177,2,Rows,Removal,861,DUPLICATED,1.0,1.0,1.0,1.0,1.0,0.006227970123291016
178,2,Rows,Removal,862,DUPLICATED,1.0,1.0,1.0,1.0,1.0,0.006227970123291016
179,2,Rows,Removal,867,DUPLICATED,1.0,1.0,1.0,1.0,1.0,0.006227970123291016
180,2,Rows,Removal,869,DUPLICATED,1.0,1.0,1.0,1.0,1.0,0.006227970123291016
181,2,Rows,Removal,873,DUPLICATED,1.0,1.0,1.0,1.0,1.0,0.006227970123291016
182,2,Rows,Removal,879,DUPLICATED,1.0,1.0,1.0,1.0,1.0,0.006227970123291016
183,2,Rows,Removal,883,DUPLICATED,1.0,1.0,1.0,1.0,1.0,0.006227970123291016
184,2,Rows,Removal,891,DUPLICATED,1.0,1.0,1.0,1.0,1.0,0.006227970123291016
185,2,Rows,Removal,903,DUPLICATED,1.0,1.0,1.0,1.0,1.0,0.006227970123291016
186,2,Rows,Removal,906,DUPLICATED,1.0,1.0,1.0,1.0,1.0,0.006227970123291016
187,2,Rows,Removal,907,DUPLICATED,1.0,1.0,1.0,1.0,1.0,0.006227970123291016
188,2,Rows,Removal,911,DUPLICATED,1.0,1.0,1.0,1.0,1.0,0.006227970123291016
189,2,Rows,Removal,915,DUPLICATED,1.0,1.0,1.0,1.0,1.0,0.006227970123291016
190,2,Rows,Removal,916,DUPLICATED,1.0,1.0,1.0,1.0,1.0,0.006227970123291016
191,2,Rows,Removal,929,DUPLICATED,1.0,1.0,1.0,1.0,1.0,0.006227970123291016
192,2,Rows,Removal,930,DUPLICATED,1.0,1.0,1.0,1.0,1.0,0.006227970123291016
193,2,Rows,Removal,937,DUPLICATED,1.0,1.0,1.0,1.0,1.0,0.006227970123291016
194,2,Rows,Removal,940,DUPLICATED,1.0,1.0,1.0,1.0,1.0,0.006227970123291016
195,2,Rows,Removal,949,DUPLICATED,1.0,1.0,1.0,1.0,1.0,0.006227970123291016
196,2,Rows,Removal,952,DUPLICATED,1.0,1.0,1.0,1.0,1.0,0.006227970123291016
197,2,Rows,Removal,961,DUPLICATED,1.0,1.0,1.0,1.0,1.0,0.006227970123291016
198,2,Rows,Removal,962,DUPLICATED,1.0,1.0,1.0,1.0,1.0,0.006227970123291016
199,2,Rows,Removal,964,DUPLICATED,1.0,1.0,1.0,1.0,1.0,0.006227970123291016
200,2,Rows,Removal,973,DUPLICATED,1.0,1.0,1.0,1.0,1.0,0.006227970123291016
201,2,Rows,Removal,979,DUPLICATED,1.0,1.0,1.0,1.0,1.0,0.006227970123291016
202,2,Rows,Removal,988,DUPLICATED,1.0,1.0,1.0,1.0,1.0,0.006227970123291016
203,2,Rows,Removal,990,DUPLICATED,1.0,1.0,1.0,1.0,1.0,0.006227970123291016
204,2,Rows,Removal,998,DUPLICATED,1.0,1.0,1.0,1.0,1.0,0.006227970123291016
205,2,Rows,Removal,1000,DUPLICATED,1.0,1.0,1.0,1.0,1.0,0.006227970123291016
206,2,Rows,Removal,1001,DUPLICATED,1.0,1.0,1.0,1.0,1.0,0.006227970123291016
207,2,Rows,Removal,1011,DUPLICATED,1.0,1.0,1.0,1.0,1.0,0.006227970123291016
208,2,Rows,Removal,1014,DUPLICATED,1.0,1.0,1.0,1.0,1.0,0.006227970123291016
209,2,Rows,Removal,1023,DUPLICATED,1.0,1.0,1.0,1.0,1.0,0.006227970123291016
210,2,Rows,Removal,1025,DUPLICATED,1.0,1.0,1.0,1.0,1.0,0.006227970123291016
211,2,Rows,Removal,1027,DUPLICATED,1.0,1.0,1.0,1.0,1.0,0.006227970123291016
212,2,Rows,Removal,1033,DUPLICATED,1.0,1.0,1.0,1.0,1.0,0.006227970123291016
213,2,Rows,Removal,1034,DUPLICATED,1.0,1.0,1.0,1.0,1.0,0.006227970123291016
214,2,Rows,Removal,1037,DUPLICATED,1.0,1.0,1.0,1.0,1.0,0.006227970123291016
215,2,Rows,Removal,1061,DUPLICATED,1.0,1.0,1.0,1.0,1.0,0.006227970123291016
216,2,Rows,Removal,1064,DUPLICATED,1.0,1.0,1.0,1.0,1.0,0.006227970123291016
217,2,Rows,Removal,1068,DUPLICATED,1.0,1.0,1.0,1.0,1.0,0.006227970123291016
218,2,Rows,Removal,1070,DUPLICATED,1.0,1.0,1.0,1.0,1.0,0.006227970123291016
219,2,Rows,Removal,1071,DUPLICATED,1.0,1.0,1.0,1.0,1.0,0.006227970123291016
220,2,Rows,Removal,1078,DUPLICATED,1.0,1.0,1.0,1.0,1.0,0.006227970123291016
221,2,Rows,Removal,1087,DUPLICATED,1.0,1.0,1.0,1.0,1.0,0.006227970123291016
222,2,Rows,Removal,1090,DUPLICATED,1.0,1.0,1.0,1.0,1.0,0.006227970123291016
223,2,Rows,Removal,1102,DUPLICATED,1.0,1.0,1.0,1.0,1.0,0.006227970123291016
224,2,Rows,Removal,1103,DUPLICATED,1.0,1.0,1.0,1.0,1.0,0.006227970123291016
225,2,Rows,Removal,1112,DUPLICATED,1.0,1.0,1.0,1.0,1.0,0.006227970123291016
226,2,Rows,Removal,1116,DUPLICATED,1.0,1.0,1.0,1.0,1.0,0.006227970123291016
227,2,Rows,Removal,1117,DUPLICATED,1.0,1.0,1.0,1.0,1.0,0.006227970123291016
228,2,Rows,Removal,1125,DUPLICATED,1.0,1.0,1.0,1.0,1.0,0.006227970123291016
229,2,Rows,Removal,1127,DUPLICATED,1.0,1.0,1.0,1.0,1.0,0.006227970123291016
230,2,Rows,Removal,1128,DUPLICATED,1.0,1.0,1.0,1.0,1.0,0.006227970123291016
231,2,Rows,Removal,1131,DUPLICATED,1.0,1.0,1.0,1.0,1.0,0.006227970123291016
232,2,Rows,Removal,1137,DUPLICATED,1.0,1.0,1.0,1.0,1.0,0.006227970123291016
233,2,Rows,Removal,1159,DUPLICATED,1.0,1.0,1.0,1.0,1.0,0.006227970123291016
234,2,Rows,Removal,1161,DUPLICATED,1.0,1.0,1.0,1.0,1.0,0.006227970123291016
235,2,Rows,Removal,1163,DUPLICATED,1.0,1.0,1.0,1.0,1.0,0.006227970123291016
236,2,Rows,Removal,1165,DUPLICATED,1.0,1.0,1.0,1.0,1.0,0.006227970123291016
237,2,Rows,Removal,1170,DUPLICATED,1.0,1.0,1.0,1.0,1.0,0.006227970123291016
238,2,Rows,Removal,1175,DUPLICATED,1.0,1.0,1.0,1.0,1.0,0.006227970123291016
239,2,Rows,Removal,1185,DUPLICATED,1.0,1.0,1.0,1.0,1.0,0.006227970123291016
240,2,Rows,Removal,1189,DUPLICATED,1.0,1.0,1.0,1.0,1.0,0.006227970123291016
241,2,Rows,Removal,1190,DUPLICATED,1.0,1.0,1.0,1.0,1.0,0.006227970123291016
242,2,Rows,Removal,1192,DUPLICATED,1.0,1.0,1.0,1.0,1.0,0.006227970123291016
243,2,Rows,Removal,1196,DUPLICATED,1.0,1.0,1.0,1.0,1.0,0.006227970123291016
244,2,Rows,Removal,1200,DUPLICATED,1.0,1.0,1.0,1.0,1.0,0.006227970123291016
245,2,Rows,Removal,1204,DUPLICATED,1.0,1.0,1.0,1.0,1.0,0.006227970123291016
246,2,Rows,Removal,1207,DUPLICATED,1.0,1.0,1.0,1.0,1.0,0.006227970123291016
247,2,Rows,Removal,1221,DUPLICATED,1.0,1.0,1.0,1.0,1.0,0.006227970123291016
248,2,Rows,Removal,1222,DUPLICATED,1.0,1.0,1.0,1.0,1.0,0.006227970123291016
249,2,Rows,Removal,1226,DUPLICATED,1.0,1.0,1.0,1.0,1.0,0.006227970123291016
250,2,Rows,Removal,1228,DUPLICATED,1.0,1.0,1.0,1.0,1.0,0.006227970123291016
251,2,Rows,Removal,1234,DUPLICATED,1.0,1.0,1.0,1.0,1.0,0.006227970123291016
252,2,Rows,Removal,1237,DUPLICATED,1.0,1.0,1.0,1.0,1.0,0.006227970123291016
253,2,Rows,Removal,1247,DUPLICATED,1.0,1.0,1.0,1.0,1.0,0.006227970123291016
254,2,Rows,Removal,1255,DUPLICATED,1.0,1.0,1.0,1.0,1.0,0.006227970123291016
255,2,Rows,Removal,1259,DUPLICATED,1.0,1.0,1.0,1.0,1.0,0.006227970123291016
256,2,Rows,Removal,1260,DUPLICATED,1.0,1.0,1.0,1.0,1.0,0.006227970123291016
257,2,Rows,Removal,1263,DUPLICATED,1.0,1.0,1.0,1.0,1.0,0.006227970123291016
258,2,Rows,Removal,1266,DUPLICATED,1.0,1.0,1.0,1.0,1.0,0.006227970123291016
259,2,Rows,Removal,1268,DUPLICATED,1.0,1.0,1.0,1.0,1.0,0.006227970123291016
260,2,Rows,Removal,1269,DUPLICATED,1.0,1.0,1.0,1.0,1.0,0.006227970123291016
261,2,Rows,Removal,1270,DUPLICATED,1.0,1.0,1.0,1.0,1.0,0.006227970123291016
262,2,Rows,Removal,1273,DUPLICATED,1.0,1.0,1.0,1.0,1.0,0.006227970123291016
263,2,Rows,Removal,1278,DUPLICATED,1.0,1.0,1.0,1.0,1.0,0.006227970123291016
264,2,Rows,Removal,1281,DUPLICATED,1.0,1.0,1.0,1.0,1.0,0.006227970123291016
265,2,Rows,Removal,1286,DUPLICATED,1.0,1.0,1.0,1.0,1.0,0.006227970123291016
266,2,Rows,Removal,1288,DUPLICATED,1.0,1.0,1.0,1.0,1.0,0.006227970123291016
267,2,Rows,Removal,1290,DUPLICATED,1.0,1.0,1.0,1.0,1.0,0.006227970123291016
268,2,Rows,Removal,1293,DUPLICATED,1.0,1.0,1.0,1.0,1.0,0.006227970123291016
269,2,Rows,Removal,1302,DUPLICATED,1.0,1.0,1.0,1.0,1.0,0.006227970123291016
270,2,Rows,Removal,1303,DUPLICATED,1.0,1.0,1.0,1.0,1.0,0.006227970123291016
271,2,Rows,Removal,1310,DUPLICATED,1.0,1.0,1.0,1.0,1.0,0.006227970123291016
272,2,Rows,Removal,1317,DUPLICATED,1.0,1.0,1.0,1.0,1.0,0.006227970123291016
273,2,Rows,Removal,1332,DUPLICATED,1.0,1.0,1.0,1.0,1.0,0.006227970123291016
274,2,Rows,Removal,1333,DUPLICATED,1.0,1.0,1.0,1.0,1.0,0.006227970123291016
275,2,Rows,Removal,1340,DUPLICATED,1.0,1.0,1.0,1.0,1.0,0.006227970123291016
276,2,Rows,Removal,1349,DUPLICATED,1.0,1.0,1.0,1.0,1.0,0.006227970123291016
277,2,Rows,Removal,1356,DUPLICATED,1.0,1.0,1.0,1.0,1.0,0.006227970123291016
278,2,Rows,Removal,1357,DUPLICATED,1.0,1.0,1.0,1.0,1.0,0.006227970123291016
279,2,Rows,Removal,1359,DUPLICATED,1.0,1.0,1.0,1.0,1.0,0.006227970123291016
280,2,Rows,Removal,1360,DUPLICATED,1.0,1.0,1.0,1.0,1.0,0.006227970123291016
281,2,Rows,Removal,1366,DUPLICATED,1.0,1.0,1.0,1.0,1.0,0.006227970123291016
282,2,Rows,Removal,1368,DUPLICATED,1.0,1.0,1.0,1.0,1.0,0.006227970123291016
283,2,Rows,Removal,1377,DUPLICATED,1.0,1.0,1.0,1.0,1.0,0.006227970123291016
284,2,Rows,Removal,1380,DUPLICATED,1.0,1.0,1.0,1.0,1.0,0.006227970123291016
285,2,Rows,Removal,1382,DUPLICATED,1.0,1.0,1.0,1.0,1.0,0.006227970123291016
286,2,Rows,Removal,1383,DUPLICATED,1.0,1.0,1.0,1.0,1.0,0.006227970123291016
287,2,Rows,Removal,1387,DUPLICATED,1.0,1.0,1.0,1.0,1.0,0.006227970123291016
288,2,Rows,Removal,1393,DUPLICATED,1.0,1.0,1.0,1.0,1.0,0.006227970123291016
289,2,Rows,Removal,1394,DUPLICATED,1.0,1.0,1.0,1.0,1.0,0.006227970123291016
290,2,Rows,Removal,1403,DUPLICATED,1.0,1.0,1.0,1.0,1.0,0.006227970123291016
291,2,Rows,Removal,1411,DUPLICATED,1.0,1.0,1.0,1.0,1.0,0.006227970123291016
292,2,Rows,Removal,1413,DUPLICATED,1.0,1.0,1.0,1.0,1.0,0.006227970123291016
293,2,Rows,Removal,1419,DUPLICATED,1.0,1.0,1.0,1.0,1.0,0.006227970123291016
294,2,Rows,Removal,1422,DUPLICATED,1.0,1.0,1.0,1.0,1.0,0.006227970123291016
295,2,Rows,Removal,1427,DUPLICATED,1.0,1.0,1.0,1.0,1.0,0.006227970123291016
296,2,Rows,Removal,1429,DUPLICATED,1.0,1.0,1.0,1.0,1.0,0.006227970123291016
297,2,Rows,Removal,1430,DUPLICATED,1.0,1.0,1.0,1.0,1.0,0.006227970123291016
298,2,Rows,Removal,1455,DUPLICATED,1.0,1.0,1.0,1.0,1.0,0.006227970123291016
299,2,Rows,Removal,1457,DUPLICATED,1.0,1.0,1.0,1.0,1.0,0.006227970123291016
300,2,Rows,Removal,1459,DUPLICATED,1.0,1.0,1.0,1.0,1.0,0.006227970123291016
301,2,Rows,Removal,1462,DUPLICATED,1.0,1.0,1.0,1.0,1.0,0.006227970123291016
302,2,Rows,Removal,1463,DUPLICATED,1.0,1.0,1.0,1.0,1.0,0.006227970123291016
303,2,Rows,Removal,1471,DUPLICATED,1.0,1.0,1.0,1.0,1.0,0.006227970123291016
304,2,Rows,Removal,1476,DUPLICATED,1.0,1.0,1.0,1.0,1.0,0.006227970123291016
305,2,Rows,Removal,1487,DUPLICATED,1.0,1.0,1.0,1.0,1.0,0.006227970123291016
306,2,Rows,Removal,1499,DUPLICATED,1.0,1.0,1.0,1.0,1.0,0.006227970123291016
307,2,Rows,Removal,1503,DUPLICATED,1.0,1.0,1.0,1.0,1.0,0.006227970123291016
308,2,Rows,Removal,1505,DUPLICATED,1.0,1.0,1.0,1.0,1.0,0.006227970123291016
309,2,Rows,Removal,1508,DUPLICATED,1.0,1.0,1.0,1.0,1.0,0.006227970123291016
310,2,Rows,Removal,1510,DUPLICATED,1.0,1.0,1.0,1.0,1.0,0.006227970123291016
311,2,Rows,Removal,1517,DUPLICATED,1.0,1.0,1.0,1.0,1.0,0.006227970123291016
312,2,Rows,Removal,1523,DUPLICATED,1.0,1.0,1.0,1.0,1.0,0.006227970123291016
313,2,Rows,Removal,1525,DUPLICATED,1.0,1.0,1.0,1.0,1.0,0.006227970123291016
314,2,Rows,Removal,1532,DUPLICATED,1.0,1.0,1.0,1.0,1.0,0.006227970123291016
315,2,Rows,Removal,1533,DUPLICATED,1.0,1.0,1.0,1.0,1.0,0.006227970123291016
316,2,Rows,Removal,1546,DUPLICATED,1.0,1.0,1.0,1.0,1.0,0.006227970123291016
317,2,Rows,Removal,1552,DUPLICATED,1.0,1.0,1.0,1.0,1.0,0.006227970123291016
318,2,Rows,Removal,1565,DUPLICATED,1.0,1.0,1.0,1.0,1.0,0.006227970123291016
319,2,Rows,Removal,1569,DUPLICATED,1.0,1.0,1.0,1.0,1.0,0.006227970123291016
320,2,Rows,Removal,1578,DUPLICATED,1.0,1.0,1.0,1.0,1.0,0.006227970123291016
321,2,Rows,Removal,1583,DUPLICATED,1.0,1.0,1.0,1.0,1.0,0.006227970123291016
322,2,Rows,Removal,1584,DUPLICATED,1.0,1.0,1.0,1.0,1.0,0.006227970123291016
323,2,Rows,Removal,1590,DUPLICATED,1.0,1.0,1.0,1.0,1.0,0.006227970123291016
324,2,Rows,Removal,1591,DUPLICATED,1.0,1.0,1.0,1.0,1.0,0.006227970123291016
325,2,Rows,Removal,1593,DUPLICATED,1.0,1.0,1.0,1.0,1.0,0.006227970123291016
326,2,Rows,Removal,1594,DUPLICATED,1.0,1.0,1.0,1.0,1.0,0.006227970123291016
327,2,Rows,Removal,1600,DUPLICATED,1.0,1.0,1.0,1.0,1.0,0.006227970123291016
328,2,Rows,Removal,1602,DUPLICATED,1.0,1.0,1.0,1.0,1.0,0.006227970123291016
329,2,Rows,Removal,1606,DUPLICATED,1.0,1.0,1.0,1.0,1.0,0.006227970123291016
330,2,Rows,Removal,1607,DUPLICATED,1.0,1.0,1.0,1.0,1.0,0.006227970123291016
331,2,Rows,Removal,1609,DUPLICATED,1.0,1.0,1.0,1.0,1.0,0.006227970123291016
332,2,Rows,Removal,1611,DUPLICATED,1.0,1.0,1.0,1.0,1.0,0.006227970123291016
333,2,Rows,Removal,1620,DUPLICATED,1.0,1.0,1.0,1.0,1.0,0.006227970123291016
334,2,Rows,Removal,1621,DUPLICATED,1.0,1.0,1.0,1.0,1.0,0.006227970123291016
335,2,Rows,Removal,1623,DUPLICATED,1.0,1.0,1.0,1.0,1.0,0.006227970123291016
336,2,Rows,Removal,1624,DUPLICATED,1.0,1.0,1.0,1.0,1.0,0.006227970123291016
337,2,Rows,Removal,1628,DUPLICATED,1.0,1.0,1.0,1.0,1.0,0.006227970123291016
338,2,Rows,Removal,1651,DUPLICATED,1.0,1.0,1.0,1.0,1.0,0.006227970123291016
339,2,Rows,Removal,1653,DUPLICATED,1.0,1.0,1.0,1.0,1.0,0.006227970123291016
340,2,Rows,Removal,1656,DUPLICATED,1.0,1.0,1.0,1.0,1.0,0.006227970123291016
341,2,Rows,Removal,1662,DUPLICATED,1.0,1.0,1.0,1.0,1.0,0.006227970123291016
342,2,Rows,Removal,1666,DUPLICATED,1.0,1.0,1.0,1.0,1.0,0.006227970123291016
343,2,Rows,Removal,1670,DUPLICATED,1.0,1.0,1.0,1.0,1.0,0.006227970123291016
344,2,Rows,Removal,1672,DUPLICATED,1.0,1.0,1.0,1.0,1.0,0.006227970123291016
345,2,Rows,Removal,1677,DUPLICATED,1.0,1.0,1.0,1.0,1.0,0.006227970123291016
346,2,Rows,Removal,1710,DUPLICATED,1.0,1.0,1.0,1.0,1.0,0.006227970123291016
347,2,Rows,Removal,1711,DUPLICATED,1.0,1.0,1.0,1.0,1.0,0.006227970123291016
348,2,Rows,Removal,1719,DUPLICATED,1.0,1.0,1.0,1.0,1.0,0.006227970123291016
349,2,Rows,Removal,1723,DUPLICATED,1.0,1.0,1.0,1.0,1.0,0.006227970123291016
350,2,Rows,Removal,1724,DUPLICATED,1.0,1.0,1.0,1.0,1.0,0.006227970123291016
351,2,Rows,Removal,1731,DUPLICATED,1.0,1.0,1.0,1.0,1.0,0.006227970123291016
352,2,Rows,Removal,1732,DUPLICATED,1.0,1.0,1.0,1.0,1.0,0.006227970123291016
353,2,Rows,Removal,1743,DUPLICATED,1.0,1.0,1.0,1.0,1.0,0.006227970123291016
354,2,Rows,Removal,1745,DUPLICATED,1.0,1.0,1.0,1.0,1.0,0.006227970123291016
355,2,Rows,Removal,1746,DUPLICATED,1.0,1.0,1.0,1.0,1.0,0.006227970123291016
356,2,Rows,Removal,1749,DUPLICATED,1.0,1.0,1.0,1.0,1.0,0.006227970123291016
357,2,Rows,Removal,1760,DUPLICATED,1.0,1.0,1.0,1.0,1.0,0.006227970123291016
358,2,Rows,Removal,1765,DUPLICATED,1.0,1.0,1.0,1.0,1.0,0.006227970123291016
359,2,Rows,Removal,1769,DUPLICATED,1.0,1.0,1.0,1.0,1.0,0.006227970123291016
360,2,Rows,Removal,1772,DUPLICATED,1.0,1.0,1.0,1.0,1.0,0.006227970123291016
361,2,Rows,Removal,1774,DUPLICATED,1.0,1.0,1.0,1.0,1.0,0.006227970123291016
362,2,Rows,Removal,1776,DUPLICATED,1.0,1.0,1.0,1.0,1.0,0.006227970123291016
363,2,Rows,Removal,1786,DUPLICATED,1.0,1.0,1.0,1.0,1.0,0.006227970123291016
364,2,Rows,Removal,1789,DUPLICATED,1.0,1.0,1.0,1.0,1.0,0.006227970123291016
365,2,Rows,Removal,1809,DUPLICATED,1.0,1.0,1.0,1.0,1.0,0.006227970123291016
366,2,Rows,Removal,1811,DUPLICATED,1.0,1.0,1.0,1.0,1.0,0.006227970123291016
367,2,Rows,Removal,1814,DUPLICATED,1.0,1.0,1.0,1.0,1.0,0.006227970123291016
368,2,Rows,Removal,1818,DUPLICATED,1.0,1.0,1.0,1.0,1.0,0.006227970123291016
369,2,Rows,Removal,1822,DUPLICATED,1.0,1.0,1.0,1.0,1.0,0.006227970123291016
370,2,Rows,Removal,1826,DUPLICATED,1.0,1.0,1.0,1.0,1.0,0.006227970123291016
371,2,Rows,Removal,1829,DUPLICATED,1.0,1.0,1.0,1.0,1.0,0.006227970123291016
372,2,Rows,Removal,1830,DUPLICATED,1.0,1.0,1.0,1.0,1.0,0.006227970123291016
373,2,Rows,Removal,1834,DUPLICATED,1.0,1.0,1.0,1.0,1.0,0.006227970123291016
374,2,Rows,Removal,1840,DUPLICATED,1.0,1.0,1.0,1.0,1.0,0.006227970123291016
375,2,Rows,Removal,1844,DUPLICATED,1.0,1.0,1.0,1.0,1.0,0.006227970123291016
376,2,Rows,Removal,1849,DUPLICATED,1.0,1.0,1.0,1.0,1.0,0.006227970123291016
377,2,Rows,Removal,1850,DUPLICATED,1.0,1.0,1.0,1.0,1.0,0.006227970123291016
378,2,Rows,Removal,1851,DUPLICATED,1.0,1.0,1.0,1.0,1.0,0.006227970123291016
379,2,Rows,Removal,1860,DUPLICATED,1.0,1.0,1.0,1.0,1.0,0.006227970123291016
380,2,Rows,Removal,1861,DUPLICATED,1.0,1.0,1.0,1.0,1.0,0.006227970123291016
381,2,Rows,Removal,1862,DUPLICATED,1.0,1.0,1.0,1.0,1.0,0.006227970123291016
382,2,Rows,Removal,1865,DUPLICATED,1.0,1.0,1.0,1.0,1.0,0.006227970123291016
383,2,Rows,Removal,1867,DUPLICATED,1.0,1.0,1.0,1.0,1.0,0.006227970123291016
384,2,Rows,Removal,1868,DUPLICATED,1.0,1.0,1.0,1.0,1.0,0.006227970123291016
385,2,Rows,Removal,1871,DUPLICATED,1.0,1.0,1.0,1.0,1.0,0.006227970123291016
386,2,Rows,Removal,1874,DUPLICATED,1.0,1.0,1.0,1.0,1.0,0.006227970123291016
387,2,Rows,Removal,1875,DUPLICATED,1.0,1.0,1.0,1.0,1.0,0.006227970123291016
388,2,Rows,Removal,1883,DUPLICATED,1.0,1.0,1.0,1.0,1.0,0.006227970123291016
389,2,Rows,Removal,1888,DUPLICATED,1.0,1.0,1.0,1.0,1.0,0.006227970123291016
390,2,Rows,Removal,1891,DUPLICATED,1.0,1.0,1.0,1.0,1.0,0.006227970123291016
391,2,Rows,Removal,1913,DUPLICATED,1.0,1.0,1.0,1.0,1.0,0.006227970123291016
392,2,Rows,Removal,1918,DUPLICATED,1.0,1.0,1.0,1.0,1.0,0.006227970123291016
393,2,Rows,Removal,1932,DUPLICATED,1.0,1.0,1.0,1.0,1.0,0.006227970123291016
394,2,Rows,Removal,1934,DUPLICATED,1.0,1.0,1.0,1.0,1.0,0.006227970123291016
395,2,Rows,Removal,1940,DUPLICATED,1.0,1.0,1.0,1.0,1.0,0.006227970123291016
396,2,Rows,Removal,1947,DUPLICATED,1.0,1.0,1.0,1.0,1.0,0.006227970123291016
397,2,Rows,Removal,1953,DUPLICATED,1.0,1.0,1.0,1.0,1.0,0.006227970123291016
398,2,Rows,Removal,1958,DUPLICATED,1.0,1.0,1.0,1.0,1.0,0.006227970123291016
0,2,Rows,Addition,0,BOOTSTRAPPED,1.0,1.0,1,1,1,0.003493070602416992
0,2,Rows,Addition,2,BOOTSTRAPPED,1.0,1.0,1,1,1,0.0032532215118408203
0,2,Rows,Addition,20,BOOTSTRAPPED,1.0,1.0,1,1,1,0.0031800270080566406
0,2,Rows,Addition,21,BOOTSTRAPPED,1.0,1.0,1,1,1,0.0032291412353515625
0,2,Rows,Addition,24,BOOTSTRAPPED,1.0,1.0,1,1,1,0.003329038619995117
0,2,Rows,Addition,26,BOOTSTRAPPED,1.0,1.0,1,1,1,0.0033919811248779297
0,2,Rows,Addition,30,BOOTSTRAPPED,1.0,1.0,1,1,1,0.003123044967651367
0,2,Rows,Addition,37,BOOTSTRAPPED,1.0,1.0,1,1,1,0.003238201141357422
0,2,Rows,Addition,39,BOOTSTRAPPED,1.0,1.0,1,1,1,0.0031991004943847656
0,2,Rows,Addition,42,BOOTSTRAPPED,1.0,1.0,1,1,1,0.0032341480255126953
0,2,Rows,Addition,61,BOOTSTRAPPED,1.0,1.0,1,1,1,0.0031671524047851562
0,2,Rows,Addition,65,BOOTSTRAPPED,1.0,1.0,1,1,1,0.003161191940307617
0,2,Rows,Addition,71,BOOTSTRAPPED,1.0,1.0,1,1,1,0.0032188892364501953
0,2,Rows,Addition,73,BOOTSTRAPPED,1.0,1.0,1,1,1,0.003180980682373047
0,2,Rows,Addition,86,BOOTSTRAPPED,1.0,1.0,1,1,1,0.003264904022216797
0,2,Rows,Addition,89,BOOTSTRAPPED,1.0,1.0,1,1,1,0.0030028820037841797
0,2,Rows,Addition,91,BOOTSTRAPPED,1.0,1.0,1,1,1,0.003061056137084961
0,2,Rows,Addition,93,BOOTSTRAPPED,1.0,1.0,1,1,1,0.003168821334838867
0,2,Rows,Addition,97,BOOTSTRAPPED,1.0,1.0,1,1,1,0.00323486328125
0,2,Rows,Addition,105,BOOTSTRAPPED,1.0,1.0,1,1,1,0.003123044967651367
0,2,Rows,Addition,114,BOOTSTRAPPED,1.0,1.0,1,1,1,0.0031909942626953125
0,2,Rows,Addition,118,BOOTSTRAPPED,1.0,1.0,1,1,1,0.0031728744506835938
0,2,Rows,Addition,121,BOOTSTRAPPED,1.0,1.0,1,1,1,0.003186941146850586
0,2,Rows,Addition,122,BOOTSTRAPPED,1.0,1.0,1,1,1,0.003081083297729492
0,2,Rows,Addition,127,BOOTSTRAPPED,1.0,1.0,1,1,1,0.003058910369873047
0,2,Rows,Addition,128,BOOTSTRAPPED,1.0,1.0,1,1,1,0.0031621456146240234
0,2,Rows,Addition,130,BOOTSTRAPPED,1.0,1.0,1,1,1,0.0031418800354003906
0,2,Rows,Addition,131,BOOTSTRAPPED,1.0,1.0,1,1,1,0.0032041072845458984
0,2,Rows,Addition,143,BOOTSTRAPPED,1.0,1.0,1,1,1,0.003187894821166992
0,2,Rows,Addition,154,BOOTSTRAPPED,1.0,1.0,1,1,1,0.0031709671020507812
0,2,Rows,Addition,157,BOOTSTRAPPED,1.0,1.0,1,1,1,0.0031931400299072266
0,2,Rows,Addition,163,BOOTSTRAPPED,1.0,1.0,1,1,1,0.0031697750091552734
0,2,Rows,Addition,168,BOOTSTRAPPED,1.0,1.0,1,1,1,0.0031900405883789062
0,2,Rows,Addition,171,BOOTSTRAPPED,1.0,1.0,1,1,1,0.0030930042266845703
0,2,Rows,Addition,184,BOOTSTRAPPED,1.0,1.0,1,1,1,0.003140687942504883
0,2,Rows,Addition,190,BOOTSTRAPPED,1.0,1.0,1,1,1,0.003159046173095703
0,2,Rows,Addition,191,BOOTSTRAPPED,1.0,1.0,1,1,1,0.003225088119506836
0,2,Rows,Addition,193,BOOTSTRAPPED,1.0,1.0,1,1,1,0.003131866455078125
0,2,Rows,Addition,201,BOOTSTRAPPED,1.0,1.0,1,1,1,0.0031769275665283203
0,2,Rows,Addition,207,BOOTSTRAPPED,1.0,1.0,1,1,1,0.0032129287719726562
0,2,Rows,Addition,211,BOOTSTRAPPED,1.0,1.0,1,1,1,0.0032248497009277344
0,2,Rows,Addition,214,BOOTSTRAPPED,1.0,1.0,1,1,1,0.0030829906463623047
0,2,Rows,Addition,217,BOOTSTRAPPED,1.0,1.0,1,1,1,0.0031082630157470703
0,2,Rows,Addition,234,BOOTSTRAPPED,1.0,1.0,1,1,1,0.003172159194946289
0,2,Rows,Addition,249,BOOTSTRAPPED,1.0,1.0,1,1,1,0.003165006637573242
0,2,Rows,Addition,250,BOOTSTRAPPED,1.0,1.0,1,1,1,0.0031430721282958984
0,2,Rows,Addition,256,BOOTSTRAPPED,1.0,1.0,1,1,1,0.0031850337982177734
0,2,Rows,Addition,257,BOOTSTRAPPED,1.0,1.0,1,1,1,0.0031228065490722656
0,2,Rows,Addition,265,BOOTSTRAPPED,1.0,1.0,1,1,1,0.003160238265991211
0,2,Rows,Addition,266,BOOTSTRAPPED,1.0,1.0,1,1,1,0.0031969547271728516
0,2,Rows,Addition,267,BOOTSTRAPPED,1.0,1.0,1,1,1,0.0032548904418945312
0,2,Rows,Addition,287,BOOTSTRAPPED,1.0,1.0,1,1,1,0.003177165985107422
0,2,Rows,Addition,288,BOOTSTRAPPED,1.0,1.0,1,1,1,0.0032269954681396484
0,2,Rows,Addition,294,BOOTSTRAPPED,1.0,1.0,1,1,1,0.003194093704223633
0,2,Rows,Addition,295,BOOTSTRAPPED,1.0,1.0,1,1,1,0.0033249855041503906
0,2,Rows,Addition,302,BOOTSTRAPPED,1.0,1.0,1,1,1,0.0030388832092285156
0,2,Rows,Addition,310,BOOTSTRAPPED,1.0,1.0,1,1,1,0.0031478404998779297
0,2,Rows,Addition,311,BOOTSTRAPPED,1.0,1.0,1,1,1,0.0031549930572509766
0,2,Rows,Addition,315,BOOTSTRAPPED,1.0,1.0,1,1,1,0.003162860870361328
0,2,Rows,Addition,316,BOOTSTRAPPED,1.0,1.0,1,1,1,0.003219127655029297
0,2,Rows,Addition,320,BOOTSTRAPPED,1.0,1.0,1,1,1,0.003075122833251953
0,2,Rows,Addition,321,BOOTSTRAPPED,1.0,1.0,1,1,1,0.0031359195709228516
0,2,Rows,Addition,322,BOOTSTRAPPED,1.0,1.0,1,1,1,0.0031511783599853516
0,2,Rows,Addition,324,BOOTSTRAPPED,1.0,1.0,1,1,1,0.0031549930572509766
0,2,Rows,Addition,337,BOOTSTRAPPED,1.0,1.0,1,1,1,0.003592967987060547
0,2,Rows,Addition,338,BOOTSTRAPPED,1.0,1.0,1,1,1,0.00310516357421875
0,2,Rows,Addition,339,BOOTSTRAPPED,1.0,1.0,1,1,1,0.003319978713989258
0,2,Rows,Addition,343,BOOTSTRAPPED,1.0,1.0,1,1,1,0.0034339427947998047
0,2,Rows,Addition,346,BOOTSTRAPPED,1.0,1.0,1,1,1,0.003201007843017578
0,2,Rows,Addition,348,BOOTSTRAPPED,1.0,1.0,1,1,1,0.003198862075805664
0,2,Rows,Addition,351,BOOTSTRAPPED,1.0,1.0,1,1,1,0.0033707618713378906
0,2,Rows,Addition,356,BOOTSTRAPPED,1.0,1.0,1,1,1,0.0031359195709228516
0,2,Rows,Addition,358,BOOTSTRAPPED,1.0,1.0,1,1,1,0.0030460357666015625
0,2,Rows,Addition,360,BOOTSTRAPPED,1.0,1.0,1,1,1,0.003134012222290039
0,2,Rows,Addition,370,BOOTSTRAPPED,1.0,1.0,1,1,1,0.0031409263610839844
0,2,Rows,Addition,374,BOOTSTRAPPED,1.0,1.0,1,1,1,0.003362894058227539
0,2,Rows,Addition,377,BOOTSTRAPPED,1.0,1.0,1,1,1,0.003194093704223633
0,2,Rows,Addition,378,BOOTSTRAPPED,1.0,1.0,1,1,1,0.003226041793823242
0,2,Rows,Addition,387,BOOTSTRAPPED,1.0,1.0,1,1,1,0.0032639503479003906
0,2,Rows,Addition,389,BOOTSTRAPPED,1.0,1.0,1,1,1,0.003214120864868164
0,2,Rows,Addition,392,BOOTSTRAPPED,1.0,1.0,1,1,1,0.0031898021697998047
0,2,Rows,Addition,393,BOOTSTRAPPED,1.0,1.0,1,1,1,0.0034830570220947266
0,2,Rows,Addition,397,BOOTSTRAPPED,1.0,1.0,1,1,1,0.0032241344451904297
0,2,Rows,Addition,405,BOOTSTRAPPED,1.0,1.0,1,1,1,0.0033888816833496094
0,2,Rows,Addition,406,BOOTSTRAPPED,1.0,1.0,1,1,1,0.0031890869140625
0,2,Rows,Addition,411,BOOTSTRAPPED,1.0,1.0,1,1,1,0.003330707550048828
0,2,Rows,Addition,414,BOOTSTRAPPED,1.0,1.0,1,1,1,0.0033159255981445312
0,2,Rows,Addition,417,BOOTSTRAPPED,1.0,1.0,1,1,1,0.0031898021697998047
0,2,Rows,Addition,432,BOOTSTRAPPED,1.0,1.0,1,1,1,0.003165006637573242
0,2,Rows,Addition,435,BOOTSTRAPPED,1.0,1.0,1,1,1,0.0033240318298339844
0,2,Rows,Addition,438,BOOTSTRAPPED,1.0,1.0,1,1,1,0.003117799758911133
0,2,Rows,Addition,439,BOOTSTRAPPED,1.0,1.0,1,1,1,0.00321197509765625
0,2,Rows,Addition,442,BOOTSTRAPPED,1.0,1.0,1,1,1,0.003259897232055664
0,2,Rows,Addition,444,BOOTSTRAPPED,1.0,1.0,1,1,1,0.00323486328125
0,2,Rows,Addition,445,BOOTSTRAPPED,1.0,1.0,1,1,1,0.0032188892364501953
0,2,Rows,Addition,451,BOOTSTRAPPED,1.0,1.0,1,1,1,0.0031218528747558594
0,2,Rows,Addition,458,BOOTSTRAPPED,1.0,1.0,1,1,1,0.003135204315185547
0,2,Rows,Addition,461,BOOTSTRAPPED,1.0,1.0,1,1,1,0.0031080245971679688
0,2,Rows,Addition,467,BOOTSTRAPPED,1.0,1.0,1,1,1,0.0032448768615722656
0,2,Rows,Addition,468,BOOTSTRAPPED,1.0,1.0,1,1,1,0.003081083297729492
0,2,Rows,Addition,476,BOOTSTRAPPED,1.0,1.0,1,1,1,0.003183126449584961
0,2,Rows,Addition,486,BOOTSTRAPPED,1.0,1.0,1,1,1,0.003209829330444336
0,2,Rows,Addition,493,BOOTSTRAPPED,1.0,1.0,1,1,1,0.003191232681274414
0,2,Rows,Addition,494,BOOTSTRAPPED,1.0,1.0,1,1,1,0.0030670166015625
0,2,Rows,Addition,498,BOOTSTRAPPED,1.0,1.0,1,1,1,0.003117084503173828
0,2,Rows,Addition,501,BOOTSTRAPPED,1.0,1.0,1,1,1,0.0031900405883789062
0,2,Rows,Addition,502,BOOTSTRAPPED,1.0,1.0,1,1,1,0.0032548904418945312
0,2,Rows,Addition,503,BOOTSTRAPPED,1.0,1.0,1,1,1,0.0032377243041992188
0,2,Rows,Addition,511,BOOTSTRAPPED,1.0,1.0,1,1,1,0.003180980682373047
0,2,Rows,Addition,559,BOOTSTRAPPED,1.0,1.0,1,1,1,0.0031909942626953125
0,2,Rows,Addition,562,BOOTSTRAPPED,1.0,1.0,1,1,1,0.003217935562133789
0,2,Rows,Addition,564,BOOTSTRAPPED,1.0,1.0,1,1,1,0.0031900405883789062
0,2,Rows,Addition,583,BOOTSTRAPPED,1.0,1.0,1,1,1,0.0030422210693359375
0,2,Rows,Addition,591,BOOTSTRAPPED,1.0,1.0,1,1,1,0.0033369064331054688
0,2,Rows,Addition,597,BOOTSTRAPPED,1.0,1.0,1,1,1,0.0032622814178466797
0,2,Rows,Addition,598,BOOTSTRAPPED,1.0,1.0,1,1,1,0.0032498836517333984
0,2,Rows,Addition,601,BOOTSTRAPPED,1.0,1.0,1,1,1,0.0032567977905273438
0,2,Rows,Addition,606,BOOTSTRAPPED,1.0,1.0,1,1,1,0.003046274185180664
0,2,Rows,Addition,607,BOOTSTRAPPED,1.0,1.0,1,1,1,0.00308990478515625
0,2,Rows,Addition,608,BOOTSTRAPPED,1.0,1.0,1,1,1,0.003031015396118164
0,2,Rows,Addition,609,BOOTSTRAPPED,1.0,1.0,1,1,1,0.0030517578125
0,2,Rows,Addition,618,BOOTSTRAPPED,1.0,1.0,1,1,1,0.003156900405883789
0,2,Rows,Addition,619,BOOTSTRAPPED,1.0,1.0,1,1,1,0.003107786178588867
0,2,Rows,Addition,620,BOOTSTRAPPED,1.0,1.0,1,1,1,0.0031900405883789062
0,2,Rows,Addition,629,BOOTSTRAPPED,1.0,1.0,1,1,1,0.0031969547271728516
0,2,Rows,Addition,632,BOOTSTRAPPED,1.0,1.0,1,1,1,0.0032501220703125
0,2,Rows,Addition,634,BOOTSTRAPPED,1.0,1.0,1,1,1,0.0030069351196289062
0,2,Rows,Addition,643,BOOTSTRAPPED,1.0,1.0,1,1,1,0.0034461021423339844
0,2,Rows,Addition,651,BOOTSTRAPPED,1.0,1.0,1,1,1,0.003017902374267578
0,2,Rows,Addition,653,BOOTSTRAPPED,1.0,1.0,1,1,1,0.0030908584594726562
0,2,Rows,Addition,655,BOOTSTRAPPED,1.0,1.0,1,1,1,0.0032358169555664062
0,2,Rows,Addition,658,BOOTSTRAPPED,1.0,1.0,1,1,1,0.003175020217895508
0,2,Rows,Addition,664,BOOTSTRAPPED,1.0,1.0,1,1,1,0.0032057762145996094
0,2,Rows,Addition,672,BOOTSTRAPPED,1.0,1.0,1,1,1,0.003125905990600586
0,2,Rows,Addition,674,BOOTSTRAPPED,1.0,1.0,1,1,1,0.003278970718383789
0,2,Rows,Addition,691,BOOTSTRAPPED,1.0,1.0,1,1,1,0.0030601024627685547
0,2,Rows,Addition,692,BOOTSTRAPPED,1.0,1.0,1,1,1,0.003072023391723633
0,2,Rows,Addition,698,BOOTSTRAPPED,1.0,1.0,1,1,1,0.003154277801513672
0,2,Rows,Addition,700,BOOTSTRAPPED,1.0,1.0,1,1,1,0.0032100677490234375
0,2,Rows,Addition,702,BOOTSTRAPPED,1.0,1.0,1,1,1,0.003020048141479492
0,2,Rows,Addition,703,BOOTSTRAPPED,1.0,1.0,1,1,1,0.00308990478515625
0,2,Rows,Addition,715,BOOTSTRAPPED,1.0,1.0,1,1,1,0.003156900405883789
0,2,Rows,Addition,717,BOOTSTRAPPED,1.0,1.0,1,1,1,0.0032248497009277344
0,2,Rows,Addition,724,BOOTSTRAPPED,1.0,1.0,1,1,1,0.003158092498779297
0,2,Rows,Addition,725,BOOTSTRAPPED,1.0,1.0,1,1,1,0.0030112266540527344
0,2,Rows,Addition,732,BOOTSTRAPPED,1.0,1.0,1,1,1,0.0033190250396728516
0,2,Rows,Addition,736,BOOTSTRAPPED,1.0,1.0,1,1,1,0.0031728744506835938
0,2,Rows,Addition,738,BOOTSTRAPPED,1.0,1.0,1,1,1,0.0032029151916503906
0,2,Rows,Addition,741,BOOTSTRAPPED,1.0,1.0,1,1,1,0.0031960010528564453
0,2,Rows,Addition,751,BOOTSTRAPPED,1.0,1.0,1,1,1,0.003326892852783203
0,2,Rows,Addition,756,BOOTSTRAPPED,1.0,1.0,1,1,1,0.0032618045806884766
0,2,Rows,Addition,757,BOOTSTRAPPED,1.0,1.0,1,1,1,0.0032110214233398438
0,2,Rows,Addition,760,BOOTSTRAPPED,1.0,1.0,1,1,1,0.0033020973205566406
0,2,Rows,Addition,769,BOOTSTRAPPED,1.0,1.0,1,1,1,0.0031669139862060547
0,2,Rows,Addition,778,BOOTSTRAPPED,1.0,1.0,1,1,1,0.0031790733337402344
0,2,Rows,Addition,790,BOOTSTRAPPED,1.0,1.0,1,1,1,0.0033180713653564453
0,2,Rows,Addition,794,BOOTSTRAPPED,1.0,1.0,1,1,1,0.0034689903259277344
0,2,Rows,Addition,795,BOOTSTRAPPED,1.0,1.0,1,1,1,0.003874063491821289
0,2,Rows,Addition,798,BOOTSTRAPPED,1.0,1.0,1,1,1,0.0037000179290771484
0,2,Rows,Addition,799,BOOTSTRAPPED,1.0,1.0,1,1,1,0.003087282180786133
0,2,Rows,Addition,800,BOOTSTRAPPED,1.0,1.0,1,1,1,0.0033121109008789062
0,2,Rows,Addition,801,BOOTSTRAPPED,1.0,1.0,1,1,1,0.0030579566955566406
0,2,Rows,Addition,804,BOOTSTRAPPED,1.0,1.0,1,1,1,0.0031011104583740234
0,2,Rows,Addition,805,BOOTSTRAPPED,1.0,1.0,1,1,1,0.003345966339111328
0,2,Rows,Addition,809,BOOTSTRAPPED,1.0,1.0,1,1,1,0.0032100677490234375
0,2,Rows,Addition,811,BOOTSTRAPPED,1.0,1.0,1,1,1,0.0032548904418945312
0,2,Rows,Addition,813,BOOTSTRAPPED,1.0,1.0,1,1,1,0.003262042999267578
0,2,Rows,Addition,814,BOOTSTRAPPED,1.0,1.0,1,1,1,0.00323486328125
0,2,Rows,Addition,822,BOOTSTRAPPED,1.0,1.0,1,1,1,0.0031540393829345703
0,2,Rows,Addition,824,BOOTSTRAPPED,1.0,1.0,1,1,1,0.003126859664916992
0,2,Rows,Addition,835,BOOTSTRAPPED,1.0,1.0,1,1,1,0.0030012130737304688
0,2,Rows,Addition,844,BOOTSTRAPPED,1.0,1.0,1,1,1,0.0030698776245117188
0,2,Rows,Addition,857,BOOTSTRAPPED,1.0,1.0,1,1,1,0.003368854522705078
0,2,Rows,Addition,862,BOOTSTRAPPED,1.0,1.0,1,1,1,0.0032770633697509766
0,2,Rows,Addition,873,BOOTSTRAPPED,1.0,1.0,1,1,1,0.0031058788299560547
0,2,Rows,Addition,885,BOOTSTRAPPED,1.0,1.0,1,1,1,0.003134012222290039
0,2,Rows,Addition,892,BOOTSTRAPPED,1.0,1.0,1,1,1,0.003171205520629883
0,2,Rows,Addition,902,BOOTSTRAPPED,1.0,1.0,1,1,1,0.003236055374145508
0,2,Rows,Addition,916,BOOTSTRAPPED,1.0,1.0,1,1,1,0.0037240982055664062
0,2,Rows,Addition,918,BOOTSTRAPPED,1.0,1.0,1,1,1,0.0031778812408447266
0,2,Rows,Addition,920,BOOTSTRAPPED,1.0,1.0,1,1,1,0.0031747817993164062
0,2,Rows,Addition,925,BOOTSTRAPPED,1.0,1.0,1,1,1,0.003242015838623047
0,2,Rows,Addition,927,BOOTSTRAPPED,1.0,1.0,1,1,1,0.0032501220703125
0,2,Rows,Addition,937,BOOTSTRAPPED,1.0,1.0,1,1,1,0.003117084503173828
0,2,Rows,Addition,939,BOOTSTRAPPED,1.0,1.0,1,1,1,0.003143787384033203
0,2,Rows,Addition,940,BOOTSTRAPPED,1.0,1.0,1,1,1,0.0031239986419677734
0,2,Rows,Addition,942,BOOTSTRAPPED,1.0,1.0,1,1,1,0.003173828125
0,2,Rows,Addition,943,BOOTSTRAPPED,1.0,1.0,1,1,1,0.003097057342529297
0,2,Rows,Addition,950,BOOTSTRAPPED,1.0,1.0,1,1,1,0.0030508041381835938
0,2,Rows,Addition,953,BOOTSTRAPPED,1.0,1.0,1,1,1,0.0031280517578125
0,2,Rows,Addition,955,BOOTSTRAPPED,1.0,1.0,1,1,1,0.003131866455078125
0,2,Rows,Addition,957,BOOTSTRAPPED,1.0,1.0,1,1,1,0.0032138824462890625
0,2,Rows,Addition,960,BOOTSTRAPPED,1.0,1.0,1,1,1,0.0031359195709228516
0,2,Rows,Addition,961,BOOTSTRAPPED,1.0,1.0,1,1,1,0.003140687942504883
0,2,Rows,Addition,975,BOOTSTRAPPED,1.0,1.0,1,1,1,0.003185272216796875
0,2,Rows,Addition,991,BOOTSTRAPPED,1.0,1.0,1,1,1,0.0032258033752441406
0,2,Rows,Addition,992,BOOTSTRAPPED,1.0,1.0,1,1,1,0.0032439231872558594
0,2,Rows,Addition,999,BOOTSTRAPPED,1.0,1.0,1,1,1,0.0032842159271240234
0,2,Rows,Addition,1016,BOOTSTRAPPED,1.0,1.0,1,1,1,0.003213167190551758
0,2,Rows,Addition,1027,BOOTSTRAPPED,1.0,1.0,1,1,1,0.003203868865966797
0,2,Rows,Addition,1030,BOOTSTRAPPED,1.0,1.0,1,1,1,0.003192901611328125
0,2,Rows,Addition,1035,BOOTSTRAPPED,1.0,1.0,1,1,1,0.003050088882446289
0,2,Rows,Addition,1036,BOOTSTRAPPED,1.0,1.0,1,1,1,0.003217935562133789
0,2,Rows,Addition,1037,BOOTSTRAPPED,1.0,1.0,1,1,1,0.0031468868255615234
0,2,Rows,Addition,1041,BOOTSTRAPPED,1.0,1.0,1,1,1,0.0031571388244628906
0,2,Rows,Addition,1046,BOOTSTRAPPED,1.0,1.0,1,1,1,0.0030858516693115234
0,2,Rows,Addition,1049,BOOTSTRAPPED,1.0,1.0,1,1,1,0.0031430721282958984
0,2,Rows,Addition,1053,BOOTSTRAPPED,1.0,1.0,1,1,1,0.0031991004943847656
0,2,Rows,Addition,1058,BOOTSTRAPPED,1.0,1.0,1,1,1,0.0032160282135009766
0,2,Rows,Addition,1061,BOOTSTRAPPED,1.0,1.0,1,1,1,0.003253936767578125
0,2,Rows,Addition,1069,BOOTSTRAPPED,1.0,1.0,1,1,1,0.003204822540283203
0,2,Rows,Addition,1071,BOOTSTRAPPED,1.0,1.0,1,1,1,0.0032100677490234375
0,2,Rows,Addition,1074,BOOTSTRAPPED,1.0,1.0,1,1,1,0.0031800270080566406
0,2,Rows,Addition,1075,BOOTSTRAPPED,1.0,1.0,1,1,1,0.0032570362091064453
0,2,Rows,Addition,1076,BOOTSTRAPPED,1.0,1.0,1,1,1,0.003023862838745117
0,2,Rows,Addition,1077,BOOTSTRAPPED,1.0,1.0,1,1,1,0.00311279296875
0,2,Rows,Addition,1078,BOOTSTRAPPED,1.0,1.0,1,1,1,0.0031647682189941406
0,2,Rows,Addition,1079,BOOTSTRAPPED,1.0,1.0,1,1,1,0.0031709671020507812
0,2,Rows,Addition,1083,BOOTSTRAPPED,1.0,1.0,1,1,1,0.003126859664916992
0,2,Rows,Addition,1088,BOOTSTRAPPED,1.0,1.0,1,1,1,0.003015756607055664
0,2,Rows,Addition,1092,BOOTSTRAPPED,1.0,1.0,1,1,1,0.003186941146850586
0,2,Rows,Addition,1112,BOOTSTRAPPED,1.0,1.0,1,1,1,0.0031309127807617188
0,2,Rows,Addition,1125,BOOTSTRAPPED,1.0,1.0,1,1,1,0.0030999183654785156
0,2,Rows,Addition,1131,BOOTSTRAPPED,1.0,1.0,1,1,1,0.0031638145446777344
0,2,Rows,Addition,1134,BOOTSTRAPPED,1.0,1.0,1,1,1,0.003133058547973633
0,2,Rows,Addition,1146,BOOTSTRAPPED,1.0,1.0,1,1,1,0.0032007694244384766
0,2,Rows,Addition,1150,BOOTSTRAPPED,1.0,1.0,1,1,1,0.003167867660522461
0,2,Rows,Addition,1156,BOOTSTRAPPED,1.0,1.0,1,1,1,0.0031080245971679688
0,2,Rows,Addition,1167,BOOTSTRAPPED,1.0,1.0,1,1,1,0.0030989646911621094
0,2,Rows,Addition,1177,BOOTSTRAPPED,1.0,1.0,1,1,1,0.0031218528747558594
0,2,Rows,Addition,1183,BOOTSTRAPPED,1.0,1.0,1,1,1,0.003126859664916992
0,2,Rows,Addition,1193,BOOTSTRAPPED,1.0,1.0,1,1,1,0.003180980682373047
0,2,Rows,Addition,1197,BOOTSTRAPPED,1.0,1.0,1,1,1,0.0031287670135498047
0,2,Rows,Addition,1202,BOOTSTRAPPED,1.0,1.0,1,1,1,0.0031299591064453125
0,2,Rows,Addition,1207,BOOTSTRAPPED,1.0,1.0,1,1,1,0.0031328201293945312
0,2,Rows,Addition,1208,BOOTSTRAPPED,1.0,1.0,1,1,1,0.00322723388671875
0,2,Rows,Addition,1209,BOOTSTRAPPED,1.0,1.0,1,1,1,0.0031020641326904297
0,2,Rows,Addition,1214,BOOTSTRAPPED,1.0,1.0,1,1,1,0.002972841262817383
0,2,Rows,Addition,1222,BOOTSTRAPPED,1.0,1.0,1,1,1,0.003201007843017578
0,2,Rows,Addition,1224,BOOTSTRAPPED,1.0,1.0,1,1,1,0.0031359195709228516
0,2,Rows,Addition,1226,BOOTSTRAPPED,1.0,1.0,1,1,1,0.003136873245239258
0,2,Rows,Addition,1228,BOOTSTRAPPED,1.0,1.0,1,1,1,0.0030639171600341797
0,2,Rows,Addition,1229,BOOTSTRAPPED,1.0,1.0,1,1,1,0.0031647682189941406
0,2,Rows,Addition,1234,BOOTSTRAPPED,1.0,1.0,1,1,1,0.003270864486694336
0,2,Rows,Addition,1236,BOOTSTRAPPED,1.0,1.0,1,1,1,0.0031659603118896484
0,2,Rows,Addition,1245,BOOTSTRAPPED,1.0,1.0,1,1,1,0.003226757049560547
0,2,Rows,Addition,1257,BOOTSTRAPPED,1.0,1.0,1,1,1,0.003153085708618164
0,2,Rows,Addition,1260,BOOTSTRAPPED,1.0,1.0,1,1,1,0.0032150745391845703
0,2,Rows,Addition,1268,BOOTSTRAPPED,1.0,1.0,1,1,1,0.0031919479370117188
0,2,Rows,Addition,1274,BOOTSTRAPPED,1.0,1.0,1,1,1,0.0032880306243896484
0,2,Rows,Addition,1276,BOOTSTRAPPED,1.0,1.0,1,1,1,0.0033359527587890625
0,2,Rows,Addition,1277,BOOTSTRAPPED,1.0,1.0,1,1,1,0.003248929977416992
0,2,Rows,Addition,1280,BOOTSTRAPPED,1.0,1.0,1,1,1,0.0033330917358398438
0,2,Rows,Addition,1289,BOOTSTRAPPED,1.0,1.0,1,1,1,0.0032219886779785156
0,2,Rows,Addition,1290,BOOTSTRAPPED,1.0,1.0,1,1,1,0.0032689571380615234
0,2,Rows,Addition,1312,BOOTSTRAPPED,1.0,1.0,1,1,1,0.0031859874725341797
0,2,Rows,Addition,1313,BOOTSTRAPPED,1.0,1.0,1,1,1,0.0032329559326171875
0,2,Rows,Addition,1314,BOOTSTRAPPED,1.0,1.0,1,1,1,0.003177165985107422
0,2,Rows,Addition,1321,BOOTSTRAPPED,1.0,1.0,1,1,1,0.0032989978790283203
0,2,Rows,Addition,1331,BOOTSTRAPPED,1.0,1.0,1,1,1,0.003103971481323242
0,2,Rows,Addition,1332,BOOTSTRAPPED,1.0,1.0,1,1,1,0.003050088882446289
0,2,Rows,Addition,1336,BOOTSTRAPPED,1.0,1.0,1,1,1,0.0031087398529052734
0,2,Rows,Addition,1339,BOOTSTRAPPED,1.0,1.0,1,1,1,0.0031528472900390625
0,2,Rows,Addition,1340,BOOTSTRAPPED,1.0,1.0,1,1,1,0.003129720687866211
0,2,Rows,Addition,1344,BOOTSTRAPPED,1.0,1.0,1,1,1,0.0031707286834716797
0,2,Rows,Addition,1348,BOOTSTRAPPED,1.0,1.0,1,1,1,0.003143310546875
0,2,Rows,Addition,1349,BOOTSTRAPPED,1.0,1.0,1,1,1,0.0031397342681884766
0,2,Rows,Addition,1357,BOOTSTRAPPED,1.0,1.0,1,1,1,0.003288745880126953
0,2,Rows,Addition,1358,BOOTSTRAPPED,1.0,1.0,1,1,1,0.0029511451721191406
0,2,Rows,Addition,1366,BOOTSTRAPPED,1.0,1.0,1,1,1,0.003074169158935547
0,2,Rows,Addition,1370,BOOTSTRAPPED,1.0,1.0,1,1,1,0.003147125244140625
0,2,Rows,Addition,1377,BOOTSTRAPPED,1.0,1.0,1,1,1,0.003134012222290039
0,2,Rows,Addition,1380,BOOTSTRAPPED,1.0,1.0,1,1,1,0.003171205520629883
0,2,Rows,Addition,1381,BOOTSTRAPPED,1.0,1.0,1,1,1,0.0030689239501953125
0,2,Rows,Addition,1382,BOOTSTRAPPED,1.0,1.0,1,1,1,0.0032460689544677734
0,2,Rows,Addition,1383,BOOTSTRAPPED,1.0,1.0,1,1,1,0.003143787384033203
0,2,Rows,Addition,1390,BOOTSTRAPPED,1.0,1.0,1,1,1,0.0032079219818115234
0,2,Rows,Addition,1396,BOOTSTRAPPED,1.0,1.0,1,1,1,0.0030291080474853516
0,2,Rows,Addition,1397,BOOTSTRAPPED,1.0,1.0,1,1,1,0.0031511783599853516
0,2,Rows,Addition,1398,BOOTSTRAPPED,1.0,1.0,1,1,1,0.003131866455078125
0,2,Rows,Addition,1399,BOOTSTRAPPED,1.0,1.0,1,1,1,0.003186941146850586
0,2,Rows,Addition,1404,BOOTSTRAPPED,1.0,1.0,1,1,1,0.0031387805938720703
0,2,Rows,Addition,1409,BOOTSTRAPPED,1.0,1.0,1,1,1,0.002938985824584961
0,2,Rows,Addition,1415,BOOTSTRAPPED,1.0,1.0,1,1,1,0.003031015396118164
0,2,Rows,Addition,1425,BOOTSTRAPPED,1.0,1.0,1,1,1,0.003113985061645508
0,2,Rows,Addition,1430,BOOTSTRAPPED,1.0,1.0,1,1,1,0.003145933151245117
0,2,Rows,Addition,1442,BOOTSTRAPPED,1.0,1.0,1,1,1,0.003047943115234375
0,2,Rows,Addition,1445,BOOTSTRAPPED,1.0,1.0,1,1,1,0.0030388832092285156
0,2,Rows,Addition,1447,BOOTSTRAPPED,1.0,1.0,1,1,1,0.0032198429107666016
0,2,Rows,Addition,1463,BOOTSTRAPPED,1.0,1.0,1,1,1,0.0031442642211914062
0,2,Rows,Addition,1464,BOOTSTRAPPED,1.0,1.0,1,1,1,0.0033159255981445312
0,2,Rows,Addition,1465,BOOTSTRAPPED,1.0,1.0,1,1,1,0.0029990673065185547
0,2,Rows,Addition,1468,BOOTSTRAPPED,1.0,1.0,1,1,1,0.0031719207763671875
0,2,Rows,Addition,1469,BOOTSTRAPPED,1.0,1.0,1,1,1,0.003147125244140625
0,2,Rows,Addition,1475,BOOTSTRAPPED,1.0,1.0,1,1,1,0.0031359195709228516
0,2,Rows,Addition,1483,BOOTSTRAPPED,1.0,1.0,1,1,1,0.003339052200317383
0,2,Rows,Addition,1486,BOOTSTRAPPED,1.0,1.0,1,1,1,0.003184080123901367
0,2,Rows,Addition,1487,BOOTSTRAPPED,1.0,1.0,1,1,1,0.0031881332397460938
0,2,Rows,Addition,1489,BOOTSTRAPPED,1.0,1.0,1,1,1,0.0031888484954833984
0,2,Rows,Addition,1505,BOOTSTRAPPED,1.0,1.0,1,1,1,0.0031931400299072266
0,2,Rows,Addition,1508,BOOTSTRAPPED,1.0,1.0,1,1,1,0.003180980682373047
0,2,Rows,Addition,1509,BOOTSTRAPPED,1.0,1.0,1,1,1,0.003197908401489258
0,2,Rows,Addition,1510,BOOTSTRAPPED,1.0,1.0,1,1,1,0.0031838417053222656
0,2,Rows,Addition,1523,BOOTSTRAPPED,1.0,1.0,1,1,1,0.003253936767578125
0,2,Rows,Addition,1524,BOOTSTRAPPED,1.0,1.0,1,1,1,0.0032351016998291016
0,2,Rows,Addition,1526,BOOTSTRAPPED,1.0,1.0,1,1,1,0.003177165985107422
0,2,Rows,Addition,1534,BOOTSTRAPPED,1.0,1.0,1,1,1,0.0031621456146240234
0,2,Rows,Addition,1539,BOOTSTRAPPED,1.0,1.0,1,1,1,0.0031669139862060547
0,2,Rows,Addition,1544,BOOTSTRAPPED,1.0,1.0,1,1,1,0.003191232681274414
0,2,Rows,Addition,1548,BOOTSTRAPPED,1.0,1.0,1,1,1,0.0030138492584228516
0,2,Rows,Addition,1561,BOOTSTRAPPED,1.0,1.0,1,1,1,0.003220081329345703
0,2,Rows,Addition,1562,BOOTSTRAPPED,1.0,1.0,1,1,1,0.003123044967651367
0,2,Rows,Addition,1563,BOOTSTRAPPED,1.0,1.0,1,1,1,0.0031816959381103516
0,2,Rows,Addition,1565,BOOTSTRAPPED,1.0,1.0,1,1,1,0.0032210350036621094
0,2,Rows,Addition,1575,BOOTSTRAPPED,1.0,1.0,1,1,1,0.0031948089599609375
0,2,Rows,Addition,1579,BOOTSTRAPPED,1.0,1.0,1,1,1,0.0031652450561523438
0,2,Rows,Addition,1584,BOOTSTRAPPED,1.0,1.0,1,1,1,0.0031800270080566406
0,2,Rows,Addition,1589,BOOTSTRAPPED,1.0,1.0,1,1,1,0.0032019615173339844
0,2,Rows,Addition,1604,BOOTSTRAPPED,1.0,1.0,1,1,1,0.0029439926147460938
0,2,Rows,Addition,1609,BOOTSTRAPPED,1.0,1.0,1,1,1,0.003119230270385742
0,2,Rows,Addition,1612,BOOTSTRAPPED,1.0,1.0,1,1,1,0.0030868053436279297
0,2,Rows,Addition,1613,BOOTSTRAPPED,1.0,1.0,1,1,1,0.003201007843017578
0,2,Rows,Addition,1619,BOOTSTRAPPED,1.0,1.0,1,1,1,0.003100156784057617
0,2,Rows,Addition,1620,BOOTSTRAPPED,1.0,1.0,1,1,1,0.0030362606048583984
0,2,Rows,Addition,1621,BOOTSTRAPPED,1.0,1.0,1,1,1,0.003107786178588867
0,2,Rows,Addition,1641,BOOTSTRAPPED,1.0,1.0,1,1,1,0.003100872039794922
0,2,Rows,Addition,1652,BOOTSTRAPPED,1.0,1.0,1,1,1,0.0031769275665283203
0,2,Rows,Addition,1659,BOOTSTRAPPED,1.0,1.0,1,1,1,0.002949953079223633
0,2,Rows,Addition,1666,BOOTSTRAPPED,1.0,1.0,1,1,1,0.003093719482421875
0,2,Rows,Addition,1671,BOOTSTRAPPED,1.0,1.0,1,1,1,0.003158092498779297
0,2,Rows,Addition,1673,BOOTSTRAPPED,1.0,1.0,1,1,1,0.0031151771545410156
0,2,Rows,Addition,1674,BOOTSTRAPPED,1.0,1.0,1,1,1,0.0031909942626953125
0,2,Rows,Addition,1684,BOOTSTRAPPED,1.0,1.0,1,1,1,0.003184080123901367
0,2,Rows,Addition,1685,BOOTSTRAPPED,1.0,1.0,1,1,1,0.0031659603118896484
0,2,Rows,Addition,1689,BOOTSTRAPPED,1.0,1.0,1,1,1,0.0031621456146240234
0,2,Rows,Addition,1692,BOOTSTRAPPED,1.0,1.0,1,1,1,0.003178119659423828
0,2,Rows,Addition,1693,BOOTSTRAPPED,1.0,1.0,1,1,1,0.0030329227447509766
0,2,Rows,Addition,1698,BOOTSTRAPPED,1.0,1.0,1,1,1,0.0030748844146728516
0,2,Rows,Addition,1700,BOOTSTRAPPED,1.0,1.0,1,1,1,0.0031599998474121094
0,2,Rows,Addition,1701,BOOTSTRAPPED,1.0,1.0,1,1,1,0.003171205520629883
0,2,Rows,Addition,1706,BOOTSTRAPPED,1.0,1.0,1,1,1,0.0030372142791748047
0,2,Rows,Addition,1708,BOOTSTRAPPED,1.0,1.0,1,1,1,0.0030579566955566406
0,2,Rows,Addition,1712,BOOTSTRAPPED,1.0,1.0,1,1,1,0.0031359195709228516
0,2,Rows,Addition,1714,BOOTSTRAPPED,1.0,1.0,1,1,1,0.003131866455078125
0,2,Rows,Addition,1716,BOOTSTRAPPED,1.0,1.0,1,1,1,0.0031599998474121094
0,2,Rows,Addition,1721,BOOTSTRAPPED,1.0,1.0,1,1,1,0.002933025360107422
0,2,Rows,Addition,1725,BOOTSTRAPPED,1.0,1.0,1,1,1,0.0030851364135742188
0,2,Rows,Addition,1727,BOOTSTRAPPED,1.0,1.0,1,1,1,0.0031228065490722656
0,2,Rows,Addition,1736,BOOTSTRAPPED,1.0,1.0,1,1,1,0.0031130313873291016
0,2,Rows,Addition,1737,BOOTSTRAPPED,1.0,1.0,1,1,1,0.0031480789184570312
0,2,Rows,Addition,1741,BOOTSTRAPPED,1.0,1.0,1,1,1,0.0030639171600341797
0,2,Rows,Addition,1742,BOOTSTRAPPED,1.0,1.0,1,1,1,0.0030908584594726562
0,2,Rows,Addition,1745,BOOTSTRAPPED,1.0,1.0,1,1,1,0.0031528472900390625
0,2,Rows,Addition,1747,BOOTSTRAPPED,1.0,1.0,1,1,1,0.0031659603118896484
0,2,Rows,Addition,1749,BOOTSTRAPPED,1.0,1.0,1,1,1,0.0030028820037841797
0,2,Rows,Addition,1754,BOOTSTRAPPED,1.0,1.0,1,1,1,0.003058910369873047
0,2,Rows,Addition,1755,BOOTSTRAPPED,1.0,1.0,1,1,1,0.003114938735961914
0,2,Rows,Addition,1758,BOOTSTRAPPED,1.0,1.0,1,1,1,0.0031652450561523438
0,2,Rows,Addition,1765,BOOTSTRAPPED,1.0,1.0,1,1,1,0.0032072067260742188
0,2,Rows,Addition,1767,BOOTSTRAPPED,1.0,1.0,1,1,1,0.0030679702758789062
0,2,Rows,Addition,1773,BOOTSTRAPPED,1.0,1.0,1,1,1,0.003010988235473633
0,2,Rows,Addition,1786,BOOTSTRAPPED,1.0,1.0,1,1,1,0.0030519962310791016
0,2,Rows,Addition,1792,BOOTSTRAPPED,1.0,1.0,1,1,1,0.0031228065490722656
0,2,Rows,Addition,1795,BOOTSTRAPPED,1.0,1.0,1,1,1,0.003083944320678711
0,2,Rows,Addition,1799,BOOTSTRAPPED,1.0,1.0,1,1,1,0.0030837059020996094
0,2,Rows,Addition,1803,BOOTSTRAPPED,1.0,1.0,1,1,1,0.003203868865966797
0,2,Rows,Addition,1805,BOOTSTRAPPED,1.0,1.0,1,1,1,0.0031850337982177734
0,2,Rows,Addition,1820,BOOTSTRAPPED,1.0,1.0,1,1,1,0.003136157989501953
0,2,Rows,Addition,1822,BOOTSTRAPPED,1.0,1.0,1,1,1,0.0029790401458740234
0,2,Rows,Addition,1826,BOOTSTRAPPED,1.0,1.0,1,1,1,0.0030829906463623047
0,2,Rows,Addition,1827,BOOTSTRAPPED,1.0,1.0,1,1,1,0.0031468868255615234
0,2,Rows,Addition,1838,BOOTSTRAPPED,1.0,1.0,1,1,1,0.0031120777130126953
0,2,Rows,Addition,1852,BOOTSTRAPPED,1.0,1.0,1,1,1,0.0031528472900390625
0,2,Rows,Addition,1858,BOOTSTRAPPED,1.0,1.0,1,1,1,0.0031538009643554688
0,2,Rows,Addition,1865,BOOTSTRAPPED,1.0,1.0,1,1,1,0.0031769275665283203
0,2,Rows,Addition,1866,BOOTSTRAPPED,1.0,1.0,1,1,1,0.0031609535217285156
0,2,Rows,Addition,1867,BOOTSTRAPPED,1.0,1.0,1,1,1,0.0032401084899902344
0,2,Rows,Addition,1870,BOOTSTRAPPED,1.0,1.0,1,1,1,0.003019094467163086
0,2,Rows,Addition,1877,BOOTSTRAPPED,1.0,1.0,1,1,1,0.003003835678100586
0,2,Rows,Addition,1881,BOOTSTRAPPED,1.0,1.0,1,1,1,0.003094196319580078
0,2,Rows,Addition,1885,BOOTSTRAPPED,1.0,1.0,1,1,1,0.0031464099884033203
0,2,Rows,Addition,1887,BOOTSTRAPPED,1.0,1.0,1,1,1,0.0031728744506835938
0,2,Rows,Addition,1892,BOOTSTRAPPED,1.0,1.0,1,1,1,0.0029938220977783203
0,2,Rows,Addition,1897,BOOTSTRAPPED,1.0,1.0,1,1,1,0.003148794174194336
0,2,Rows,Addition,1899,BOOTSTRAPPED,1.0,1.0,1,1,1,0.0031480789184570312
0,2,Rows,Addition,1909,BOOTSTRAPPED,1.0,1.0,1,1,1,0.003286123275756836
0,2,Rows,Addition,1914,BOOTSTRAPPED,1.0,1.0,1,1,1,0.0031991004943847656
0,2,Rows,Addition,1916,BOOTSTRAPPED,1.0,1.0,1,1,1,0.0032491683959960938
0,2,Rows,Addition,1918,BOOTSTRAPPED,1.0,1.0,1,1,1,0.0031440258026123047
0,2,Rows,Addition,1919,BOOTSTRAPPED,1.0,1.0,1,1,1,0.0031747817993164062
0,2,Rows,Addition,1922,BOOTSTRAPPED,1.0,1.0,1,1,1,0.0031859874725341797
0,2,Rows,Addition,1923,BOOTSTRAPPED,1.0,1.0,1,1,1,0.0031821727752685547
0,2,Rows,Addition,1932,BOOTSTRAPPED,1.0,1.0,1,1,1,0.003155231475830078
0,2,Rows,Addition,1936,BOOTSTRAPPED,1.0,1.0,1,1,1,0.0031740665435791016
0,2,Rows,Addition,1940,BOOTSTRAPPED,1.0,1.0,1,1,1,0.0031549930572509766
0,2,Rows,Addition,1943,BOOTSTRAPPED,1.0,1.0,1,1,1,0.003247976303100586
0,2,Rows,Addition,1945,BOOTSTRAPPED,1.0,1.0,1,1,1,0.0031790733337402344
0,2,Rows,Addition,1949,BOOTSTRAPPED,1.0,1.0,1,1,1,0.0032739639282226562
0,2,Rows,Addition,1954,BOOTSTRAPPED,1.0,1.0,1,1,1,0.003183126449584961
