,problem_set,orientation,direction,target,solution,validity,generalizability,explainability_size,explainabilty_repeated_terms,explainabilty_cognitive_chunks,time_to_generate
0,0,Columns,Addition,43(earning_change),(no_find_origin) no solution found!,0.0,0.0,0.0,0.0,0.0,0.0
1,0,Columns,Addition,43(earning_change),(all_numeric) (no extensions)y = 0.013 + -0.070 * number_of_children_2019 + -0.008 * housework_hours_per_week_2019 + -0.007 * personal_care_hours_per_week_2019 + -0.026 * checking_savings_total_amount_usd_2019 + -0.020 * credit_card_debt_total_usd_2019 + -0.639 * earnings_job_2018,0.21759416583741475,0.21575793012066247,7.0,0.0,1.0,0.03404498100280762
2,0,Columns,Addition,43(earning_change),(all_numeric) y = 0.068 + 0.062 * number_of_children_2019 + -0.546 * earnings_job_2018 + 0.002 * number_of_children_2019^2 + -0.053 * number_of_children_2019 earnings_job_2018 + -0.140 * number_of_children_2019 release_number_2019_0.0 + -0.003 * housework_hours_per_week_2019^2 + -0.001 * personal_care_hours_per_week_2019^2 + 0.000 * shopping_hours_per_week_2019^2 + -0.004 * shopping_hours_per_week_2019 leisure_hours_per_week_2019 + -0.001 * leisure_hours_per_week_2019^2 + 0.003 * bonus_income_2018_usd^2 + 0.172 * bonus_income_2018_usd earnings_job_2018 + -0.009 * checking_savings_total_amount_usd_2019^2 + -0.020 * checking_savings_total_amount_usd_2019 earnings_job_2018 + -0.003 * credit_card_debt_total_usd_2019^2 + -0.000 * times_arrested^2 + -0.045 * earnings_job_2018^2,0.21447290856692502,0.21270837454697167,18.0,0.0,3.0,0.11647200584411621
3,0,Columns,Addition,43(earning_change),(all_numeric) y = 0.057 + -0.006 * earnings_job_2018^2 + -0.425 * earnings_job_2018 release_number_2019_0.0 + -0.001 * number_of_children_2019^3 + -0.009 * number_of_children_2019^2 earnings_job_2018 + -0.002 * number_of_children_2019^2 release_number_2019_0.0 + -0.005 * number_of_children_2019 earnings_job_2018^2 + -0.001 * housework_hours_per_week_2019^3 + ε * housework_hours_per_week_2019^2 personal_care_hours_per_week_2019 + -0.007 * housework_hours_per_week_2019^2 earnings_job_2018 + ε * housework_hours_per_week_2019 times_arrested^2 + ε * personal_care_hours_per_week_2019^3 + -0.000 * personal_care_hours_per_week_2019^2 shopping_hours_per_week_2019 + 0.000 * personal_care_hours_per_week_2019^2 leisure_hours_per_week_2019 + ε * bonus_income_2018_usd^3 + 0.031 * bonus_income_2018_usd earnings_job_2018^2 + -0.002 * checking_savings_total_amount_usd_2019^3 + -0.007 * checking_savings_total_amount_usd_2019^2 earnings_job_2018 + ε * checking_savings_total_amount_usd_2019 times_arrested^2 + -0.000 * credit_card_debt_total_usd_2019^3 + -0.002 * credit_card_debt_total_usd_2019^2 earnings_job_2018 + ε * credit_card_debt_total_usd_2019 times_arrested^2 + ε * times_arrested^3 + -0.010 * earnings_job_2018^3,0.30103618490474404,0.296604132552689,24.0,0.0,4.0,0.3229219913482666
4,0,Columns,Addition,43(earning_change),(all_numeric) y = 0.029 + 0.001 * release_number_2019/leisure_hours_per_week_2019 + 0.000 * release_number_2019/checking_savings_total_amount_usd_2019 + 0.002 * release_number_2019/credit_card_debt_total_usd_2019 + 0.000 * number_of_children_2019/personal_care_hours_per_week_2019 + ε * number_of_children_2019/leisure_hours_per_week_2019 + ε * shopping_hours_per_week_2019/times_arrested + 0.000 * bonus_income_2018_usd/leisure_hours_per_week_2019 + ε * credit_card_debt_total_usd_2019/leisure_hours_per_week_2019 + 0.001 * times_arrested/leisure_hours_per_week_2019 + 0.081 * times_arrested/checking_savings_total_amount_usd_2019 + ε * number_of_children_20190/number_of_children_2019 + ε * number_of_children_20190/personal_care_hours_per_week_2019 + 0.002 * number_of_children_20190/shopping_hours_per_week_2019 + 0.001 * number_of_children_20190/leisure_hours_per_week_2019,0.19827201113935178,0.2009228478428402,15.0,10.0,4.0,0.8884677886962891
5,0,Columns,Addition,43(earning_change),(all_numeric) y = 0.015 + ε * exp(personal_care_hours_per_week_2019) + ε * exp(leisure_hours_per_week_2019) + ε * exp(credit_card_debt_total_usd_2019) + ε * exp(times_arrested),0.06402267207876011,0.05752610089826771,5.0,4.0,3.0,0.1171419620513916
6,0,Columns,Addition,43(earning_change),(all_numeric) y = 0.013 + -0.070 * number_of_children_2019 + -0.008 * housework_hours_per_week_2019 + -0.007 * personal_care_hours_per_week_2019 + -0.026 * checking_savings_total_amount_usd_2019 + -0.020 * credit_card_debt_total_usd_2019 + -0.639 * earnings_job_2018,0.21759416583741475,0.21575793012066247,7.0,0.0,1.0,0.043502092361450195
7,0,Columns,Addition,43(earning_change),(all_textual) (no extensions)y = -0.091 + 0.054 * school_internet_usage_frequency_2019_every_day + 0.008 * school_internet_usage_frequency_2019_few_times_a_week + -0.016 * school_internet_usage_frequency_2019_never + -0.103 * school_internet_usage_frequency_2019_not_in_school_past_30_days + -0.003 * job_internet_usage_frequency_2019_every_day + 0.039 * job_internet_usage_frequency_2019_few_times_a_week + -0.006 * happiness_frequency_last_month_2019_every_day + -0.071 * interest_in_life_frequency_last_month_2019_almost_every_day + 0.030 * satisfaction_frequency_last_month_2019_almost_every_day + 0.005 * contribution_to_society_frequency_2019_almost_every_day + -0.098 * community_belonging_frequency_2019_about_once_a_week + 0.003 * community_belonging_frequency_2019_almost_every_day + -0.069 * community_belonging_frequency_2019_once_or_twice + ε * society_getting_better_frequency_2019_almost_every_day + -0.028 * society_getting_better_frequency_2019_once_or_twice + 0.037 * society_getting_better_frequency_2019_two_or_three_times_a_week + 0.054 * people_are_good_frequency_2019_almost_every_day + -0.015 * people_are_good_frequency_2019_once_or_twice + -0.051 * people_are_good_frequency_2019_two_or_three_times_a_week + -0.118 * personality_thorough_worker_2019_describes_me_perfectly + 0.030 * personality_communicative_talkative_2019_describes_me_moderately + 0.037 * personality_communicative_talkative_2019_describes_me_perfectly + -0.008 * personality_sometimes_rude_2019_does_not_describe_me_at_all + 0.095 * personality_original_new_ideas_2019_describes_me_moderately + 0.128 * personality_worrier_2019_describes_me_perfectly + -0.013 * personality_worrier_2019_describes_me_very_little + 0.005 * personality_forgiving_2019_describes_me_perfectly + -0.054 * personality_somewhat_lazy_2019_describes_me_very_little + -0.035 * personality_somewhat_lazy_2019_describes_me_very_well + 0.005 * personality_somewhat_lazy_2019_describes_me_well + 0.002 * personality_outgoing_sociable_2019_describes_me_well + 0.081 * personality_values_artistic_experience_2019_describes_me_moderately + 0.015 * personality_values_artistic_experience_2019_describes_me_perfectly + 0.010 * personality_values_artistic_experience_2019_describes_me_well + 0.014 * personality_nervous_2019_describes_me_moderately + 0.073 * personality_effective_task_completion_2019_describes_me_very_well + -0.029 * personality_reserved_2019_describes_me_a_little + 0.062 * personality_reserved_2019_describes_me_moderately + 0.157 * personality_imaginative_2019_describes_me_moderately + -0.005 * personality_imaginative_2019_describes_me_perfectly + -0.069 * personality_imaginative_2019_describes_me_very_well + 0.011 * personality_imaginative_2019_describes_me_well + 0.002 * personality_relaxed_stress_handling_2019_describes_me_very_well + 0.024 * personality_eager_for_knowledge_2019_describes_me_perfectly + -0.037 * personality_eager_for_knowledge_2019_describes_me_very_well + 0.021 * went_without_health_insurance_2017_2018_no + -0.011 * went_without_health_insurance_2017_2018_yes + 0.007 * drinks_alcohol_2019_no + 0.029 * ever_arrested_no + -0.008 * ethnic_identity_importance_2019_not_at_all_important + 0.049 * ethnic_identity_importance_2019_not_very_important + 0.077 * current_state_fips_2019_California,0.21034789875006887,0.19473177347057957,53.0,0.0,2.0,0.608147144317627
0,1,Columns,Addition,43(earning_change),(no_find_origin) no solution found!,0.0,0.0,0.0,0.0,0.0,0.0
1,1,Columns,Addition,43(earning_change),(all_numeric) (no extensions)y =  + -0.071 * number_of_children_2019 + -0.004 * housework_hours_per_week_2019 + -0.007 * personal_care_hours_per_week_2019 + -0.029 * checking_savings_total_amount_usd_2019 + -0.023 * credit_card_debt_total_usd_2019 + -0.658 * earnings_job_2018,0.2249149592824672,0.2249149592824672,7.0,0.0,1.0,0.03818011283874512
2,1,Columns,Addition,43(earning_change),(all_numeric) y = 0.046 + 0.013 * checking_savings_total_amount_usd_2019 + -0.567 * earnings_job_2018 + -0.031 * number_of_children_2019 earnings_job_2018 + -0.047 * number_of_children_2019 release_number_2019_0.0 + -0.002 * housework_hours_per_week_2019^2 + -0.001 * housework_hours_per_week_2019 personal_care_hours_per_week_2019 + ε * personal_care_hours_per_week_2019^2 + -0.001 * personal_care_hours_per_week_2019 shopping_hours_per_week_2019 + ε * shopping_hours_per_week_2019^2 + -0.001 * leisure_hours_per_week_2019^2 + 0.002 * bonus_income_2018_usd^2 + 0.117 * bonus_income_2018_usd earnings_job_2018 + -0.011 * checking_savings_total_amount_usd_2019^2 + -0.002 * checking_savings_total_amount_usd_2019 earnings_job_2018 + -0.003 * credit_card_debt_total_usd_2019^2 + -0.000 * times_arrested^2 + -0.030 * earnings_job_2018^2,0.21840658554336967,0.21840658554336967,18.0,0.0,3.0,0.09490013122558594
3,1,Columns,Addition,43(earning_change),(all_numeric) y = -0.109 + -6706369513957.970 * earnings_job_2018^2 + -0.632 * earnings_job_2018 release_number_2019_0.0 + -0.001 * number_of_children_2019^3 + -0.009 * number_of_children_2019^2 earnings_job_2018 + -0.010 * number_of_children_2019 earnings_job_2018^2 + -0.000 * housework_hours_per_week_2019^3 + -0.003 * housework_hours_per_week_2019^2 earnings_job_2018 + ε * housework_hours_per_week_2019 times_arrested^2 + ε * personal_care_hours_per_week_2019^3 + ε * shopping_hours_per_week_2019^3 + ε * bonus_income_2018_usd^3 + 0.086 * bonus_income_2018_usd earnings_job_2018^2 + -0.002 * checking_savings_total_amount_usd_2019^3 + -0.001 * checking_savings_total_amount_usd_2019^2 earnings_job_2018 + -0.000 * checking_savings_total_amount_usd_2019 times_arrested^2 + -0.000 * credit_card_debt_total_usd_2019^3 + -0.004 * credit_card_debt_total_usd_2019^2 earnings_job_2018 + ε * credit_card_debt_total_usd_2019 times_arrested^2 + ε * times_arrested^3 + -0.048 * earnings_job_2018^3 + 6706369513958.215 * earnings_job_2018^2 release_number_2019_0.0,0.2842127708004424,0.2842127708004424,22.0,0.0,4.0,0.5254068374633789
4,1,Columns,Addition,43(earning_change),(all_numeric) y = 0.019 + 0.000 * release_number_2019/number_of_children_2019 + -0.000 * release_number_2019/personal_care_hours_per_week_2019 + -0.002 * release_number_2019/shopping_hours_per_week_2019 + ε * release_number_2019/leisure_hours_per_week_2019 + 0.008 * release_number_2019/checking_savings_total_amount_usd_2019 + 0.002 * release_number_2019/credit_card_debt_total_usd_2019 + 0.001 * number_of_children_2019/personal_care_hours_per_week_2019 + -0.000 * number_of_children_2019/leisure_hours_per_week_2019 + 0.000 * number_of_children_2019/credit_card_debt_total_usd_2019 + -0.003 * housework_hours_per_week_2019/shopping_hours_per_week_2019 + 0.001 * housework_hours_per_week_2019/credit_card_debt_total_usd_2019 + -0.002 * personal_care_hours_per_week_2019/shopping_hours_per_week_2019 + -0.001 * personal_care_hours_per_week_2019/leisure_hours_per_week_2019 + -0.000 * shopping_hours_per_week_2019/number_of_children_2019 + -0.001 * shopping_hours_per_week_2019/personal_care_hours_per_week_2019 + 0.000 * shopping_hours_per_week_2019/leisure_hours_per_week_2019 + -0.000 * shopping_hours_per_week_2019/times_arrested + 0.000 * bonus_income_2018_usd/leisure_hours_per_week_2019 + 0.002 * bonus_income_2018_usd/checking_savings_total_amount_usd_2019 + 0.000 * bonus_income_2018_usd/credit_card_debt_total_usd_2019 + -0.003 * checking_savings_total_amount_usd_2019/number_of_children_2019 + 0.000 * checking_savings_total_amount_usd_2019/leisure_hours_per_week_2019 + 0.002 * checking_savings_total_amount_usd_2019/credit_card_debt_total_usd_2019 + -0.004 * checking_savings_total_amount_usd_2019/times_arrested + -0.000 * credit_card_debt_total_usd_2019/leisure_hours_per_week_2019 + -0.001 * times_arrested/number_of_children_2019 + ε * times_arrested/housework_hours_per_week_2019 + ε * times_arrested/leisure_hours_per_week_2019 + 0.087 * times_arrested/checking_savings_total_amount_usd_2019 + -0.001 * number_of_children_20190/number_of_children_2019 + 0.001 * number_of_children_20190/shopping_hours_per_week_2019 + 0.001 * number_of_children_20190/leisure_hours_per_week_2019,0.2194824040670167,0.2194824040670167,33.0,11.0,4.0,0.948915958404541
5,1,Columns,Addition,43(earning_change),(all_numeric) y = -0.000,0.0010142812579306826,0.0010142812579306826,1.0,0.0,1.0,0.21349596977233887
6,1,Columns,Addition,43(earning_change),(all_numeric) y =  + -0.071 * number_of_children_2019 + -0.004 * housework_hours_per_week_2019 + -0.007 * personal_care_hours_per_week_2019 + -0.029 * checking_savings_total_amount_usd_2019 + -0.023 * credit_card_debt_total_usd_2019 + -0.658 * earnings_job_2018,0.2249149592824672,0.2249149592824672,7.0,0.0,1.0,0.04830789566040039
7,1,Columns,Addition,43(earning_change),(all_textual) (no extensions)y = -0.025 + 0.046 * school_internet_usage_frequency_2019_every_day + -0.027 * school_internet_usage_frequency_2019_never + -0.114 * school_internet_usage_frequency_2019_not_in_school_past_30_days + 0.006 * job_internet_usage_frequency_2019_few_times_a_week + -0.089 * interest_in_life_frequency_last_month_2019_almost_every_day + 0.034 * satisfaction_frequency_last_month_2019_almost_every_day + -0.029 * satisfaction_frequency_last_month_2019_every_day + 0.004 * contribution_to_society_frequency_2019_almost_every_day + -0.123 * community_belonging_frequency_2019_about_once_a_week + -0.078 * community_belonging_frequency_2019_once_or_twice + -0.040 * society_getting_better_frequency_2019_once_or_twice + 0.052 * society_getting_better_frequency_2019_two_or_three_times_a_week + 0.045 * people_are_good_frequency_2019_almost_every_day + -0.026 * people_are_good_frequency_2019_two_or_three_times_a_week + 0.032 * society_makes_sense_frequency_2019_almost_every_day + -0.047 * society_makes_sense_frequency_2019_once_or_twice + -0.114 * personality_thorough_worker_2019_describes_me_perfectly + 0.004 * personality_thorough_worker_2019_describes_me_well + 0.019 * personality_communicative_talkative_2019_describes_me_moderately + 0.005 * personality_communicative_talkative_2019_describes_me_perfectly + -0.017 * personality_communicative_talkative_2019_describes_me_very_well + 0.101 * personality_original_new_ideas_2019_describes_me_moderately + 0.114 * personality_worrier_2019_describes_me_perfectly + -0.017 * personality_worrier_2019_describes_me_very_little + 0.016 * personality_forgiving_2019_describes_me_perfectly + 0.035 * personality_somewhat_lazy_2019_describes_me_a_little + -0.066 * personality_somewhat_lazy_2019_describes_me_very_little + -0.019 * personality_somewhat_lazy_2019_describes_me_very_well + 0.034 * personality_somewhat_lazy_2019_describes_me_well + 0.063 * personality_values_artistic_experience_2019_describes_me_moderately + 0.040 * personality_values_artistic_experience_2019_describes_me_perfectly + 0.013 * personality_nervous_2019_describes_me_moderately + 0.079 * personality_effective_task_completion_2019_describes_me_very_well + 0.070 * personality_reserved_2019_describes_me_moderately + 0.011 * personality_reserved_2019_describes_me_well + 0.138 * personality_imaginative_2019_describes_me_moderately + -0.014 * personality_imaginative_2019_describes_me_very_well + 0.005 * personality_imaginative_2019_describes_me_well + 0.021 * personality_relaxed_stress_handling_2019_describes_me_very_well + 0.010 * personality_eager_for_knowledge_2019_describes_me_perfectly + -0.048 * personality_eager_for_knowledge_2019_describes_me_very_well + -0.059 * went_without_health_insurance_2017_2018_yes + 0.017 * drinks_alcohol_2019_no + 0.005 * ever_arrested_no + -0.080 * ethnic_identity_importance_2019_not_at_all_important + 0.030 * ethnic_identity_importance_2019_not_very_important + 0.047 * current_state_fips_2019_California,0.2099943559329145,0.2099943559329145,48.0,0.0,2.0,0.8078510761260986
0,1,Rows,Removal,1,DUPLICATED,1.0,1.0,1.0,1.0,1.0,0.010316133499145508
1,1,Rows,Removal,2,DUPLICATED,1.0,1.0,1.0,1.0,1.0,0.010316133499145508
2,1,Rows,Removal,3,DUPLICATED,1.0,1.0,1.0,1.0,1.0,0.010316133499145508
3,1,Rows,Removal,4,DUPLICATED,1.0,1.0,1.0,1.0,1.0,0.010316133499145508
4,1,Rows,Removal,5,DUPLICATED,1.0,1.0,1.0,1.0,1.0,0.010316133499145508
5,1,Rows,Removal,6,DUPLICATED,1.0,1.0,1.0,1.0,1.0,0.010316133499145508
6,1,Rows,Removal,7,DUPLICATED,1.0,1.0,1.0,1.0,1.0,0.010316133499145508
7,1,Rows,Removal,8,DUPLICATED,1.0,1.0,1.0,1.0,1.0,0.010316133499145508
8,1,Rows,Removal,9,DUPLICATED,1.0,1.0,1.0,1.0,1.0,0.010316133499145508
9,1,Rows,Removal,10,DUPLICATED,1.0,1.0,1.0,1.0,1.0,0.010316133499145508
10,1,Rows,Removal,11,DUPLICATED,1.0,1.0,1.0,1.0,1.0,0.010316133499145508
11,1,Rows,Removal,12,DUPLICATED,1.0,1.0,1.0,1.0,1.0,0.010316133499145508
12,1,Rows,Removal,13,DUPLICATED,1.0,1.0,1.0,1.0,1.0,0.010316133499145508
13,1,Rows,Removal,14,DUPLICATED,1.0,1.0,1.0,1.0,1.0,0.010316133499145508
14,1,Rows,Removal,15,DUPLICATED,1.0,1.0,1.0,1.0,1.0,0.010316133499145508
15,1,Rows,Removal,16,DUPLICATED,1.0,1.0,1.0,1.0,1.0,0.010316133499145508
16,1,Rows,Removal,17,DUPLICATED,1.0,1.0,1.0,1.0,1.0,0.010316133499145508
17,1,Rows,Removal,18,DUPLICATED,1.0,1.0,1.0,1.0,1.0,0.010316133499145508
18,1,Rows,Removal,19,DUPLICATED,1.0,1.0,1.0,1.0,1.0,0.010316133499145508
19,1,Rows,Removal,20,DUPLICATED,1.0,1.0,1.0,1.0,1.0,0.010316133499145508
20,1,Rows,Removal,21,DUPLICATED,1.0,1.0,1.0,1.0,1.0,0.010316133499145508
21,1,Rows,Removal,22,DUPLICATED,1.0,1.0,1.0,1.0,1.0,0.010316133499145508
22,1,Rows,Removal,23,DUPLICATED,1.0,1.0,1.0,1.0,1.0,0.010316133499145508
23,1,Rows,Removal,24,DUPLICATED,1.0,1.0,1.0,1.0,1.0,0.010316133499145508
24,1,Rows,Removal,25,DUPLICATED,1.0,1.0,1.0,1.0,1.0,0.010316133499145508
25,1,Rows,Removal,26,DUPLICATED,1.0,1.0,1.0,1.0,1.0,0.010316133499145508
26,1,Rows,Removal,27,DUPLICATED,1.0,1.0,1.0,1.0,1.0,0.010316133499145508
27,1,Rows,Removal,28,DUPLICATED,1.0,1.0,1.0,1.0,1.0,0.010316133499145508
28,1,Rows,Removal,29,DUPLICATED,1.0,1.0,1.0,1.0,1.0,0.010316133499145508
29,1,Rows,Removal,30,DUPLICATED,1.0,1.0,1.0,1.0,1.0,0.010316133499145508
30,1,Rows,Removal,31,DUPLICATED,1.0,1.0,1.0,1.0,1.0,0.010316133499145508
31,1,Rows,Removal,32,DUPLICATED,1.0,1.0,1.0,1.0,1.0,0.010316133499145508
32,1,Rows,Removal,33,DUPLICATED,1.0,1.0,1.0,1.0,1.0,0.010316133499145508
33,1,Rows,Removal,34,DUPLICATED,1.0,1.0,1.0,1.0,1.0,0.010316133499145508
34,1,Rows,Removal,35,DUPLICATED,1.0,1.0,1.0,1.0,1.0,0.010316133499145508
35,1,Rows,Removal,36,DUPLICATED,1.0,1.0,1.0,1.0,1.0,0.010316133499145508
36,1,Rows,Removal,37,DUPLICATED,1.0,1.0,1.0,1.0,1.0,0.010316133499145508
37,1,Rows,Removal,38,DUPLICATED,1.0,1.0,1.0,1.0,1.0,0.010316133499145508
38,1,Rows,Removal,39,DUPLICATED,1.0,1.0,1.0,1.0,1.0,0.010316133499145508
39,1,Rows,Removal,40,DUPLICATED,1.0,1.0,1.0,1.0,1.0,0.010316133499145508
40,1,Rows,Removal,41,DUPLICATED,1.0,1.0,1.0,1.0,1.0,0.010316133499145508
41,1,Rows,Removal,42,DUPLICATED,1.0,1.0,1.0,1.0,1.0,0.010316133499145508
42,1,Rows,Removal,43,DUPLICATED,1.0,1.0,1.0,1.0,1.0,0.010316133499145508
43,1,Rows,Removal,44,DUPLICATED,1.0,1.0,1.0,1.0,1.0,0.010316133499145508
44,1,Rows,Removal,45,DUPLICATED,1.0,1.0,1.0,1.0,1.0,0.010316133499145508
45,1,Rows,Removal,46,DUPLICATED,1.0,1.0,1.0,1.0,1.0,0.010316133499145508
46,1,Rows,Removal,47,DUPLICATED,1.0,1.0,1.0,1.0,1.0,0.010316133499145508
47,1,Rows,Removal,48,DUPLICATED,1.0,1.0,1.0,1.0,1.0,0.010316133499145508
48,1,Rows,Removal,49,DUPLICATED,1.0,1.0,1.0,1.0,1.0,0.010316133499145508
49,1,Rows,Removal,50,DUPLICATED,1.0,1.0,1.0,1.0,1.0,0.010316133499145508
50,1,Rows,Removal,51,DUPLICATED,1.0,1.0,1.0,1.0,1.0,0.010316133499145508
51,1,Rows,Removal,52,DUPLICATED,1.0,1.0,1.0,1.0,1.0,0.010316133499145508
52,1,Rows,Removal,53,DUPLICATED,1.0,1.0,1.0,1.0,1.0,0.010316133499145508
53,1,Rows,Removal,54,DUPLICATED,1.0,1.0,1.0,1.0,1.0,0.010316133499145508
54,1,Rows,Removal,55,DUPLICATED,1.0,1.0,1.0,1.0,1.0,0.010316133499145508
55,1,Rows,Removal,56,DUPLICATED,1.0,1.0,1.0,1.0,1.0,0.010316133499145508
56,1,Rows,Removal,57,DUPLICATED,1.0,1.0,1.0,1.0,1.0,0.010316133499145508
57,1,Rows,Removal,58,DUPLICATED,1.0,1.0,1.0,1.0,1.0,0.010316133499145508
58,1,Rows,Removal,59,DUPLICATED,1.0,1.0,1.0,1.0,1.0,0.010316133499145508
59,1,Rows,Removal,60,DUPLICATED,1.0,1.0,1.0,1.0,1.0,0.010316133499145508
60,1,Rows,Removal,61,DUPLICATED,1.0,1.0,1.0,1.0,1.0,0.010316133499145508
61,1,Rows,Removal,62,DUPLICATED,1.0,1.0,1.0,1.0,1.0,0.010316133499145508
62,1,Rows,Removal,63,DUPLICATED,1.0,1.0,1.0,1.0,1.0,0.010316133499145508
63,1,Rows,Removal,64,DUPLICATED,1.0,1.0,1.0,1.0,1.0,0.010316133499145508
64,1,Rows,Removal,65,DUPLICATED,1.0,1.0,1.0,1.0,1.0,0.010316133499145508
65,1,Rows,Removal,66,DUPLICATED,1.0,1.0,1.0,1.0,1.0,0.010316133499145508
66,1,Rows,Removal,67,DUPLICATED,1.0,1.0,1.0,1.0,1.0,0.010316133499145508
67,1,Rows,Removal,68,DUPLICATED,1.0,1.0,1.0,1.0,1.0,0.010316133499145508
68,1,Rows,Removal,69,DUPLICATED,1.0,1.0,1.0,1.0,1.0,0.010316133499145508
69,1,Rows,Removal,70,DUPLICATED,1.0,1.0,1.0,1.0,1.0,0.010316133499145508
70,1,Rows,Removal,71,DUPLICATED,1.0,1.0,1.0,1.0,1.0,0.010316133499145508
71,1,Rows,Removal,72,DUPLICATED,1.0,1.0,1.0,1.0,1.0,0.010316133499145508
72,1,Rows,Removal,73,DUPLICATED,1.0,1.0,1.0,1.0,1.0,0.010316133499145508
73,1,Rows,Removal,74,DUPLICATED,1.0,1.0,1.0,1.0,1.0,0.010316133499145508
74,1,Rows,Removal,75,DUPLICATED,1.0,1.0,1.0,1.0,1.0,0.010316133499145508
75,1,Rows,Removal,76,DUPLICATED,1.0,1.0,1.0,1.0,1.0,0.010316133499145508
76,1,Rows,Removal,77,DUPLICATED,1.0,1.0,1.0,1.0,1.0,0.010316133499145508
77,1,Rows,Removal,78,DUPLICATED,1.0,1.0,1.0,1.0,1.0,0.010316133499145508
78,1,Rows,Removal,79,DUPLICATED,1.0,1.0,1.0,1.0,1.0,0.010316133499145508
79,1,Rows,Removal,80,DUPLICATED,1.0,1.0,1.0,1.0,1.0,0.010316133499145508
80,1,Rows,Removal,81,DUPLICATED,1.0,1.0,1.0,1.0,1.0,0.010316133499145508
81,1,Rows,Removal,82,DUPLICATED,1.0,1.0,1.0,1.0,1.0,0.010316133499145508
82,1,Rows,Removal,83,DUPLICATED,1.0,1.0,1.0,1.0,1.0,0.010316133499145508
83,1,Rows,Removal,84,DUPLICATED,1.0,1.0,1.0,1.0,1.0,0.010316133499145508
84,1,Rows,Removal,85,DUPLICATED,1.0,1.0,1.0,1.0,1.0,0.010316133499145508
85,1,Rows,Removal,86,DUPLICATED,1.0,1.0,1.0,1.0,1.0,0.010316133499145508
86,1,Rows,Removal,87,DUPLICATED,1.0,1.0,1.0,1.0,1.0,0.010316133499145508
87,1,Rows,Removal,88,DUPLICATED,1.0,1.0,1.0,1.0,1.0,0.010316133499145508
88,1,Rows,Removal,89,DUPLICATED,1.0,1.0,1.0,1.0,1.0,0.010316133499145508
89,1,Rows,Removal,90,DUPLICATED,1.0,1.0,1.0,1.0,1.0,0.010316133499145508
90,1,Rows,Removal,91,DUPLICATED,1.0,1.0,1.0,1.0,1.0,0.010316133499145508
91,1,Rows,Removal,92,DUPLICATED,1.0,1.0,1.0,1.0,1.0,0.010316133499145508
92,1,Rows,Removal,93,DUPLICATED,1.0,1.0,1.0,1.0,1.0,0.010316133499145508
93,1,Rows,Removal,94,DUPLICATED,1.0,1.0,1.0,1.0,1.0,0.010316133499145508
94,1,Rows,Removal,95,DUPLICATED,1.0,1.0,1.0,1.0,1.0,0.010316133499145508
95,1,Rows,Removal,96,DUPLICATED,1.0,1.0,1.0,1.0,1.0,0.010316133499145508
96,1,Rows,Removal,97,DUPLICATED,1.0,1.0,1.0,1.0,1.0,0.010316133499145508
97,1,Rows,Removal,98,DUPLICATED,1.0,1.0,1.0,1.0,1.0,0.010316133499145508
98,1,Rows,Removal,99,DUPLICATED,1.0,1.0,1.0,1.0,1.0,0.010316133499145508
99,1,Rows,Removal,100,DUPLICATED,1.0,1.0,1.0,1.0,1.0,0.010316133499145508
100,1,Rows,Removal,101,DUPLICATED,1.0,1.0,1.0,1.0,1.0,0.010316133499145508
101,1,Rows,Removal,102,DUPLICATED,1.0,1.0,1.0,1.0,1.0,0.010316133499145508
102,1,Rows,Removal,103,DUPLICATED,1.0,1.0,1.0,1.0,1.0,0.010316133499145508
103,1,Rows,Removal,104,DUPLICATED,1.0,1.0,1.0,1.0,1.0,0.010316133499145508
104,1,Rows,Removal,105,DUPLICATED,1.0,1.0,1.0,1.0,1.0,0.010316133499145508
105,1,Rows,Removal,106,DUPLICATED,1.0,1.0,1.0,1.0,1.0,0.010316133499145508
106,1,Rows,Removal,107,DUPLICATED,1.0,1.0,1.0,1.0,1.0,0.010316133499145508
107,1,Rows,Removal,108,DUPLICATED,1.0,1.0,1.0,1.0,1.0,0.010316133499145508
108,1,Rows,Removal,109,DUPLICATED,1.0,1.0,1.0,1.0,1.0,0.010316133499145508
109,1,Rows,Removal,110,DUPLICATED,1.0,1.0,1.0,1.0,1.0,0.010316133499145508
110,1,Rows,Removal,111,DUPLICATED,1.0,1.0,1.0,1.0,1.0,0.010316133499145508
111,1,Rows,Removal,112,DUPLICATED,1.0,1.0,1.0,1.0,1.0,0.010316133499145508
112,1,Rows,Removal,113,DUPLICATED,1.0,1.0,1.0,1.0,1.0,0.010316133499145508
113,1,Rows,Removal,114,DUPLICATED,1.0,1.0,1.0,1.0,1.0,0.010316133499145508
114,1,Rows,Removal,115,DUPLICATED,1.0,1.0,1.0,1.0,1.0,0.010316133499145508
115,1,Rows,Removal,116,DUPLICATED,1.0,1.0,1.0,1.0,1.0,0.010316133499145508
116,1,Rows,Removal,117,DUPLICATED,1.0,1.0,1.0,1.0,1.0,0.010316133499145508
117,1,Rows,Removal,118,DUPLICATED,1.0,1.0,1.0,1.0,1.0,0.010316133499145508
118,1,Rows,Removal,119,DUPLICATED,1.0,1.0,1.0,1.0,1.0,0.010316133499145508
119,1,Rows,Removal,120,DUPLICATED,1.0,1.0,1.0,1.0,1.0,0.010316133499145508
120,1,Rows,Removal,121,DUPLICATED,1.0,1.0,1.0,1.0,1.0,0.010316133499145508
121,1,Rows,Removal,122,DUPLICATED,1.0,1.0,1.0,1.0,1.0,0.010316133499145508
122,1,Rows,Removal,123,DUPLICATED,1.0,1.0,1.0,1.0,1.0,0.010316133499145508
123,1,Rows,Removal,124,DUPLICATED,1.0,1.0,1.0,1.0,1.0,0.010316133499145508
124,1,Rows,Removal,125,DUPLICATED,1.0,1.0,1.0,1.0,1.0,0.010316133499145508
125,1,Rows,Removal,126,DUPLICATED,1.0,1.0,1.0,1.0,1.0,0.010316133499145508
126,1,Rows,Removal,127,DUPLICATED,1.0,1.0,1.0,1.0,1.0,0.010316133499145508
127,1,Rows,Removal,128,DUPLICATED,1.0,1.0,1.0,1.0,1.0,0.010316133499145508
128,1,Rows,Removal,129,DUPLICATED,1.0,1.0,1.0,1.0,1.0,0.010316133499145508
129,1,Rows,Removal,130,DUPLICATED,1.0,1.0,1.0,1.0,1.0,0.010316133499145508
130,1,Rows,Removal,131,DUPLICATED,1.0,1.0,1.0,1.0,1.0,0.010316133499145508
131,1,Rows,Removal,132,DUPLICATED,1.0,1.0,1.0,1.0,1.0,0.010316133499145508
132,1,Rows,Removal,133,DUPLICATED,1.0,1.0,1.0,1.0,1.0,0.010316133499145508
133,1,Rows,Removal,134,DUPLICATED,1.0,1.0,1.0,1.0,1.0,0.010316133499145508
134,1,Rows,Removal,135,DUPLICATED,1.0,1.0,1.0,1.0,1.0,0.010316133499145508
135,1,Rows,Removal,136,DUPLICATED,1.0,1.0,1.0,1.0,1.0,0.010316133499145508
136,1,Rows,Removal,137,DUPLICATED,1.0,1.0,1.0,1.0,1.0,0.010316133499145508
137,1,Rows,Removal,138,DUPLICATED,1.0,1.0,1.0,1.0,1.0,0.010316133499145508
138,1,Rows,Removal,139,DUPLICATED,1.0,1.0,1.0,1.0,1.0,0.010316133499145508
139,1,Rows,Removal,140,DUPLICATED,1.0,1.0,1.0,1.0,1.0,0.010316133499145508
140,1,Rows,Removal,141,DUPLICATED,1.0,1.0,1.0,1.0,1.0,0.010316133499145508
141,1,Rows,Removal,142,DUPLICATED,1.0,1.0,1.0,1.0,1.0,0.010316133499145508
142,1,Rows,Removal,143,DUPLICATED,1.0,1.0,1.0,1.0,1.0,0.010316133499145508
143,1,Rows,Removal,144,DUPLICATED,1.0,1.0,1.0,1.0,1.0,0.010316133499145508
144,1,Rows,Removal,145,DUPLICATED,1.0,1.0,1.0,1.0,1.0,0.010316133499145508
145,1,Rows,Removal,146,DUPLICATED,1.0,1.0,1.0,1.0,1.0,0.010316133499145508
146,1,Rows,Removal,147,DUPLICATED,1.0,1.0,1.0,1.0,1.0,0.010316133499145508
147,1,Rows,Removal,148,DUPLICATED,1.0,1.0,1.0,1.0,1.0,0.010316133499145508
148,1,Rows,Removal,149,DUPLICATED,1.0,1.0,1.0,1.0,1.0,0.010316133499145508
149,1,Rows,Removal,150,DUPLICATED,1.0,1.0,1.0,1.0,1.0,0.010316133499145508
150,1,Rows,Removal,151,DUPLICATED,1.0,1.0,1.0,1.0,1.0,0.010316133499145508
151,1,Rows,Removal,152,DUPLICATED,1.0,1.0,1.0,1.0,1.0,0.010316133499145508
152,1,Rows,Removal,153,DUPLICATED,1.0,1.0,1.0,1.0,1.0,0.010316133499145508
153,1,Rows,Removal,154,DUPLICATED,1.0,1.0,1.0,1.0,1.0,0.010316133499145508
154,1,Rows,Removal,155,DUPLICATED,1.0,1.0,1.0,1.0,1.0,0.010316133499145508
155,1,Rows,Removal,156,DUPLICATED,1.0,1.0,1.0,1.0,1.0,0.010316133499145508
156,1,Rows,Removal,157,DUPLICATED,1.0,1.0,1.0,1.0,1.0,0.010316133499145508
157,1,Rows,Removal,158,DUPLICATED,1.0,1.0,1.0,1.0,1.0,0.010316133499145508
158,1,Rows,Removal,159,DUPLICATED,1.0,1.0,1.0,1.0,1.0,0.010316133499145508
159,1,Rows,Removal,160,DUPLICATED,1.0,1.0,1.0,1.0,1.0,0.010316133499145508
160,1,Rows,Removal,161,DUPLICATED,1.0,1.0,1.0,1.0,1.0,0.010316133499145508
161,1,Rows,Removal,162,DUPLICATED,1.0,1.0,1.0,1.0,1.0,0.010316133499145508
162,1,Rows,Removal,163,DUPLICATED,1.0,1.0,1.0,1.0,1.0,0.010316133499145508
163,1,Rows,Removal,164,DUPLICATED,1.0,1.0,1.0,1.0,1.0,0.010316133499145508
164,1,Rows,Removal,165,DUPLICATED,1.0,1.0,1.0,1.0,1.0,0.010316133499145508
165,1,Rows,Removal,166,DUPLICATED,1.0,1.0,1.0,1.0,1.0,0.010316133499145508
166,1,Rows,Removal,167,DUPLICATED,1.0,1.0,1.0,1.0,1.0,0.010316133499145508
167,1,Rows,Removal,168,DUPLICATED,1.0,1.0,1.0,1.0,1.0,0.010316133499145508
168,1,Rows,Removal,169,DUPLICATED,1.0,1.0,1.0,1.0,1.0,0.010316133499145508
169,1,Rows,Removal,170,DUPLICATED,1.0,1.0,1.0,1.0,1.0,0.010316133499145508
170,1,Rows,Removal,171,DUPLICATED,1.0,1.0,1.0,1.0,1.0,0.010316133499145508
171,1,Rows,Removal,172,DUPLICATED,1.0,1.0,1.0,1.0,1.0,0.010316133499145508
172,1,Rows,Removal,173,DUPLICATED,1.0,1.0,1.0,1.0,1.0,0.010316133499145508
173,1,Rows,Removal,174,DUPLICATED,1.0,1.0,1.0,1.0,1.0,0.010316133499145508
174,1,Rows,Removal,175,DUPLICATED,1.0,1.0,1.0,1.0,1.0,0.010316133499145508
175,1,Rows,Removal,176,DUPLICATED,1.0,1.0,1.0,1.0,1.0,0.010316133499145508
176,1,Rows,Removal,177,DUPLICATED,1.0,1.0,1.0,1.0,1.0,0.010316133499145508
177,1,Rows,Removal,178,DUPLICATED,1.0,1.0,1.0,1.0,1.0,0.010316133499145508
178,1,Rows,Removal,179,DUPLICATED,1.0,1.0,1.0,1.0,1.0,0.010316133499145508
179,1,Rows,Removal,180,DUPLICATED,1.0,1.0,1.0,1.0,1.0,0.010316133499145508
180,1,Rows,Removal,181,DUPLICATED,1.0,1.0,1.0,1.0,1.0,0.010316133499145508
181,1,Rows,Removal,182,DUPLICATED,1.0,1.0,1.0,1.0,1.0,0.010316133499145508
182,1,Rows,Removal,183,DUPLICATED,1.0,1.0,1.0,1.0,1.0,0.010316133499145508
183,1,Rows,Removal,184,DUPLICATED,1.0,1.0,1.0,1.0,1.0,0.010316133499145508
184,1,Rows,Removal,185,DUPLICATED,1.0,1.0,1.0,1.0,1.0,0.010316133499145508
185,1,Rows,Removal,186,DUPLICATED,1.0,1.0,1.0,1.0,1.0,0.010316133499145508
186,1,Rows,Removal,187,DUPLICATED,1.0,1.0,1.0,1.0,1.0,0.010316133499145508
187,1,Rows,Removal,188,DUPLICATED,1.0,1.0,1.0,1.0,1.0,0.010316133499145508
188,1,Rows,Removal,189,DUPLICATED,1.0,1.0,1.0,1.0,1.0,0.010316133499145508
189,1,Rows,Removal,190,DUPLICATED,1.0,1.0,1.0,1.0,1.0,0.010316133499145508
190,1,Rows,Removal,191,DUPLICATED,1.0,1.0,1.0,1.0,1.0,0.010316133499145508
191,1,Rows,Removal,192,DUPLICATED,1.0,1.0,1.0,1.0,1.0,0.010316133499145508
192,1,Rows,Removal,193,DUPLICATED,1.0,1.0,1.0,1.0,1.0,0.010316133499145508
193,1,Rows,Removal,194,DUPLICATED,1.0,1.0,1.0,1.0,1.0,0.010316133499145508
194,1,Rows,Removal,195,DUPLICATED,1.0,1.0,1.0,1.0,1.0,0.010316133499145508
195,1,Rows,Removal,196,DUPLICATED,1.0,1.0,1.0,1.0,1.0,0.010316133499145508
196,1,Rows,Removal,197,DUPLICATED,1.0,1.0,1.0,1.0,1.0,0.010316133499145508
197,1,Rows,Removal,198,DUPLICATED,1.0,1.0,1.0,1.0,1.0,0.010316133499145508
198,1,Rows,Removal,199,DUPLICATED,1.0,1.0,1.0,1.0,1.0,0.010316133499145508
199,1,Rows,Removal,200,DUPLICATED,1.0,1.0,1.0,1.0,1.0,0.010316133499145508
200,1,Rows,Removal,201,DUPLICATED,1.0,1.0,1.0,1.0,1.0,0.010316133499145508
201,1,Rows,Removal,202,DUPLICATED,1.0,1.0,1.0,1.0,1.0,0.010316133499145508
202,1,Rows,Removal,203,DUPLICATED,1.0,1.0,1.0,1.0,1.0,0.010316133499145508
203,1,Rows,Removal,204,DUPLICATED,1.0,1.0,1.0,1.0,1.0,0.010316133499145508
204,1,Rows,Removal,205,DUPLICATED,1.0,1.0,1.0,1.0,1.0,0.010316133499145508
205,1,Rows,Removal,206,DUPLICATED,1.0,1.0,1.0,1.0,1.0,0.010316133499145508
206,1,Rows,Removal,207,DUPLICATED,1.0,1.0,1.0,1.0,1.0,0.010316133499145508
207,1,Rows,Removal,208,DUPLICATED,1.0,1.0,1.0,1.0,1.0,0.010316133499145508
208,1,Rows,Removal,209,DUPLICATED,1.0,1.0,1.0,1.0,1.0,0.010316133499145508
209,1,Rows,Removal,210,DUPLICATED,1.0,1.0,1.0,1.0,1.0,0.010316133499145508
210,1,Rows,Removal,211,DUPLICATED,1.0,1.0,1.0,1.0,1.0,0.010316133499145508
211,1,Rows,Removal,212,DUPLICATED,1.0,1.0,1.0,1.0,1.0,0.010316133499145508
212,1,Rows,Removal,213,DUPLICATED,1.0,1.0,1.0,1.0,1.0,0.010316133499145508
213,1,Rows,Removal,214,DUPLICATED,1.0,1.0,1.0,1.0,1.0,0.010316133499145508
214,1,Rows,Removal,215,DUPLICATED,1.0,1.0,1.0,1.0,1.0,0.010316133499145508
215,1,Rows,Removal,216,DUPLICATED,1.0,1.0,1.0,1.0,1.0,0.010316133499145508
216,1,Rows,Removal,217,DUPLICATED,1.0,1.0,1.0,1.0,1.0,0.010316133499145508
217,1,Rows,Removal,218,DUPLICATED,1.0,1.0,1.0,1.0,1.0,0.010316133499145508
218,1,Rows,Removal,219,DUPLICATED,1.0,1.0,1.0,1.0,1.0,0.010316133499145508
219,1,Rows,Removal,220,DUPLICATED,1.0,1.0,1.0,1.0,1.0,0.010316133499145508
220,1,Rows,Removal,221,DUPLICATED,1.0,1.0,1.0,1.0,1.0,0.010316133499145508
221,1,Rows,Removal,222,DUPLICATED,1.0,1.0,1.0,1.0,1.0,0.010316133499145508
222,1,Rows,Removal,223,DUPLICATED,1.0,1.0,1.0,1.0,1.0,0.010316133499145508
223,1,Rows,Removal,224,DUPLICATED,1.0,1.0,1.0,1.0,1.0,0.010316133499145508
224,1,Rows,Removal,225,DUPLICATED,1.0,1.0,1.0,1.0,1.0,0.010316133499145508
225,1,Rows,Removal,226,DUPLICATED,1.0,1.0,1.0,1.0,1.0,0.010316133499145508
226,1,Rows,Removal,227,DUPLICATED,1.0,1.0,1.0,1.0,1.0,0.010316133499145508
227,1,Rows,Removal,228,DUPLICATED,1.0,1.0,1.0,1.0,1.0,0.010316133499145508
228,1,Rows,Removal,229,DUPLICATED,1.0,1.0,1.0,1.0,1.0,0.010316133499145508
229,1,Rows,Removal,230,DUPLICATED,1.0,1.0,1.0,1.0,1.0,0.010316133499145508
230,1,Rows,Removal,231,DUPLICATED,1.0,1.0,1.0,1.0,1.0,0.010316133499145508
231,1,Rows,Removal,232,DUPLICATED,1.0,1.0,1.0,1.0,1.0,0.010316133499145508
232,1,Rows,Removal,233,DUPLICATED,1.0,1.0,1.0,1.0,1.0,0.010316133499145508
233,1,Rows,Removal,234,DUPLICATED,1.0,1.0,1.0,1.0,1.0,0.010316133499145508
234,1,Rows,Removal,235,DUPLICATED,1.0,1.0,1.0,1.0,1.0,0.010316133499145508
235,1,Rows,Removal,236,DUPLICATED,1.0,1.0,1.0,1.0,1.0,0.010316133499145508
236,1,Rows,Removal,237,DUPLICATED,1.0,1.0,1.0,1.0,1.0,0.010316133499145508
237,1,Rows,Removal,238,DUPLICATED,1.0,1.0,1.0,1.0,1.0,0.010316133499145508
238,1,Rows,Removal,239,DUPLICATED,1.0,1.0,1.0,1.0,1.0,0.010316133499145508
239,1,Rows,Removal,240,DUPLICATED,1.0,1.0,1.0,1.0,1.0,0.010316133499145508
240,1,Rows,Removal,241,DUPLICATED,1.0,1.0,1.0,1.0,1.0,0.010316133499145508
241,1,Rows,Removal,242,DUPLICATED,1.0,1.0,1.0,1.0,1.0,0.010316133499145508
242,1,Rows,Removal,243,DUPLICATED,1.0,1.0,1.0,1.0,1.0,0.010316133499145508
243,1,Rows,Removal,244,DUPLICATED,1.0,1.0,1.0,1.0,1.0,0.010316133499145508
244,1,Rows,Removal,245,DUPLICATED,1.0,1.0,1.0,1.0,1.0,0.010316133499145508
245,1,Rows,Removal,246,DUPLICATED,1.0,1.0,1.0,1.0,1.0,0.010316133499145508
246,1,Rows,Removal,247,DUPLICATED,1.0,1.0,1.0,1.0,1.0,0.010316133499145508
247,1,Rows,Removal,248,DUPLICATED,1.0,1.0,1.0,1.0,1.0,0.010316133499145508
248,1,Rows,Removal,249,DUPLICATED,1.0,1.0,1.0,1.0,1.0,0.010316133499145508
249,1,Rows,Removal,250,DUPLICATED,1.0,1.0,1.0,1.0,1.0,0.010316133499145508
250,1,Rows,Removal,251,DUPLICATED,1.0,1.0,1.0,1.0,1.0,0.010316133499145508
251,1,Rows,Removal,252,DUPLICATED,1.0,1.0,1.0,1.0,1.0,0.010316133499145508
252,1,Rows,Removal,253,DUPLICATED,1.0,1.0,1.0,1.0,1.0,0.010316133499145508
253,1,Rows,Removal,254,DUPLICATED,1.0,1.0,1.0,1.0,1.0,0.010316133499145508
254,1,Rows,Removal,255,DUPLICATED,1.0,1.0,1.0,1.0,1.0,0.010316133499145508
255,1,Rows,Removal,256,DUPLICATED,1.0,1.0,1.0,1.0,1.0,0.010316133499145508
256,1,Rows,Removal,257,DUPLICATED,1.0,1.0,1.0,1.0,1.0,0.010316133499145508
257,1,Rows,Removal,258,DUPLICATED,1.0,1.0,1.0,1.0,1.0,0.010316133499145508
258,1,Rows,Removal,259,DUPLICATED,1.0,1.0,1.0,1.0,1.0,0.010316133499145508
259,1,Rows,Removal,260,DUPLICATED,1.0,1.0,1.0,1.0,1.0,0.010316133499145508
260,1,Rows,Removal,261,DUPLICATED,1.0,1.0,1.0,1.0,1.0,0.010316133499145508
261,1,Rows,Removal,262,DUPLICATED,1.0,1.0,1.0,1.0,1.0,0.010316133499145508
262,1,Rows,Removal,263,DUPLICATED,1.0,1.0,1.0,1.0,1.0,0.010316133499145508
263,1,Rows,Removal,264,DUPLICATED,1.0,1.0,1.0,1.0,1.0,0.010316133499145508
264,1,Rows,Removal,265,DUPLICATED,1.0,1.0,1.0,1.0,1.0,0.010316133499145508
265,1,Rows,Removal,266,DUPLICATED,1.0,1.0,1.0,1.0,1.0,0.010316133499145508
266,1,Rows,Removal,267,DUPLICATED,1.0,1.0,1.0,1.0,1.0,0.010316133499145508
267,1,Rows,Removal,268,DUPLICATED,1.0,1.0,1.0,1.0,1.0,0.010316133499145508
268,1,Rows,Removal,269,DUPLICATED,1.0,1.0,1.0,1.0,1.0,0.010316133499145508
269,1,Rows,Removal,270,DUPLICATED,1.0,1.0,1.0,1.0,1.0,0.010316133499145508
270,1,Rows,Removal,271,DUPLICATED,1.0,1.0,1.0,1.0,1.0,0.010316133499145508
271,1,Rows,Removal,272,DUPLICATED,1.0,1.0,1.0,1.0,1.0,0.010316133499145508
272,1,Rows,Removal,273,DUPLICATED,1.0,1.0,1.0,1.0,1.0,0.010316133499145508
273,1,Rows,Removal,274,DUPLICATED,1.0,1.0,1.0,1.0,1.0,0.010316133499145508
274,1,Rows,Removal,275,DUPLICATED,1.0,1.0,1.0,1.0,1.0,0.010316133499145508
275,1,Rows,Removal,276,DUPLICATED,1.0,1.0,1.0,1.0,1.0,0.010316133499145508
276,1,Rows,Removal,277,DUPLICATED,1.0,1.0,1.0,1.0,1.0,0.010316133499145508
277,1,Rows,Removal,278,DUPLICATED,1.0,1.0,1.0,1.0,1.0,0.010316133499145508
278,1,Rows,Removal,279,DUPLICATED,1.0,1.0,1.0,1.0,1.0,0.010316133499145508
279,1,Rows,Removal,280,DUPLICATED,1.0,1.0,1.0,1.0,1.0,0.010316133499145508
280,1,Rows,Removal,281,DUPLICATED,1.0,1.0,1.0,1.0,1.0,0.010316133499145508
281,1,Rows,Removal,282,DUPLICATED,1.0,1.0,1.0,1.0,1.0,0.010316133499145508
282,1,Rows,Removal,283,DUPLICATED,1.0,1.0,1.0,1.0,1.0,0.010316133499145508
283,1,Rows,Removal,284,DUPLICATED,1.0,1.0,1.0,1.0,1.0,0.010316133499145508
284,1,Rows,Removal,285,DUPLICATED,1.0,1.0,1.0,1.0,1.0,0.010316133499145508
285,1,Rows,Removal,286,DUPLICATED,1.0,1.0,1.0,1.0,1.0,0.010316133499145508
286,1,Rows,Removal,287,DUPLICATED,1.0,1.0,1.0,1.0,1.0,0.010316133499145508
287,1,Rows,Removal,288,DUPLICATED,1.0,1.0,1.0,1.0,1.0,0.010316133499145508
288,1,Rows,Removal,289,DUPLICATED,1.0,1.0,1.0,1.0,1.0,0.010316133499145508
289,1,Rows,Removal,290,DUPLICATED,1.0,1.0,1.0,1.0,1.0,0.010316133499145508
290,1,Rows,Removal,291,DUPLICATED,1.0,1.0,1.0,1.0,1.0,0.010316133499145508
291,1,Rows,Removal,292,DUPLICATED,1.0,1.0,1.0,1.0,1.0,0.010316133499145508
292,1,Rows,Removal,293,DUPLICATED,1.0,1.0,1.0,1.0,1.0,0.010316133499145508
293,1,Rows,Removal,294,DUPLICATED,1.0,1.0,1.0,1.0,1.0,0.010316133499145508
294,1,Rows,Removal,295,DUPLICATED,1.0,1.0,1.0,1.0,1.0,0.010316133499145508
295,1,Rows,Removal,296,DUPLICATED,1.0,1.0,1.0,1.0,1.0,0.010316133499145508
296,1,Rows,Removal,297,DUPLICATED,1.0,1.0,1.0,1.0,1.0,0.010316133499145508
297,1,Rows,Removal,298,DUPLICATED,1.0,1.0,1.0,1.0,1.0,0.010316133499145508
298,1,Rows,Removal,299,DUPLICATED,1.0,1.0,1.0,1.0,1.0,0.010316133499145508
299,1,Rows,Removal,300,DUPLICATED,1.0,1.0,1.0,1.0,1.0,0.010316133499145508
300,1,Rows,Removal,301,DUPLICATED,1.0,1.0,1.0,1.0,1.0,0.010316133499145508
301,1,Rows,Removal,302,DUPLICATED,1.0,1.0,1.0,1.0,1.0,0.010316133499145508
302,1,Rows,Removal,303,DUPLICATED,1.0,1.0,1.0,1.0,1.0,0.010316133499145508
303,1,Rows,Removal,304,DUPLICATED,1.0,1.0,1.0,1.0,1.0,0.010316133499145508
304,1,Rows,Removal,305,DUPLICATED,1.0,1.0,1.0,1.0,1.0,0.010316133499145508
305,1,Rows,Removal,306,DUPLICATED,1.0,1.0,1.0,1.0,1.0,0.010316133499145508
306,1,Rows,Removal,307,DUPLICATED,1.0,1.0,1.0,1.0,1.0,0.010316133499145508
307,1,Rows,Removal,308,DUPLICATED,1.0,1.0,1.0,1.0,1.0,0.010316133499145508
308,1,Rows,Removal,309,DUPLICATED,1.0,1.0,1.0,1.0,1.0,0.010316133499145508
309,1,Rows,Removal,310,DUPLICATED,1.0,1.0,1.0,1.0,1.0,0.010316133499145508
310,1,Rows,Removal,311,DUPLICATED,1.0,1.0,1.0,1.0,1.0,0.010316133499145508
311,1,Rows,Removal,312,DUPLICATED,1.0,1.0,1.0,1.0,1.0,0.010316133499145508
312,1,Rows,Removal,313,DUPLICATED,1.0,1.0,1.0,1.0,1.0,0.010316133499145508
313,1,Rows,Removal,314,DUPLICATED,1.0,1.0,1.0,1.0,1.0,0.010316133499145508
314,1,Rows,Removal,315,DUPLICATED,1.0,1.0,1.0,1.0,1.0,0.010316133499145508
315,1,Rows,Removal,316,DUPLICATED,1.0,1.0,1.0,1.0,1.0,0.010316133499145508
316,1,Rows,Removal,317,DUPLICATED,1.0,1.0,1.0,1.0,1.0,0.010316133499145508
317,1,Rows,Removal,318,DUPLICATED,1.0,1.0,1.0,1.0,1.0,0.010316133499145508
318,1,Rows,Removal,319,DUPLICATED,1.0,1.0,1.0,1.0,1.0,0.010316133499145508
319,1,Rows,Removal,320,DUPLICATED,1.0,1.0,1.0,1.0,1.0,0.010316133499145508
320,1,Rows,Removal,321,DUPLICATED,1.0,1.0,1.0,1.0,1.0,0.010316133499145508
321,1,Rows,Removal,322,DUPLICATED,1.0,1.0,1.0,1.0,1.0,0.010316133499145508
322,1,Rows,Removal,323,DUPLICATED,1.0,1.0,1.0,1.0,1.0,0.010316133499145508
323,1,Rows,Removal,324,DUPLICATED,1.0,1.0,1.0,1.0,1.0,0.010316133499145508
324,1,Rows,Removal,325,DUPLICATED,1.0,1.0,1.0,1.0,1.0,0.010316133499145508
325,1,Rows,Removal,326,DUPLICATED,1.0,1.0,1.0,1.0,1.0,0.010316133499145508
326,1,Rows,Removal,327,DUPLICATED,1.0,1.0,1.0,1.0,1.0,0.010316133499145508
327,1,Rows,Removal,328,DUPLICATED,1.0,1.0,1.0,1.0,1.0,0.010316133499145508
328,1,Rows,Removal,329,DUPLICATED,1.0,1.0,1.0,1.0,1.0,0.010316133499145508
329,1,Rows,Removal,330,DUPLICATED,1.0,1.0,1.0,1.0,1.0,0.010316133499145508
330,1,Rows,Removal,331,DUPLICATED,1.0,1.0,1.0,1.0,1.0,0.010316133499145508
331,1,Rows,Removal,332,DUPLICATED,1.0,1.0,1.0,1.0,1.0,0.010316133499145508
332,1,Rows,Removal,333,DUPLICATED,1.0,1.0,1.0,1.0,1.0,0.010316133499145508
333,1,Rows,Removal,334,DUPLICATED,1.0,1.0,1.0,1.0,1.0,0.010316133499145508
334,1,Rows,Removal,335,DUPLICATED,1.0,1.0,1.0,1.0,1.0,0.010316133499145508
335,1,Rows,Removal,336,DUPLICATED,1.0,1.0,1.0,1.0,1.0,0.010316133499145508
336,1,Rows,Removal,337,DUPLICATED,1.0,1.0,1.0,1.0,1.0,0.010316133499145508
337,1,Rows,Removal,338,DUPLICATED,1.0,1.0,1.0,1.0,1.0,0.010316133499145508
338,1,Rows,Removal,339,DUPLICATED,1.0,1.0,1.0,1.0,1.0,0.010316133499145508
339,1,Rows,Removal,340,DUPLICATED,1.0,1.0,1.0,1.0,1.0,0.010316133499145508
340,1,Rows,Removal,341,DUPLICATED,1.0,1.0,1.0,1.0,1.0,0.010316133499145508
341,1,Rows,Removal,342,DUPLICATED,1.0,1.0,1.0,1.0,1.0,0.010316133499145508
342,1,Rows,Removal,343,DUPLICATED,1.0,1.0,1.0,1.0,1.0,0.010316133499145508
343,1,Rows,Removal,344,DUPLICATED,1.0,1.0,1.0,1.0,1.0,0.010316133499145508
344,1,Rows,Removal,345,DUPLICATED,1.0,1.0,1.0,1.0,1.0,0.010316133499145508
345,1,Rows,Removal,346,DUPLICATED,1.0,1.0,1.0,1.0,1.0,0.010316133499145508
346,1,Rows,Removal,347,DUPLICATED,1.0,1.0,1.0,1.0,1.0,0.010316133499145508
347,1,Rows,Removal,348,DUPLICATED,1.0,1.0,1.0,1.0,1.0,0.010316133499145508
348,1,Rows,Removal,349,DUPLICATED,1.0,1.0,1.0,1.0,1.0,0.010316133499145508
349,1,Rows,Removal,350,DUPLICATED,1.0,1.0,1.0,1.0,1.0,0.010316133499145508
350,1,Rows,Removal,351,DUPLICATED,1.0,1.0,1.0,1.0,1.0,0.010316133499145508
351,1,Rows,Removal,352,DUPLICATED,1.0,1.0,1.0,1.0,1.0,0.010316133499145508
352,1,Rows,Removal,353,DUPLICATED,1.0,1.0,1.0,1.0,1.0,0.010316133499145508
353,1,Rows,Removal,354,DUPLICATED,1.0,1.0,1.0,1.0,1.0,0.010316133499145508
354,1,Rows,Removal,355,DUPLICATED,1.0,1.0,1.0,1.0,1.0,0.010316133499145508
355,1,Rows,Removal,356,DUPLICATED,1.0,1.0,1.0,1.0,1.0,0.010316133499145508
356,1,Rows,Removal,357,DUPLICATED,1.0,1.0,1.0,1.0,1.0,0.010316133499145508
357,1,Rows,Removal,358,DUPLICATED,1.0,1.0,1.0,1.0,1.0,0.010316133499145508
358,1,Rows,Removal,359,DUPLICATED,1.0,1.0,1.0,1.0,1.0,0.010316133499145508
359,1,Rows,Removal,360,DUPLICATED,1.0,1.0,1.0,1.0,1.0,0.010316133499145508
360,1,Rows,Removal,361,DUPLICATED,1.0,1.0,1.0,1.0,1.0,0.010316133499145508
361,1,Rows,Removal,362,DUPLICATED,1.0,1.0,1.0,1.0,1.0,0.010316133499145508
362,1,Rows,Removal,363,DUPLICATED,1.0,1.0,1.0,1.0,1.0,0.010316133499145508
363,1,Rows,Removal,364,DUPLICATED,1.0,1.0,1.0,1.0,1.0,0.010316133499145508
364,1,Rows,Removal,365,DUPLICATED,1.0,1.0,1.0,1.0,1.0,0.010316133499145508
365,1,Rows,Removal,366,DUPLICATED,1.0,1.0,1.0,1.0,1.0,0.010316133499145508
366,1,Rows,Removal,367,DUPLICATED,1.0,1.0,1.0,1.0,1.0,0.010316133499145508
367,1,Rows,Removal,368,DUPLICATED,1.0,1.0,1.0,1.0,1.0,0.010316133499145508
368,1,Rows,Removal,369,DUPLICATED,1.0,1.0,1.0,1.0,1.0,0.010316133499145508
369,1,Rows,Removal,370,DUPLICATED,1.0,1.0,1.0,1.0,1.0,0.010316133499145508
370,1,Rows,Removal,371,DUPLICATED,1.0,1.0,1.0,1.0,1.0,0.010316133499145508
371,1,Rows,Removal,372,DUPLICATED,1.0,1.0,1.0,1.0,1.0,0.010316133499145508
372,1,Rows,Removal,373,DUPLICATED,1.0,1.0,1.0,1.0,1.0,0.010316133499145508
373,1,Rows,Removal,374,DUPLICATED,1.0,1.0,1.0,1.0,1.0,0.010316133499145508
374,1,Rows,Removal,375,DUPLICATED,1.0,1.0,1.0,1.0,1.0,0.010316133499145508
375,1,Rows,Removal,376,DUPLICATED,1.0,1.0,1.0,1.0,1.0,0.010316133499145508
376,1,Rows,Removal,377,DUPLICATED,1.0,1.0,1.0,1.0,1.0,0.010316133499145508
377,1,Rows,Removal,378,DUPLICATED,1.0,1.0,1.0,1.0,1.0,0.010316133499145508
378,1,Rows,Removal,379,DUPLICATED,1.0,1.0,1.0,1.0,1.0,0.010316133499145508
379,1,Rows,Removal,380,DUPLICATED,1.0,1.0,1.0,1.0,1.0,0.010316133499145508
380,1,Rows,Removal,381,DUPLICATED,1.0,1.0,1.0,1.0,1.0,0.010316133499145508
381,1,Rows,Removal,382,DUPLICATED,1.0,1.0,1.0,1.0,1.0,0.010316133499145508
382,1,Rows,Removal,383,DUPLICATED,1.0,1.0,1.0,1.0,1.0,0.010316133499145508
383,1,Rows,Removal,384,DUPLICATED,1.0,1.0,1.0,1.0,1.0,0.010316133499145508
384,1,Rows,Removal,385,DUPLICATED,1.0,1.0,1.0,1.0,1.0,0.010316133499145508
385,1,Rows,Removal,386,DUPLICATED,1.0,1.0,1.0,1.0,1.0,0.010316133499145508
386,1,Rows,Removal,387,DUPLICATED,1.0,1.0,1.0,1.0,1.0,0.010316133499145508
387,1,Rows,Removal,388,DUPLICATED,1.0,1.0,1.0,1.0,1.0,0.010316133499145508
388,1,Rows,Removal,389,DUPLICATED,1.0,1.0,1.0,1.0,1.0,0.010316133499145508
389,1,Rows,Removal,390,DUPLICATED,1.0,1.0,1.0,1.0,1.0,0.010316133499145508
390,1,Rows,Removal,391,DUPLICATED,1.0,1.0,1.0,1.0,1.0,0.010316133499145508
391,1,Rows,Removal,392,DUPLICATED,1.0,1.0,1.0,1.0,1.0,0.010316133499145508
392,1,Rows,Removal,393,DUPLICATED,1.0,1.0,1.0,1.0,1.0,0.010316133499145508
393,1,Rows,Removal,394,DUPLICATED,1.0,1.0,1.0,1.0,1.0,0.010316133499145508
394,1,Rows,Removal,395,DUPLICATED,1.0,1.0,1.0,1.0,1.0,0.010316133499145508
395,1,Rows,Removal,396,DUPLICATED,1.0,1.0,1.0,1.0,1.0,0.010316133499145508
396,1,Rows,Removal,397,DUPLICATED,1.0,1.0,1.0,1.0,1.0,0.010316133499145508
397,1,Rows,Removal,398,DUPLICATED,1.0,1.0,1.0,1.0,1.0,0.010316133499145508
398,1,Rows,Removal,399,DUPLICATED,1.0,1.0,1.0,1.0,1.0,0.010316133499145508
399,1,Rows,Removal,400,DUPLICATED,1.0,1.0,1.0,1.0,1.0,0.010316133499145508
400,1,Rows,Removal,401,DUPLICATED,1.0,1.0,1.0,1.0,1.0,0.010316133499145508
401,1,Rows,Removal,402,DUPLICATED,1.0,1.0,1.0,1.0,1.0,0.010316133499145508
402,1,Rows,Removal,403,DUPLICATED,1.0,1.0,1.0,1.0,1.0,0.010316133499145508
403,1,Rows,Removal,404,DUPLICATED,1.0,1.0,1.0,1.0,1.0,0.010316133499145508
404,1,Rows,Removal,405,DUPLICATED,1.0,1.0,1.0,1.0,1.0,0.010316133499145508
405,1,Rows,Removal,406,DUPLICATED,1.0,1.0,1.0,1.0,1.0,0.010316133499145508
406,1,Rows,Removal,407,DUPLICATED,1.0,1.0,1.0,1.0,1.0,0.010316133499145508
407,1,Rows,Removal,408,DUPLICATED,1.0,1.0,1.0,1.0,1.0,0.010316133499145508
408,1,Rows,Removal,409,DUPLICATED,1.0,1.0,1.0,1.0,1.0,0.010316133499145508
409,1,Rows,Removal,410,DUPLICATED,1.0,1.0,1.0,1.0,1.0,0.010316133499145508
410,1,Rows,Removal,411,DUPLICATED,1.0,1.0,1.0,1.0,1.0,0.010316133499145508
411,1,Rows,Removal,412,DUPLICATED,1.0,1.0,1.0,1.0,1.0,0.010316133499145508
412,1,Rows,Removal,413,DUPLICATED,1.0,1.0,1.0,1.0,1.0,0.010316133499145508
413,1,Rows,Removal,414,DUPLICATED,1.0,1.0,1.0,1.0,1.0,0.010316133499145508
414,1,Rows,Removal,415,DUPLICATED,1.0,1.0,1.0,1.0,1.0,0.010316133499145508
415,1,Rows,Removal,416,DUPLICATED,1.0,1.0,1.0,1.0,1.0,0.010316133499145508
416,1,Rows,Removal,417,DUPLICATED,1.0,1.0,1.0,1.0,1.0,0.010316133499145508
417,1,Rows,Removal,418,DUPLICATED,1.0,1.0,1.0,1.0,1.0,0.010316133499145508
418,1,Rows,Removal,419,DUPLICATED,1.0,1.0,1.0,1.0,1.0,0.010316133499145508
419,1,Rows,Removal,420,DUPLICATED,1.0,1.0,1.0,1.0,1.0,0.010316133499145508
420,1,Rows,Removal,421,DUPLICATED,1.0,1.0,1.0,1.0,1.0,0.010316133499145508
421,1,Rows,Removal,422,DUPLICATED,1.0,1.0,1.0,1.0,1.0,0.010316133499145508
422,1,Rows,Removal,423,DUPLICATED,1.0,1.0,1.0,1.0,1.0,0.010316133499145508
423,1,Rows,Removal,424,DUPLICATED,1.0,1.0,1.0,1.0,1.0,0.010316133499145508
424,1,Rows,Removal,425,DUPLICATED,1.0,1.0,1.0,1.0,1.0,0.010316133499145508
425,1,Rows,Removal,426,DUPLICATED,1.0,1.0,1.0,1.0,1.0,0.010316133499145508
426,1,Rows,Removal,427,DUPLICATED,1.0,1.0,1.0,1.0,1.0,0.010316133499145508
427,1,Rows,Removal,428,DUPLICATED,1.0,1.0,1.0,1.0,1.0,0.010316133499145508
428,1,Rows,Removal,429,DUPLICATED,1.0,1.0,1.0,1.0,1.0,0.010316133499145508
429,1,Rows,Removal,430,DUPLICATED,1.0,1.0,1.0,1.0,1.0,0.010316133499145508
430,1,Rows,Removal,431,DUPLICATED,1.0,1.0,1.0,1.0,1.0,0.010316133499145508
431,1,Rows,Removal,432,DUPLICATED,1.0,1.0,1.0,1.0,1.0,0.010316133499145508
432,1,Rows,Removal,433,DUPLICATED,1.0,1.0,1.0,1.0,1.0,0.010316133499145508
433,1,Rows,Removal,434,DUPLICATED,1.0,1.0,1.0,1.0,1.0,0.010316133499145508
434,1,Rows,Removal,435,DUPLICATED,1.0,1.0,1.0,1.0,1.0,0.010316133499145508
435,1,Rows,Removal,436,DUPLICATED,1.0,1.0,1.0,1.0,1.0,0.010316133499145508
436,1,Rows,Removal,437,DUPLICATED,1.0,1.0,1.0,1.0,1.0,0.010316133499145508
437,1,Rows,Removal,438,DUPLICATED,1.0,1.0,1.0,1.0,1.0,0.010316133499145508
438,1,Rows,Removal,439,DUPLICATED,1.0,1.0,1.0,1.0,1.0,0.010316133499145508
439,1,Rows,Removal,440,DUPLICATED,1.0,1.0,1.0,1.0,1.0,0.010316133499145508
440,1,Rows,Removal,441,DUPLICATED,1.0,1.0,1.0,1.0,1.0,0.010316133499145508
441,1,Rows,Removal,442,DUPLICATED,1.0,1.0,1.0,1.0,1.0,0.010316133499145508
442,1,Rows,Removal,443,DUPLICATED,1.0,1.0,1.0,1.0,1.0,0.010316133499145508
443,1,Rows,Removal,444,DUPLICATED,1.0,1.0,1.0,1.0,1.0,0.010316133499145508
444,1,Rows,Removal,445,DUPLICATED,1.0,1.0,1.0,1.0,1.0,0.010316133499145508
445,1,Rows,Removal,446,DUPLICATED,1.0,1.0,1.0,1.0,1.0,0.010316133499145508
446,1,Rows,Removal,447,DUPLICATED,1.0,1.0,1.0,1.0,1.0,0.010316133499145508
447,1,Rows,Removal,448,DUPLICATED,1.0,1.0,1.0,1.0,1.0,0.010316133499145508
448,1,Rows,Removal,449,DUPLICATED,1.0,1.0,1.0,1.0,1.0,0.010316133499145508
449,1,Rows,Removal,450,DUPLICATED,1.0,1.0,1.0,1.0,1.0,0.010316133499145508
450,1,Rows,Removal,451,DUPLICATED,1.0,1.0,1.0,1.0,1.0,0.010316133499145508
451,1,Rows,Removal,452,DUPLICATED,1.0,1.0,1.0,1.0,1.0,0.010316133499145508
452,1,Rows,Removal,453,DUPLICATED,1.0,1.0,1.0,1.0,1.0,0.010316133499145508
453,1,Rows,Removal,454,DUPLICATED,1.0,1.0,1.0,1.0,1.0,0.010316133499145508
454,1,Rows,Removal,455,DUPLICATED,1.0,1.0,1.0,1.0,1.0,0.010316133499145508
455,1,Rows,Removal,456,DUPLICATED,1.0,1.0,1.0,1.0,1.0,0.010316133499145508
456,1,Rows,Removal,457,DUPLICATED,1.0,1.0,1.0,1.0,1.0,0.010316133499145508
457,1,Rows,Removal,458,DUPLICATED,1.0,1.0,1.0,1.0,1.0,0.010316133499145508
458,1,Rows,Removal,459,DUPLICATED,1.0,1.0,1.0,1.0,1.0,0.010316133499145508
459,1,Rows,Removal,460,DUPLICATED,1.0,1.0,1.0,1.0,1.0,0.010316133499145508
460,1,Rows,Removal,461,DUPLICATED,1.0,1.0,1.0,1.0,1.0,0.010316133499145508
461,1,Rows,Removal,462,DUPLICATED,1.0,1.0,1.0,1.0,1.0,0.010316133499145508
462,1,Rows,Removal,463,DUPLICATED,1.0,1.0,1.0,1.0,1.0,0.010316133499145508
463,1,Rows,Removal,464,DUPLICATED,1.0,1.0,1.0,1.0,1.0,0.010316133499145508
464,1,Rows,Removal,465,DUPLICATED,1.0,1.0,1.0,1.0,1.0,0.010316133499145508
465,1,Rows,Removal,466,DUPLICATED,1.0,1.0,1.0,1.0,1.0,0.010316133499145508
466,1,Rows,Removal,467,DUPLICATED,1.0,1.0,1.0,1.0,1.0,0.010316133499145508
467,1,Rows,Removal,468,DUPLICATED,1.0,1.0,1.0,1.0,1.0,0.010316133499145508
468,1,Rows,Removal,469,DUPLICATED,1.0,1.0,1.0,1.0,1.0,0.010316133499145508
469,1,Rows,Removal,470,DUPLICATED,1.0,1.0,1.0,1.0,1.0,0.010316133499145508
470,1,Rows,Removal,471,DUPLICATED,1.0,1.0,1.0,1.0,1.0,0.010316133499145508
471,1,Rows,Removal,472,DUPLICATED,1.0,1.0,1.0,1.0,1.0,0.010316133499145508
472,1,Rows,Removal,473,DUPLICATED,1.0,1.0,1.0,1.0,1.0,0.010316133499145508
473,1,Rows,Removal,474,DUPLICATED,1.0,1.0,1.0,1.0,1.0,0.010316133499145508
474,1,Rows,Removal,475,DUPLICATED,1.0,1.0,1.0,1.0,1.0,0.010316133499145508
475,1,Rows,Removal,476,DUPLICATED,1.0,1.0,1.0,1.0,1.0,0.010316133499145508
476,1,Rows,Removal,477,DUPLICATED,1.0,1.0,1.0,1.0,1.0,0.010316133499145508
477,1,Rows,Removal,478,DUPLICATED,1.0,1.0,1.0,1.0,1.0,0.010316133499145508
478,1,Rows,Removal,479,DUPLICATED,1.0,1.0,1.0,1.0,1.0,0.010316133499145508
479,1,Rows,Removal,480,DUPLICATED,1.0,1.0,1.0,1.0,1.0,0.010316133499145508
480,1,Rows,Removal,481,DUPLICATED,1.0,1.0,1.0,1.0,1.0,0.010316133499145508
481,1,Rows,Removal,482,DUPLICATED,1.0,1.0,1.0,1.0,1.0,0.010316133499145508
482,1,Rows,Removal,483,DUPLICATED,1.0,1.0,1.0,1.0,1.0,0.010316133499145508
483,1,Rows,Removal,484,DUPLICATED,1.0,1.0,1.0,1.0,1.0,0.010316133499145508
484,1,Rows,Removal,485,DUPLICATED,1.0,1.0,1.0,1.0,1.0,0.010316133499145508
485,1,Rows,Removal,486,DUPLICATED,1.0,1.0,1.0,1.0,1.0,0.010316133499145508
486,1,Rows,Removal,487,DUPLICATED,1.0,1.0,1.0,1.0,1.0,0.010316133499145508
487,1,Rows,Removal,488,DUPLICATED,1.0,1.0,1.0,1.0,1.0,0.010316133499145508
488,1,Rows,Removal,489,DUPLICATED,1.0,1.0,1.0,1.0,1.0,0.010316133499145508
489,1,Rows,Removal,490,DUPLICATED,1.0,1.0,1.0,1.0,1.0,0.010316133499145508
490,1,Rows,Removal,491,DUPLICATED,1.0,1.0,1.0,1.0,1.0,0.010316133499145508
491,1,Rows,Removal,492,DUPLICATED,1.0,1.0,1.0,1.0,1.0,0.010316133499145508
492,1,Rows,Removal,493,DUPLICATED,1.0,1.0,1.0,1.0,1.0,0.010316133499145508
493,1,Rows,Removal,494,DUPLICATED,1.0,1.0,1.0,1.0,1.0,0.010316133499145508
494,1,Rows,Removal,495,DUPLICATED,1.0,1.0,1.0,1.0,1.0,0.010316133499145508
495,1,Rows,Removal,496,DUPLICATED,1.0,1.0,1.0,1.0,1.0,0.010316133499145508
496,1,Rows,Removal,497,DUPLICATED,1.0,1.0,1.0,1.0,1.0,0.010316133499145508
497,1,Rows,Removal,498,DUPLICATED,1.0,1.0,1.0,1.0,1.0,0.010316133499145508
498,1,Rows,Removal,499,DUPLICATED,1.0,1.0,1.0,1.0,1.0,0.010316133499145508
499,1,Rows,Removal,500,DUPLICATED,1.0,1.0,1.0,1.0,1.0,0.010316133499145508
500,1,Rows,Removal,501,DUPLICATED,1.0,1.0,1.0,1.0,1.0,0.010316133499145508
501,1,Rows,Removal,502,DUPLICATED,1.0,1.0,1.0,1.0,1.0,0.010316133499145508
502,1,Rows,Removal,503,DUPLICATED,1.0,1.0,1.0,1.0,1.0,0.010316133499145508
503,1,Rows,Removal,504,DUPLICATED,1.0,1.0,1.0,1.0,1.0,0.010316133499145508
504,1,Rows,Removal,505,DUPLICATED,1.0,1.0,1.0,1.0,1.0,0.010316133499145508
505,1,Rows,Removal,506,DUPLICATED,1.0,1.0,1.0,1.0,1.0,0.010316133499145508
506,1,Rows,Removal,507,DUPLICATED,1.0,1.0,1.0,1.0,1.0,0.010316133499145508
507,1,Rows,Removal,508,DUPLICATED,1.0,1.0,1.0,1.0,1.0,0.010316133499145508
508,1,Rows,Removal,509,DUPLICATED,1.0,1.0,1.0,1.0,1.0,0.010316133499145508
509,1,Rows,Removal,510,DUPLICATED,1.0,1.0,1.0,1.0,1.0,0.010316133499145508
510,1,Rows,Removal,511,DUPLICATED,1.0,1.0,1.0,1.0,1.0,0.010316133499145508
511,1,Rows,Removal,512,DUPLICATED,1.0,1.0,1.0,1.0,1.0,0.010316133499145508
512,1,Rows,Removal,513,DUPLICATED,1.0,1.0,1.0,1.0,1.0,0.010316133499145508
513,1,Rows,Removal,514,DUPLICATED,1.0,1.0,1.0,1.0,1.0,0.010316133499145508
514,1,Rows,Removal,515,DUPLICATED,1.0,1.0,1.0,1.0,1.0,0.010316133499145508
515,1,Rows,Removal,516,DUPLICATED,1.0,1.0,1.0,1.0,1.0,0.010316133499145508
516,1,Rows,Removal,517,DUPLICATED,1.0,1.0,1.0,1.0,1.0,0.010316133499145508
517,1,Rows,Removal,518,DUPLICATED,1.0,1.0,1.0,1.0,1.0,0.010316133499145508
518,1,Rows,Removal,519,DUPLICATED,1.0,1.0,1.0,1.0,1.0,0.010316133499145508
519,1,Rows,Removal,520,DUPLICATED,1.0,1.0,1.0,1.0,1.0,0.010316133499145508
520,1,Rows,Removal,521,DUPLICATED,1.0,1.0,1.0,1.0,1.0,0.010316133499145508
521,1,Rows,Removal,522,DUPLICATED,1.0,1.0,1.0,1.0,1.0,0.010316133499145508
522,1,Rows,Removal,523,DUPLICATED,1.0,1.0,1.0,1.0,1.0,0.010316133499145508
523,1,Rows,Removal,524,DUPLICATED,1.0,1.0,1.0,1.0,1.0,0.010316133499145508
524,1,Rows,Removal,525,DUPLICATED,1.0,1.0,1.0,1.0,1.0,0.010316133499145508
525,1,Rows,Removal,526,DUPLICATED,1.0,1.0,1.0,1.0,1.0,0.010316133499145508
526,1,Rows,Removal,527,DUPLICATED,1.0,1.0,1.0,1.0,1.0,0.010316133499145508
527,1,Rows,Removal,528,DUPLICATED,1.0,1.0,1.0,1.0,1.0,0.010316133499145508
528,1,Rows,Removal,529,DUPLICATED,1.0,1.0,1.0,1.0,1.0,0.010316133499145508
529,1,Rows,Removal,530,DUPLICATED,1.0,1.0,1.0,1.0,1.0,0.010316133499145508
530,1,Rows,Removal,531,DUPLICATED,1.0,1.0,1.0,1.0,1.0,0.010316133499145508
531,1,Rows,Removal,532,DUPLICATED,1.0,1.0,1.0,1.0,1.0,0.010316133499145508
532,1,Rows,Removal,533,DUPLICATED,1.0,1.0,1.0,1.0,1.0,0.010316133499145508
533,1,Rows,Removal,534,DUPLICATED,1.0,1.0,1.0,1.0,1.0,0.010316133499145508
534,1,Rows,Removal,535,DUPLICATED,1.0,1.0,1.0,1.0,1.0,0.010316133499145508
535,1,Rows,Removal,536,DUPLICATED,1.0,1.0,1.0,1.0,1.0,0.010316133499145508
536,1,Rows,Removal,537,DUPLICATED,1.0,1.0,1.0,1.0,1.0,0.010316133499145508
537,1,Rows,Removal,538,DUPLICATED,1.0,1.0,1.0,1.0,1.0,0.010316133499145508
538,1,Rows,Removal,539,DUPLICATED,1.0,1.0,1.0,1.0,1.0,0.010316133499145508
539,1,Rows,Removal,540,DUPLICATED,1.0,1.0,1.0,1.0,1.0,0.010316133499145508
540,1,Rows,Removal,541,DUPLICATED,1.0,1.0,1.0,1.0,1.0,0.010316133499145508
541,1,Rows,Removal,542,DUPLICATED,1.0,1.0,1.0,1.0,1.0,0.010316133499145508
542,1,Rows,Removal,543,DUPLICATED,1.0,1.0,1.0,1.0,1.0,0.010316133499145508
543,1,Rows,Removal,544,DUPLICATED,1.0,1.0,1.0,1.0,1.0,0.010316133499145508
544,1,Rows,Removal,545,DUPLICATED,1.0,1.0,1.0,1.0,1.0,0.010316133499145508
545,1,Rows,Removal,546,DUPLICATED,1.0,1.0,1.0,1.0,1.0,0.010316133499145508
546,1,Rows,Removal,547,DUPLICATED,1.0,1.0,1.0,1.0,1.0,0.010316133499145508
547,1,Rows,Removal,548,DUPLICATED,1.0,1.0,1.0,1.0,1.0,0.010316133499145508
548,1,Rows,Removal,549,DUPLICATED,1.0,1.0,1.0,1.0,1.0,0.010316133499145508
549,1,Rows,Removal,550,DUPLICATED,1.0,1.0,1.0,1.0,1.0,0.010316133499145508
550,1,Rows,Removal,551,DUPLICATED,1.0,1.0,1.0,1.0,1.0,0.010316133499145508
551,1,Rows,Removal,552,DUPLICATED,1.0,1.0,1.0,1.0,1.0,0.010316133499145508
552,1,Rows,Removal,553,DUPLICATED,1.0,1.0,1.0,1.0,1.0,0.010316133499145508
553,1,Rows,Removal,554,DUPLICATED,1.0,1.0,1.0,1.0,1.0,0.010316133499145508
554,1,Rows,Removal,555,DUPLICATED,1.0,1.0,1.0,1.0,1.0,0.010316133499145508
555,1,Rows,Removal,556,DUPLICATED,1.0,1.0,1.0,1.0,1.0,0.010316133499145508
556,1,Rows,Removal,557,DUPLICATED,1.0,1.0,1.0,1.0,1.0,0.010316133499145508
557,1,Rows,Removal,558,DUPLICATED,1.0,1.0,1.0,1.0,1.0,0.010316133499145508
558,1,Rows,Removal,559,DUPLICATED,1.0,1.0,1.0,1.0,1.0,0.010316133499145508
559,1,Rows,Removal,560,DUPLICATED,1.0,1.0,1.0,1.0,1.0,0.010316133499145508
560,1,Rows,Removal,561,DUPLICATED,1.0,1.0,1.0,1.0,1.0,0.010316133499145508
561,1,Rows,Removal,562,DUPLICATED,1.0,1.0,1.0,1.0,1.0,0.010316133499145508
562,1,Rows,Removal,563,DUPLICATED,1.0,1.0,1.0,1.0,1.0,0.010316133499145508
563,1,Rows,Removal,564,DUPLICATED,1.0,1.0,1.0,1.0,1.0,0.010316133499145508
564,1,Rows,Removal,565,DUPLICATED,1.0,1.0,1.0,1.0,1.0,0.010316133499145508
565,1,Rows,Removal,566,DUPLICATED,1.0,1.0,1.0,1.0,1.0,0.010316133499145508
566,1,Rows,Removal,567,DUPLICATED,1.0,1.0,1.0,1.0,1.0,0.010316133499145508
567,1,Rows,Removal,568,DUPLICATED,1.0,1.0,1.0,1.0,1.0,0.010316133499145508
568,1,Rows,Removal,569,DUPLICATED,1.0,1.0,1.0,1.0,1.0,0.010316133499145508
569,1,Rows,Removal,570,DUPLICATED,1.0,1.0,1.0,1.0,1.0,0.010316133499145508
570,1,Rows,Removal,571,DUPLICATED,1.0,1.0,1.0,1.0,1.0,0.010316133499145508
571,1,Rows,Removal,572,DUPLICATED,1.0,1.0,1.0,1.0,1.0,0.010316133499145508
572,1,Rows,Removal,573,DUPLICATED,1.0,1.0,1.0,1.0,1.0,0.010316133499145508
573,1,Rows,Removal,574,DUPLICATED,1.0,1.0,1.0,1.0,1.0,0.010316133499145508
574,1,Rows,Removal,575,DUPLICATED,1.0,1.0,1.0,1.0,1.0,0.010316133499145508
575,1,Rows,Removal,576,DUPLICATED,1.0,1.0,1.0,1.0,1.0,0.010316133499145508
576,1,Rows,Removal,577,DUPLICATED,1.0,1.0,1.0,1.0,1.0,0.010316133499145508
577,1,Rows,Removal,578,DUPLICATED,1.0,1.0,1.0,1.0,1.0,0.010316133499145508
578,1,Rows,Removal,579,DUPLICATED,1.0,1.0,1.0,1.0,1.0,0.010316133499145508
579,1,Rows,Removal,580,DUPLICATED,1.0,1.0,1.0,1.0,1.0,0.010316133499145508
580,1,Rows,Removal,581,DUPLICATED,1.0,1.0,1.0,1.0,1.0,0.010316133499145508
581,1,Rows,Removal,582,DUPLICATED,1.0,1.0,1.0,1.0,1.0,0.010316133499145508
582,1,Rows,Removal,583,DUPLICATED,1.0,1.0,1.0,1.0,1.0,0.010316133499145508
583,1,Rows,Removal,584,DUPLICATED,1.0,1.0,1.0,1.0,1.0,0.010316133499145508
584,1,Rows,Removal,585,DUPLICATED,1.0,1.0,1.0,1.0,1.0,0.010316133499145508
585,1,Rows,Removal,586,DUPLICATED,1.0,1.0,1.0,1.0,1.0,0.010316133499145508
586,1,Rows,Removal,587,DUPLICATED,1.0,1.0,1.0,1.0,1.0,0.010316133499145508
587,1,Rows,Removal,588,DUPLICATED,1.0,1.0,1.0,1.0,1.0,0.010316133499145508
588,1,Rows,Removal,589,DUPLICATED,1.0,1.0,1.0,1.0,1.0,0.010316133499145508
589,1,Rows,Removal,590,DUPLICATED,1.0,1.0,1.0,1.0,1.0,0.010316133499145508
590,1,Rows,Removal,591,DUPLICATED,1.0,1.0,1.0,1.0,1.0,0.010316133499145508
591,1,Rows,Removal,592,DUPLICATED,1.0,1.0,1.0,1.0,1.0,0.010316133499145508
592,1,Rows,Removal,593,DUPLICATED,1.0,1.0,1.0,1.0,1.0,0.010316133499145508
593,1,Rows,Removal,594,DUPLICATED,1.0,1.0,1.0,1.0,1.0,0.010316133499145508
594,1,Rows,Removal,595,DUPLICATED,1.0,1.0,1.0,1.0,1.0,0.010316133499145508
595,1,Rows,Removal,596,DUPLICATED,1.0,1.0,1.0,1.0,1.0,0.010316133499145508
596,1,Rows,Removal,597,DUPLICATED,1.0,1.0,1.0,1.0,1.0,0.010316133499145508
597,1,Rows,Removal,598,DUPLICATED,1.0,1.0,1.0,1.0,1.0,0.010316133499145508
598,1,Rows,Removal,599,DUPLICATED,1.0,1.0,1.0,1.0,1.0,0.010316133499145508
599,1,Rows,Removal,600,DUPLICATED,1.0,1.0,1.0,1.0,1.0,0.010316133499145508
600,1,Rows,Removal,601,DUPLICATED,1.0,1.0,1.0,1.0,1.0,0.010316133499145508
601,1,Rows,Removal,602,DUPLICATED,1.0,1.0,1.0,1.0,1.0,0.010316133499145508
602,1,Rows,Removal,603,DUPLICATED,1.0,1.0,1.0,1.0,1.0,0.010316133499145508
603,1,Rows,Removal,604,DUPLICATED,1.0,1.0,1.0,1.0,1.0,0.010316133499145508
604,1,Rows,Removal,605,DUPLICATED,1.0,1.0,1.0,1.0,1.0,0.010316133499145508
605,1,Rows,Removal,606,DUPLICATED,1.0,1.0,1.0,1.0,1.0,0.010316133499145508
606,1,Rows,Removal,607,DUPLICATED,1.0,1.0,1.0,1.0,1.0,0.010316133499145508
607,1,Rows,Removal,608,DUPLICATED,1.0,1.0,1.0,1.0,1.0,0.010316133499145508
608,1,Rows,Removal,609,DUPLICATED,1.0,1.0,1.0,1.0,1.0,0.010316133499145508
609,1,Rows,Removal,610,DUPLICATED,1.0,1.0,1.0,1.0,1.0,0.010316133499145508
610,1,Rows,Removal,611,DUPLICATED,1.0,1.0,1.0,1.0,1.0,0.010316133499145508
611,1,Rows,Removal,612,DUPLICATED,1.0,1.0,1.0,1.0,1.0,0.010316133499145508
612,1,Rows,Removal,613,DUPLICATED,1.0,1.0,1.0,1.0,1.0,0.010316133499145508
613,1,Rows,Removal,614,DUPLICATED,1.0,1.0,1.0,1.0,1.0,0.010316133499145508
614,1,Rows,Removal,615,DUPLICATED,1.0,1.0,1.0,1.0,1.0,0.010316133499145508
615,1,Rows,Removal,616,DUPLICATED,1.0,1.0,1.0,1.0,1.0,0.010316133499145508
616,1,Rows,Removal,617,DUPLICATED,1.0,1.0,1.0,1.0,1.0,0.010316133499145508
617,1,Rows,Removal,618,DUPLICATED,1.0,1.0,1.0,1.0,1.0,0.010316133499145508
618,1,Rows,Removal,619,DUPLICATED,1.0,1.0,1.0,1.0,1.0,0.010316133499145508
619,1,Rows,Removal,620,DUPLICATED,1.0,1.0,1.0,1.0,1.0,0.010316133499145508
620,1,Rows,Removal,621,DUPLICATED,1.0,1.0,1.0,1.0,1.0,0.010316133499145508
621,1,Rows,Removal,622,DUPLICATED,1.0,1.0,1.0,1.0,1.0,0.010316133499145508
622,1,Rows,Removal,623,DUPLICATED,1.0,1.0,1.0,1.0,1.0,0.010316133499145508
623,1,Rows,Removal,624,DUPLICATED,1.0,1.0,1.0,1.0,1.0,0.010316133499145508
624,1,Rows,Removal,625,DUPLICATED,1.0,1.0,1.0,1.0,1.0,0.010316133499145508
625,1,Rows,Removal,626,DUPLICATED,1.0,1.0,1.0,1.0,1.0,0.010316133499145508
626,1,Rows,Removal,627,DUPLICATED,1.0,1.0,1.0,1.0,1.0,0.010316133499145508
627,1,Rows,Removal,628,DUPLICATED,1.0,1.0,1.0,1.0,1.0,0.010316133499145508
628,1,Rows,Removal,629,DUPLICATED,1.0,1.0,1.0,1.0,1.0,0.010316133499145508
629,1,Rows,Removal,630,DUPLICATED,1.0,1.0,1.0,1.0,1.0,0.010316133499145508
630,1,Rows,Removal,631,DUPLICATED,1.0,1.0,1.0,1.0,1.0,0.010316133499145508
631,1,Rows,Removal,632,DUPLICATED,1.0,1.0,1.0,1.0,1.0,0.010316133499145508
632,1,Rows,Removal,633,DUPLICATED,1.0,1.0,1.0,1.0,1.0,0.010316133499145508
633,1,Rows,Removal,634,DUPLICATED,1.0,1.0,1.0,1.0,1.0,0.010316133499145508
634,1,Rows,Removal,635,DUPLICATED,1.0,1.0,1.0,1.0,1.0,0.010316133499145508
635,1,Rows,Removal,636,DUPLICATED,1.0,1.0,1.0,1.0,1.0,0.010316133499145508
636,1,Rows,Removal,637,DUPLICATED,1.0,1.0,1.0,1.0,1.0,0.010316133499145508
637,1,Rows,Removal,638,DUPLICATED,1.0,1.0,1.0,1.0,1.0,0.010316133499145508
638,1,Rows,Removal,639,DUPLICATED,1.0,1.0,1.0,1.0,1.0,0.010316133499145508
639,1,Rows,Removal,640,DUPLICATED,1.0,1.0,1.0,1.0,1.0,0.010316133499145508
640,1,Rows,Removal,641,DUPLICATED,1.0,1.0,1.0,1.0,1.0,0.010316133499145508
641,1,Rows,Removal,642,DUPLICATED,1.0,1.0,1.0,1.0,1.0,0.010316133499145508
642,1,Rows,Removal,643,DUPLICATED,1.0,1.0,1.0,1.0,1.0,0.010316133499145508
643,1,Rows,Removal,644,DUPLICATED,1.0,1.0,1.0,1.0,1.0,0.010316133499145508
644,1,Rows,Removal,645,DUPLICATED,1.0,1.0,1.0,1.0,1.0,0.010316133499145508
645,1,Rows,Removal,646,DUPLICATED,1.0,1.0,1.0,1.0,1.0,0.010316133499145508
646,1,Rows,Removal,647,DUPLICATED,1.0,1.0,1.0,1.0,1.0,0.010316133499145508
647,1,Rows,Removal,648,DUPLICATED,1.0,1.0,1.0,1.0,1.0,0.010316133499145508
648,1,Rows,Removal,649,DUPLICATED,1.0,1.0,1.0,1.0,1.0,0.010316133499145508
649,1,Rows,Removal,650,DUPLICATED,1.0,1.0,1.0,1.0,1.0,0.010316133499145508
650,1,Rows,Removal,651,DUPLICATED,1.0,1.0,1.0,1.0,1.0,0.010316133499145508
651,1,Rows,Removal,652,DUPLICATED,1.0,1.0,1.0,1.0,1.0,0.010316133499145508
652,1,Rows,Removal,653,DUPLICATED,1.0,1.0,1.0,1.0,1.0,0.010316133499145508
653,1,Rows,Removal,654,DUPLICATED,1.0,1.0,1.0,1.0,1.0,0.010316133499145508
654,1,Rows,Removal,655,DUPLICATED,1.0,1.0,1.0,1.0,1.0,0.010316133499145508
655,1,Rows,Removal,656,DUPLICATED,1.0,1.0,1.0,1.0,1.0,0.010316133499145508
656,1,Rows,Removal,657,DUPLICATED,1.0,1.0,1.0,1.0,1.0,0.010316133499145508
657,1,Rows,Removal,658,DUPLICATED,1.0,1.0,1.0,1.0,1.0,0.010316133499145508
658,1,Rows,Removal,659,DUPLICATED,1.0,1.0,1.0,1.0,1.0,0.010316133499145508
659,1,Rows,Removal,660,DUPLICATED,1.0,1.0,1.0,1.0,1.0,0.010316133499145508
660,1,Rows,Removal,661,DUPLICATED,1.0,1.0,1.0,1.0,1.0,0.010316133499145508
661,1,Rows,Removal,662,DUPLICATED,1.0,1.0,1.0,1.0,1.0,0.010316133499145508
662,1,Rows,Removal,663,DUPLICATED,1.0,1.0,1.0,1.0,1.0,0.010316133499145508
663,1,Rows,Removal,664,DUPLICATED,1.0,1.0,1.0,1.0,1.0,0.010316133499145508
664,1,Rows,Removal,665,DUPLICATED,1.0,1.0,1.0,1.0,1.0,0.010316133499145508
665,1,Rows,Removal,666,DUPLICATED,1.0,1.0,1.0,1.0,1.0,0.010316133499145508
666,1,Rows,Removal,667,DUPLICATED,1.0,1.0,1.0,1.0,1.0,0.010316133499145508
667,1,Rows,Removal,668,DUPLICATED,1.0,1.0,1.0,1.0,1.0,0.010316133499145508
668,1,Rows,Removal,669,DUPLICATED,1.0,1.0,1.0,1.0,1.0,0.010316133499145508
669,1,Rows,Removal,670,DUPLICATED,1.0,1.0,1.0,1.0,1.0,0.010316133499145508
670,1,Rows,Removal,671,DUPLICATED,1.0,1.0,1.0,1.0,1.0,0.010316133499145508
671,1,Rows,Removal,672,DUPLICATED,1.0,1.0,1.0,1.0,1.0,0.010316133499145508
672,1,Rows,Removal,673,DUPLICATED,1.0,1.0,1.0,1.0,1.0,0.010316133499145508
673,1,Rows,Removal,674,DUPLICATED,1.0,1.0,1.0,1.0,1.0,0.010316133499145508
674,1,Rows,Removal,675,DUPLICATED,1.0,1.0,1.0,1.0,1.0,0.010316133499145508
675,1,Rows,Removal,676,DUPLICATED,1.0,1.0,1.0,1.0,1.0,0.010316133499145508
676,1,Rows,Removal,677,DUPLICATED,1.0,1.0,1.0,1.0,1.0,0.010316133499145508
677,1,Rows,Removal,678,DUPLICATED,1.0,1.0,1.0,1.0,1.0,0.010316133499145508
678,1,Rows,Removal,679,DUPLICATED,1.0,1.0,1.0,1.0,1.0,0.010316133499145508
679,1,Rows,Removal,680,DUPLICATED,1.0,1.0,1.0,1.0,1.0,0.010316133499145508
680,1,Rows,Removal,681,DUPLICATED,1.0,1.0,1.0,1.0,1.0,0.010316133499145508
681,1,Rows,Removal,682,DUPLICATED,1.0,1.0,1.0,1.0,1.0,0.010316133499145508
682,1,Rows,Removal,683,DUPLICATED,1.0,1.0,1.0,1.0,1.0,0.010316133499145508
683,1,Rows,Removal,684,DUPLICATED,1.0,1.0,1.0,1.0,1.0,0.010316133499145508
684,1,Rows,Removal,685,DUPLICATED,1.0,1.0,1.0,1.0,1.0,0.010316133499145508
685,1,Rows,Removal,686,DUPLICATED,1.0,1.0,1.0,1.0,1.0,0.010316133499145508
686,1,Rows,Removal,687,DUPLICATED,1.0,1.0,1.0,1.0,1.0,0.010316133499145508
687,1,Rows,Removal,688,DUPLICATED,1.0,1.0,1.0,1.0,1.0,0.010316133499145508
688,1,Rows,Removal,689,DUPLICATED,1.0,1.0,1.0,1.0,1.0,0.010316133499145508
689,1,Rows,Removal,690,DUPLICATED,1.0,1.0,1.0,1.0,1.0,0.010316133499145508
690,1,Rows,Removal,691,DUPLICATED,1.0,1.0,1.0,1.0,1.0,0.010316133499145508
691,1,Rows,Removal,692,DUPLICATED,1.0,1.0,1.0,1.0,1.0,0.010316133499145508
692,1,Rows,Removal,693,DUPLICATED,1.0,1.0,1.0,1.0,1.0,0.010316133499145508
693,1,Rows,Removal,694,DUPLICATED,1.0,1.0,1.0,1.0,1.0,0.010316133499145508
694,1,Rows,Removal,695,DUPLICATED,1.0,1.0,1.0,1.0,1.0,0.010316133499145508
695,1,Rows,Removal,696,DUPLICATED,1.0,1.0,1.0,1.0,1.0,0.010316133499145508
696,1,Rows,Removal,697,DUPLICATED,1.0,1.0,1.0,1.0,1.0,0.010316133499145508
697,1,Rows,Removal,698,DUPLICATED,1.0,1.0,1.0,1.0,1.0,0.010316133499145508
698,1,Rows,Removal,699,DUPLICATED,1.0,1.0,1.0,1.0,1.0,0.010316133499145508
699,1,Rows,Removal,700,DUPLICATED,1.0,1.0,1.0,1.0,1.0,0.010316133499145508
700,1,Rows,Removal,701,DUPLICATED,1.0,1.0,1.0,1.0,1.0,0.010316133499145508
701,1,Rows,Removal,702,DUPLICATED,1.0,1.0,1.0,1.0,1.0,0.010316133499145508
702,1,Rows,Removal,703,DUPLICATED,1.0,1.0,1.0,1.0,1.0,0.010316133499145508
703,1,Rows,Removal,704,DUPLICATED,1.0,1.0,1.0,1.0,1.0,0.010316133499145508
704,1,Rows,Removal,705,DUPLICATED,1.0,1.0,1.0,1.0,1.0,0.010316133499145508
705,1,Rows,Removal,706,DUPLICATED,1.0,1.0,1.0,1.0,1.0,0.010316133499145508
706,1,Rows,Removal,707,DUPLICATED,1.0,1.0,1.0,1.0,1.0,0.010316133499145508
707,1,Rows,Removal,708,DUPLICATED,1.0,1.0,1.0,1.0,1.0,0.010316133499145508
708,1,Rows,Removal,709,DUPLICATED,1.0,1.0,1.0,1.0,1.0,0.010316133499145508
709,1,Rows,Removal,710,DUPLICATED,1.0,1.0,1.0,1.0,1.0,0.010316133499145508
710,1,Rows,Removal,711,DUPLICATED,1.0,1.0,1.0,1.0,1.0,0.010316133499145508
711,1,Rows,Removal,712,DUPLICATED,1.0,1.0,1.0,1.0,1.0,0.010316133499145508
712,1,Rows,Removal,713,DUPLICATED,1.0,1.0,1.0,1.0,1.0,0.010316133499145508
713,1,Rows,Removal,714,DUPLICATED,1.0,1.0,1.0,1.0,1.0,0.010316133499145508
714,1,Rows,Removal,715,DUPLICATED,1.0,1.0,1.0,1.0,1.0,0.010316133499145508
715,1,Rows,Removal,716,DUPLICATED,1.0,1.0,1.0,1.0,1.0,0.010316133499145508
716,1,Rows,Removal,717,DUPLICATED,1.0,1.0,1.0,1.0,1.0,0.010316133499145508
717,1,Rows,Removal,718,DUPLICATED,1.0,1.0,1.0,1.0,1.0,0.010316133499145508
718,1,Rows,Removal,719,DUPLICATED,1.0,1.0,1.0,1.0,1.0,0.010316133499145508
719,1,Rows,Removal,720,DUPLICATED,1.0,1.0,1.0,1.0,1.0,0.010316133499145508
720,1,Rows,Removal,721,DUPLICATED,1.0,1.0,1.0,1.0,1.0,0.010316133499145508
721,1,Rows,Removal,722,DUPLICATED,1.0,1.0,1.0,1.0,1.0,0.010316133499145508
722,1,Rows,Removal,723,DUPLICATED,1.0,1.0,1.0,1.0,1.0,0.010316133499145508
723,1,Rows,Removal,724,DUPLICATED,1.0,1.0,1.0,1.0,1.0,0.010316133499145508
724,1,Rows,Removal,725,DUPLICATED,1.0,1.0,1.0,1.0,1.0,0.010316133499145508
725,1,Rows,Removal,726,DUPLICATED,1.0,1.0,1.0,1.0,1.0,0.010316133499145508
726,1,Rows,Removal,727,DUPLICATED,1.0,1.0,1.0,1.0,1.0,0.010316133499145508
727,1,Rows,Removal,728,DUPLICATED,1.0,1.0,1.0,1.0,1.0,0.010316133499145508
728,1,Rows,Removal,729,DUPLICATED,1.0,1.0,1.0,1.0,1.0,0.010316133499145508
729,1,Rows,Removal,730,DUPLICATED,1.0,1.0,1.0,1.0,1.0,0.010316133499145508
730,1,Rows,Removal,731,DUPLICATED,1.0,1.0,1.0,1.0,1.0,0.010316133499145508
731,1,Rows,Removal,732,DUPLICATED,1.0,1.0,1.0,1.0,1.0,0.010316133499145508
732,1,Rows,Removal,733,DUPLICATED,1.0,1.0,1.0,1.0,1.0,0.010316133499145508
733,1,Rows,Removal,734,DUPLICATED,1.0,1.0,1.0,1.0,1.0,0.010316133499145508
734,1,Rows,Removal,735,DUPLICATED,1.0,1.0,1.0,1.0,1.0,0.010316133499145508
735,1,Rows,Removal,736,DUPLICATED,1.0,1.0,1.0,1.0,1.0,0.010316133499145508
736,1,Rows,Removal,737,DUPLICATED,1.0,1.0,1.0,1.0,1.0,0.010316133499145508
737,1,Rows,Removal,738,DUPLICATED,1.0,1.0,1.0,1.0,1.0,0.010316133499145508
738,1,Rows,Removal,739,DUPLICATED,1.0,1.0,1.0,1.0,1.0,0.010316133499145508
739,1,Rows,Removal,740,DUPLICATED,1.0,1.0,1.0,1.0,1.0,0.010316133499145508
740,1,Rows,Removal,741,DUPLICATED,1.0,1.0,1.0,1.0,1.0,0.010316133499145508
741,1,Rows,Removal,742,DUPLICATED,1.0,1.0,1.0,1.0,1.0,0.010316133499145508
742,1,Rows,Removal,743,DUPLICATED,1.0,1.0,1.0,1.0,1.0,0.010316133499145508
743,1,Rows,Removal,744,DUPLICATED,1.0,1.0,1.0,1.0,1.0,0.010316133499145508
744,1,Rows,Removal,745,DUPLICATED,1.0,1.0,1.0,1.0,1.0,0.010316133499145508
745,1,Rows,Removal,746,DUPLICATED,1.0,1.0,1.0,1.0,1.0,0.010316133499145508
746,1,Rows,Removal,747,DUPLICATED,1.0,1.0,1.0,1.0,1.0,0.010316133499145508
747,1,Rows,Removal,748,DUPLICATED,1.0,1.0,1.0,1.0,1.0,0.010316133499145508
748,1,Rows,Removal,749,DUPLICATED,1.0,1.0,1.0,1.0,1.0,0.010316133499145508
749,1,Rows,Removal,750,DUPLICATED,1.0,1.0,1.0,1.0,1.0,0.010316133499145508
750,1,Rows,Removal,751,DUPLICATED,1.0,1.0,1.0,1.0,1.0,0.010316133499145508
751,1,Rows,Removal,752,DUPLICATED,1.0,1.0,1.0,1.0,1.0,0.010316133499145508
752,1,Rows,Removal,753,DUPLICATED,1.0,1.0,1.0,1.0,1.0,0.010316133499145508
753,1,Rows,Removal,754,DUPLICATED,1.0,1.0,1.0,1.0,1.0,0.010316133499145508
754,1,Rows,Removal,755,DUPLICATED,1.0,1.0,1.0,1.0,1.0,0.010316133499145508
755,1,Rows,Removal,756,DUPLICATED,1.0,1.0,1.0,1.0,1.0,0.010316133499145508
756,1,Rows,Removal,757,DUPLICATED,1.0,1.0,1.0,1.0,1.0,0.010316133499145508
757,1,Rows,Removal,758,DUPLICATED,1.0,1.0,1.0,1.0,1.0,0.010316133499145508
758,1,Rows,Removal,759,DUPLICATED,1.0,1.0,1.0,1.0,1.0,0.010316133499145508
759,1,Rows,Removal,760,DUPLICATED,1.0,1.0,1.0,1.0,1.0,0.010316133499145508
760,1,Rows,Removal,761,DUPLICATED,1.0,1.0,1.0,1.0,1.0,0.010316133499145508
761,1,Rows,Removal,762,DUPLICATED,1.0,1.0,1.0,1.0,1.0,0.010316133499145508
762,1,Rows,Removal,763,DUPLICATED,1.0,1.0,1.0,1.0,1.0,0.010316133499145508
763,1,Rows,Removal,764,DUPLICATED,1.0,1.0,1.0,1.0,1.0,0.010316133499145508
764,1,Rows,Removal,765,DUPLICATED,1.0,1.0,1.0,1.0,1.0,0.010316133499145508
765,1,Rows,Removal,766,DUPLICATED,1.0,1.0,1.0,1.0,1.0,0.010316133499145508
766,1,Rows,Removal,767,DUPLICATED,1.0,1.0,1.0,1.0,1.0,0.010316133499145508
767,1,Rows,Removal,768,DUPLICATED,1.0,1.0,1.0,1.0,1.0,0.010316133499145508
768,1,Rows,Removal,769,DUPLICATED,1.0,1.0,1.0,1.0,1.0,0.010316133499145508
769,1,Rows,Removal,770,DUPLICATED,1.0,1.0,1.0,1.0,1.0,0.010316133499145508
770,1,Rows,Removal,771,DUPLICATED,1.0,1.0,1.0,1.0,1.0,0.010316133499145508
771,1,Rows,Removal,772,DUPLICATED,1.0,1.0,1.0,1.0,1.0,0.010316133499145508
772,1,Rows,Removal,773,DUPLICATED,1.0,1.0,1.0,1.0,1.0,0.010316133499145508
773,1,Rows,Removal,774,DUPLICATED,1.0,1.0,1.0,1.0,1.0,0.010316133499145508
774,1,Rows,Removal,775,DUPLICATED,1.0,1.0,1.0,1.0,1.0,0.010316133499145508
775,1,Rows,Removal,776,DUPLICATED,1.0,1.0,1.0,1.0,1.0,0.010316133499145508
776,1,Rows,Removal,777,DUPLICATED,1.0,1.0,1.0,1.0,1.0,0.010316133499145508
777,1,Rows,Removal,778,DUPLICATED,1.0,1.0,1.0,1.0,1.0,0.010316133499145508
778,1,Rows,Removal,779,DUPLICATED,1.0,1.0,1.0,1.0,1.0,0.010316133499145508
779,1,Rows,Removal,780,DUPLICATED,1.0,1.0,1.0,1.0,1.0,0.010316133499145508
780,1,Rows,Removal,781,DUPLICATED,1.0,1.0,1.0,1.0,1.0,0.010316133499145508
781,1,Rows,Removal,782,DUPLICATED,1.0,1.0,1.0,1.0,1.0,0.010316133499145508
782,1,Rows,Removal,783,DUPLICATED,1.0,1.0,1.0,1.0,1.0,0.010316133499145508
783,1,Rows,Removal,784,DUPLICATED,1.0,1.0,1.0,1.0,1.0,0.010316133499145508
784,1,Rows,Removal,785,DUPLICATED,1.0,1.0,1.0,1.0,1.0,0.010316133499145508
785,1,Rows,Removal,786,DUPLICATED,1.0,1.0,1.0,1.0,1.0,0.010316133499145508
786,1,Rows,Removal,787,DUPLICATED,1.0,1.0,1.0,1.0,1.0,0.010316133499145508
787,1,Rows,Removal,788,DUPLICATED,1.0,1.0,1.0,1.0,1.0,0.010316133499145508
788,1,Rows,Removal,789,DUPLICATED,1.0,1.0,1.0,1.0,1.0,0.010316133499145508
789,1,Rows,Removal,790,DUPLICATED,1.0,1.0,1.0,1.0,1.0,0.010316133499145508
790,1,Rows,Removal,791,DUPLICATED,1.0,1.0,1.0,1.0,1.0,0.010316133499145508
791,1,Rows,Removal,792,DUPLICATED,1.0,1.0,1.0,1.0,1.0,0.010316133499145508
792,1,Rows,Removal,793,DUPLICATED,1.0,1.0,1.0,1.0,1.0,0.010316133499145508
793,1,Rows,Removal,794,DUPLICATED,1.0,1.0,1.0,1.0,1.0,0.010316133499145508
794,1,Rows,Removal,795,DUPLICATED,1.0,1.0,1.0,1.0,1.0,0.010316133499145508
795,1,Rows,Removal,796,DUPLICATED,1.0,1.0,1.0,1.0,1.0,0.010316133499145508
796,1,Rows,Removal,797,DUPLICATED,1.0,1.0,1.0,1.0,1.0,0.010316133499145508
797,1,Rows,Removal,798,DUPLICATED,1.0,1.0,1.0,1.0,1.0,0.010316133499145508
798,1,Rows,Removal,799,DUPLICATED,1.0,1.0,1.0,1.0,1.0,0.010316133499145508
799,1,Rows,Removal,800,DUPLICATED,1.0,1.0,1.0,1.0,1.0,0.010316133499145508
800,1,Rows,Removal,801,DUPLICATED,1.0,1.0,1.0,1.0,1.0,0.010316133499145508
801,1,Rows,Removal,802,DUPLICATED,1.0,1.0,1.0,1.0,1.0,0.010316133499145508
802,1,Rows,Removal,803,DUPLICATED,1.0,1.0,1.0,1.0,1.0,0.010316133499145508
803,1,Rows,Removal,804,DUPLICATED,1.0,1.0,1.0,1.0,1.0,0.010316133499145508
804,1,Rows,Removal,805,DUPLICATED,1.0,1.0,1.0,1.0,1.0,0.010316133499145508
805,1,Rows,Removal,806,DUPLICATED,1.0,1.0,1.0,1.0,1.0,0.010316133499145508
806,1,Rows,Removal,807,DUPLICATED,1.0,1.0,1.0,1.0,1.0,0.010316133499145508
807,1,Rows,Removal,808,DUPLICATED,1.0,1.0,1.0,1.0,1.0,0.010316133499145508
808,1,Rows,Removal,809,DUPLICATED,1.0,1.0,1.0,1.0,1.0,0.010316133499145508
809,1,Rows,Removal,810,DUPLICATED,1.0,1.0,1.0,1.0,1.0,0.010316133499145508
810,1,Rows,Removal,811,DUPLICATED,1.0,1.0,1.0,1.0,1.0,0.010316133499145508
811,1,Rows,Removal,812,DUPLICATED,1.0,1.0,1.0,1.0,1.0,0.010316133499145508
812,1,Rows,Removal,813,DUPLICATED,1.0,1.0,1.0,1.0,1.0,0.010316133499145508
813,1,Rows,Removal,814,DUPLICATED,1.0,1.0,1.0,1.0,1.0,0.010316133499145508
814,1,Rows,Removal,815,DUPLICATED,1.0,1.0,1.0,1.0,1.0,0.010316133499145508
815,1,Rows,Removal,816,DUPLICATED,1.0,1.0,1.0,1.0,1.0,0.010316133499145508
816,1,Rows,Removal,817,DUPLICATED,1.0,1.0,1.0,1.0,1.0,0.010316133499145508
817,1,Rows,Removal,818,DUPLICATED,1.0,1.0,1.0,1.0,1.0,0.010316133499145508
818,1,Rows,Removal,819,DUPLICATED,1.0,1.0,1.0,1.0,1.0,0.010316133499145508
819,1,Rows,Removal,820,DUPLICATED,1.0,1.0,1.0,1.0,1.0,0.010316133499145508
820,1,Rows,Removal,821,DUPLICATED,1.0,1.0,1.0,1.0,1.0,0.010316133499145508
821,1,Rows,Removal,822,DUPLICATED,1.0,1.0,1.0,1.0,1.0,0.010316133499145508
822,1,Rows,Removal,823,DUPLICATED,1.0,1.0,1.0,1.0,1.0,0.010316133499145508
823,1,Rows,Removal,824,DUPLICATED,1.0,1.0,1.0,1.0,1.0,0.010316133499145508
824,1,Rows,Removal,825,DUPLICATED,1.0,1.0,1.0,1.0,1.0,0.010316133499145508
825,1,Rows,Removal,826,DUPLICATED,1.0,1.0,1.0,1.0,1.0,0.010316133499145508
826,1,Rows,Removal,827,DUPLICATED,1.0,1.0,1.0,1.0,1.0,0.010316133499145508
827,1,Rows,Removal,828,DUPLICATED,1.0,1.0,1.0,1.0,1.0,0.010316133499145508
828,1,Rows,Removal,829,DUPLICATED,1.0,1.0,1.0,1.0,1.0,0.010316133499145508
829,1,Rows,Removal,830,DUPLICATED,1.0,1.0,1.0,1.0,1.0,0.010316133499145508
830,1,Rows,Removal,831,DUPLICATED,1.0,1.0,1.0,1.0,1.0,0.010316133499145508
831,1,Rows,Removal,832,DUPLICATED,1.0,1.0,1.0,1.0,1.0,0.010316133499145508
832,1,Rows,Removal,833,DUPLICATED,1.0,1.0,1.0,1.0,1.0,0.010316133499145508
833,1,Rows,Removal,834,DUPLICATED,1.0,1.0,1.0,1.0,1.0,0.010316133499145508
834,1,Rows,Removal,835,DUPLICATED,1.0,1.0,1.0,1.0,1.0,0.010316133499145508
835,1,Rows,Removal,836,DUPLICATED,1.0,1.0,1.0,1.0,1.0,0.010316133499145508
836,1,Rows,Removal,837,DUPLICATED,1.0,1.0,1.0,1.0,1.0,0.010316133499145508
837,1,Rows,Removal,838,DUPLICATED,1.0,1.0,1.0,1.0,1.0,0.010316133499145508
838,1,Rows,Removal,839,DUPLICATED,1.0,1.0,1.0,1.0,1.0,0.010316133499145508
839,1,Rows,Removal,840,DUPLICATED,1.0,1.0,1.0,1.0,1.0,0.010316133499145508
840,1,Rows,Removal,841,DUPLICATED,1.0,1.0,1.0,1.0,1.0,0.010316133499145508
841,1,Rows,Removal,842,DUPLICATED,1.0,1.0,1.0,1.0,1.0,0.010316133499145508
842,1,Rows,Removal,843,DUPLICATED,1.0,1.0,1.0,1.0,1.0,0.010316133499145508
843,1,Rows,Removal,844,DUPLICATED,1.0,1.0,1.0,1.0,1.0,0.010316133499145508
844,1,Rows,Removal,845,DUPLICATED,1.0,1.0,1.0,1.0,1.0,0.010316133499145508
845,1,Rows,Removal,846,DUPLICATED,1.0,1.0,1.0,1.0,1.0,0.010316133499145508
846,1,Rows,Removal,847,DUPLICATED,1.0,1.0,1.0,1.0,1.0,0.010316133499145508
847,1,Rows,Removal,848,DUPLICATED,1.0,1.0,1.0,1.0,1.0,0.010316133499145508
848,1,Rows,Removal,849,DUPLICATED,1.0,1.0,1.0,1.0,1.0,0.010316133499145508
849,1,Rows,Removal,850,DUPLICATED,1.0,1.0,1.0,1.0,1.0,0.010316133499145508
850,1,Rows,Removal,851,DUPLICATED,1.0,1.0,1.0,1.0,1.0,0.010316133499145508
851,1,Rows,Removal,852,DUPLICATED,1.0,1.0,1.0,1.0,1.0,0.010316133499145508
852,1,Rows,Removal,853,DUPLICATED,1.0,1.0,1.0,1.0,1.0,0.010316133499145508
853,1,Rows,Removal,854,DUPLICATED,1.0,1.0,1.0,1.0,1.0,0.010316133499145508
854,1,Rows,Removal,855,DUPLICATED,1.0,1.0,1.0,1.0,1.0,0.010316133499145508
855,1,Rows,Removal,856,DUPLICATED,1.0,1.0,1.0,1.0,1.0,0.010316133499145508
856,1,Rows,Removal,857,DUPLICATED,1.0,1.0,1.0,1.0,1.0,0.010316133499145508
857,1,Rows,Removal,858,DUPLICATED,1.0,1.0,1.0,1.0,1.0,0.010316133499145508
858,1,Rows,Removal,859,DUPLICATED,1.0,1.0,1.0,1.0,1.0,0.010316133499145508
859,1,Rows,Removal,860,DUPLICATED,1.0,1.0,1.0,1.0,1.0,0.010316133499145508
860,1,Rows,Removal,861,DUPLICATED,1.0,1.0,1.0,1.0,1.0,0.010316133499145508
861,1,Rows,Removal,862,DUPLICATED,1.0,1.0,1.0,1.0,1.0,0.010316133499145508
862,1,Rows,Removal,863,DUPLICATED,1.0,1.0,1.0,1.0,1.0,0.010316133499145508
863,1,Rows,Removal,864,DUPLICATED,1.0,1.0,1.0,1.0,1.0,0.010316133499145508
864,1,Rows,Removal,865,DUPLICATED,1.0,1.0,1.0,1.0,1.0,0.010316133499145508
865,1,Rows,Removal,866,DUPLICATED,1.0,1.0,1.0,1.0,1.0,0.010316133499145508
866,1,Rows,Removal,867,DUPLICATED,1.0,1.0,1.0,1.0,1.0,0.010316133499145508
867,1,Rows,Removal,868,DUPLICATED,1.0,1.0,1.0,1.0,1.0,0.010316133499145508
868,1,Rows,Removal,869,DUPLICATED,1.0,1.0,1.0,1.0,1.0,0.010316133499145508
869,1,Rows,Removal,870,DUPLICATED,1.0,1.0,1.0,1.0,1.0,0.010316133499145508
870,1,Rows,Removal,871,DUPLICATED,1.0,1.0,1.0,1.0,1.0,0.010316133499145508
871,1,Rows,Removal,872,DUPLICATED,1.0,1.0,1.0,1.0,1.0,0.010316133499145508
872,1,Rows,Removal,873,DUPLICATED,1.0,1.0,1.0,1.0,1.0,0.010316133499145508
873,1,Rows,Removal,874,DUPLICATED,1.0,1.0,1.0,1.0,1.0,0.010316133499145508
874,1,Rows,Removal,875,DUPLICATED,1.0,1.0,1.0,1.0,1.0,0.010316133499145508
875,1,Rows,Removal,876,DUPLICATED,1.0,1.0,1.0,1.0,1.0,0.010316133499145508
876,1,Rows,Removal,877,DUPLICATED,1.0,1.0,1.0,1.0,1.0,0.010316133499145508
877,1,Rows,Removal,878,DUPLICATED,1.0,1.0,1.0,1.0,1.0,0.010316133499145508
878,1,Rows,Removal,879,DUPLICATED,1.0,1.0,1.0,1.0,1.0,0.010316133499145508
879,1,Rows,Removal,880,DUPLICATED,1.0,1.0,1.0,1.0,1.0,0.010316133499145508
880,1,Rows,Removal,881,DUPLICATED,1.0,1.0,1.0,1.0,1.0,0.010316133499145508
881,1,Rows,Removal,882,DUPLICATED,1.0,1.0,1.0,1.0,1.0,0.010316133499145508
882,1,Rows,Removal,883,DUPLICATED,1.0,1.0,1.0,1.0,1.0,0.010316133499145508
883,1,Rows,Removal,884,DUPLICATED,1.0,1.0,1.0,1.0,1.0,0.010316133499145508
884,1,Rows,Removal,885,DUPLICATED,1.0,1.0,1.0,1.0,1.0,0.010316133499145508
885,1,Rows,Removal,886,DUPLICATED,1.0,1.0,1.0,1.0,1.0,0.010316133499145508
886,1,Rows,Removal,887,DUPLICATED,1.0,1.0,1.0,1.0,1.0,0.010316133499145508
887,1,Rows,Removal,888,DUPLICATED,1.0,1.0,1.0,1.0,1.0,0.010316133499145508
888,1,Rows,Removal,889,DUPLICATED,1.0,1.0,1.0,1.0,1.0,0.010316133499145508
889,1,Rows,Removal,890,DUPLICATED,1.0,1.0,1.0,1.0,1.0,0.010316133499145508
890,1,Rows,Removal,891,DUPLICATED,1.0,1.0,1.0,1.0,1.0,0.010316133499145508
891,1,Rows,Removal,892,DUPLICATED,1.0,1.0,1.0,1.0,1.0,0.010316133499145508
892,1,Rows,Removal,893,DUPLICATED,1.0,1.0,1.0,1.0,1.0,0.010316133499145508
893,1,Rows,Removal,894,DUPLICATED,1.0,1.0,1.0,1.0,1.0,0.010316133499145508
894,1,Rows,Removal,895,DUPLICATED,1.0,1.0,1.0,1.0,1.0,0.010316133499145508
895,1,Rows,Removal,896,DUPLICATED,1.0,1.0,1.0,1.0,1.0,0.010316133499145508
896,1,Rows,Removal,897,DUPLICATED,1.0,1.0,1.0,1.0,1.0,0.010316133499145508
897,1,Rows,Removal,898,DUPLICATED,1.0,1.0,1.0,1.0,1.0,0.010316133499145508
898,1,Rows,Removal,899,DUPLICATED,1.0,1.0,1.0,1.0,1.0,0.010316133499145508
899,1,Rows,Removal,900,DUPLICATED,1.0,1.0,1.0,1.0,1.0,0.010316133499145508
900,1,Rows,Removal,901,DUPLICATED,1.0,1.0,1.0,1.0,1.0,0.010316133499145508
901,1,Rows,Removal,902,DUPLICATED,1.0,1.0,1.0,1.0,1.0,0.010316133499145508
902,1,Rows,Removal,903,DUPLICATED,1.0,1.0,1.0,1.0,1.0,0.010316133499145508
903,1,Rows,Removal,904,DUPLICATED,1.0,1.0,1.0,1.0,1.0,0.010316133499145508
904,1,Rows,Removal,905,DUPLICATED,1.0,1.0,1.0,1.0,1.0,0.010316133499145508
905,1,Rows,Removal,906,DUPLICATED,1.0,1.0,1.0,1.0,1.0,0.010316133499145508
906,1,Rows,Removal,907,DUPLICATED,1.0,1.0,1.0,1.0,1.0,0.010316133499145508
907,1,Rows,Removal,908,DUPLICATED,1.0,1.0,1.0,1.0,1.0,0.010316133499145508
908,1,Rows,Removal,909,DUPLICATED,1.0,1.0,1.0,1.0,1.0,0.010316133499145508
909,1,Rows,Removal,910,DUPLICATED,1.0,1.0,1.0,1.0,1.0,0.010316133499145508
910,1,Rows,Removal,911,DUPLICATED,1.0,1.0,1.0,1.0,1.0,0.010316133499145508
911,1,Rows,Removal,912,DUPLICATED,1.0,1.0,1.0,1.0,1.0,0.010316133499145508
912,1,Rows,Removal,913,DUPLICATED,1.0,1.0,1.0,1.0,1.0,0.010316133499145508
913,1,Rows,Removal,914,DUPLICATED,1.0,1.0,1.0,1.0,1.0,0.010316133499145508
914,1,Rows,Removal,915,DUPLICATED,1.0,1.0,1.0,1.0,1.0,0.010316133499145508
915,1,Rows,Removal,916,DUPLICATED,1.0,1.0,1.0,1.0,1.0,0.010316133499145508
916,1,Rows,Removal,917,DUPLICATED,1.0,1.0,1.0,1.0,1.0,0.010316133499145508
917,1,Rows,Removal,918,DUPLICATED,1.0,1.0,1.0,1.0,1.0,0.010316133499145508
918,1,Rows,Removal,919,DUPLICATED,1.0,1.0,1.0,1.0,1.0,0.010316133499145508
919,1,Rows,Removal,920,DUPLICATED,1.0,1.0,1.0,1.0,1.0,0.010316133499145508
920,1,Rows,Removal,921,DUPLICATED,1.0,1.0,1.0,1.0,1.0,0.010316133499145508
921,1,Rows,Removal,922,DUPLICATED,1.0,1.0,1.0,1.0,1.0,0.010316133499145508
922,1,Rows,Removal,923,DUPLICATED,1.0,1.0,1.0,1.0,1.0,0.010316133499145508
923,1,Rows,Removal,924,DUPLICATED,1.0,1.0,1.0,1.0,1.0,0.010316133499145508
924,1,Rows,Removal,925,DUPLICATED,1.0,1.0,1.0,1.0,1.0,0.010316133499145508
925,1,Rows,Removal,926,DUPLICATED,1.0,1.0,1.0,1.0,1.0,0.010316133499145508
926,1,Rows,Removal,927,DUPLICATED,1.0,1.0,1.0,1.0,1.0,0.010316133499145508
927,1,Rows,Removal,928,DUPLICATED,1.0,1.0,1.0,1.0,1.0,0.010316133499145508
928,1,Rows,Removal,929,DUPLICATED,1.0,1.0,1.0,1.0,1.0,0.010316133499145508
929,1,Rows,Removal,930,DUPLICATED,1.0,1.0,1.0,1.0,1.0,0.010316133499145508
930,1,Rows,Removal,931,DUPLICATED,1.0,1.0,1.0,1.0,1.0,0.010316133499145508
931,1,Rows,Removal,932,DUPLICATED,1.0,1.0,1.0,1.0,1.0,0.010316133499145508
932,1,Rows,Removal,933,DUPLICATED,1.0,1.0,1.0,1.0,1.0,0.010316133499145508
933,1,Rows,Removal,934,DUPLICATED,1.0,1.0,1.0,1.0,1.0,0.010316133499145508
934,1,Rows,Removal,935,DUPLICATED,1.0,1.0,1.0,1.0,1.0,0.010316133499145508
935,1,Rows,Removal,936,DUPLICATED,1.0,1.0,1.0,1.0,1.0,0.010316133499145508
936,1,Rows,Removal,937,DUPLICATED,1.0,1.0,1.0,1.0,1.0,0.010316133499145508
937,1,Rows,Removal,938,DUPLICATED,1.0,1.0,1.0,1.0,1.0,0.010316133499145508
938,1,Rows,Removal,939,DUPLICATED,1.0,1.0,1.0,1.0,1.0,0.010316133499145508
939,1,Rows,Removal,940,DUPLICATED,1.0,1.0,1.0,1.0,1.0,0.010316133499145508
940,1,Rows,Removal,941,DUPLICATED,1.0,1.0,1.0,1.0,1.0,0.010316133499145508
941,1,Rows,Removal,942,DUPLICATED,1.0,1.0,1.0,1.0,1.0,0.010316133499145508
942,1,Rows,Removal,943,DUPLICATED,1.0,1.0,1.0,1.0,1.0,0.010316133499145508
943,1,Rows,Removal,944,DUPLICATED,1.0,1.0,1.0,1.0,1.0,0.010316133499145508
944,1,Rows,Removal,945,DUPLICATED,1.0,1.0,1.0,1.0,1.0,0.010316133499145508
945,1,Rows,Removal,946,DUPLICATED,1.0,1.0,1.0,1.0,1.0,0.010316133499145508
946,1,Rows,Removal,947,DUPLICATED,1.0,1.0,1.0,1.0,1.0,0.010316133499145508
947,1,Rows,Removal,948,DUPLICATED,1.0,1.0,1.0,1.0,1.0,0.010316133499145508
948,1,Rows,Removal,949,DUPLICATED,1.0,1.0,1.0,1.0,1.0,0.010316133499145508
949,1,Rows,Removal,950,DUPLICATED,1.0,1.0,1.0,1.0,1.0,0.010316133499145508
950,1,Rows,Removal,951,DUPLICATED,1.0,1.0,1.0,1.0,1.0,0.010316133499145508
951,1,Rows,Removal,952,DUPLICATED,1.0,1.0,1.0,1.0,1.0,0.010316133499145508
952,1,Rows,Removal,953,DUPLICATED,1.0,1.0,1.0,1.0,1.0,0.010316133499145508
953,1,Rows,Removal,954,DUPLICATED,1.0,1.0,1.0,1.0,1.0,0.010316133499145508
954,1,Rows,Removal,955,DUPLICATED,1.0,1.0,1.0,1.0,1.0,0.010316133499145508
955,1,Rows,Removal,956,DUPLICATED,1.0,1.0,1.0,1.0,1.0,0.010316133499145508
956,1,Rows,Removal,957,DUPLICATED,1.0,1.0,1.0,1.0,1.0,0.010316133499145508
957,1,Rows,Removal,958,DUPLICATED,1.0,1.0,1.0,1.0,1.0,0.010316133499145508
958,1,Rows,Removal,959,DUPLICATED,1.0,1.0,1.0,1.0,1.0,0.010316133499145508
959,1,Rows,Removal,960,DUPLICATED,1.0,1.0,1.0,1.0,1.0,0.010316133499145508
960,1,Rows,Removal,961,DUPLICATED,1.0,1.0,1.0,1.0,1.0,0.010316133499145508
961,1,Rows,Removal,962,DUPLICATED,1.0,1.0,1.0,1.0,1.0,0.010316133499145508
962,1,Rows,Removal,963,DUPLICATED,1.0,1.0,1.0,1.0,1.0,0.010316133499145508
963,1,Rows,Removal,964,DUPLICATED,1.0,1.0,1.0,1.0,1.0,0.010316133499145508
964,1,Rows,Removal,965,DUPLICATED,1.0,1.0,1.0,1.0,1.0,0.010316133499145508
965,1,Rows,Removal,966,DUPLICATED,1.0,1.0,1.0,1.0,1.0,0.010316133499145508
966,1,Rows,Removal,967,DUPLICATED,1.0,1.0,1.0,1.0,1.0,0.010316133499145508
967,1,Rows,Removal,968,DUPLICATED,1.0,1.0,1.0,1.0,1.0,0.010316133499145508
968,1,Rows,Removal,969,DUPLICATED,1.0,1.0,1.0,1.0,1.0,0.010316133499145508
969,1,Rows,Removal,970,DUPLICATED,1.0,1.0,1.0,1.0,1.0,0.010316133499145508
970,1,Rows,Removal,971,DUPLICATED,1.0,1.0,1.0,1.0,1.0,0.010316133499145508
971,1,Rows,Removal,972,DUPLICATED,1.0,1.0,1.0,1.0,1.0,0.010316133499145508
972,1,Rows,Removal,973,DUPLICATED,1.0,1.0,1.0,1.0,1.0,0.010316133499145508
973,1,Rows,Removal,974,DUPLICATED,1.0,1.0,1.0,1.0,1.0,0.010316133499145508
974,1,Rows,Removal,975,DUPLICATED,1.0,1.0,1.0,1.0,1.0,0.010316133499145508
975,1,Rows,Removal,976,DUPLICATED,1.0,1.0,1.0,1.0,1.0,0.010316133499145508
976,1,Rows,Removal,977,DUPLICATED,1.0,1.0,1.0,1.0,1.0,0.010316133499145508
977,1,Rows,Removal,978,DUPLICATED,1.0,1.0,1.0,1.0,1.0,0.010316133499145508
978,1,Rows,Removal,979,DUPLICATED,1.0,1.0,1.0,1.0,1.0,0.010316133499145508
979,1,Rows,Removal,980,DUPLICATED,1.0,1.0,1.0,1.0,1.0,0.010316133499145508
980,1,Rows,Removal,981,DUPLICATED,1.0,1.0,1.0,1.0,1.0,0.010316133499145508
981,1,Rows,Removal,982,DUPLICATED,1.0,1.0,1.0,1.0,1.0,0.010316133499145508
982,1,Rows,Removal,983,DUPLICATED,1.0,1.0,1.0,1.0,1.0,0.010316133499145508
983,1,Rows,Removal,984,DUPLICATED,1.0,1.0,1.0,1.0,1.0,0.010316133499145508
984,1,Rows,Removal,985,DUPLICATED,1.0,1.0,1.0,1.0,1.0,0.010316133499145508
985,1,Rows,Removal,986,DUPLICATED,1.0,1.0,1.0,1.0,1.0,0.010316133499145508
986,1,Rows,Removal,987,DUPLICATED,1.0,1.0,1.0,1.0,1.0,0.010316133499145508
987,1,Rows,Removal,988,DUPLICATED,1.0,1.0,1.0,1.0,1.0,0.010316133499145508
988,1,Rows,Removal,989,DUPLICATED,1.0,1.0,1.0,1.0,1.0,0.010316133499145508
989,1,Rows,Removal,990,DUPLICATED,1.0,1.0,1.0,1.0,1.0,0.010316133499145508
990,1,Rows,Removal,991,DUPLICATED,1.0,1.0,1.0,1.0,1.0,0.010316133499145508
991,1,Rows,Removal,992,DUPLICATED,1.0,1.0,1.0,1.0,1.0,0.010316133499145508
992,1,Rows,Removal,993,DUPLICATED,1.0,1.0,1.0,1.0,1.0,0.010316133499145508
993,1,Rows,Removal,994,DUPLICATED,1.0,1.0,1.0,1.0,1.0,0.010316133499145508
994,1,Rows,Removal,995,DUPLICATED,1.0,1.0,1.0,1.0,1.0,0.010316133499145508
995,1,Rows,Removal,996,DUPLICATED,1.0,1.0,1.0,1.0,1.0,0.010316133499145508
996,1,Rows,Removal,997,DUPLICATED,1.0,1.0,1.0,1.0,1.0,0.010316133499145508
997,1,Rows,Removal,998,DUPLICATED,1.0,1.0,1.0,1.0,1.0,0.010316133499145508
998,1,Rows,Removal,999,DUPLICATED,1.0,1.0,1.0,1.0,1.0,0.010316133499145508
999,1,Rows,Removal,1000,DUPLICATED,1.0,1.0,1.0,1.0,1.0,0.010316133499145508
1000,1,Rows,Removal,1001,DUPLICATED,1.0,1.0,1.0,1.0,1.0,0.010316133499145508
1001,1,Rows,Removal,1002,DUPLICATED,1.0,1.0,1.0,1.0,1.0,0.010316133499145508
1002,1,Rows,Removal,1003,DUPLICATED,1.0,1.0,1.0,1.0,1.0,0.010316133499145508
1003,1,Rows,Removal,1004,DUPLICATED,1.0,1.0,1.0,1.0,1.0,0.010316133499145508
1004,1,Rows,Removal,1005,DUPLICATED,1.0,1.0,1.0,1.0,1.0,0.010316133499145508
1005,1,Rows,Removal,1006,DUPLICATED,1.0,1.0,1.0,1.0,1.0,0.010316133499145508
1006,1,Rows,Removal,1007,DUPLICATED,1.0,1.0,1.0,1.0,1.0,0.010316133499145508
1007,1,Rows,Removal,1008,DUPLICATED,1.0,1.0,1.0,1.0,1.0,0.010316133499145508
1008,1,Rows,Removal,1009,DUPLICATED,1.0,1.0,1.0,1.0,1.0,0.010316133499145508
1009,1,Rows,Removal,1010,DUPLICATED,1.0,1.0,1.0,1.0,1.0,0.010316133499145508
1010,1,Rows,Removal,1011,DUPLICATED,1.0,1.0,1.0,1.0,1.0,0.010316133499145508
1011,1,Rows,Removal,1012,DUPLICATED,1.0,1.0,1.0,1.0,1.0,0.010316133499145508
1012,1,Rows,Removal,1013,DUPLICATED,1.0,1.0,1.0,1.0,1.0,0.010316133499145508
1013,1,Rows,Removal,1014,DUPLICATED,1.0,1.0,1.0,1.0,1.0,0.010316133499145508
1014,1,Rows,Removal,1015,DUPLICATED,1.0,1.0,1.0,1.0,1.0,0.010316133499145508
1015,1,Rows,Removal,1016,DUPLICATED,1.0,1.0,1.0,1.0,1.0,0.010316133499145508
1016,1,Rows,Removal,1017,DUPLICATED,1.0,1.0,1.0,1.0,1.0,0.010316133499145508
1017,1,Rows,Removal,1018,DUPLICATED,1.0,1.0,1.0,1.0,1.0,0.010316133499145508
1018,1,Rows,Removal,1019,DUPLICATED,1.0,1.0,1.0,1.0,1.0,0.010316133499145508
1019,1,Rows,Removal,1020,DUPLICATED,1.0,1.0,1.0,1.0,1.0,0.010316133499145508
1020,1,Rows,Removal,1021,DUPLICATED,1.0,1.0,1.0,1.0,1.0,0.010316133499145508
1021,1,Rows,Removal,1022,DUPLICATED,1.0,1.0,1.0,1.0,1.0,0.010316133499145508
1022,1,Rows,Removal,1023,DUPLICATED,1.0,1.0,1.0,1.0,1.0,0.010316133499145508
1023,1,Rows,Removal,1024,DUPLICATED,1.0,1.0,1.0,1.0,1.0,0.010316133499145508
1024,1,Rows,Removal,1025,DUPLICATED,1.0,1.0,1.0,1.0,1.0,0.010316133499145508
1025,1,Rows,Removal,1026,DUPLICATED,1.0,1.0,1.0,1.0,1.0,0.010316133499145508
1026,1,Rows,Removal,1027,DUPLICATED,1.0,1.0,1.0,1.0,1.0,0.010316133499145508
1027,1,Rows,Removal,1028,DUPLICATED,1.0,1.0,1.0,1.0,1.0,0.010316133499145508
1028,1,Rows,Removal,1029,DUPLICATED,1.0,1.0,1.0,1.0,1.0,0.010316133499145508
1029,1,Rows,Removal,1030,DUPLICATED,1.0,1.0,1.0,1.0,1.0,0.010316133499145508
1030,1,Rows,Removal,1031,DUPLICATED,1.0,1.0,1.0,1.0,1.0,0.010316133499145508
1031,1,Rows,Removal,1032,DUPLICATED,1.0,1.0,1.0,1.0,1.0,0.010316133499145508
1032,1,Rows,Removal,1033,DUPLICATED,1.0,1.0,1.0,1.0,1.0,0.010316133499145508
1033,1,Rows,Removal,1034,DUPLICATED,1.0,1.0,1.0,1.0,1.0,0.010316133499145508
1034,1,Rows,Removal,1035,DUPLICATED,1.0,1.0,1.0,1.0,1.0,0.010316133499145508
1035,1,Rows,Removal,1036,DUPLICATED,1.0,1.0,1.0,1.0,1.0,0.010316133499145508
1036,1,Rows,Removal,1037,DUPLICATED,1.0,1.0,1.0,1.0,1.0,0.010316133499145508
1037,1,Rows,Removal,1038,DUPLICATED,1.0,1.0,1.0,1.0,1.0,0.010316133499145508
1038,1,Rows,Removal,1039,DUPLICATED,1.0,1.0,1.0,1.0,1.0,0.010316133499145508
1039,1,Rows,Removal,1040,DUPLICATED,1.0,1.0,1.0,1.0,1.0,0.010316133499145508
1040,1,Rows,Removal,1041,DUPLICATED,1.0,1.0,1.0,1.0,1.0,0.010316133499145508
1041,1,Rows,Removal,1042,DUPLICATED,1.0,1.0,1.0,1.0,1.0,0.010316133499145508
1042,1,Rows,Removal,1043,DUPLICATED,1.0,1.0,1.0,1.0,1.0,0.010316133499145508
1043,1,Rows,Removal,1044,DUPLICATED,1.0,1.0,1.0,1.0,1.0,0.010316133499145508
1044,1,Rows,Removal,1045,DUPLICATED,1.0,1.0,1.0,1.0,1.0,0.010316133499145508
1045,1,Rows,Removal,1046,DUPLICATED,1.0,1.0,1.0,1.0,1.0,0.010316133499145508
1046,1,Rows,Removal,1047,DUPLICATED,1.0,1.0,1.0,1.0,1.0,0.010316133499145508
1047,1,Rows,Removal,1048,DUPLICATED,1.0,1.0,1.0,1.0,1.0,0.010316133499145508
1048,1,Rows,Removal,1049,DUPLICATED,1.0,1.0,1.0,1.0,1.0,0.010316133499145508
1049,1,Rows,Removal,1050,DUPLICATED,1.0,1.0,1.0,1.0,1.0,0.010316133499145508
1050,1,Rows,Removal,1051,DUPLICATED,1.0,1.0,1.0,1.0,1.0,0.010316133499145508
1051,1,Rows,Removal,1052,DUPLICATED,1.0,1.0,1.0,1.0,1.0,0.010316133499145508
1052,1,Rows,Removal,1053,DUPLICATED,1.0,1.0,1.0,1.0,1.0,0.010316133499145508
1053,1,Rows,Removal,1054,DUPLICATED,1.0,1.0,1.0,1.0,1.0,0.010316133499145508
1054,1,Rows,Removal,1055,DUPLICATED,1.0,1.0,1.0,1.0,1.0,0.010316133499145508
1055,1,Rows,Removal,1056,DUPLICATED,1.0,1.0,1.0,1.0,1.0,0.010316133499145508
1056,1,Rows,Removal,1057,DUPLICATED,1.0,1.0,1.0,1.0,1.0,0.010316133499145508
1057,1,Rows,Removal,1058,DUPLICATED,1.0,1.0,1.0,1.0,1.0,0.010316133499145508
1058,1,Rows,Removal,1059,DUPLICATED,1.0,1.0,1.0,1.0,1.0,0.010316133499145508
1059,1,Rows,Removal,1060,DUPLICATED,1.0,1.0,1.0,1.0,1.0,0.010316133499145508
1060,1,Rows,Removal,1061,DUPLICATED,1.0,1.0,1.0,1.0,1.0,0.010316133499145508
1061,1,Rows,Removal,1062,DUPLICATED,1.0,1.0,1.0,1.0,1.0,0.010316133499145508
1062,1,Rows,Removal,1063,DUPLICATED,1.0,1.0,1.0,1.0,1.0,0.010316133499145508
1063,1,Rows,Removal,1064,DUPLICATED,1.0,1.0,1.0,1.0,1.0,0.010316133499145508
1064,1,Rows,Removal,1065,DUPLICATED,1.0,1.0,1.0,1.0,1.0,0.010316133499145508
1065,1,Rows,Removal,1066,DUPLICATED,1.0,1.0,1.0,1.0,1.0,0.010316133499145508
1066,1,Rows,Removal,1067,DUPLICATED,1.0,1.0,1.0,1.0,1.0,0.010316133499145508
1067,1,Rows,Removal,1068,DUPLICATED,1.0,1.0,1.0,1.0,1.0,0.010316133499145508
1068,1,Rows,Removal,1069,DUPLICATED,1.0,1.0,1.0,1.0,1.0,0.010316133499145508
1069,1,Rows,Removal,1070,DUPLICATED,1.0,1.0,1.0,1.0,1.0,0.010316133499145508
1070,1,Rows,Removal,1071,DUPLICATED,1.0,1.0,1.0,1.0,1.0,0.010316133499145508
1071,1,Rows,Removal,1072,DUPLICATED,1.0,1.0,1.0,1.0,1.0,0.010316133499145508
1072,1,Rows,Removal,1073,DUPLICATED,1.0,1.0,1.0,1.0,1.0,0.010316133499145508
1073,1,Rows,Removal,1074,DUPLICATED,1.0,1.0,1.0,1.0,1.0,0.010316133499145508
1074,1,Rows,Removal,1075,DUPLICATED,1.0,1.0,1.0,1.0,1.0,0.010316133499145508
1075,1,Rows,Removal,1076,DUPLICATED,1.0,1.0,1.0,1.0,1.0,0.010316133499145508
1076,1,Rows,Removal,1077,DUPLICATED,1.0,1.0,1.0,1.0,1.0,0.010316133499145508
1077,1,Rows,Removal,1078,DUPLICATED,1.0,1.0,1.0,1.0,1.0,0.010316133499145508
1078,1,Rows,Removal,1079,DUPLICATED,1.0,1.0,1.0,1.0,1.0,0.010316133499145508
1079,1,Rows,Removal,1080,DUPLICATED,1.0,1.0,1.0,1.0,1.0,0.010316133499145508
1080,1,Rows,Removal,1081,DUPLICATED,1.0,1.0,1.0,1.0,1.0,0.010316133499145508
1081,1,Rows,Removal,1082,DUPLICATED,1.0,1.0,1.0,1.0,1.0,0.010316133499145508
1082,1,Rows,Removal,1083,DUPLICATED,1.0,1.0,1.0,1.0,1.0,0.010316133499145508
1083,1,Rows,Removal,1084,DUPLICATED,1.0,1.0,1.0,1.0,1.0,0.010316133499145508
1084,1,Rows,Removal,1085,DUPLICATED,1.0,1.0,1.0,1.0,1.0,0.010316133499145508
1085,1,Rows,Removal,1086,DUPLICATED,1.0,1.0,1.0,1.0,1.0,0.010316133499145508
1086,1,Rows,Removal,1087,DUPLICATED,1.0,1.0,1.0,1.0,1.0,0.010316133499145508
1087,1,Rows,Removal,1088,DUPLICATED,1.0,1.0,1.0,1.0,1.0,0.010316133499145508
1088,1,Rows,Removal,1089,DUPLICATED,1.0,1.0,1.0,1.0,1.0,0.010316133499145508
1089,1,Rows,Removal,1090,DUPLICATED,1.0,1.0,1.0,1.0,1.0,0.010316133499145508
1090,1,Rows,Removal,1091,DUPLICATED,1.0,1.0,1.0,1.0,1.0,0.010316133499145508
1091,1,Rows,Removal,1092,DUPLICATED,1.0,1.0,1.0,1.0,1.0,0.010316133499145508
1092,1,Rows,Removal,1093,DUPLICATED,1.0,1.0,1.0,1.0,1.0,0.010316133499145508
1093,1,Rows,Removal,1094,DUPLICATED,1.0,1.0,1.0,1.0,1.0,0.010316133499145508
1094,1,Rows,Removal,1095,DUPLICATED,1.0,1.0,1.0,1.0,1.0,0.010316133499145508
1095,1,Rows,Removal,1096,DUPLICATED,1.0,1.0,1.0,1.0,1.0,0.010316133499145508
1096,1,Rows,Removal,1097,DUPLICATED,1.0,1.0,1.0,1.0,1.0,0.010316133499145508
1097,1,Rows,Removal,1098,DUPLICATED,1.0,1.0,1.0,1.0,1.0,0.010316133499145508
1098,1,Rows,Removal,1099,DUPLICATED,1.0,1.0,1.0,1.0,1.0,0.010316133499145508
1099,1,Rows,Removal,1100,DUPLICATED,1.0,1.0,1.0,1.0,1.0,0.010316133499145508
1100,1,Rows,Removal,1101,DUPLICATED,1.0,1.0,1.0,1.0,1.0,0.010316133499145508
1101,1,Rows,Removal,1102,DUPLICATED,1.0,1.0,1.0,1.0,1.0,0.010316133499145508
1102,1,Rows,Removal,1103,DUPLICATED,1.0,1.0,1.0,1.0,1.0,0.010316133499145508
1103,1,Rows,Removal,1104,DUPLICATED,1.0,1.0,1.0,1.0,1.0,0.010316133499145508
1104,1,Rows,Removal,1105,DUPLICATED,1.0,1.0,1.0,1.0,1.0,0.010316133499145508
1105,1,Rows,Removal,1106,DUPLICATED,1.0,1.0,1.0,1.0,1.0,0.010316133499145508
1106,1,Rows,Removal,1107,DUPLICATED,1.0,1.0,1.0,1.0,1.0,0.010316133499145508
1107,1,Rows,Removal,1108,DUPLICATED,1.0,1.0,1.0,1.0,1.0,0.010316133499145508
1108,1,Rows,Removal,1109,DUPLICATED,1.0,1.0,1.0,1.0,1.0,0.010316133499145508
1109,1,Rows,Removal,1110,DUPLICATED,1.0,1.0,1.0,1.0,1.0,0.010316133499145508
1110,1,Rows,Removal,1111,DUPLICATED,1.0,1.0,1.0,1.0,1.0,0.010316133499145508
1111,1,Rows,Removal,1112,DUPLICATED,1.0,1.0,1.0,1.0,1.0,0.010316133499145508
1112,1,Rows,Removal,1113,DUPLICATED,1.0,1.0,1.0,1.0,1.0,0.010316133499145508
1113,1,Rows,Removal,1114,DUPLICATED,1.0,1.0,1.0,1.0,1.0,0.010316133499145508
1114,1,Rows,Removal,1115,DUPLICATED,1.0,1.0,1.0,1.0,1.0,0.010316133499145508
1115,1,Rows,Removal,1116,DUPLICATED,1.0,1.0,1.0,1.0,1.0,0.010316133499145508
1116,1,Rows,Removal,1117,DUPLICATED,1.0,1.0,1.0,1.0,1.0,0.010316133499145508
1117,1,Rows,Removal,1118,DUPLICATED,1.0,1.0,1.0,1.0,1.0,0.010316133499145508
1118,1,Rows,Removal,1119,DUPLICATED,1.0,1.0,1.0,1.0,1.0,0.010316133499145508
1119,1,Rows,Removal,1120,DUPLICATED,1.0,1.0,1.0,1.0,1.0,0.010316133499145508
1120,1,Rows,Removal,1121,DUPLICATED,1.0,1.0,1.0,1.0,1.0,0.010316133499145508
1121,1,Rows,Removal,1122,DUPLICATED,1.0,1.0,1.0,1.0,1.0,0.010316133499145508
1122,1,Rows,Removal,1123,DUPLICATED,1.0,1.0,1.0,1.0,1.0,0.010316133499145508
1123,1,Rows,Removal,1124,DUPLICATED,1.0,1.0,1.0,1.0,1.0,0.010316133499145508
1124,1,Rows,Removal,1125,DUPLICATED,1.0,1.0,1.0,1.0,1.0,0.010316133499145508
1125,1,Rows,Removal,1126,DUPLICATED,1.0,1.0,1.0,1.0,1.0,0.010316133499145508
1126,1,Rows,Removal,1127,DUPLICATED,1.0,1.0,1.0,1.0,1.0,0.010316133499145508
1127,1,Rows,Removal,1128,DUPLICATED,1.0,1.0,1.0,1.0,1.0,0.010316133499145508
1128,1,Rows,Removal,1129,DUPLICATED,1.0,1.0,1.0,1.0,1.0,0.010316133499145508
1129,1,Rows,Removal,1130,DUPLICATED,1.0,1.0,1.0,1.0,1.0,0.010316133499145508
1130,1,Rows,Removal,1131,DUPLICATED,1.0,1.0,1.0,1.0,1.0,0.010316133499145508
1131,1,Rows,Removal,1132,DUPLICATED,1.0,1.0,1.0,1.0,1.0,0.010316133499145508
1132,1,Rows,Removal,1133,DUPLICATED,1.0,1.0,1.0,1.0,1.0,0.010316133499145508
1133,1,Rows,Removal,1134,DUPLICATED,1.0,1.0,1.0,1.0,1.0,0.010316133499145508
1134,1,Rows,Removal,1135,DUPLICATED,1.0,1.0,1.0,1.0,1.0,0.010316133499145508
1135,1,Rows,Removal,1136,DUPLICATED,1.0,1.0,1.0,1.0,1.0,0.010316133499145508
1136,1,Rows,Removal,1137,DUPLICATED,1.0,1.0,1.0,1.0,1.0,0.010316133499145508
1137,1,Rows,Removal,1138,DUPLICATED,1.0,1.0,1.0,1.0,1.0,0.010316133499145508
1138,1,Rows,Removal,1139,DUPLICATED,1.0,1.0,1.0,1.0,1.0,0.010316133499145508
1139,1,Rows,Removal,1140,DUPLICATED,1.0,1.0,1.0,1.0,1.0,0.010316133499145508
1140,1,Rows,Removal,1141,DUPLICATED,1.0,1.0,1.0,1.0,1.0,0.010316133499145508
1141,1,Rows,Removal,1142,DUPLICATED,1.0,1.0,1.0,1.0,1.0,0.010316133499145508
1142,1,Rows,Removal,1143,DUPLICATED,1.0,1.0,1.0,1.0,1.0,0.010316133499145508
1143,1,Rows,Removal,1144,DUPLICATED,1.0,1.0,1.0,1.0,1.0,0.010316133499145508
1144,1,Rows,Removal,1145,DUPLICATED,1.0,1.0,1.0,1.0,1.0,0.010316133499145508
1145,1,Rows,Removal,1146,DUPLICATED,1.0,1.0,1.0,1.0,1.0,0.010316133499145508
1146,1,Rows,Removal,1147,DUPLICATED,1.0,1.0,1.0,1.0,1.0,0.010316133499145508
1147,1,Rows,Removal,1148,DUPLICATED,1.0,1.0,1.0,1.0,1.0,0.010316133499145508
1148,1,Rows,Removal,1149,DUPLICATED,1.0,1.0,1.0,1.0,1.0,0.010316133499145508
1149,1,Rows,Removal,1150,DUPLICATED,1.0,1.0,1.0,1.0,1.0,0.010316133499145508
1150,1,Rows,Removal,1151,DUPLICATED,1.0,1.0,1.0,1.0,1.0,0.010316133499145508
1151,1,Rows,Removal,1152,DUPLICATED,1.0,1.0,1.0,1.0,1.0,0.010316133499145508
1152,1,Rows,Removal,1153,DUPLICATED,1.0,1.0,1.0,1.0,1.0,0.010316133499145508
1153,1,Rows,Removal,1154,DUPLICATED,1.0,1.0,1.0,1.0,1.0,0.010316133499145508
1154,1,Rows,Removal,1155,DUPLICATED,1.0,1.0,1.0,1.0,1.0,0.010316133499145508
1155,1,Rows,Removal,1156,DUPLICATED,1.0,1.0,1.0,1.0,1.0,0.010316133499145508
1156,1,Rows,Removal,1157,DUPLICATED,1.0,1.0,1.0,1.0,1.0,0.010316133499145508
1157,1,Rows,Removal,1158,DUPLICATED,1.0,1.0,1.0,1.0,1.0,0.010316133499145508
1158,1,Rows,Removal,1159,DUPLICATED,1.0,1.0,1.0,1.0,1.0,0.010316133499145508
1159,1,Rows,Removal,1160,DUPLICATED,1.0,1.0,1.0,1.0,1.0,0.010316133499145508
1160,1,Rows,Removal,1161,DUPLICATED,1.0,1.0,1.0,1.0,1.0,0.010316133499145508
1161,1,Rows,Removal,1162,DUPLICATED,1.0,1.0,1.0,1.0,1.0,0.010316133499145508
1162,1,Rows,Removal,1163,DUPLICATED,1.0,1.0,1.0,1.0,1.0,0.010316133499145508
1163,1,Rows,Removal,1164,DUPLICATED,1.0,1.0,1.0,1.0,1.0,0.010316133499145508
1164,1,Rows,Removal,1165,DUPLICATED,1.0,1.0,1.0,1.0,1.0,0.010316133499145508
1165,1,Rows,Removal,1166,DUPLICATED,1.0,1.0,1.0,1.0,1.0,0.010316133499145508
1166,1,Rows,Removal,1167,DUPLICATED,1.0,1.0,1.0,1.0,1.0,0.010316133499145508
1167,1,Rows,Removal,1168,DUPLICATED,1.0,1.0,1.0,1.0,1.0,0.010316133499145508
1168,1,Rows,Removal,1169,DUPLICATED,1.0,1.0,1.0,1.0,1.0,0.010316133499145508
1169,1,Rows,Removal,1170,DUPLICATED,1.0,1.0,1.0,1.0,1.0,0.010316133499145508
1170,1,Rows,Removal,1171,DUPLICATED,1.0,1.0,1.0,1.0,1.0,0.010316133499145508
1171,1,Rows,Removal,1172,DUPLICATED,1.0,1.0,1.0,1.0,1.0,0.010316133499145508
1172,1,Rows,Removal,1173,DUPLICATED,1.0,1.0,1.0,1.0,1.0,0.010316133499145508
1173,1,Rows,Removal,1174,DUPLICATED,1.0,1.0,1.0,1.0,1.0,0.010316133499145508
1174,1,Rows,Removal,1175,DUPLICATED,1.0,1.0,1.0,1.0,1.0,0.010316133499145508
1175,1,Rows,Removal,1176,DUPLICATED,1.0,1.0,1.0,1.0,1.0,0.010316133499145508
1176,1,Rows,Removal,1177,DUPLICATED,1.0,1.0,1.0,1.0,1.0,0.010316133499145508
1177,1,Rows,Removal,1178,DUPLICATED,1.0,1.0,1.0,1.0,1.0,0.010316133499145508
1178,1,Rows,Removal,1179,DUPLICATED,1.0,1.0,1.0,1.0,1.0,0.010316133499145508
1179,1,Rows,Removal,1180,DUPLICATED,1.0,1.0,1.0,1.0,1.0,0.010316133499145508
1180,1,Rows,Removal,1181,DUPLICATED,1.0,1.0,1.0,1.0,1.0,0.010316133499145508
1181,1,Rows,Removal,1182,DUPLICATED,1.0,1.0,1.0,1.0,1.0,0.010316133499145508
1182,1,Rows,Removal,1183,DUPLICATED,1.0,1.0,1.0,1.0,1.0,0.010316133499145508
1183,1,Rows,Removal,1184,DUPLICATED,1.0,1.0,1.0,1.0,1.0,0.010316133499145508
1184,1,Rows,Removal,1185,DUPLICATED,1.0,1.0,1.0,1.0,1.0,0.010316133499145508
1185,1,Rows,Removal,1186,DUPLICATED,1.0,1.0,1.0,1.0,1.0,0.010316133499145508
1186,1,Rows,Removal,1187,DUPLICATED,1.0,1.0,1.0,1.0,1.0,0.010316133499145508
1187,1,Rows,Removal,1188,DUPLICATED,1.0,1.0,1.0,1.0,1.0,0.010316133499145508
1188,1,Rows,Removal,1189,DUPLICATED,1.0,1.0,1.0,1.0,1.0,0.010316133499145508
1189,1,Rows,Removal,1190,DUPLICATED,1.0,1.0,1.0,1.0,1.0,0.010316133499145508
1190,1,Rows,Removal,1191,DUPLICATED,1.0,1.0,1.0,1.0,1.0,0.010316133499145508
1191,1,Rows,Removal,1192,DUPLICATED,1.0,1.0,1.0,1.0,1.0,0.010316133499145508
1192,1,Rows,Removal,1193,DUPLICATED,1.0,1.0,1.0,1.0,1.0,0.010316133499145508
1193,1,Rows,Removal,1194,DUPLICATED,1.0,1.0,1.0,1.0,1.0,0.010316133499145508
1194,1,Rows,Removal,1195,DUPLICATED,1.0,1.0,1.0,1.0,1.0,0.010316133499145508
1195,1,Rows,Removal,1196,DUPLICATED,1.0,1.0,1.0,1.0,1.0,0.010316133499145508
1196,1,Rows,Removal,1197,DUPLICATED,1.0,1.0,1.0,1.0,1.0,0.010316133499145508
1197,1,Rows,Removal,1198,DUPLICATED,1.0,1.0,1.0,1.0,1.0,0.010316133499145508
1198,1,Rows,Removal,1199,DUPLICATED,1.0,1.0,1.0,1.0,1.0,0.010316133499145508
1199,1,Rows,Removal,1200,DUPLICATED,1.0,1.0,1.0,1.0,1.0,0.010316133499145508
1200,1,Rows,Removal,1201,DUPLICATED,1.0,1.0,1.0,1.0,1.0,0.010316133499145508
1201,1,Rows,Removal,1202,DUPLICATED,1.0,1.0,1.0,1.0,1.0,0.010316133499145508
1202,1,Rows,Removal,1203,DUPLICATED,1.0,1.0,1.0,1.0,1.0,0.010316133499145508
1203,1,Rows,Removal,1204,DUPLICATED,1.0,1.0,1.0,1.0,1.0,0.010316133499145508
1204,1,Rows,Removal,1205,DUPLICATED,1.0,1.0,1.0,1.0,1.0,0.010316133499145508
1205,1,Rows,Removal,1206,DUPLICATED,1.0,1.0,1.0,1.0,1.0,0.010316133499145508
1206,1,Rows,Removal,1207,DUPLICATED,1.0,1.0,1.0,1.0,1.0,0.010316133499145508
1207,1,Rows,Removal,1208,DUPLICATED,1.0,1.0,1.0,1.0,1.0,0.010316133499145508
1208,1,Rows,Removal,1209,DUPLICATED,1.0,1.0,1.0,1.0,1.0,0.010316133499145508
1209,1,Rows,Removal,1210,DUPLICATED,1.0,1.0,1.0,1.0,1.0,0.010316133499145508
1210,1,Rows,Removal,1211,DUPLICATED,1.0,1.0,1.0,1.0,1.0,0.010316133499145508
1211,1,Rows,Removal,1212,DUPLICATED,1.0,1.0,1.0,1.0,1.0,0.010316133499145508
1212,1,Rows,Removal,1213,DUPLICATED,1.0,1.0,1.0,1.0,1.0,0.010316133499145508
1213,1,Rows,Removal,1214,DUPLICATED,1.0,1.0,1.0,1.0,1.0,0.010316133499145508
1214,1,Rows,Removal,1215,DUPLICATED,1.0,1.0,1.0,1.0,1.0,0.010316133499145508
1215,1,Rows,Removal,1216,DUPLICATED,1.0,1.0,1.0,1.0,1.0,0.010316133499145508
1216,1,Rows,Removal,1217,DUPLICATED,1.0,1.0,1.0,1.0,1.0,0.010316133499145508
1217,1,Rows,Removal,1218,DUPLICATED,1.0,1.0,1.0,1.0,1.0,0.010316133499145508
1218,1,Rows,Removal,1219,DUPLICATED,1.0,1.0,1.0,1.0,1.0,0.010316133499145508
1219,1,Rows,Removal,1220,DUPLICATED,1.0,1.0,1.0,1.0,1.0,0.010316133499145508
1220,1,Rows,Removal,1221,DUPLICATED,1.0,1.0,1.0,1.0,1.0,0.010316133499145508
1221,1,Rows,Removal,1222,DUPLICATED,1.0,1.0,1.0,1.0,1.0,0.010316133499145508
1222,1,Rows,Removal,1223,DUPLICATED,1.0,1.0,1.0,1.0,1.0,0.010316133499145508
1223,1,Rows,Removal,1224,DUPLICATED,1.0,1.0,1.0,1.0,1.0,0.010316133499145508
1224,1,Rows,Removal,1225,DUPLICATED,1.0,1.0,1.0,1.0,1.0,0.010316133499145508
1225,1,Rows,Removal,1226,DUPLICATED,1.0,1.0,1.0,1.0,1.0,0.010316133499145508
1226,1,Rows,Removal,1227,DUPLICATED,1.0,1.0,1.0,1.0,1.0,0.010316133499145508
1227,1,Rows,Removal,1228,DUPLICATED,1.0,1.0,1.0,1.0,1.0,0.010316133499145508
1228,1,Rows,Removal,1229,DUPLICATED,1.0,1.0,1.0,1.0,1.0,0.010316133499145508
1229,1,Rows,Removal,1230,DUPLICATED,1.0,1.0,1.0,1.0,1.0,0.010316133499145508
1230,1,Rows,Removal,1231,DUPLICATED,1.0,1.0,1.0,1.0,1.0,0.010316133499145508
1231,1,Rows,Removal,1232,DUPLICATED,1.0,1.0,1.0,1.0,1.0,0.010316133499145508
1232,1,Rows,Removal,1233,DUPLICATED,1.0,1.0,1.0,1.0,1.0,0.010316133499145508
1233,1,Rows,Removal,1234,DUPLICATED,1.0,1.0,1.0,1.0,1.0,0.010316133499145508
1234,1,Rows,Removal,1235,DUPLICATED,1.0,1.0,1.0,1.0,1.0,0.010316133499145508
1235,1,Rows,Removal,1236,DUPLICATED,1.0,1.0,1.0,1.0,1.0,0.010316133499145508
1236,1,Rows,Removal,1237,DUPLICATED,1.0,1.0,1.0,1.0,1.0,0.010316133499145508
1237,1,Rows,Removal,1238,DUPLICATED,1.0,1.0,1.0,1.0,1.0,0.010316133499145508
1238,1,Rows,Removal,1239,DUPLICATED,1.0,1.0,1.0,1.0,1.0,0.010316133499145508
1239,1,Rows,Removal,1240,DUPLICATED,1.0,1.0,1.0,1.0,1.0,0.010316133499145508
1240,1,Rows,Removal,1241,DUPLICATED,1.0,1.0,1.0,1.0,1.0,0.010316133499145508
1241,1,Rows,Removal,1242,DUPLICATED,1.0,1.0,1.0,1.0,1.0,0.010316133499145508
1242,1,Rows,Removal,1243,DUPLICATED,1.0,1.0,1.0,1.0,1.0,0.010316133499145508
1243,1,Rows,Removal,1244,DUPLICATED,1.0,1.0,1.0,1.0,1.0,0.010316133499145508
1244,1,Rows,Removal,1245,DUPLICATED,1.0,1.0,1.0,1.0,1.0,0.010316133499145508
1245,1,Rows,Removal,1246,DUPLICATED,1.0,1.0,1.0,1.0,1.0,0.010316133499145508
1246,1,Rows,Removal,1247,DUPLICATED,1.0,1.0,1.0,1.0,1.0,0.010316133499145508
1247,1,Rows,Removal,1248,DUPLICATED,1.0,1.0,1.0,1.0,1.0,0.010316133499145508
1248,1,Rows,Removal,1249,DUPLICATED,1.0,1.0,1.0,1.0,1.0,0.010316133499145508
1249,1,Rows,Removal,1250,DUPLICATED,1.0,1.0,1.0,1.0,1.0,0.010316133499145508
1250,1,Rows,Removal,1251,DUPLICATED,1.0,1.0,1.0,1.0,1.0,0.010316133499145508
1251,1,Rows,Removal,1252,DUPLICATED,1.0,1.0,1.0,1.0,1.0,0.010316133499145508
1252,1,Rows,Removal,1253,DUPLICATED,1.0,1.0,1.0,1.0,1.0,0.010316133499145508
1253,1,Rows,Removal,1254,DUPLICATED,1.0,1.0,1.0,1.0,1.0,0.010316133499145508
1254,1,Rows,Removal,1255,DUPLICATED,1.0,1.0,1.0,1.0,1.0,0.010316133499145508
1255,1,Rows,Removal,1256,DUPLICATED,1.0,1.0,1.0,1.0,1.0,0.010316133499145508
1256,1,Rows,Removal,1257,DUPLICATED,1.0,1.0,1.0,1.0,1.0,0.010316133499145508
1257,1,Rows,Removal,1258,DUPLICATED,1.0,1.0,1.0,1.0,1.0,0.010316133499145508
1258,1,Rows,Removal,1259,DUPLICATED,1.0,1.0,1.0,1.0,1.0,0.010316133499145508
1259,1,Rows,Removal,1260,DUPLICATED,1.0,1.0,1.0,1.0,1.0,0.010316133499145508
1260,1,Rows,Removal,1261,DUPLICATED,1.0,1.0,1.0,1.0,1.0,0.010316133499145508
1261,1,Rows,Removal,1262,DUPLICATED,1.0,1.0,1.0,1.0,1.0,0.010316133499145508
1262,1,Rows,Removal,1263,DUPLICATED,1.0,1.0,1.0,1.0,1.0,0.010316133499145508
1263,1,Rows,Removal,1264,DUPLICATED,1.0,1.0,1.0,1.0,1.0,0.010316133499145508
1264,1,Rows,Removal,1265,DUPLICATED,1.0,1.0,1.0,1.0,1.0,0.010316133499145508
1265,1,Rows,Removal,1266,DUPLICATED,1.0,1.0,1.0,1.0,1.0,0.010316133499145508
1266,1,Rows,Removal,1267,DUPLICATED,1.0,1.0,1.0,1.0,1.0,0.010316133499145508
1267,1,Rows,Removal,1268,DUPLICATED,1.0,1.0,1.0,1.0,1.0,0.010316133499145508
1268,1,Rows,Removal,1269,DUPLICATED,1.0,1.0,1.0,1.0,1.0,0.010316133499145508
1269,1,Rows,Removal,1270,DUPLICATED,1.0,1.0,1.0,1.0,1.0,0.010316133499145508
1270,1,Rows,Removal,1271,DUPLICATED,1.0,1.0,1.0,1.0,1.0,0.010316133499145508
1271,1,Rows,Removal,1272,DUPLICATED,1.0,1.0,1.0,1.0,1.0,0.010316133499145508
1272,1,Rows,Removal,1273,DUPLICATED,1.0,1.0,1.0,1.0,1.0,0.010316133499145508
1273,1,Rows,Removal,1274,DUPLICATED,1.0,1.0,1.0,1.0,1.0,0.010316133499145508
1274,1,Rows,Removal,1275,DUPLICATED,1.0,1.0,1.0,1.0,1.0,0.010316133499145508
1275,1,Rows,Removal,1276,DUPLICATED,1.0,1.0,1.0,1.0,1.0,0.010316133499145508
1276,1,Rows,Removal,1277,DUPLICATED,1.0,1.0,1.0,1.0,1.0,0.010316133499145508
1277,1,Rows,Removal,1278,DUPLICATED,1.0,1.0,1.0,1.0,1.0,0.010316133499145508
1278,1,Rows,Removal,1279,DUPLICATED,1.0,1.0,1.0,1.0,1.0,0.010316133499145508
1279,1,Rows,Removal,1280,DUPLICATED,1.0,1.0,1.0,1.0,1.0,0.010316133499145508
1280,1,Rows,Removal,1281,DUPLICATED,1.0,1.0,1.0,1.0,1.0,0.010316133499145508
1281,1,Rows,Removal,1282,DUPLICATED,1.0,1.0,1.0,1.0,1.0,0.010316133499145508
1282,1,Rows,Removal,1283,DUPLICATED,1.0,1.0,1.0,1.0,1.0,0.010316133499145508
1283,1,Rows,Removal,1284,DUPLICATED,1.0,1.0,1.0,1.0,1.0,0.010316133499145508
1284,1,Rows,Removal,1285,DUPLICATED,1.0,1.0,1.0,1.0,1.0,0.010316133499145508
1285,1,Rows,Removal,1286,DUPLICATED,1.0,1.0,1.0,1.0,1.0,0.010316133499145508
1286,1,Rows,Removal,1287,DUPLICATED,1.0,1.0,1.0,1.0,1.0,0.010316133499145508
1287,1,Rows,Removal,1288,DUPLICATED,1.0,1.0,1.0,1.0,1.0,0.010316133499145508
1288,1,Rows,Removal,1289,DUPLICATED,1.0,1.0,1.0,1.0,1.0,0.010316133499145508
1289,1,Rows,Removal,1290,DUPLICATED,1.0,1.0,1.0,1.0,1.0,0.010316133499145508
1290,1,Rows,Removal,1291,DUPLICATED,1.0,1.0,1.0,1.0,1.0,0.010316133499145508
1291,1,Rows,Removal,1292,DUPLICATED,1.0,1.0,1.0,1.0,1.0,0.010316133499145508
1292,1,Rows,Removal,1293,DUPLICATED,1.0,1.0,1.0,1.0,1.0,0.010316133499145508
1293,1,Rows,Removal,1294,DUPLICATED,1.0,1.0,1.0,1.0,1.0,0.010316133499145508
1294,1,Rows,Removal,1295,DUPLICATED,1.0,1.0,1.0,1.0,1.0,0.010316133499145508
1295,1,Rows,Removal,1296,DUPLICATED,1.0,1.0,1.0,1.0,1.0,0.010316133499145508
1296,1,Rows,Removal,1297,DUPLICATED,1.0,1.0,1.0,1.0,1.0,0.010316133499145508
1297,1,Rows,Removal,1298,DUPLICATED,1.0,1.0,1.0,1.0,1.0,0.010316133499145508
1298,1,Rows,Removal,1299,DUPLICATED,1.0,1.0,1.0,1.0,1.0,0.010316133499145508
1299,1,Rows,Removal,1300,DUPLICATED,1.0,1.0,1.0,1.0,1.0,0.010316133499145508
1300,1,Rows,Removal,1301,DUPLICATED,1.0,1.0,1.0,1.0,1.0,0.010316133499145508
1301,1,Rows,Removal,1302,DUPLICATED,1.0,1.0,1.0,1.0,1.0,0.010316133499145508
1302,1,Rows,Removal,1303,DUPLICATED,1.0,1.0,1.0,1.0,1.0,0.010316133499145508
1303,1,Rows,Removal,1304,DUPLICATED,1.0,1.0,1.0,1.0,1.0,0.010316133499145508
1304,1,Rows,Removal,1305,DUPLICATED,1.0,1.0,1.0,1.0,1.0,0.010316133499145508
1305,1,Rows,Removal,1306,DUPLICATED,1.0,1.0,1.0,1.0,1.0,0.010316133499145508
1306,1,Rows,Removal,1307,DUPLICATED,1.0,1.0,1.0,1.0,1.0,0.010316133499145508
1307,1,Rows,Removal,1308,DUPLICATED,1.0,1.0,1.0,1.0,1.0,0.010316133499145508
1308,1,Rows,Removal,1309,DUPLICATED,1.0,1.0,1.0,1.0,1.0,0.010316133499145508
1309,1,Rows,Removal,1310,DUPLICATED,1.0,1.0,1.0,1.0,1.0,0.010316133499145508
1310,1,Rows,Removal,1311,DUPLICATED,1.0,1.0,1.0,1.0,1.0,0.010316133499145508
1311,1,Rows,Removal,1312,DUPLICATED,1.0,1.0,1.0,1.0,1.0,0.010316133499145508
1312,1,Rows,Removal,1313,DUPLICATED,1.0,1.0,1.0,1.0,1.0,0.010316133499145508
1313,1,Rows,Removal,1314,DUPLICATED,1.0,1.0,1.0,1.0,1.0,0.010316133499145508
1314,1,Rows,Removal,1315,DUPLICATED,1.0,1.0,1.0,1.0,1.0,0.010316133499145508
1315,1,Rows,Removal,1316,DUPLICATED,1.0,1.0,1.0,1.0,1.0,0.010316133499145508
1316,1,Rows,Removal,1317,DUPLICATED,1.0,1.0,1.0,1.0,1.0,0.010316133499145508
1317,1,Rows,Removal,1318,DUPLICATED,1.0,1.0,1.0,1.0,1.0,0.010316133499145508
1318,1,Rows,Removal,1319,DUPLICATED,1.0,1.0,1.0,1.0,1.0,0.010316133499145508
1319,1,Rows,Removal,1320,DUPLICATED,1.0,1.0,1.0,1.0,1.0,0.010316133499145508
1320,1,Rows,Removal,1321,DUPLICATED,1.0,1.0,1.0,1.0,1.0,0.010316133499145508
1321,1,Rows,Removal,1322,DUPLICATED,1.0,1.0,1.0,1.0,1.0,0.010316133499145508
1322,1,Rows,Removal,1323,DUPLICATED,1.0,1.0,1.0,1.0,1.0,0.010316133499145508
1323,1,Rows,Removal,1324,DUPLICATED,1.0,1.0,1.0,1.0,1.0,0.010316133499145508
1324,1,Rows,Removal,1325,DUPLICATED,1.0,1.0,1.0,1.0,1.0,0.010316133499145508
1325,1,Rows,Removal,1326,DUPLICATED,1.0,1.0,1.0,1.0,1.0,0.010316133499145508
1326,1,Rows,Removal,1327,DUPLICATED,1.0,1.0,1.0,1.0,1.0,0.010316133499145508
1327,1,Rows,Removal,1328,DUPLICATED,1.0,1.0,1.0,1.0,1.0,0.010316133499145508
1328,1,Rows,Removal,1329,DUPLICATED,1.0,1.0,1.0,1.0,1.0,0.010316133499145508
1329,1,Rows,Removal,1330,DUPLICATED,1.0,1.0,1.0,1.0,1.0,0.010316133499145508
1330,1,Rows,Removal,1331,DUPLICATED,1.0,1.0,1.0,1.0,1.0,0.010316133499145508
1331,1,Rows,Removal,1332,DUPLICATED,1.0,1.0,1.0,1.0,1.0,0.010316133499145508
1332,1,Rows,Removal,1333,DUPLICATED,1.0,1.0,1.0,1.0,1.0,0.010316133499145508
1333,1,Rows,Removal,1334,DUPLICATED,1.0,1.0,1.0,1.0,1.0,0.010316133499145508
1334,1,Rows,Removal,1335,DUPLICATED,1.0,1.0,1.0,1.0,1.0,0.010316133499145508
1335,1,Rows,Removal,1336,DUPLICATED,1.0,1.0,1.0,1.0,1.0,0.010316133499145508
1336,1,Rows,Removal,1337,DUPLICATED,1.0,1.0,1.0,1.0,1.0,0.010316133499145508
1337,1,Rows,Removal,1338,DUPLICATED,1.0,1.0,1.0,1.0,1.0,0.010316133499145508
1338,1,Rows,Removal,1339,DUPLICATED,1.0,1.0,1.0,1.0,1.0,0.010316133499145508
1339,1,Rows,Removal,1340,DUPLICATED,1.0,1.0,1.0,1.0,1.0,0.010316133499145508
1340,1,Rows,Removal,1341,DUPLICATED,1.0,1.0,1.0,1.0,1.0,0.010316133499145508
1341,1,Rows,Removal,1342,DUPLICATED,1.0,1.0,1.0,1.0,1.0,0.010316133499145508
1342,1,Rows,Removal,1343,DUPLICATED,1.0,1.0,1.0,1.0,1.0,0.010316133499145508
1343,1,Rows,Removal,1344,DUPLICATED,1.0,1.0,1.0,1.0,1.0,0.010316133499145508
1344,1,Rows,Removal,1345,DUPLICATED,1.0,1.0,1.0,1.0,1.0,0.010316133499145508
1345,1,Rows,Removal,1346,DUPLICATED,1.0,1.0,1.0,1.0,1.0,0.010316133499145508
1346,1,Rows,Removal,1347,DUPLICATED,1.0,1.0,1.0,1.0,1.0,0.010316133499145508
1347,1,Rows,Removal,1348,DUPLICATED,1.0,1.0,1.0,1.0,1.0,0.010316133499145508
1348,1,Rows,Removal,1349,DUPLICATED,1.0,1.0,1.0,1.0,1.0,0.010316133499145508
1349,1,Rows,Removal,1350,DUPLICATED,1.0,1.0,1.0,1.0,1.0,0.010316133499145508
1350,1,Rows,Removal,1351,DUPLICATED,1.0,1.0,1.0,1.0,1.0,0.010316133499145508
1351,1,Rows,Removal,1352,DUPLICATED,1.0,1.0,1.0,1.0,1.0,0.010316133499145508
1352,1,Rows,Removal,1353,DUPLICATED,1.0,1.0,1.0,1.0,1.0,0.010316133499145508
1353,1,Rows,Removal,1354,DUPLICATED,1.0,1.0,1.0,1.0,1.0,0.010316133499145508
1354,1,Rows,Removal,1355,DUPLICATED,1.0,1.0,1.0,1.0,1.0,0.010316133499145508
1355,1,Rows,Removal,1356,DUPLICATED,1.0,1.0,1.0,1.0,1.0,0.010316133499145508
1356,1,Rows,Removal,1357,DUPLICATED,1.0,1.0,1.0,1.0,1.0,0.010316133499145508
1357,1,Rows,Removal,1358,DUPLICATED,1.0,1.0,1.0,1.0,1.0,0.010316133499145508
1358,1,Rows,Removal,1359,DUPLICATED,1.0,1.0,1.0,1.0,1.0,0.010316133499145508
1359,1,Rows,Removal,1360,DUPLICATED,1.0,1.0,1.0,1.0,1.0,0.010316133499145508
1360,1,Rows,Removal,1361,DUPLICATED,1.0,1.0,1.0,1.0,1.0,0.010316133499145508
1361,1,Rows,Removal,1362,DUPLICATED,1.0,1.0,1.0,1.0,1.0,0.010316133499145508
1362,1,Rows,Removal,1363,DUPLICATED,1.0,1.0,1.0,1.0,1.0,0.010316133499145508
1363,1,Rows,Removal,1364,DUPLICATED,1.0,1.0,1.0,1.0,1.0,0.010316133499145508
1364,1,Rows,Removal,1365,DUPLICATED,1.0,1.0,1.0,1.0,1.0,0.010316133499145508
1365,1,Rows,Removal,1366,DUPLICATED,1.0,1.0,1.0,1.0,1.0,0.010316133499145508
1366,1,Rows,Removal,1367,DUPLICATED,1.0,1.0,1.0,1.0,1.0,0.010316133499145508
1367,1,Rows,Removal,1368,DUPLICATED,1.0,1.0,1.0,1.0,1.0,0.010316133499145508
1368,1,Rows,Removal,1369,DUPLICATED,1.0,1.0,1.0,1.0,1.0,0.010316133499145508
1369,1,Rows,Removal,1370,DUPLICATED,1.0,1.0,1.0,1.0,1.0,0.010316133499145508
1370,1,Rows,Removal,1371,DUPLICATED,1.0,1.0,1.0,1.0,1.0,0.010316133499145508
1371,1,Rows,Removal,1372,DUPLICATED,1.0,1.0,1.0,1.0,1.0,0.010316133499145508
1372,1,Rows,Removal,1373,DUPLICATED,1.0,1.0,1.0,1.0,1.0,0.010316133499145508
1373,1,Rows,Removal,1374,DUPLICATED,1.0,1.0,1.0,1.0,1.0,0.010316133499145508
1374,1,Rows,Removal,1375,DUPLICATED,1.0,1.0,1.0,1.0,1.0,0.010316133499145508
1375,1,Rows,Removal,1376,DUPLICATED,1.0,1.0,1.0,1.0,1.0,0.010316133499145508
1376,1,Rows,Removal,1377,DUPLICATED,1.0,1.0,1.0,1.0,1.0,0.010316133499145508
1377,1,Rows,Removal,1378,DUPLICATED,1.0,1.0,1.0,1.0,1.0,0.010316133499145508
1378,1,Rows,Removal,1379,DUPLICATED,1.0,1.0,1.0,1.0,1.0,0.010316133499145508
1379,1,Rows,Removal,1380,DUPLICATED,1.0,1.0,1.0,1.0,1.0,0.010316133499145508
1380,1,Rows,Removal,1381,DUPLICATED,1.0,1.0,1.0,1.0,1.0,0.010316133499145508
1381,1,Rows,Removal,1382,DUPLICATED,1.0,1.0,1.0,1.0,1.0,0.010316133499145508
1382,1,Rows,Removal,1383,DUPLICATED,1.0,1.0,1.0,1.0,1.0,0.010316133499145508
1383,1,Rows,Removal,1384,DUPLICATED,1.0,1.0,1.0,1.0,1.0,0.010316133499145508
1384,1,Rows,Removal,1385,DUPLICATED,1.0,1.0,1.0,1.0,1.0,0.010316133499145508
1385,1,Rows,Removal,1386,DUPLICATED,1.0,1.0,1.0,1.0,1.0,0.010316133499145508
1386,1,Rows,Removal,1387,DUPLICATED,1.0,1.0,1.0,1.0,1.0,0.010316133499145508
1387,1,Rows,Removal,1388,DUPLICATED,1.0,1.0,1.0,1.0,1.0,0.010316133499145508
1388,1,Rows,Removal,1389,DUPLICATED,1.0,1.0,1.0,1.0,1.0,0.010316133499145508
1389,1,Rows,Removal,1390,DUPLICATED,1.0,1.0,1.0,1.0,1.0,0.010316133499145508
1390,1,Rows,Removal,1391,DUPLICATED,1.0,1.0,1.0,1.0,1.0,0.010316133499145508
1391,1,Rows,Removal,1392,DUPLICATED,1.0,1.0,1.0,1.0,1.0,0.010316133499145508
1392,1,Rows,Removal,1393,DUPLICATED,1.0,1.0,1.0,1.0,1.0,0.010316133499145508
1393,1,Rows,Removal,1394,DUPLICATED,1.0,1.0,1.0,1.0,1.0,0.010316133499145508
1394,1,Rows,Removal,1395,DUPLICATED,1.0,1.0,1.0,1.0,1.0,0.010316133499145508
1395,1,Rows,Removal,1396,DUPLICATED,1.0,1.0,1.0,1.0,1.0,0.010316133499145508
1396,1,Rows,Removal,1397,DUPLICATED,1.0,1.0,1.0,1.0,1.0,0.010316133499145508
1397,1,Rows,Removal,1398,DUPLICATED,1.0,1.0,1.0,1.0,1.0,0.010316133499145508
1398,1,Rows,Removal,1399,DUPLICATED,1.0,1.0,1.0,1.0,1.0,0.010316133499145508
1399,1,Rows,Removal,1400,DUPLICATED,1.0,1.0,1.0,1.0,1.0,0.010316133499145508
1400,1,Rows,Removal,1401,DUPLICATED,1.0,1.0,1.0,1.0,1.0,0.010316133499145508
1401,1,Rows,Removal,1402,DUPLICATED,1.0,1.0,1.0,1.0,1.0,0.010316133499145508
1402,1,Rows,Removal,1403,DUPLICATED,1.0,1.0,1.0,1.0,1.0,0.010316133499145508
1403,1,Rows,Removal,1404,DUPLICATED,1.0,1.0,1.0,1.0,1.0,0.010316133499145508
1404,1,Rows,Removal,1405,DUPLICATED,1.0,1.0,1.0,1.0,1.0,0.010316133499145508
1405,1,Rows,Removal,1406,DUPLICATED,1.0,1.0,1.0,1.0,1.0,0.010316133499145508
1406,1,Rows,Removal,1407,DUPLICATED,1.0,1.0,1.0,1.0,1.0,0.010316133499145508
1407,1,Rows,Removal,1408,DUPLICATED,1.0,1.0,1.0,1.0,1.0,0.010316133499145508
1408,1,Rows,Removal,1409,DUPLICATED,1.0,1.0,1.0,1.0,1.0,0.010316133499145508
1409,1,Rows,Removal,1410,DUPLICATED,1.0,1.0,1.0,1.0,1.0,0.010316133499145508
1410,1,Rows,Removal,1411,DUPLICATED,1.0,1.0,1.0,1.0,1.0,0.010316133499145508
1411,1,Rows,Removal,1412,DUPLICATED,1.0,1.0,1.0,1.0,1.0,0.010316133499145508
1412,1,Rows,Removal,1413,DUPLICATED,1.0,1.0,1.0,1.0,1.0,0.010316133499145508
1413,1,Rows,Removal,1414,DUPLICATED,1.0,1.0,1.0,1.0,1.0,0.010316133499145508
1414,1,Rows,Removal,1415,DUPLICATED,1.0,1.0,1.0,1.0,1.0,0.010316133499145508
1415,1,Rows,Removal,1416,DUPLICATED,1.0,1.0,1.0,1.0,1.0,0.010316133499145508
1416,1,Rows,Removal,1417,DUPLICATED,1.0,1.0,1.0,1.0,1.0,0.010316133499145508
1417,1,Rows,Removal,1418,DUPLICATED,1.0,1.0,1.0,1.0,1.0,0.010316133499145508
1418,1,Rows,Removal,1419,DUPLICATED,1.0,1.0,1.0,1.0,1.0,0.010316133499145508
1419,1,Rows,Removal,1420,DUPLICATED,1.0,1.0,1.0,1.0,1.0,0.010316133499145508
1420,1,Rows,Removal,1421,DUPLICATED,1.0,1.0,1.0,1.0,1.0,0.010316133499145508
1421,1,Rows,Removal,1422,DUPLICATED,1.0,1.0,1.0,1.0,1.0,0.010316133499145508
1422,1,Rows,Removal,1423,DUPLICATED,1.0,1.0,1.0,1.0,1.0,0.010316133499145508
1423,1,Rows,Removal,1424,DUPLICATED,1.0,1.0,1.0,1.0,1.0,0.010316133499145508
1424,1,Rows,Removal,1425,DUPLICATED,1.0,1.0,1.0,1.0,1.0,0.010316133499145508
1425,1,Rows,Removal,1426,DUPLICATED,1.0,1.0,1.0,1.0,1.0,0.010316133499145508
1426,1,Rows,Removal,1427,DUPLICATED,1.0,1.0,1.0,1.0,1.0,0.010316133499145508
1427,1,Rows,Removal,1428,DUPLICATED,1.0,1.0,1.0,1.0,1.0,0.010316133499145508
1428,1,Rows,Removal,1429,DUPLICATED,1.0,1.0,1.0,1.0,1.0,0.010316133499145508
1429,1,Rows,Removal,1430,DUPLICATED,1.0,1.0,1.0,1.0,1.0,0.010316133499145508
1430,1,Rows,Removal,1431,DUPLICATED,1.0,1.0,1.0,1.0,1.0,0.010316133499145508
1431,1,Rows,Removal,1432,DUPLICATED,1.0,1.0,1.0,1.0,1.0,0.010316133499145508
1432,1,Rows,Removal,1433,DUPLICATED,1.0,1.0,1.0,1.0,1.0,0.010316133499145508
1433,1,Rows,Removal,1434,DUPLICATED,1.0,1.0,1.0,1.0,1.0,0.010316133499145508
1434,1,Rows,Removal,1435,DUPLICATED,1.0,1.0,1.0,1.0,1.0,0.010316133499145508
1435,1,Rows,Removal,1436,DUPLICATED,1.0,1.0,1.0,1.0,1.0,0.010316133499145508
1436,1,Rows,Removal,1437,DUPLICATED,1.0,1.0,1.0,1.0,1.0,0.010316133499145508
1437,1,Rows,Removal,1438,DUPLICATED,1.0,1.0,1.0,1.0,1.0,0.010316133499145508
1438,1,Rows,Removal,1439,DUPLICATED,1.0,1.0,1.0,1.0,1.0,0.010316133499145508
1439,1,Rows,Removal,1440,DUPLICATED,1.0,1.0,1.0,1.0,1.0,0.010316133499145508
1440,1,Rows,Removal,1441,DUPLICATED,1.0,1.0,1.0,1.0,1.0,0.010316133499145508
1441,1,Rows,Removal,1442,DUPLICATED,1.0,1.0,1.0,1.0,1.0,0.010316133499145508
1442,1,Rows,Removal,1443,DUPLICATED,1.0,1.0,1.0,1.0,1.0,0.010316133499145508
1443,1,Rows,Removal,1444,DUPLICATED,1.0,1.0,1.0,1.0,1.0,0.010316133499145508
1444,1,Rows,Removal,1445,DUPLICATED,1.0,1.0,1.0,1.0,1.0,0.010316133499145508
1445,1,Rows,Removal,1446,DUPLICATED,1.0,1.0,1.0,1.0,1.0,0.010316133499145508
1446,1,Rows,Removal,1447,DUPLICATED,1.0,1.0,1.0,1.0,1.0,0.010316133499145508
1447,1,Rows,Removal,1448,DUPLICATED,1.0,1.0,1.0,1.0,1.0,0.010316133499145508
1448,1,Rows,Removal,1449,DUPLICATED,1.0,1.0,1.0,1.0,1.0,0.010316133499145508
1449,1,Rows,Removal,1450,DUPLICATED,1.0,1.0,1.0,1.0,1.0,0.010316133499145508
1450,1,Rows,Removal,1451,DUPLICATED,1.0,1.0,1.0,1.0,1.0,0.010316133499145508
1451,1,Rows,Removal,1452,DUPLICATED,1.0,1.0,1.0,1.0,1.0,0.010316133499145508
1452,1,Rows,Removal,1453,DUPLICATED,1.0,1.0,1.0,1.0,1.0,0.010316133499145508
1453,1,Rows,Removal,1454,DUPLICATED,1.0,1.0,1.0,1.0,1.0,0.010316133499145508
1454,1,Rows,Removal,1455,DUPLICATED,1.0,1.0,1.0,1.0,1.0,0.010316133499145508
1455,1,Rows,Removal,1456,DUPLICATED,1.0,1.0,1.0,1.0,1.0,0.010316133499145508
1456,1,Rows,Removal,1457,DUPLICATED,1.0,1.0,1.0,1.0,1.0,0.010316133499145508
1457,1,Rows,Removal,1458,DUPLICATED,1.0,1.0,1.0,1.0,1.0,0.010316133499145508
1458,1,Rows,Removal,1459,DUPLICATED,1.0,1.0,1.0,1.0,1.0,0.010316133499145508
1459,1,Rows,Removal,1460,DUPLICATED,1.0,1.0,1.0,1.0,1.0,0.010316133499145508
1460,1,Rows,Removal,1461,DUPLICATED,1.0,1.0,1.0,1.0,1.0,0.010316133499145508
1461,1,Rows,Removal,1462,DUPLICATED,1.0,1.0,1.0,1.0,1.0,0.010316133499145508
1462,1,Rows,Removal,1463,DUPLICATED,1.0,1.0,1.0,1.0,1.0,0.010316133499145508
1463,1,Rows,Removal,1464,DUPLICATED,1.0,1.0,1.0,1.0,1.0,0.010316133499145508
1464,1,Rows,Removal,1465,DUPLICATED,1.0,1.0,1.0,1.0,1.0,0.010316133499145508
1465,1,Rows,Removal,1466,DUPLICATED,1.0,1.0,1.0,1.0,1.0,0.010316133499145508
1466,1,Rows,Removal,1467,DUPLICATED,1.0,1.0,1.0,1.0,1.0,0.010316133499145508
1467,1,Rows,Removal,1468,DUPLICATED,1.0,1.0,1.0,1.0,1.0,0.010316133499145508
1468,1,Rows,Removal,1469,DUPLICATED,1.0,1.0,1.0,1.0,1.0,0.010316133499145508
1469,1,Rows,Removal,1470,DUPLICATED,1.0,1.0,1.0,1.0,1.0,0.010316133499145508
1470,1,Rows,Removal,1471,DUPLICATED,1.0,1.0,1.0,1.0,1.0,0.010316133499145508
1471,1,Rows,Removal,1472,DUPLICATED,1.0,1.0,1.0,1.0,1.0,0.010316133499145508
1472,1,Rows,Removal,1473,DUPLICATED,1.0,1.0,1.0,1.0,1.0,0.010316133499145508
1473,1,Rows,Removal,1474,DUPLICATED,1.0,1.0,1.0,1.0,1.0,0.010316133499145508
1474,1,Rows,Removal,1475,DUPLICATED,1.0,1.0,1.0,1.0,1.0,0.010316133499145508
1475,1,Rows,Removal,1476,DUPLICATED,1.0,1.0,1.0,1.0,1.0,0.010316133499145508
1476,1,Rows,Removal,1477,DUPLICATED,1.0,1.0,1.0,1.0,1.0,0.010316133499145508
1477,1,Rows,Removal,1478,DUPLICATED,1.0,1.0,1.0,1.0,1.0,0.010316133499145508
1478,1,Rows,Removal,1479,DUPLICATED,1.0,1.0,1.0,1.0,1.0,0.010316133499145508
1479,1,Rows,Removal,1480,DUPLICATED,1.0,1.0,1.0,1.0,1.0,0.010316133499145508
1480,1,Rows,Removal,1481,DUPLICATED,1.0,1.0,1.0,1.0,1.0,0.010316133499145508
1481,1,Rows,Removal,1482,DUPLICATED,1.0,1.0,1.0,1.0,1.0,0.010316133499145508
1482,1,Rows,Removal,1483,DUPLICATED,1.0,1.0,1.0,1.0,1.0,0.010316133499145508
1483,1,Rows,Removal,1484,DUPLICATED,1.0,1.0,1.0,1.0,1.0,0.010316133499145508
1484,1,Rows,Removal,1485,DUPLICATED,1.0,1.0,1.0,1.0,1.0,0.010316133499145508
1485,1,Rows,Removal,1486,DUPLICATED,1.0,1.0,1.0,1.0,1.0,0.010316133499145508
1486,1,Rows,Removal,1487,DUPLICATED,1.0,1.0,1.0,1.0,1.0,0.010316133499145508
1487,1,Rows,Removal,1488,DUPLICATED,1.0,1.0,1.0,1.0,1.0,0.010316133499145508
1488,1,Rows,Removal,1489,DUPLICATED,1.0,1.0,1.0,1.0,1.0,0.010316133499145508
1489,1,Rows,Removal,1490,DUPLICATED,1.0,1.0,1.0,1.0,1.0,0.010316133499145508
1490,1,Rows,Removal,1491,DUPLICATED,1.0,1.0,1.0,1.0,1.0,0.010316133499145508
1491,1,Rows,Removal,1492,DUPLICATED,1.0,1.0,1.0,1.0,1.0,0.010316133499145508
1492,1,Rows,Removal,1493,DUPLICATED,1.0,1.0,1.0,1.0,1.0,0.010316133499145508
1493,1,Rows,Removal,1494,DUPLICATED,1.0,1.0,1.0,1.0,1.0,0.010316133499145508
1494,1,Rows,Removal,1495,DUPLICATED,1.0,1.0,1.0,1.0,1.0,0.010316133499145508
1495,1,Rows,Removal,1496,DUPLICATED,1.0,1.0,1.0,1.0,1.0,0.010316133499145508
1496,1,Rows,Removal,1497,DUPLICATED,1.0,1.0,1.0,1.0,1.0,0.010316133499145508
1497,1,Rows,Removal,1498,DUPLICATED,1.0,1.0,1.0,1.0,1.0,0.010316133499145508
1498,1,Rows,Removal,1499,DUPLICATED,1.0,1.0,1.0,1.0,1.0,0.010316133499145508
1499,1,Rows,Removal,1500,DUPLICATED,1.0,1.0,1.0,1.0,1.0,0.010316133499145508
1500,1,Rows,Removal,1501,DUPLICATED,1.0,1.0,1.0,1.0,1.0,0.010316133499145508
1501,1,Rows,Removal,1502,DUPLICATED,1.0,1.0,1.0,1.0,1.0,0.010316133499145508
1502,1,Rows,Removal,1503,DUPLICATED,1.0,1.0,1.0,1.0,1.0,0.010316133499145508
1503,1,Rows,Removal,1504,DUPLICATED,1.0,1.0,1.0,1.0,1.0,0.010316133499145508
1504,1,Rows,Removal,1505,DUPLICATED,1.0,1.0,1.0,1.0,1.0,0.010316133499145508
1505,1,Rows,Removal,1506,DUPLICATED,1.0,1.0,1.0,1.0,1.0,0.010316133499145508
1506,1,Rows,Removal,1507,DUPLICATED,1.0,1.0,1.0,1.0,1.0,0.010316133499145508
1507,1,Rows,Removal,1508,DUPLICATED,1.0,1.0,1.0,1.0,1.0,0.010316133499145508
1508,1,Rows,Removal,1509,DUPLICATED,1.0,1.0,1.0,1.0,1.0,0.010316133499145508
1509,1,Rows,Removal,1510,DUPLICATED,1.0,1.0,1.0,1.0,1.0,0.010316133499145508
1510,1,Rows,Removal,1511,DUPLICATED,1.0,1.0,1.0,1.0,1.0,0.010316133499145508
1511,1,Rows,Removal,1512,DUPLICATED,1.0,1.0,1.0,1.0,1.0,0.010316133499145508
1512,1,Rows,Removal,1513,DUPLICATED,1.0,1.0,1.0,1.0,1.0,0.010316133499145508
1513,1,Rows,Removal,1514,DUPLICATED,1.0,1.0,1.0,1.0,1.0,0.010316133499145508
1514,1,Rows,Removal,1515,DUPLICATED,1.0,1.0,1.0,1.0,1.0,0.010316133499145508
1515,1,Rows,Removal,1516,DUPLICATED,1.0,1.0,1.0,1.0,1.0,0.010316133499145508
1516,1,Rows,Removal,1517,DUPLICATED,1.0,1.0,1.0,1.0,1.0,0.010316133499145508
1517,1,Rows,Removal,1518,DUPLICATED,1.0,1.0,1.0,1.0,1.0,0.010316133499145508
1518,1,Rows,Removal,1519,DUPLICATED,1.0,1.0,1.0,1.0,1.0,0.010316133499145508
1519,1,Rows,Removal,1520,DUPLICATED,1.0,1.0,1.0,1.0,1.0,0.010316133499145508
1520,1,Rows,Removal,1521,DUPLICATED,1.0,1.0,1.0,1.0,1.0,0.010316133499145508
1521,1,Rows,Removal,1522,DUPLICATED,1.0,1.0,1.0,1.0,1.0,0.010316133499145508
1522,1,Rows,Removal,1523,DUPLICATED,1.0,1.0,1.0,1.0,1.0,0.010316133499145508
1523,1,Rows,Removal,1524,DUPLICATED,1.0,1.0,1.0,1.0,1.0,0.010316133499145508
1524,1,Rows,Removal,1525,DUPLICATED,1.0,1.0,1.0,1.0,1.0,0.010316133499145508
1525,1,Rows,Removal,1526,DUPLICATED,1.0,1.0,1.0,1.0,1.0,0.010316133499145508
1526,1,Rows,Removal,1527,DUPLICATED,1.0,1.0,1.0,1.0,1.0,0.010316133499145508
1527,1,Rows,Removal,1528,DUPLICATED,1.0,1.0,1.0,1.0,1.0,0.010316133499145508
1528,1,Rows,Removal,1529,DUPLICATED,1.0,1.0,1.0,1.0,1.0,0.010316133499145508
1529,1,Rows,Removal,1530,DUPLICATED,1.0,1.0,1.0,1.0,1.0,0.010316133499145508
1530,1,Rows,Removal,1531,DUPLICATED,1.0,1.0,1.0,1.0,1.0,0.010316133499145508
1531,1,Rows,Removal,1532,DUPLICATED,1.0,1.0,1.0,1.0,1.0,0.010316133499145508
1532,1,Rows,Removal,1533,DUPLICATED,1.0,1.0,1.0,1.0,1.0,0.010316133499145508
1533,1,Rows,Removal,1534,DUPLICATED,1.0,1.0,1.0,1.0,1.0,0.010316133499145508
1534,1,Rows,Removal,1535,DUPLICATED,1.0,1.0,1.0,1.0,1.0,0.010316133499145508
1535,1,Rows,Removal,1536,DUPLICATED,1.0,1.0,1.0,1.0,1.0,0.010316133499145508
1536,1,Rows,Removal,1537,DUPLICATED,1.0,1.0,1.0,1.0,1.0,0.010316133499145508
1537,1,Rows,Removal,1538,DUPLICATED,1.0,1.0,1.0,1.0,1.0,0.010316133499145508
1538,1,Rows,Removal,1539,DUPLICATED,1.0,1.0,1.0,1.0,1.0,0.010316133499145508
1539,1,Rows,Removal,1540,DUPLICATED,1.0,1.0,1.0,1.0,1.0,0.010316133499145508
1540,1,Rows,Removal,1541,DUPLICATED,1.0,1.0,1.0,1.0,1.0,0.010316133499145508
1541,1,Rows,Removal,1542,DUPLICATED,1.0,1.0,1.0,1.0,1.0,0.010316133499145508
1542,1,Rows,Removal,1543,DUPLICATED,1.0,1.0,1.0,1.0,1.0,0.010316133499145508
1543,1,Rows,Removal,1544,DUPLICATED,1.0,1.0,1.0,1.0,1.0,0.010316133499145508
1544,1,Rows,Removal,1545,DUPLICATED,1.0,1.0,1.0,1.0,1.0,0.010316133499145508
1545,1,Rows,Removal,1546,DUPLICATED,1.0,1.0,1.0,1.0,1.0,0.010316133499145508
1546,1,Rows,Removal,1547,DUPLICATED,1.0,1.0,1.0,1.0,1.0,0.010316133499145508
1547,1,Rows,Removal,1548,DUPLICATED,1.0,1.0,1.0,1.0,1.0,0.010316133499145508
1548,1,Rows,Removal,1549,DUPLICATED,1.0,1.0,1.0,1.0,1.0,0.010316133499145508
1549,1,Rows,Removal,1550,DUPLICATED,1.0,1.0,1.0,1.0,1.0,0.010316133499145508
1550,1,Rows,Removal,1551,DUPLICATED,1.0,1.0,1.0,1.0,1.0,0.010316133499145508
1551,1,Rows,Removal,1552,DUPLICATED,1.0,1.0,1.0,1.0,1.0,0.010316133499145508
1552,1,Rows,Removal,1553,DUPLICATED,1.0,1.0,1.0,1.0,1.0,0.010316133499145508
1553,1,Rows,Removal,1554,DUPLICATED,1.0,1.0,1.0,1.0,1.0,0.010316133499145508
1554,1,Rows,Removal,1555,DUPLICATED,1.0,1.0,1.0,1.0,1.0,0.010316133499145508
1555,1,Rows,Removal,1556,DUPLICATED,1.0,1.0,1.0,1.0,1.0,0.010316133499145508
1556,1,Rows,Removal,1557,DUPLICATED,1.0,1.0,1.0,1.0,1.0,0.010316133499145508
1557,1,Rows,Removal,1558,DUPLICATED,1.0,1.0,1.0,1.0,1.0,0.010316133499145508
1558,1,Rows,Removal,1559,DUPLICATED,1.0,1.0,1.0,1.0,1.0,0.010316133499145508
1559,1,Rows,Removal,1560,DUPLICATED,1.0,1.0,1.0,1.0,1.0,0.010316133499145508
1560,1,Rows,Removal,1561,DUPLICATED,1.0,1.0,1.0,1.0,1.0,0.010316133499145508
1561,1,Rows,Removal,1562,DUPLICATED,1.0,1.0,1.0,1.0,1.0,0.010316133499145508
1562,1,Rows,Removal,1563,DUPLICATED,1.0,1.0,1.0,1.0,1.0,0.010316133499145508
1563,1,Rows,Removal,1564,DUPLICATED,1.0,1.0,1.0,1.0,1.0,0.010316133499145508
1564,1,Rows,Removal,1565,DUPLICATED,1.0,1.0,1.0,1.0,1.0,0.010316133499145508
1565,1,Rows,Removal,1566,DUPLICATED,1.0,1.0,1.0,1.0,1.0,0.010316133499145508
1566,1,Rows,Removal,1567,DUPLICATED,1.0,1.0,1.0,1.0,1.0,0.010316133499145508
1567,1,Rows,Removal,1568,DUPLICATED,1.0,1.0,1.0,1.0,1.0,0.010316133499145508
1568,1,Rows,Removal,1569,DUPLICATED,1.0,1.0,1.0,1.0,1.0,0.010316133499145508
1569,1,Rows,Removal,1570,DUPLICATED,1.0,1.0,1.0,1.0,1.0,0.010316133499145508
1570,1,Rows,Removal,1571,DUPLICATED,1.0,1.0,1.0,1.0,1.0,0.010316133499145508
1571,1,Rows,Removal,1572,DUPLICATED,1.0,1.0,1.0,1.0,1.0,0.010316133499145508
1572,1,Rows,Removal,1573,DUPLICATED,1.0,1.0,1.0,1.0,1.0,0.010316133499145508
1573,1,Rows,Removal,1574,DUPLICATED,1.0,1.0,1.0,1.0,1.0,0.010316133499145508
1574,1,Rows,Removal,1575,DUPLICATED,1.0,1.0,1.0,1.0,1.0,0.010316133499145508
1575,1,Rows,Removal,1576,DUPLICATED,1.0,1.0,1.0,1.0,1.0,0.010316133499145508
1576,1,Rows,Removal,1577,DUPLICATED,1.0,1.0,1.0,1.0,1.0,0.010316133499145508
1577,1,Rows,Removal,1578,DUPLICATED,1.0,1.0,1.0,1.0,1.0,0.010316133499145508
1578,1,Rows,Removal,1579,DUPLICATED,1.0,1.0,1.0,1.0,1.0,0.010316133499145508
1579,1,Rows,Removal,1580,DUPLICATED,1.0,1.0,1.0,1.0,1.0,0.010316133499145508
1580,1,Rows,Removal,1581,DUPLICATED,1.0,1.0,1.0,1.0,1.0,0.010316133499145508
1581,1,Rows,Removal,1582,DUPLICATED,1.0,1.0,1.0,1.0,1.0,0.010316133499145508
1582,1,Rows,Removal,1583,DUPLICATED,1.0,1.0,1.0,1.0,1.0,0.010316133499145508
1583,1,Rows,Removal,1584,DUPLICATED,1.0,1.0,1.0,1.0,1.0,0.010316133499145508
1584,1,Rows,Removal,1585,DUPLICATED,1.0,1.0,1.0,1.0,1.0,0.010316133499145508
1585,1,Rows,Removal,1586,DUPLICATED,1.0,1.0,1.0,1.0,1.0,0.010316133499145508
1586,1,Rows,Removal,1587,DUPLICATED,1.0,1.0,1.0,1.0,1.0,0.010316133499145508
1587,1,Rows,Removal,1588,DUPLICATED,1.0,1.0,1.0,1.0,1.0,0.010316133499145508
1588,1,Rows,Removal,1589,DUPLICATED,1.0,1.0,1.0,1.0,1.0,0.010316133499145508
1589,1,Rows,Removal,1590,DUPLICATED,1.0,1.0,1.0,1.0,1.0,0.010316133499145508
1590,1,Rows,Removal,1591,DUPLICATED,1.0,1.0,1.0,1.0,1.0,0.010316133499145508
1591,1,Rows,Removal,1592,DUPLICATED,1.0,1.0,1.0,1.0,1.0,0.010316133499145508
1592,1,Rows,Removal,1593,DUPLICATED,1.0,1.0,1.0,1.0,1.0,0.010316133499145508
1593,1,Rows,Removal,1594,DUPLICATED,1.0,1.0,1.0,1.0,1.0,0.010316133499145508
1594,1,Rows,Removal,1595,DUPLICATED,1.0,1.0,1.0,1.0,1.0,0.010316133499145508
1595,1,Rows,Removal,1596,DUPLICATED,1.0,1.0,1.0,1.0,1.0,0.010316133499145508
1596,1,Rows,Removal,1597,DUPLICATED,1.0,1.0,1.0,1.0,1.0,0.010316133499145508
1597,1,Rows,Removal,1598,DUPLICATED,1.0,1.0,1.0,1.0,1.0,0.010316133499145508
1598,1,Rows,Removal,1599,DUPLICATED,1.0,1.0,1.0,1.0,1.0,0.010316133499145508
1599,1,Rows,Removal,1600,DUPLICATED,1.0,1.0,1.0,1.0,1.0,0.010316133499145508
1600,1,Rows,Removal,1601,DUPLICATED,1.0,1.0,1.0,1.0,1.0,0.010316133499145508
1601,1,Rows,Removal,1602,DUPLICATED,1.0,1.0,1.0,1.0,1.0,0.010316133499145508
1602,1,Rows,Removal,1603,DUPLICATED,1.0,1.0,1.0,1.0,1.0,0.010316133499145508
1603,1,Rows,Removal,1604,DUPLICATED,1.0,1.0,1.0,1.0,1.0,0.010316133499145508
1604,1,Rows,Removal,1605,DUPLICATED,1.0,1.0,1.0,1.0,1.0,0.010316133499145508
1605,1,Rows,Removal,1606,DUPLICATED,1.0,1.0,1.0,1.0,1.0,0.010316133499145508
1606,1,Rows,Removal,1607,DUPLICATED,1.0,1.0,1.0,1.0,1.0,0.010316133499145508
1607,1,Rows,Removal,1608,DUPLICATED,1.0,1.0,1.0,1.0,1.0,0.010316133499145508
1608,1,Rows,Removal,1609,DUPLICATED,1.0,1.0,1.0,1.0,1.0,0.010316133499145508
1609,1,Rows,Removal,1610,DUPLICATED,1.0,1.0,1.0,1.0,1.0,0.010316133499145508
1610,1,Rows,Removal,1611,DUPLICATED,1.0,1.0,1.0,1.0,1.0,0.010316133499145508
1611,1,Rows,Removal,1612,DUPLICATED,1.0,1.0,1.0,1.0,1.0,0.010316133499145508
1612,1,Rows,Removal,1613,DUPLICATED,1.0,1.0,1.0,1.0,1.0,0.010316133499145508
1613,1,Rows,Removal,1614,DUPLICATED,1.0,1.0,1.0,1.0,1.0,0.010316133499145508
1614,1,Rows,Removal,1615,DUPLICATED,1.0,1.0,1.0,1.0,1.0,0.010316133499145508
1615,1,Rows,Removal,1616,DUPLICATED,1.0,1.0,1.0,1.0,1.0,0.010316133499145508
1616,1,Rows,Removal,1617,DUPLICATED,1.0,1.0,1.0,1.0,1.0,0.010316133499145508
1617,1,Rows,Removal,1618,DUPLICATED,1.0,1.0,1.0,1.0,1.0,0.010316133499145508
1618,1,Rows,Removal,1619,DUPLICATED,1.0,1.0,1.0,1.0,1.0,0.010316133499145508
1619,1,Rows,Removal,1620,DUPLICATED,1.0,1.0,1.0,1.0,1.0,0.010316133499145508
1620,1,Rows,Removal,1621,DUPLICATED,1.0,1.0,1.0,1.0,1.0,0.010316133499145508
1621,1,Rows,Removal,1622,DUPLICATED,1.0,1.0,1.0,1.0,1.0,0.010316133499145508
1622,1,Rows,Removal,1623,DUPLICATED,1.0,1.0,1.0,1.0,1.0,0.010316133499145508
1623,1,Rows,Removal,1624,DUPLICATED,1.0,1.0,1.0,1.0,1.0,0.010316133499145508
1624,1,Rows,Removal,1625,DUPLICATED,1.0,1.0,1.0,1.0,1.0,0.010316133499145508
1625,1,Rows,Removal,1626,DUPLICATED,1.0,1.0,1.0,1.0,1.0,0.010316133499145508
1626,1,Rows,Removal,1627,DUPLICATED,1.0,1.0,1.0,1.0,1.0,0.010316133499145508
1627,1,Rows,Removal,1628,DUPLICATED,1.0,1.0,1.0,1.0,1.0,0.010316133499145508
1628,1,Rows,Removal,1629,DUPLICATED,1.0,1.0,1.0,1.0,1.0,0.010316133499145508
1629,1,Rows,Removal,1630,DUPLICATED,1.0,1.0,1.0,1.0,1.0,0.010316133499145508
1630,1,Rows,Removal,1631,DUPLICATED,1.0,1.0,1.0,1.0,1.0,0.010316133499145508
1631,1,Rows,Removal,1632,DUPLICATED,1.0,1.0,1.0,1.0,1.0,0.010316133499145508
1632,1,Rows,Removal,1633,DUPLICATED,1.0,1.0,1.0,1.0,1.0,0.010316133499145508
1633,1,Rows,Removal,1634,DUPLICATED,1.0,1.0,1.0,1.0,1.0,0.010316133499145508
1634,1,Rows,Removal,1635,DUPLICATED,1.0,1.0,1.0,1.0,1.0,0.010316133499145508
1635,1,Rows,Removal,1636,DUPLICATED,1.0,1.0,1.0,1.0,1.0,0.010316133499145508
1636,1,Rows,Removal,1637,DUPLICATED,1.0,1.0,1.0,1.0,1.0,0.010316133499145508
1637,1,Rows,Removal,1638,DUPLICATED,1.0,1.0,1.0,1.0,1.0,0.010316133499145508
1638,1,Rows,Removal,1639,DUPLICATED,1.0,1.0,1.0,1.0,1.0,0.010316133499145508
1639,1,Rows,Removal,1640,DUPLICATED,1.0,1.0,1.0,1.0,1.0,0.010316133499145508
1640,1,Rows,Removal,1641,DUPLICATED,1.0,1.0,1.0,1.0,1.0,0.010316133499145508
1641,1,Rows,Removal,1642,DUPLICATED,1.0,1.0,1.0,1.0,1.0,0.010316133499145508
1642,1,Rows,Removal,1643,DUPLICATED,1.0,1.0,1.0,1.0,1.0,0.010316133499145508
1643,1,Rows,Removal,1644,DUPLICATED,1.0,1.0,1.0,1.0,1.0,0.010316133499145508
1644,1,Rows,Removal,1645,DUPLICATED,1.0,1.0,1.0,1.0,1.0,0.010316133499145508
1645,1,Rows,Removal,1646,DUPLICATED,1.0,1.0,1.0,1.0,1.0,0.010316133499145508
1646,1,Rows,Removal,1647,DUPLICATED,1.0,1.0,1.0,1.0,1.0,0.010316133499145508
1647,1,Rows,Removal,1648,DUPLICATED,1.0,1.0,1.0,1.0,1.0,0.010316133499145508
1648,1,Rows,Removal,1649,DUPLICATED,1.0,1.0,1.0,1.0,1.0,0.010316133499145508
1649,1,Rows,Removal,1650,DUPLICATED,1.0,1.0,1.0,1.0,1.0,0.010316133499145508
1650,1,Rows,Removal,1651,DUPLICATED,1.0,1.0,1.0,1.0,1.0,0.010316133499145508
1651,1,Rows,Removal,1652,DUPLICATED,1.0,1.0,1.0,1.0,1.0,0.010316133499145508
1652,1,Rows,Removal,1653,DUPLICATED,1.0,1.0,1.0,1.0,1.0,0.010316133499145508
1653,1,Rows,Removal,1654,DUPLICATED,1.0,1.0,1.0,1.0,1.0,0.010316133499145508
1654,1,Rows,Removal,1655,DUPLICATED,1.0,1.0,1.0,1.0,1.0,0.010316133499145508
1655,1,Rows,Removal,1656,DUPLICATED,1.0,1.0,1.0,1.0,1.0,0.010316133499145508
1656,1,Rows,Removal,1657,DUPLICATED,1.0,1.0,1.0,1.0,1.0,0.010316133499145508
1657,1,Rows,Removal,1658,DUPLICATED,1.0,1.0,1.0,1.0,1.0,0.010316133499145508
1658,1,Rows,Removal,1659,DUPLICATED,1.0,1.0,1.0,1.0,1.0,0.010316133499145508
1659,1,Rows,Removal,1660,DUPLICATED,1.0,1.0,1.0,1.0,1.0,0.010316133499145508
1660,1,Rows,Removal,1661,DUPLICATED,1.0,1.0,1.0,1.0,1.0,0.010316133499145508
1661,1,Rows,Removal,1662,DUPLICATED,1.0,1.0,1.0,1.0,1.0,0.010316133499145508
1662,1,Rows,Removal,1663,DUPLICATED,1.0,1.0,1.0,1.0,1.0,0.010316133499145508
1663,1,Rows,Removal,1664,DUPLICATED,1.0,1.0,1.0,1.0,1.0,0.010316133499145508
1664,1,Rows,Removal,1665,DUPLICATED,1.0,1.0,1.0,1.0,1.0,0.010316133499145508
1665,1,Rows,Removal,1666,DUPLICATED,1.0,1.0,1.0,1.0,1.0,0.010316133499145508
1666,1,Rows,Removal,1667,DUPLICATED,1.0,1.0,1.0,1.0,1.0,0.010316133499145508
1667,1,Rows,Removal,1668,DUPLICATED,1.0,1.0,1.0,1.0,1.0,0.010316133499145508
1668,1,Rows,Removal,1669,DUPLICATED,1.0,1.0,1.0,1.0,1.0,0.010316133499145508
1669,1,Rows,Removal,1670,DUPLICATED,1.0,1.0,1.0,1.0,1.0,0.010316133499145508
1670,1,Rows,Removal,1671,DUPLICATED,1.0,1.0,1.0,1.0,1.0,0.010316133499145508
1671,1,Rows,Removal,1672,DUPLICATED,1.0,1.0,1.0,1.0,1.0,0.010316133499145508
1672,1,Rows,Removal,1673,DUPLICATED,1.0,1.0,1.0,1.0,1.0,0.010316133499145508
1673,1,Rows,Removal,1674,DUPLICATED,1.0,1.0,1.0,1.0,1.0,0.010316133499145508
1674,1,Rows,Removal,1675,DUPLICATED,1.0,1.0,1.0,1.0,1.0,0.010316133499145508
1675,1,Rows,Removal,1676,DUPLICATED,1.0,1.0,1.0,1.0,1.0,0.010316133499145508
1676,1,Rows,Removal,1677,DUPLICATED,1.0,1.0,1.0,1.0,1.0,0.010316133499145508
1677,1,Rows,Removal,1678,DUPLICATED,1.0,1.0,1.0,1.0,1.0,0.010316133499145508
1678,1,Rows,Removal,1679,DUPLICATED,1.0,1.0,1.0,1.0,1.0,0.010316133499145508
1679,1,Rows,Removal,1680,DUPLICATED,1.0,1.0,1.0,1.0,1.0,0.010316133499145508
1680,1,Rows,Removal,1681,DUPLICATED,1.0,1.0,1.0,1.0,1.0,0.010316133499145508
1681,1,Rows,Removal,1682,DUPLICATED,1.0,1.0,1.0,1.0,1.0,0.010316133499145508
1682,1,Rows,Removal,1683,DUPLICATED,1.0,1.0,1.0,1.0,1.0,0.010316133499145508
1683,1,Rows,Removal,1684,DUPLICATED,1.0,1.0,1.0,1.0,1.0,0.010316133499145508
1684,1,Rows,Removal,1685,DUPLICATED,1.0,1.0,1.0,1.0,1.0,0.010316133499145508
1685,1,Rows,Removal,1686,DUPLICATED,1.0,1.0,1.0,1.0,1.0,0.010316133499145508
1686,1,Rows,Removal,1687,DUPLICATED,1.0,1.0,1.0,1.0,1.0,0.010316133499145508
1687,1,Rows,Removal,1688,DUPLICATED,1.0,1.0,1.0,1.0,1.0,0.010316133499145508
1688,1,Rows,Removal,1689,DUPLICATED,1.0,1.0,1.0,1.0,1.0,0.010316133499145508
1689,1,Rows,Removal,1690,DUPLICATED,1.0,1.0,1.0,1.0,1.0,0.010316133499145508
1690,1,Rows,Removal,1691,DUPLICATED,1.0,1.0,1.0,1.0,1.0,0.010316133499145508
1691,1,Rows,Removal,1692,DUPLICATED,1.0,1.0,1.0,1.0,1.0,0.010316133499145508
1692,1,Rows,Removal,1693,DUPLICATED,1.0,1.0,1.0,1.0,1.0,0.010316133499145508
1693,1,Rows,Removal,1694,DUPLICATED,1.0,1.0,1.0,1.0,1.0,0.010316133499145508
1694,1,Rows,Removal,1695,DUPLICATED,1.0,1.0,1.0,1.0,1.0,0.010316133499145508
1695,1,Rows,Removal,1696,DUPLICATED,1.0,1.0,1.0,1.0,1.0,0.010316133499145508
1696,1,Rows,Removal,1697,DUPLICATED,1.0,1.0,1.0,1.0,1.0,0.010316133499145508
1697,1,Rows,Removal,1698,DUPLICATED,1.0,1.0,1.0,1.0,1.0,0.010316133499145508
1698,1,Rows,Removal,1699,DUPLICATED,1.0,1.0,1.0,1.0,1.0,0.010316133499145508
1699,1,Rows,Removal,1700,DUPLICATED,1.0,1.0,1.0,1.0,1.0,0.010316133499145508
1700,1,Rows,Removal,1701,DUPLICATED,1.0,1.0,1.0,1.0,1.0,0.010316133499145508
1701,1,Rows,Removal,1702,DUPLICATED,1.0,1.0,1.0,1.0,1.0,0.010316133499145508
1702,1,Rows,Removal,1703,DUPLICATED,1.0,1.0,1.0,1.0,1.0,0.010316133499145508
1703,1,Rows,Removal,1704,DUPLICATED,1.0,1.0,1.0,1.0,1.0,0.010316133499145508
1704,1,Rows,Removal,1705,DUPLICATED,1.0,1.0,1.0,1.0,1.0,0.010316133499145508
1705,1,Rows,Removal,1706,DUPLICATED,1.0,1.0,1.0,1.0,1.0,0.010316133499145508
1706,1,Rows,Removal,1707,DUPLICATED,1.0,1.0,1.0,1.0,1.0,0.010316133499145508
1707,1,Rows,Removal,1708,DUPLICATED,1.0,1.0,1.0,1.0,1.0,0.010316133499145508
1708,1,Rows,Removal,1709,DUPLICATED,1.0,1.0,1.0,1.0,1.0,0.010316133499145508
1709,1,Rows,Removal,1710,DUPLICATED,1.0,1.0,1.0,1.0,1.0,0.010316133499145508
1710,1,Rows,Removal,1711,DUPLICATED,1.0,1.0,1.0,1.0,1.0,0.010316133499145508
1711,1,Rows,Removal,1712,DUPLICATED,1.0,1.0,1.0,1.0,1.0,0.010316133499145508
1712,1,Rows,Removal,1713,DUPLICATED,1.0,1.0,1.0,1.0,1.0,0.010316133499145508
1713,1,Rows,Removal,1714,DUPLICATED,1.0,1.0,1.0,1.0,1.0,0.010316133499145508
1714,1,Rows,Removal,1715,DUPLICATED,1.0,1.0,1.0,1.0,1.0,0.010316133499145508
1715,1,Rows,Removal,1716,DUPLICATED,1.0,1.0,1.0,1.0,1.0,0.010316133499145508
1716,1,Rows,Removal,1717,DUPLICATED,1.0,1.0,1.0,1.0,1.0,0.010316133499145508
1717,1,Rows,Removal,1718,DUPLICATED,1.0,1.0,1.0,1.0,1.0,0.010316133499145508
1718,1,Rows,Removal,1719,DUPLICATED,1.0,1.0,1.0,1.0,1.0,0.010316133499145508
1719,1,Rows,Removal,1720,DUPLICATED,1.0,1.0,1.0,1.0,1.0,0.010316133499145508
1720,1,Rows,Removal,1721,DUPLICATED,1.0,1.0,1.0,1.0,1.0,0.010316133499145508
1721,1,Rows,Removal,1722,DUPLICATED,1.0,1.0,1.0,1.0,1.0,0.010316133499145508
1722,1,Rows,Removal,1723,DUPLICATED,1.0,1.0,1.0,1.0,1.0,0.010316133499145508
1723,1,Rows,Removal,1724,DUPLICATED,1.0,1.0,1.0,1.0,1.0,0.010316133499145508
1724,1,Rows,Removal,1725,DUPLICATED,1.0,1.0,1.0,1.0,1.0,0.010316133499145508
1725,1,Rows,Removal,1726,DUPLICATED,1.0,1.0,1.0,1.0,1.0,0.010316133499145508
1726,1,Rows,Removal,1727,DUPLICATED,1.0,1.0,1.0,1.0,1.0,0.010316133499145508
1727,1,Rows,Removal,1728,DUPLICATED,1.0,1.0,1.0,1.0,1.0,0.010316133499145508
1728,1,Rows,Removal,1729,DUPLICATED,1.0,1.0,1.0,1.0,1.0,0.010316133499145508
1729,1,Rows,Removal,1730,DUPLICATED,1.0,1.0,1.0,1.0,1.0,0.010316133499145508
1730,1,Rows,Removal,1731,DUPLICATED,1.0,1.0,1.0,1.0,1.0,0.010316133499145508
1731,1,Rows,Removal,1732,DUPLICATED,1.0,1.0,1.0,1.0,1.0,0.010316133499145508
1732,1,Rows,Removal,1733,DUPLICATED,1.0,1.0,1.0,1.0,1.0,0.010316133499145508
1733,1,Rows,Removal,1734,DUPLICATED,1.0,1.0,1.0,1.0,1.0,0.010316133499145508
1734,1,Rows,Removal,1735,DUPLICATED,1.0,1.0,1.0,1.0,1.0,0.010316133499145508
1735,1,Rows,Removal,1736,DUPLICATED,1.0,1.0,1.0,1.0,1.0,0.010316133499145508
1736,1,Rows,Removal,1737,DUPLICATED,1.0,1.0,1.0,1.0,1.0,0.010316133499145508
1737,1,Rows,Removal,1738,DUPLICATED,1.0,1.0,1.0,1.0,1.0,0.010316133499145508
1738,1,Rows,Removal,1739,DUPLICATED,1.0,1.0,1.0,1.0,1.0,0.010316133499145508
1739,1,Rows,Removal,1740,DUPLICATED,1.0,1.0,1.0,1.0,1.0,0.010316133499145508
1740,1,Rows,Removal,1741,DUPLICATED,1.0,1.0,1.0,1.0,1.0,0.010316133499145508
1741,1,Rows,Removal,1742,DUPLICATED,1.0,1.0,1.0,1.0,1.0,0.010316133499145508
1742,1,Rows,Removal,1743,DUPLICATED,1.0,1.0,1.0,1.0,1.0,0.010316133499145508
1743,1,Rows,Removal,1744,DUPLICATED,1.0,1.0,1.0,1.0,1.0,0.010316133499145508
1744,1,Rows,Removal,1745,DUPLICATED,1.0,1.0,1.0,1.0,1.0,0.010316133499145508
1745,1,Rows,Removal,1746,DUPLICATED,1.0,1.0,1.0,1.0,1.0,0.010316133499145508
1746,1,Rows,Removal,1747,DUPLICATED,1.0,1.0,1.0,1.0,1.0,0.010316133499145508
1747,1,Rows,Removal,1748,DUPLICATED,1.0,1.0,1.0,1.0,1.0,0.010316133499145508
1748,1,Rows,Removal,1749,DUPLICATED,1.0,1.0,1.0,1.0,1.0,0.010316133499145508
1749,1,Rows,Removal,1750,DUPLICATED,1.0,1.0,1.0,1.0,1.0,0.010316133499145508
1750,1,Rows,Removal,1751,DUPLICATED,1.0,1.0,1.0,1.0,1.0,0.010316133499145508
1751,1,Rows,Removal,1752,DUPLICATED,1.0,1.0,1.0,1.0,1.0,0.010316133499145508
1752,1,Rows,Removal,1753,DUPLICATED,1.0,1.0,1.0,1.0,1.0,0.010316133499145508
1753,1,Rows,Removal,1754,DUPLICATED,1.0,1.0,1.0,1.0,1.0,0.010316133499145508
1754,1,Rows,Removal,1755,DUPLICATED,1.0,1.0,1.0,1.0,1.0,0.010316133499145508
1755,1,Rows,Removal,1756,DUPLICATED,1.0,1.0,1.0,1.0,1.0,0.010316133499145508
1756,1,Rows,Removal,1757,DUPLICATED,1.0,1.0,1.0,1.0,1.0,0.010316133499145508
1757,1,Rows,Removal,1758,DUPLICATED,1.0,1.0,1.0,1.0,1.0,0.010316133499145508
1758,1,Rows,Removal,1759,DUPLICATED,1.0,1.0,1.0,1.0,1.0,0.010316133499145508
1759,1,Rows,Removal,1760,DUPLICATED,1.0,1.0,1.0,1.0,1.0,0.010316133499145508
1760,1,Rows,Removal,1761,DUPLICATED,1.0,1.0,1.0,1.0,1.0,0.010316133499145508
1761,1,Rows,Removal,1762,DUPLICATED,1.0,1.0,1.0,1.0,1.0,0.010316133499145508
1762,1,Rows,Removal,1763,DUPLICATED,1.0,1.0,1.0,1.0,1.0,0.010316133499145508
1763,1,Rows,Removal,1764,DUPLICATED,1.0,1.0,1.0,1.0,1.0,0.010316133499145508
1764,1,Rows,Removal,1765,DUPLICATED,1.0,1.0,1.0,1.0,1.0,0.010316133499145508
1765,1,Rows,Removal,1766,DUPLICATED,1.0,1.0,1.0,1.0,1.0,0.010316133499145508
1766,1,Rows,Removal,1767,DUPLICATED,1.0,1.0,1.0,1.0,1.0,0.010316133499145508
1767,1,Rows,Removal,1768,DUPLICATED,1.0,1.0,1.0,1.0,1.0,0.010316133499145508
1768,1,Rows,Removal,1769,DUPLICATED,1.0,1.0,1.0,1.0,1.0,0.010316133499145508
1769,1,Rows,Removal,1770,DUPLICATED,1.0,1.0,1.0,1.0,1.0,0.010316133499145508
1770,1,Rows,Removal,1771,DUPLICATED,1.0,1.0,1.0,1.0,1.0,0.010316133499145508
1771,1,Rows,Removal,1772,DUPLICATED,1.0,1.0,1.0,1.0,1.0,0.010316133499145508
1772,1,Rows,Removal,1773,DUPLICATED,1.0,1.0,1.0,1.0,1.0,0.010316133499145508
1773,1,Rows,Removal,1774,DUPLICATED,1.0,1.0,1.0,1.0,1.0,0.010316133499145508
1774,1,Rows,Removal,1775,DUPLICATED,1.0,1.0,1.0,1.0,1.0,0.010316133499145508
1775,1,Rows,Removal,1776,DUPLICATED,1.0,1.0,1.0,1.0,1.0,0.010316133499145508
1776,1,Rows,Removal,1777,DUPLICATED,1.0,1.0,1.0,1.0,1.0,0.010316133499145508
1777,1,Rows,Removal,1778,DUPLICATED,1.0,1.0,1.0,1.0,1.0,0.010316133499145508
1778,1,Rows,Removal,1779,DUPLICATED,1.0,1.0,1.0,1.0,1.0,0.010316133499145508
1779,1,Rows,Removal,1780,DUPLICATED,1.0,1.0,1.0,1.0,1.0,0.010316133499145508
1780,1,Rows,Removal,1781,DUPLICATED,1.0,1.0,1.0,1.0,1.0,0.010316133499145508
1781,1,Rows,Removal,1782,DUPLICATED,1.0,1.0,1.0,1.0,1.0,0.010316133499145508
1782,1,Rows,Removal,1783,DUPLICATED,1.0,1.0,1.0,1.0,1.0,0.010316133499145508
1783,1,Rows,Removal,1784,DUPLICATED,1.0,1.0,1.0,1.0,1.0,0.010316133499145508
1784,1,Rows,Removal,1785,DUPLICATED,1.0,1.0,1.0,1.0,1.0,0.010316133499145508
1785,1,Rows,Removal,1786,DUPLICATED,1.0,1.0,1.0,1.0,1.0,0.010316133499145508
1786,1,Rows,Removal,1787,DUPLICATED,1.0,1.0,1.0,1.0,1.0,0.010316133499145508
1787,1,Rows,Removal,1788,DUPLICATED,1.0,1.0,1.0,1.0,1.0,0.010316133499145508
1788,1,Rows,Removal,1789,DUPLICATED,1.0,1.0,1.0,1.0,1.0,0.010316133499145508
1789,1,Rows,Removal,1790,DUPLICATED,1.0,1.0,1.0,1.0,1.0,0.010316133499145508
1790,1,Rows,Removal,1791,DUPLICATED,1.0,1.0,1.0,1.0,1.0,0.010316133499145508
1791,1,Rows,Removal,1792,DUPLICATED,1.0,1.0,1.0,1.0,1.0,0.010316133499145508
1792,1,Rows,Removal,1793,DUPLICATED,1.0,1.0,1.0,1.0,1.0,0.010316133499145508
1793,1,Rows,Removal,1794,DUPLICATED,1.0,1.0,1.0,1.0,1.0,0.010316133499145508
1794,1,Rows,Removal,1795,DUPLICATED,1.0,1.0,1.0,1.0,1.0,0.010316133499145508
1795,1,Rows,Removal,1796,DUPLICATED,1.0,1.0,1.0,1.0,1.0,0.010316133499145508
1796,1,Rows,Removal,1797,DUPLICATED,1.0,1.0,1.0,1.0,1.0,0.010316133499145508
1797,1,Rows,Removal,1798,DUPLICATED,1.0,1.0,1.0,1.0,1.0,0.010316133499145508
1798,1,Rows,Removal,1799,DUPLICATED,1.0,1.0,1.0,1.0,1.0,0.010316133499145508
1799,1,Rows,Removal,1800,DUPLICATED,1.0,1.0,1.0,1.0,1.0,0.010316133499145508
1800,1,Rows,Removal,1801,DUPLICATED,1.0,1.0,1.0,1.0,1.0,0.010316133499145508
1801,1,Rows,Removal,1802,DUPLICATED,1.0,1.0,1.0,1.0,1.0,0.010316133499145508
1802,1,Rows,Removal,1803,DUPLICATED,1.0,1.0,1.0,1.0,1.0,0.010316133499145508
1803,1,Rows,Removal,1804,DUPLICATED,1.0,1.0,1.0,1.0,1.0,0.010316133499145508
1804,1,Rows,Removal,1805,DUPLICATED,1.0,1.0,1.0,1.0,1.0,0.010316133499145508
1805,1,Rows,Removal,1806,DUPLICATED,1.0,1.0,1.0,1.0,1.0,0.010316133499145508
1806,1,Rows,Removal,1807,DUPLICATED,1.0,1.0,1.0,1.0,1.0,0.010316133499145508
1807,1,Rows,Removal,1808,DUPLICATED,1.0,1.0,1.0,1.0,1.0,0.010316133499145508
1808,1,Rows,Removal,1809,DUPLICATED,1.0,1.0,1.0,1.0,1.0,0.010316133499145508
1809,1,Rows,Removal,1810,DUPLICATED,1.0,1.0,1.0,1.0,1.0,0.010316133499145508
1810,1,Rows,Removal,1811,DUPLICATED,1.0,1.0,1.0,1.0,1.0,0.010316133499145508
1811,1,Rows,Removal,1812,DUPLICATED,1.0,1.0,1.0,1.0,1.0,0.010316133499145508
1812,1,Rows,Removal,1813,DUPLICATED,1.0,1.0,1.0,1.0,1.0,0.010316133499145508
1813,1,Rows,Removal,1814,DUPLICATED,1.0,1.0,1.0,1.0,1.0,0.010316133499145508
1814,1,Rows,Removal,1815,DUPLICATED,1.0,1.0,1.0,1.0,1.0,0.010316133499145508
1815,1,Rows,Removal,1816,DUPLICATED,1.0,1.0,1.0,1.0,1.0,0.010316133499145508
1816,1,Rows,Removal,1817,DUPLICATED,1.0,1.0,1.0,1.0,1.0,0.010316133499145508
1817,1,Rows,Removal,1818,DUPLICATED,1.0,1.0,1.0,1.0,1.0,0.010316133499145508
1818,1,Rows,Removal,1819,DUPLICATED,1.0,1.0,1.0,1.0,1.0,0.010316133499145508
1819,1,Rows,Removal,1820,DUPLICATED,1.0,1.0,1.0,1.0,1.0,0.010316133499145508
1820,1,Rows,Removal,1821,DUPLICATED,1.0,1.0,1.0,1.0,1.0,0.010316133499145508
1821,1,Rows,Removal,1822,DUPLICATED,1.0,1.0,1.0,1.0,1.0,0.010316133499145508
1822,1,Rows,Removal,1823,DUPLICATED,1.0,1.0,1.0,1.0,1.0,0.010316133499145508
1823,1,Rows,Removal,1824,DUPLICATED,1.0,1.0,1.0,1.0,1.0,0.010316133499145508
1824,1,Rows,Removal,1825,DUPLICATED,1.0,1.0,1.0,1.0,1.0,0.010316133499145508
1825,1,Rows,Removal,1826,DUPLICATED,1.0,1.0,1.0,1.0,1.0,0.010316133499145508
1826,1,Rows,Removal,1827,DUPLICATED,1.0,1.0,1.0,1.0,1.0,0.010316133499145508
1827,1,Rows,Removal,1828,DUPLICATED,1.0,1.0,1.0,1.0,1.0,0.010316133499145508
1828,1,Rows,Removal,1829,DUPLICATED,1.0,1.0,1.0,1.0,1.0,0.010316133499145508
1829,1,Rows,Removal,1830,DUPLICATED,1.0,1.0,1.0,1.0,1.0,0.010316133499145508
1830,1,Rows,Removal,1831,DUPLICATED,1.0,1.0,1.0,1.0,1.0,0.010316133499145508
1831,1,Rows,Removal,1832,DUPLICATED,1.0,1.0,1.0,1.0,1.0,0.010316133499145508
1832,1,Rows,Removal,1833,DUPLICATED,1.0,1.0,1.0,1.0,1.0,0.010316133499145508
1833,1,Rows,Removal,1834,DUPLICATED,1.0,1.0,1.0,1.0,1.0,0.010316133499145508
1834,1,Rows,Removal,1835,DUPLICATED,1.0,1.0,1.0,1.0,1.0,0.010316133499145508
1835,1,Rows,Removal,1836,DUPLICATED,1.0,1.0,1.0,1.0,1.0,0.010316133499145508
1836,1,Rows,Removal,1837,DUPLICATED,1.0,1.0,1.0,1.0,1.0,0.010316133499145508
1837,1,Rows,Removal,1838,DUPLICATED,1.0,1.0,1.0,1.0,1.0,0.010316133499145508
1838,1,Rows,Removal,1839,DUPLICATED,1.0,1.0,1.0,1.0,1.0,0.010316133499145508
1839,1,Rows,Removal,1840,DUPLICATED,1.0,1.0,1.0,1.0,1.0,0.010316133499145508
1840,1,Rows,Removal,1841,DUPLICATED,1.0,1.0,1.0,1.0,1.0,0.010316133499145508
1841,1,Rows,Removal,1842,DUPLICATED,1.0,1.0,1.0,1.0,1.0,0.010316133499145508
1842,1,Rows,Removal,1843,DUPLICATED,1.0,1.0,1.0,1.0,1.0,0.010316133499145508
1843,1,Rows,Removal,1844,DUPLICATED,1.0,1.0,1.0,1.0,1.0,0.010316133499145508
1844,1,Rows,Removal,1845,DUPLICATED,1.0,1.0,1.0,1.0,1.0,0.010316133499145508
1845,1,Rows,Removal,1846,DUPLICATED,1.0,1.0,1.0,1.0,1.0,0.010316133499145508
1846,1,Rows,Removal,1847,DUPLICATED,1.0,1.0,1.0,1.0,1.0,0.010316133499145508
1847,1,Rows,Removal,1848,DUPLICATED,1.0,1.0,1.0,1.0,1.0,0.010316133499145508
1848,1,Rows,Removal,1849,DUPLICATED,1.0,1.0,1.0,1.0,1.0,0.010316133499145508
1849,1,Rows,Removal,1850,DUPLICATED,1.0,1.0,1.0,1.0,1.0,0.010316133499145508
1850,1,Rows,Removal,1851,DUPLICATED,1.0,1.0,1.0,1.0,1.0,0.010316133499145508
1851,1,Rows,Removal,1852,DUPLICATED,1.0,1.0,1.0,1.0,1.0,0.010316133499145508
1852,1,Rows,Removal,1853,DUPLICATED,1.0,1.0,1.0,1.0,1.0,0.010316133499145508
1853,1,Rows,Removal,1854,DUPLICATED,1.0,1.0,1.0,1.0,1.0,0.010316133499145508
1854,1,Rows,Removal,1855,DUPLICATED,1.0,1.0,1.0,1.0,1.0,0.010316133499145508
1855,1,Rows,Removal,1856,DUPLICATED,1.0,1.0,1.0,1.0,1.0,0.010316133499145508
1856,1,Rows,Removal,1857,DUPLICATED,1.0,1.0,1.0,1.0,1.0,0.010316133499145508
1857,1,Rows,Removal,1858,DUPLICATED,1.0,1.0,1.0,1.0,1.0,0.010316133499145508
1858,1,Rows,Removal,1859,DUPLICATED,1.0,1.0,1.0,1.0,1.0,0.010316133499145508
1859,1,Rows,Removal,1860,DUPLICATED,1.0,1.0,1.0,1.0,1.0,0.010316133499145508
1860,1,Rows,Removal,1861,DUPLICATED,1.0,1.0,1.0,1.0,1.0,0.010316133499145508
1861,1,Rows,Removal,1862,DUPLICATED,1.0,1.0,1.0,1.0,1.0,0.010316133499145508
1862,1,Rows,Removal,1863,DUPLICATED,1.0,1.0,1.0,1.0,1.0,0.010316133499145508
1863,1,Rows,Removal,1864,DUPLICATED,1.0,1.0,1.0,1.0,1.0,0.010316133499145508
1864,1,Rows,Removal,1865,DUPLICATED,1.0,1.0,1.0,1.0,1.0,0.010316133499145508
1865,1,Rows,Removal,1866,DUPLICATED,1.0,1.0,1.0,1.0,1.0,0.010316133499145508
1866,1,Rows,Removal,1867,DUPLICATED,1.0,1.0,1.0,1.0,1.0,0.010316133499145508
1867,1,Rows,Removal,1868,DUPLICATED,1.0,1.0,1.0,1.0,1.0,0.010316133499145508
1868,1,Rows,Removal,1869,DUPLICATED,1.0,1.0,1.0,1.0,1.0,0.010316133499145508
1869,1,Rows,Removal,1870,DUPLICATED,1.0,1.0,1.0,1.0,1.0,0.010316133499145508
1870,1,Rows,Removal,1871,DUPLICATED,1.0,1.0,1.0,1.0,1.0,0.010316133499145508
1871,1,Rows,Removal,1872,DUPLICATED,1.0,1.0,1.0,1.0,1.0,0.010316133499145508
1872,1,Rows,Removal,1873,DUPLICATED,1.0,1.0,1.0,1.0,1.0,0.010316133499145508
1873,1,Rows,Removal,1874,DUPLICATED,1.0,1.0,1.0,1.0,1.0,0.010316133499145508
1874,1,Rows,Removal,1875,DUPLICATED,1.0,1.0,1.0,1.0,1.0,0.010316133499145508
1875,1,Rows,Removal,1876,DUPLICATED,1.0,1.0,1.0,1.0,1.0,0.010316133499145508
1876,1,Rows,Removal,1877,DUPLICATED,1.0,1.0,1.0,1.0,1.0,0.010316133499145508
1877,1,Rows,Removal,1878,DUPLICATED,1.0,1.0,1.0,1.0,1.0,0.010316133499145508
1878,1,Rows,Removal,1879,DUPLICATED,1.0,1.0,1.0,1.0,1.0,0.010316133499145508
1879,1,Rows,Removal,1880,DUPLICATED,1.0,1.0,1.0,1.0,1.0,0.010316133499145508
1880,1,Rows,Removal,1881,DUPLICATED,1.0,1.0,1.0,1.0,1.0,0.010316133499145508
1881,1,Rows,Removal,1882,DUPLICATED,1.0,1.0,1.0,1.0,1.0,0.010316133499145508
1882,1,Rows,Removal,1883,DUPLICATED,1.0,1.0,1.0,1.0,1.0,0.010316133499145508
1883,1,Rows,Removal,1884,DUPLICATED,1.0,1.0,1.0,1.0,1.0,0.010316133499145508
1884,1,Rows,Removal,1885,DUPLICATED,1.0,1.0,1.0,1.0,1.0,0.010316133499145508
1885,1,Rows,Removal,1886,DUPLICATED,1.0,1.0,1.0,1.0,1.0,0.010316133499145508
1886,1,Rows,Removal,1887,DUPLICATED,1.0,1.0,1.0,1.0,1.0,0.010316133499145508
1887,1,Rows,Removal,1888,DUPLICATED,1.0,1.0,1.0,1.0,1.0,0.010316133499145508
1888,1,Rows,Removal,1889,DUPLICATED,1.0,1.0,1.0,1.0,1.0,0.010316133499145508
1889,1,Rows,Removal,1890,DUPLICATED,1.0,1.0,1.0,1.0,1.0,0.010316133499145508
1890,1,Rows,Removal,1891,DUPLICATED,1.0,1.0,1.0,1.0,1.0,0.010316133499145508
1891,1,Rows,Removal,1892,DUPLICATED,1.0,1.0,1.0,1.0,1.0,0.010316133499145508
1892,1,Rows,Removal,1893,DUPLICATED,1.0,1.0,1.0,1.0,1.0,0.010316133499145508
1893,1,Rows,Removal,1894,DUPLICATED,1.0,1.0,1.0,1.0,1.0,0.010316133499145508
1894,1,Rows,Removal,1895,DUPLICATED,1.0,1.0,1.0,1.0,1.0,0.010316133499145508
1895,1,Rows,Removal,1896,DUPLICATED,1.0,1.0,1.0,1.0,1.0,0.010316133499145508
1896,1,Rows,Removal,1897,DUPLICATED,1.0,1.0,1.0,1.0,1.0,0.010316133499145508
1897,1,Rows,Removal,1898,DUPLICATED,1.0,1.0,1.0,1.0,1.0,0.010316133499145508
1898,1,Rows,Removal,1899,DUPLICATED,1.0,1.0,1.0,1.0,1.0,0.010316133499145508
1899,1,Rows,Removal,1900,DUPLICATED,1.0,1.0,1.0,1.0,1.0,0.010316133499145508
1900,1,Rows,Removal,1901,DUPLICATED,1.0,1.0,1.0,1.0,1.0,0.010316133499145508
1901,1,Rows,Removal,1902,DUPLICATED,1.0,1.0,1.0,1.0,1.0,0.010316133499145508
1902,1,Rows,Removal,1903,DUPLICATED,1.0,1.0,1.0,1.0,1.0,0.010316133499145508
1903,1,Rows,Removal,1904,DUPLICATED,1.0,1.0,1.0,1.0,1.0,0.010316133499145508
1904,1,Rows,Removal,1905,DUPLICATED,1.0,1.0,1.0,1.0,1.0,0.010316133499145508
1905,1,Rows,Removal,1906,DUPLICATED,1.0,1.0,1.0,1.0,1.0,0.010316133499145508
1906,1,Rows,Removal,1907,DUPLICATED,1.0,1.0,1.0,1.0,1.0,0.010316133499145508
1907,1,Rows,Removal,1908,DUPLICATED,1.0,1.0,1.0,1.0,1.0,0.010316133499145508
1908,1,Rows,Removal,1909,DUPLICATED,1.0,1.0,1.0,1.0,1.0,0.010316133499145508
1909,1,Rows,Removal,1910,DUPLICATED,1.0,1.0,1.0,1.0,1.0,0.010316133499145508
1910,1,Rows,Removal,1911,DUPLICATED,1.0,1.0,1.0,1.0,1.0,0.010316133499145508
1911,1,Rows,Removal,1912,DUPLICATED,1.0,1.0,1.0,1.0,1.0,0.010316133499145508
1912,1,Rows,Removal,1913,DUPLICATED,1.0,1.0,1.0,1.0,1.0,0.010316133499145508
1913,1,Rows,Removal,1914,DUPLICATED,1.0,1.0,1.0,1.0,1.0,0.010316133499145508
1914,1,Rows,Removal,1915,DUPLICATED,1.0,1.0,1.0,1.0,1.0,0.010316133499145508
1915,1,Rows,Removal,1916,DUPLICATED,1.0,1.0,1.0,1.0,1.0,0.010316133499145508
1916,1,Rows,Removal,1917,DUPLICATED,1.0,1.0,1.0,1.0,1.0,0.010316133499145508
1917,1,Rows,Removal,1918,DUPLICATED,1.0,1.0,1.0,1.0,1.0,0.010316133499145508
1918,1,Rows,Removal,1919,DUPLICATED,1.0,1.0,1.0,1.0,1.0,0.010316133499145508
1919,1,Rows,Removal,1920,DUPLICATED,1.0,1.0,1.0,1.0,1.0,0.010316133499145508
1920,1,Rows,Removal,1921,DUPLICATED,1.0,1.0,1.0,1.0,1.0,0.010316133499145508
1921,1,Rows,Removal,1922,DUPLICATED,1.0,1.0,1.0,1.0,1.0,0.010316133499145508
1922,1,Rows,Removal,1923,DUPLICATED,1.0,1.0,1.0,1.0,1.0,0.010316133499145508
1923,1,Rows,Removal,1924,DUPLICATED,1.0,1.0,1.0,1.0,1.0,0.010316133499145508
1924,1,Rows,Removal,1925,DUPLICATED,1.0,1.0,1.0,1.0,1.0,0.010316133499145508
1925,1,Rows,Removal,1926,DUPLICATED,1.0,1.0,1.0,1.0,1.0,0.010316133499145508
1926,1,Rows,Removal,1927,DUPLICATED,1.0,1.0,1.0,1.0,1.0,0.010316133499145508
1927,1,Rows,Removal,1928,DUPLICATED,1.0,1.0,1.0,1.0,1.0,0.010316133499145508
1928,1,Rows,Removal,1929,DUPLICATED,1.0,1.0,1.0,1.0,1.0,0.010316133499145508
1929,1,Rows,Removal,1930,DUPLICATED,1.0,1.0,1.0,1.0,1.0,0.010316133499145508
1930,1,Rows,Removal,1931,DUPLICATED,1.0,1.0,1.0,1.0,1.0,0.010316133499145508
1931,1,Rows,Removal,1932,DUPLICATED,1.0,1.0,1.0,1.0,1.0,0.010316133499145508
1932,1,Rows,Removal,1933,DUPLICATED,1.0,1.0,1.0,1.0,1.0,0.010316133499145508
1933,1,Rows,Removal,1934,DUPLICATED,1.0,1.0,1.0,1.0,1.0,0.010316133499145508
1934,1,Rows,Removal,1935,DUPLICATED,1.0,1.0,1.0,1.0,1.0,0.010316133499145508
1935,1,Rows,Removal,1936,DUPLICATED,1.0,1.0,1.0,1.0,1.0,0.010316133499145508
1936,1,Rows,Removal,1937,DUPLICATED,1.0,1.0,1.0,1.0,1.0,0.010316133499145508
1937,1,Rows,Removal,1938,DUPLICATED,1.0,1.0,1.0,1.0,1.0,0.010316133499145508
1938,1,Rows,Removal,1939,DUPLICATED,1.0,1.0,1.0,1.0,1.0,0.010316133499145508
1939,1,Rows,Removal,1940,DUPLICATED,1.0,1.0,1.0,1.0,1.0,0.010316133499145508
1940,1,Rows,Removal,1941,DUPLICATED,1.0,1.0,1.0,1.0,1.0,0.010316133499145508
1941,1,Rows,Removal,1942,DUPLICATED,1.0,1.0,1.0,1.0,1.0,0.010316133499145508
1942,1,Rows,Removal,1943,DUPLICATED,1.0,1.0,1.0,1.0,1.0,0.010316133499145508
1943,1,Rows,Removal,1944,DUPLICATED,1.0,1.0,1.0,1.0,1.0,0.010316133499145508
1944,1,Rows,Removal,1945,DUPLICATED,1.0,1.0,1.0,1.0,1.0,0.010316133499145508
1945,1,Rows,Removal,1946,DUPLICATED,1.0,1.0,1.0,1.0,1.0,0.010316133499145508
1946,1,Rows,Removal,1947,DUPLICATED,1.0,1.0,1.0,1.0,1.0,0.010316133499145508
1947,1,Rows,Removal,1948,DUPLICATED,1.0,1.0,1.0,1.0,1.0,0.010316133499145508
1948,1,Rows,Removal,1949,DUPLICATED,1.0,1.0,1.0,1.0,1.0,0.010316133499145508
1949,1,Rows,Removal,1950,DUPLICATED,1.0,1.0,1.0,1.0,1.0,0.010316133499145508
1950,1,Rows,Removal,1951,DUPLICATED,1.0,1.0,1.0,1.0,1.0,0.010316133499145508
1951,1,Rows,Removal,1952,DUPLICATED,1.0,1.0,1.0,1.0,1.0,0.010316133499145508
1952,1,Rows,Removal,1953,DUPLICATED,1.0,1.0,1.0,1.0,1.0,0.010316133499145508
1953,1,Rows,Removal,1954,DUPLICATED,1.0,1.0,1.0,1.0,1.0,0.010316133499145508
1954,1,Rows,Removal,1955,DUPLICATED,1.0,1.0,1.0,1.0,1.0,0.010316133499145508
1955,1,Rows,Removal,1956,DUPLICATED,1.0,1.0,1.0,1.0,1.0,0.010316133499145508
1956,1,Rows,Removal,1957,DUPLICATED,1.0,1.0,1.0,1.0,1.0,0.010316133499145508
1957,1,Rows,Removal,1958,DUPLICATED,1.0,1.0,1.0,1.0,1.0,0.010316133499145508
1958,1,Rows,Removal,1959,DUPLICATED,1.0,1.0,1.0,1.0,1.0,0.010316133499145508
1959,1,Rows,Removal,1960,DUPLICATED,1.0,1.0,1.0,1.0,1.0,0.010316133499145508
1960,1,Rows,Removal,1961,DUPLICATED,1.0,1.0,1.0,1.0,1.0,0.010316133499145508
1961,1,Rows,Removal,1962,DUPLICATED,1.0,1.0,1.0,1.0,1.0,0.010316133499145508
1962,1,Rows,Removal,1963,DUPLICATED,1.0,1.0,1.0,1.0,1.0,0.010316133499145508
1963,1,Rows,Removal,1964,DUPLICATED,1.0,1.0,1.0,1.0,1.0,0.010316133499145508
1964,1,Rows,Removal,1965,DUPLICATED,1.0,1.0,1.0,1.0,1.0,0.010316133499145508
1965,1,Rows,Removal,1966,DUPLICATED,1.0,1.0,1.0,1.0,1.0,0.010316133499145508
1966,1,Rows,Removal,1967,DUPLICATED,1.0,1.0,1.0,1.0,1.0,0.010316133499145508
1967,1,Rows,Removal,1968,DUPLICATED,1.0,1.0,1.0,1.0,1.0,0.010316133499145508
1968,1,Rows,Removal,1969,DUPLICATED,1.0,1.0,1.0,1.0,1.0,0.010316133499145508
1969,1,Rows,Removal,1970,DUPLICATED,1.0,1.0,1.0,1.0,1.0,0.010316133499145508
1970,1,Rows,Removal,1971,DUPLICATED,1.0,1.0,1.0,1.0,1.0,0.010316133499145508
1971,1,Rows,Removal,1972,DUPLICATED,1.0,1.0,1.0,1.0,1.0,0.010316133499145508
1972,1,Rows,Removal,1973,DUPLICATED,1.0,1.0,1.0,1.0,1.0,0.010316133499145508
1973,1,Rows,Removal,1974,DUPLICATED,1.0,1.0,1.0,1.0,1.0,0.010316133499145508
1974,1,Rows,Removal,1975,DUPLICATED,1.0,1.0,1.0,1.0,1.0,0.010316133499145508
1975,1,Rows,Removal,1976,DUPLICATED,1.0,1.0,1.0,1.0,1.0,0.010316133499145508
1976,1,Rows,Removal,1977,DUPLICATED,1.0,1.0,1.0,1.0,1.0,0.010316133499145508
1977,1,Rows,Removal,1978,DUPLICATED,1.0,1.0,1.0,1.0,1.0,0.010316133499145508
1978,1,Rows,Removal,1979,DUPLICATED,1.0,1.0,1.0,1.0,1.0,0.010316133499145508
1979,1,Rows,Removal,1980,DUPLICATED,1.0,1.0,1.0,1.0,1.0,0.010316133499145508
1980,1,Rows,Removal,1981,DUPLICATED,1.0,1.0,1.0,1.0,1.0,0.010316133499145508
1981,1,Rows,Removal,1982,DUPLICATED,1.0,1.0,1.0,1.0,1.0,0.010316133499145508
1982,1,Rows,Removal,1983,DUPLICATED,1.0,1.0,1.0,1.0,1.0,0.010316133499145508
1983,1,Rows,Removal,1984,DUPLICATED,1.0,1.0,1.0,1.0,1.0,0.010316133499145508
1984,1,Rows,Removal,1985,DUPLICATED,1.0,1.0,1.0,1.0,1.0,0.010316133499145508
1985,1,Rows,Removal,1986,DUPLICATED,1.0,1.0,1.0,1.0,1.0,0.010316133499145508
1986,1,Rows,Removal,1987,DUPLICATED,1.0,1.0,1.0,1.0,1.0,0.010316133499145508
1987,1,Rows,Removal,1988,DUPLICATED,1.0,1.0,1.0,1.0,1.0,0.010316133499145508
1988,1,Rows,Removal,1989,DUPLICATED,1.0,1.0,1.0,1.0,1.0,0.010316133499145508
1989,1,Rows,Removal,1990,DUPLICATED,1.0,1.0,1.0,1.0,1.0,0.010316133499145508
1990,1,Rows,Removal,1991,DUPLICATED,1.0,1.0,1.0,1.0,1.0,0.010316133499145508
1991,1,Rows,Removal,1992,DUPLICATED,1.0,1.0,1.0,1.0,1.0,0.010316133499145508
1992,1,Rows,Removal,1993,DUPLICATED,1.0,1.0,1.0,1.0,1.0,0.010316133499145508
1993,1,Rows,Removal,1994,DUPLICATED,1.0,1.0,1.0,1.0,1.0,0.010316133499145508
1994,1,Rows,Removal,1995,DUPLICATED,1.0,1.0,1.0,1.0,1.0,0.010316133499145508
1995,1,Rows,Removal,1996,DUPLICATED,1.0,1.0,1.0,1.0,1.0,0.010316133499145508
1996,1,Rows,Removal,1997,DUPLICATED,1.0,1.0,1.0,1.0,1.0,0.010316133499145508
1997,1,Rows,Removal,1998,DUPLICATED,1.0,1.0,1.0,1.0,1.0,0.010316133499145508
1998,1,Rows,Removal,1999,DUPLICATED,1.0,1.0,1.0,1.0,1.0,0.010316133499145508
1999,1,Rows,Removal,2000,DUPLICATED,1.0,1.0,1.0,1.0,1.0,0.010316133499145508
2000,1,Rows,Removal,2001,DUPLICATED,1.0,1.0,1.0,1.0,1.0,0.010316133499145508
2001,1,Rows,Removal,2002,DUPLICATED,1.0,1.0,1.0,1.0,1.0,0.010316133499145508
2002,1,Rows,Removal,2003,DUPLICATED,1.0,1.0,1.0,1.0,1.0,0.010316133499145508
2003,1,Rows,Removal,2004,DUPLICATED,1.0,1.0,1.0,1.0,1.0,0.010316133499145508
2004,1,Rows,Removal,2005,DUPLICATED,1.0,1.0,1.0,1.0,1.0,0.010316133499145508
2005,1,Rows,Removal,2006,DUPLICATED,1.0,1.0,1.0,1.0,1.0,0.010316133499145508
2006,1,Rows,Removal,2007,DUPLICATED,1.0,1.0,1.0,1.0,1.0,0.010316133499145508
2007,1,Rows,Removal,2008,DUPLICATED,1.0,1.0,1.0,1.0,1.0,0.010316133499145508
2008,1,Rows,Removal,2009,DUPLICATED,1.0,1.0,1.0,1.0,1.0,0.010316133499145508
2009,1,Rows,Removal,2010,DUPLICATED,1.0,1.0,1.0,1.0,1.0,0.010316133499145508
2010,1,Rows,Removal,2011,DUPLICATED,1.0,1.0,1.0,1.0,1.0,0.010316133499145508
2011,1,Rows,Removal,2012,DUPLICATED,1.0,1.0,1.0,1.0,1.0,0.010316133499145508
2012,1,Rows,Removal,2013,DUPLICATED,1.0,1.0,1.0,1.0,1.0,0.010316133499145508
2013,1,Rows,Removal,2014,DUPLICATED,1.0,1.0,1.0,1.0,1.0,0.010316133499145508
2014,1,Rows,Removal,2015,DUPLICATED,1.0,1.0,1.0,1.0,1.0,0.010316133499145508
2015,1,Rows,Removal,2016,DUPLICATED,1.0,1.0,1.0,1.0,1.0,0.010316133499145508
2016,1,Rows,Removal,2017,DUPLICATED,1.0,1.0,1.0,1.0,1.0,0.010316133499145508
2017,1,Rows,Removal,2018,DUPLICATED,1.0,1.0,1.0,1.0,1.0,0.010316133499145508
2018,1,Rows,Removal,2019,DUPLICATED,1.0,1.0,1.0,1.0,1.0,0.010316133499145508
2019,1,Rows,Removal,2020,DUPLICATED,1.0,1.0,1.0,1.0,1.0,0.010316133499145508
2020,1,Rows,Removal,2021,DUPLICATED,1.0,1.0,1.0,1.0,1.0,0.010316133499145508
2021,1,Rows,Removal,2022,DUPLICATED,1.0,1.0,1.0,1.0,1.0,0.010316133499145508
2022,1,Rows,Removal,2023,DUPLICATED,1.0,1.0,1.0,1.0,1.0,0.010316133499145508
2023,1,Rows,Removal,2024,DUPLICATED,1.0,1.0,1.0,1.0,1.0,0.010316133499145508
2024,1,Rows,Removal,2025,DUPLICATED,1.0,1.0,1.0,1.0,1.0,0.010316133499145508
2025,1,Rows,Removal,2026,DUPLICATED,1.0,1.0,1.0,1.0,1.0,0.010316133499145508
2026,1,Rows,Removal,2027,DUPLICATED,1.0,1.0,1.0,1.0,1.0,0.010316133499145508
2027,1,Rows,Removal,2028,DUPLICATED,1.0,1.0,1.0,1.0,1.0,0.010316133499145508
2028,1,Rows,Removal,2029,DUPLICATED,1.0,1.0,1.0,1.0,1.0,0.010316133499145508
2029,1,Rows,Removal,2030,DUPLICATED,1.0,1.0,1.0,1.0,1.0,0.010316133499145508
2030,1,Rows,Removal,2031,DUPLICATED,1.0,1.0,1.0,1.0,1.0,0.010316133499145508
2031,1,Rows,Removal,2032,DUPLICATED,1.0,1.0,1.0,1.0,1.0,0.010316133499145508
2032,1,Rows,Removal,2033,DUPLICATED,1.0,1.0,1.0,1.0,1.0,0.010316133499145508
2033,1,Rows,Removal,2034,DUPLICATED,1.0,1.0,1.0,1.0,1.0,0.010316133499145508
2034,1,Rows,Removal,2035,DUPLICATED,1.0,1.0,1.0,1.0,1.0,0.010316133499145508
2035,1,Rows,Removal,2036,DUPLICATED,1.0,1.0,1.0,1.0,1.0,0.010316133499145508
2036,1,Rows,Removal,2037,DUPLICATED,1.0,1.0,1.0,1.0,1.0,0.010316133499145508
2037,1,Rows,Removal,2038,DUPLICATED,1.0,1.0,1.0,1.0,1.0,0.010316133499145508
2038,1,Rows,Removal,2039,DUPLICATED,1.0,1.0,1.0,1.0,1.0,0.010316133499145508
2039,1,Rows,Removal,2040,DUPLICATED,1.0,1.0,1.0,1.0,1.0,0.010316133499145508
2040,1,Rows,Removal,2041,DUPLICATED,1.0,1.0,1.0,1.0,1.0,0.010316133499145508
2041,1,Rows,Removal,2042,DUPLICATED,1.0,1.0,1.0,1.0,1.0,0.010316133499145508
2042,1,Rows,Removal,2043,DUPLICATED,1.0,1.0,1.0,1.0,1.0,0.010316133499145508
2043,1,Rows,Removal,2044,DUPLICATED,1.0,1.0,1.0,1.0,1.0,0.010316133499145508
2044,1,Rows,Removal,2045,DUPLICATED,1.0,1.0,1.0,1.0,1.0,0.010316133499145508
2045,1,Rows,Removal,2046,DUPLICATED,1.0,1.0,1.0,1.0,1.0,0.010316133499145508
2046,1,Rows,Removal,2047,DUPLICATED,1.0,1.0,1.0,1.0,1.0,0.010316133499145508
2047,1,Rows,Removal,2048,DUPLICATED,1.0,1.0,1.0,1.0,1.0,0.010316133499145508
2048,1,Rows,Removal,2049,DUPLICATED,1.0,1.0,1.0,1.0,1.0,0.010316133499145508
2049,1,Rows,Removal,2050,DUPLICATED,1.0,1.0,1.0,1.0,1.0,0.010316133499145508
2050,1,Rows,Removal,2051,DUPLICATED,1.0,1.0,1.0,1.0,1.0,0.010316133499145508
2051,1,Rows,Removal,2052,DUPLICATED,1.0,1.0,1.0,1.0,1.0,0.010316133499145508
2052,1,Rows,Removal,2053,DUPLICATED,1.0,1.0,1.0,1.0,1.0,0.010316133499145508
2053,1,Rows,Removal,2054,DUPLICATED,1.0,1.0,1.0,1.0,1.0,0.010316133499145508
2054,1,Rows,Removal,2055,DUPLICATED,1.0,1.0,1.0,1.0,1.0,0.010316133499145508
2055,1,Rows,Removal,2056,DUPLICATED,1.0,1.0,1.0,1.0,1.0,0.010316133499145508
2056,1,Rows,Removal,2057,DUPLICATED,1.0,1.0,1.0,1.0,1.0,0.010316133499145508
2057,1,Rows,Removal,2058,DUPLICATED,1.0,1.0,1.0,1.0,1.0,0.010316133499145508
2058,1,Rows,Removal,2059,DUPLICATED,1.0,1.0,1.0,1.0,1.0,0.010316133499145508
2059,1,Rows,Removal,2060,DUPLICATED,1.0,1.0,1.0,1.0,1.0,0.010316133499145508
2060,1,Rows,Removal,2061,DUPLICATED,1.0,1.0,1.0,1.0,1.0,0.010316133499145508
2061,1,Rows,Removal,2062,DUPLICATED,1.0,1.0,1.0,1.0,1.0,0.010316133499145508
2062,1,Rows,Removal,2063,DUPLICATED,1.0,1.0,1.0,1.0,1.0,0.010316133499145508
2063,1,Rows,Removal,2064,DUPLICATED,1.0,1.0,1.0,1.0,1.0,0.010316133499145508
2064,1,Rows,Removal,2065,DUPLICATED,1.0,1.0,1.0,1.0,1.0,0.010316133499145508
2065,1,Rows,Removal,2066,DUPLICATED,1.0,1.0,1.0,1.0,1.0,0.010316133499145508
2066,1,Rows,Removal,2067,DUPLICATED,1.0,1.0,1.0,1.0,1.0,0.010316133499145508
2067,1,Rows,Removal,2068,DUPLICATED,1.0,1.0,1.0,1.0,1.0,0.010316133499145508
2068,1,Rows,Removal,2069,DUPLICATED,1.0,1.0,1.0,1.0,1.0,0.010316133499145508
2069,1,Rows,Removal,2070,DUPLICATED,1.0,1.0,1.0,1.0,1.0,0.010316133499145508
2070,1,Rows,Removal,2071,DUPLICATED,1.0,1.0,1.0,1.0,1.0,0.010316133499145508
2071,1,Rows,Removal,2072,DUPLICATED,1.0,1.0,1.0,1.0,1.0,0.010316133499145508
2072,1,Rows,Removal,2073,DUPLICATED,1.0,1.0,1.0,1.0,1.0,0.010316133499145508
2073,1,Rows,Removal,2074,DUPLICATED,1.0,1.0,1.0,1.0,1.0,0.010316133499145508
2074,1,Rows,Removal,2075,DUPLICATED,1.0,1.0,1.0,1.0,1.0,0.010316133499145508
2075,1,Rows,Removal,2076,DUPLICATED,1.0,1.0,1.0,1.0,1.0,0.010316133499145508
2076,1,Rows,Removal,2077,DUPLICATED,1.0,1.0,1.0,1.0,1.0,0.010316133499145508
2077,1,Rows,Removal,2078,DUPLICATED,1.0,1.0,1.0,1.0,1.0,0.010316133499145508
2078,1,Rows,Removal,2079,DUPLICATED,1.0,1.0,1.0,1.0,1.0,0.010316133499145508
2079,1,Rows,Removal,2080,DUPLICATED,1.0,1.0,1.0,1.0,1.0,0.010316133499145508
2080,1,Rows,Removal,2081,DUPLICATED,1.0,1.0,1.0,1.0,1.0,0.010316133499145508
2081,1,Rows,Removal,2082,DUPLICATED,1.0,1.0,1.0,1.0,1.0,0.010316133499145508
2082,1,Rows,Removal,2083,DUPLICATED,1.0,1.0,1.0,1.0,1.0,0.010316133499145508
2083,1,Rows,Removal,2084,DUPLICATED,1.0,1.0,1.0,1.0,1.0,0.010316133499145508
2084,1,Rows,Removal,2085,DUPLICATED,1.0,1.0,1.0,1.0,1.0,0.010316133499145508
2085,1,Rows,Removal,2086,DUPLICATED,1.0,1.0,1.0,1.0,1.0,0.010316133499145508
2086,1,Rows,Removal,2087,DUPLICATED,1.0,1.0,1.0,1.0,1.0,0.010316133499145508
2087,1,Rows,Removal,2088,DUPLICATED,1.0,1.0,1.0,1.0,1.0,0.010316133499145508
2088,1,Rows,Removal,2089,DUPLICATED,1.0,1.0,1.0,1.0,1.0,0.010316133499145508
2089,1,Rows,Removal,2090,DUPLICATED,1.0,1.0,1.0,1.0,1.0,0.010316133499145508
2090,1,Rows,Removal,2091,DUPLICATED,1.0,1.0,1.0,1.0,1.0,0.010316133499145508
2091,1,Rows,Removal,2092,DUPLICATED,1.0,1.0,1.0,1.0,1.0,0.010316133499145508
2092,1,Rows,Removal,2093,DUPLICATED,1.0,1.0,1.0,1.0,1.0,0.010316133499145508
2093,1,Rows,Removal,2094,DUPLICATED,1.0,1.0,1.0,1.0,1.0,0.010316133499145508
2094,1,Rows,Removal,2095,DUPLICATED,1.0,1.0,1.0,1.0,1.0,0.010316133499145508
2095,1,Rows,Removal,2096,DUPLICATED,1.0,1.0,1.0,1.0,1.0,0.010316133499145508
2096,1,Rows,Removal,2097,DUPLICATED,1.0,1.0,1.0,1.0,1.0,0.010316133499145508
2097,1,Rows,Removal,2098,DUPLICATED,1.0,1.0,1.0,1.0,1.0,0.010316133499145508
2098,1,Rows,Removal,2099,DUPLICATED,1.0,1.0,1.0,1.0,1.0,0.010316133499145508
2099,1,Rows,Removal,2100,DUPLICATED,1.0,1.0,1.0,1.0,1.0,0.010316133499145508
2100,1,Rows,Removal,2101,DUPLICATED,1.0,1.0,1.0,1.0,1.0,0.010316133499145508
2101,1,Rows,Removal,2102,DUPLICATED,1.0,1.0,1.0,1.0,1.0,0.010316133499145508
2102,1,Rows,Removal,2103,DUPLICATED,1.0,1.0,1.0,1.0,1.0,0.010316133499145508
2103,1,Rows,Removal,2104,DUPLICATED,1.0,1.0,1.0,1.0,1.0,0.010316133499145508
2104,1,Rows,Removal,2105,DUPLICATED,1.0,1.0,1.0,1.0,1.0,0.010316133499145508
2105,1,Rows,Removal,2106,DUPLICATED,1.0,1.0,1.0,1.0,1.0,0.010316133499145508
2106,1,Rows,Removal,2107,DUPLICATED,1.0,1.0,1.0,1.0,1.0,0.010316133499145508
2107,1,Rows,Removal,2108,DUPLICATED,1.0,1.0,1.0,1.0,1.0,0.010316133499145508
2108,1,Rows,Removal,2109,DUPLICATED,1.0,1.0,1.0,1.0,1.0,0.010316133499145508
2109,1,Rows,Removal,2110,DUPLICATED,1.0,1.0,1.0,1.0,1.0,0.010316133499145508
2110,1,Rows,Removal,2111,DUPLICATED,1.0,1.0,1.0,1.0,1.0,0.010316133499145508
2111,1,Rows,Removal,2112,DUPLICATED,1.0,1.0,1.0,1.0,1.0,0.010316133499145508
2112,1,Rows,Removal,2113,DUPLICATED,1.0,1.0,1.0,1.0,1.0,0.010316133499145508
2113,1,Rows,Removal,2114,DUPLICATED,1.0,1.0,1.0,1.0,1.0,0.010316133499145508
2114,1,Rows,Removal,2115,DUPLICATED,1.0,1.0,1.0,1.0,1.0,0.010316133499145508
2115,1,Rows,Removal,2116,DUPLICATED,1.0,1.0,1.0,1.0,1.0,0.010316133499145508
2116,1,Rows,Removal,2117,DUPLICATED,1.0,1.0,1.0,1.0,1.0,0.010316133499145508
2117,1,Rows,Removal,2118,DUPLICATED,1.0,1.0,1.0,1.0,1.0,0.010316133499145508
2118,1,Rows,Removal,2119,DUPLICATED,1.0,1.0,1.0,1.0,1.0,0.010316133499145508
2119,1,Rows,Removal,2120,DUPLICATED,1.0,1.0,1.0,1.0,1.0,0.010316133499145508
2120,1,Rows,Removal,2121,DUPLICATED,1.0,1.0,1.0,1.0,1.0,0.010316133499145508
2121,1,Rows,Removal,2122,DUPLICATED,1.0,1.0,1.0,1.0,1.0,0.010316133499145508
2122,1,Rows,Removal,2123,DUPLICATED,1.0,1.0,1.0,1.0,1.0,0.010316133499145508
2123,1,Rows,Removal,2124,DUPLICATED,1.0,1.0,1.0,1.0,1.0,0.010316133499145508
2124,1,Rows,Removal,2125,DUPLICATED,1.0,1.0,1.0,1.0,1.0,0.010316133499145508
2125,1,Rows,Removal,2126,DUPLICATED,1.0,1.0,1.0,1.0,1.0,0.010316133499145508
2126,1,Rows,Removal,2127,DUPLICATED,1.0,1.0,1.0,1.0,1.0,0.010316133499145508
2127,1,Rows,Removal,2128,DUPLICATED,1.0,1.0,1.0,1.0,1.0,0.010316133499145508
2128,1,Rows,Removal,2129,DUPLICATED,1.0,1.0,1.0,1.0,1.0,0.010316133499145508
2129,1,Rows,Removal,2130,DUPLICATED,1.0,1.0,1.0,1.0,1.0,0.010316133499145508
2130,1,Rows,Removal,2131,DUPLICATED,1.0,1.0,1.0,1.0,1.0,0.010316133499145508
2131,1,Rows,Removal,2132,DUPLICATED,1.0,1.0,1.0,1.0,1.0,0.010316133499145508
2132,1,Rows,Removal,2133,DUPLICATED,1.0,1.0,1.0,1.0,1.0,0.010316133499145508
2133,1,Rows,Removal,2134,DUPLICATED,1.0,1.0,1.0,1.0,1.0,0.010316133499145508
2134,1,Rows,Removal,2135,DUPLICATED,1.0,1.0,1.0,1.0,1.0,0.010316133499145508
2135,1,Rows,Removal,2136,DUPLICATED,1.0,1.0,1.0,1.0,1.0,0.010316133499145508
2136,1,Rows,Removal,2137,DUPLICATED,1.0,1.0,1.0,1.0,1.0,0.010316133499145508
2137,1,Rows,Removal,2138,DUPLICATED,1.0,1.0,1.0,1.0,1.0,0.010316133499145508
2138,1,Rows,Removal,2139,DUPLICATED,1.0,1.0,1.0,1.0,1.0,0.010316133499145508
2139,1,Rows,Removal,2140,DUPLICATED,1.0,1.0,1.0,1.0,1.0,0.010316133499145508
2140,1,Rows,Removal,2141,DUPLICATED,1.0,1.0,1.0,1.0,1.0,0.010316133499145508
2141,1,Rows,Removal,2142,DUPLICATED,1.0,1.0,1.0,1.0,1.0,0.010316133499145508
2142,1,Rows,Removal,2143,DUPLICATED,1.0,1.0,1.0,1.0,1.0,0.010316133499145508
2143,1,Rows,Removal,2144,DUPLICATED,1.0,1.0,1.0,1.0,1.0,0.010316133499145508
2144,1,Rows,Removal,2145,DUPLICATED,1.0,1.0,1.0,1.0,1.0,0.010316133499145508
2145,1,Rows,Removal,2146,DUPLICATED,1.0,1.0,1.0,1.0,1.0,0.010316133499145508
2146,1,Rows,Removal,2147,DUPLICATED,1.0,1.0,1.0,1.0,1.0,0.010316133499145508
2147,1,Rows,Removal,2148,DUPLICATED,1.0,1.0,1.0,1.0,1.0,0.010316133499145508
2148,1,Rows,Removal,2149,DUPLICATED,1.0,1.0,1.0,1.0,1.0,0.010316133499145508
2149,1,Rows,Removal,2150,DUPLICATED,1.0,1.0,1.0,1.0,1.0,0.010316133499145508
2150,1,Rows,Removal,2151,DUPLICATED,1.0,1.0,1.0,1.0,1.0,0.010316133499145508
2151,1,Rows,Removal,2152,DUPLICATED,1.0,1.0,1.0,1.0,1.0,0.010316133499145508
2152,1,Rows,Removal,2153,DUPLICATED,1.0,1.0,1.0,1.0,1.0,0.010316133499145508
2153,1,Rows,Removal,2154,DUPLICATED,1.0,1.0,1.0,1.0,1.0,0.010316133499145508
2154,1,Rows,Removal,2155,DUPLICATED,1.0,1.0,1.0,1.0,1.0,0.010316133499145508
2155,1,Rows,Removal,2156,DUPLICATED,1.0,1.0,1.0,1.0,1.0,0.010316133499145508
2156,1,Rows,Removal,2157,DUPLICATED,1.0,1.0,1.0,1.0,1.0,0.010316133499145508
2157,1,Rows,Removal,2158,DUPLICATED,1.0,1.0,1.0,1.0,1.0,0.010316133499145508
2158,1,Rows,Removal,2159,DUPLICATED,1.0,1.0,1.0,1.0,1.0,0.010316133499145508
2159,1,Rows,Removal,2160,DUPLICATED,1.0,1.0,1.0,1.0,1.0,0.010316133499145508
2160,1,Rows,Removal,2161,DUPLICATED,1.0,1.0,1.0,1.0,1.0,0.010316133499145508
2161,1,Rows,Removal,2162,DUPLICATED,1.0,1.0,1.0,1.0,1.0,0.010316133499145508
2162,1,Rows,Removal,2163,DUPLICATED,1.0,1.0,1.0,1.0,1.0,0.010316133499145508
2163,1,Rows,Removal,2164,DUPLICATED,1.0,1.0,1.0,1.0,1.0,0.010316133499145508
2164,1,Rows,Removal,2165,DUPLICATED,1.0,1.0,1.0,1.0,1.0,0.010316133499145508
2165,1,Rows,Removal,2166,DUPLICATED,1.0,1.0,1.0,1.0,1.0,0.010316133499145508
2166,1,Rows,Removal,2167,DUPLICATED,1.0,1.0,1.0,1.0,1.0,0.010316133499145508
2167,1,Rows,Removal,2168,DUPLICATED,1.0,1.0,1.0,1.0,1.0,0.010316133499145508
2168,1,Rows,Removal,2169,DUPLICATED,1.0,1.0,1.0,1.0,1.0,0.010316133499145508
2169,1,Rows,Removal,2170,DUPLICATED,1.0,1.0,1.0,1.0,1.0,0.010316133499145508
2170,1,Rows,Removal,2171,DUPLICATED,1.0,1.0,1.0,1.0,1.0,0.010316133499145508
2171,1,Rows,Removal,2172,DUPLICATED,1.0,1.0,1.0,1.0,1.0,0.010316133499145508
2172,1,Rows,Removal,2173,DUPLICATED,1.0,1.0,1.0,1.0,1.0,0.010316133499145508
2173,1,Rows,Removal,2174,DUPLICATED,1.0,1.0,1.0,1.0,1.0,0.010316133499145508
2174,1,Rows,Removal,2175,DUPLICATED,1.0,1.0,1.0,1.0,1.0,0.010316133499145508
2175,1,Rows,Removal,2176,DUPLICATED,1.0,1.0,1.0,1.0,1.0,0.010316133499145508
2176,1,Rows,Removal,2177,DUPLICATED,1.0,1.0,1.0,1.0,1.0,0.010316133499145508
2177,1,Rows,Removal,2178,DUPLICATED,1.0,1.0,1.0,1.0,1.0,0.010316133499145508
2178,1,Rows,Removal,2179,DUPLICATED,1.0,1.0,1.0,1.0,1.0,0.010316133499145508
2179,1,Rows,Removal,2180,DUPLICATED,1.0,1.0,1.0,1.0,1.0,0.010316133499145508
2180,1,Rows,Removal,2181,DUPLICATED,1.0,1.0,1.0,1.0,1.0,0.010316133499145508
2181,1,Rows,Removal,2182,DUPLICATED,1.0,1.0,1.0,1.0,1.0,0.010316133499145508
2182,1,Rows,Removal,2183,DUPLICATED,1.0,1.0,1.0,1.0,1.0,0.010316133499145508
2183,1,Rows,Removal,2184,DUPLICATED,1.0,1.0,1.0,1.0,1.0,0.010316133499145508
2184,1,Rows,Removal,2185,DUPLICATED,1.0,1.0,1.0,1.0,1.0,0.010316133499145508
2185,1,Rows,Removal,2186,DUPLICATED,1.0,1.0,1.0,1.0,1.0,0.010316133499145508
2186,1,Rows,Removal,2187,DUPLICATED,1.0,1.0,1.0,1.0,1.0,0.010316133499145508
2187,1,Rows,Removal,2188,DUPLICATED,1.0,1.0,1.0,1.0,1.0,0.010316133499145508
2188,1,Rows,Removal,2189,DUPLICATED,1.0,1.0,1.0,1.0,1.0,0.010316133499145508
2189,1,Rows,Removal,2190,DUPLICATED,1.0,1.0,1.0,1.0,1.0,0.010316133499145508
2190,1,Rows,Removal,2191,DUPLICATED,1.0,1.0,1.0,1.0,1.0,0.010316133499145508
2191,1,Rows,Removal,2192,DUPLICATED,1.0,1.0,1.0,1.0,1.0,0.010316133499145508
2192,1,Rows,Removal,2193,DUPLICATED,1.0,1.0,1.0,1.0,1.0,0.010316133499145508
2193,1,Rows,Removal,2194,DUPLICATED,1.0,1.0,1.0,1.0,1.0,0.010316133499145508
2194,1,Rows,Removal,2195,DUPLICATED,1.0,1.0,1.0,1.0,1.0,0.010316133499145508
2195,1,Rows,Removal,2196,DUPLICATED,1.0,1.0,1.0,1.0,1.0,0.010316133499145508
2196,1,Rows,Removal,2197,DUPLICATED,1.0,1.0,1.0,1.0,1.0,0.010316133499145508
2197,1,Rows,Removal,2198,DUPLICATED,1.0,1.0,1.0,1.0,1.0,0.010316133499145508
2198,1,Rows,Removal,2199,DUPLICATED,1.0,1.0,1.0,1.0,1.0,0.010316133499145508
2199,1,Rows,Removal,2200,DUPLICATED,1.0,1.0,1.0,1.0,1.0,0.010316133499145508
2200,1,Rows,Removal,2201,DUPLICATED,1.0,1.0,1.0,1.0,1.0,0.010316133499145508
2201,1,Rows,Removal,2202,DUPLICATED,1.0,1.0,1.0,1.0,1.0,0.010316133499145508
2202,1,Rows,Removal,2203,DUPLICATED,1.0,1.0,1.0,1.0,1.0,0.010316133499145508
2203,1,Rows,Removal,2204,DUPLICATED,1.0,1.0,1.0,1.0,1.0,0.010316133499145508
2204,1,Rows,Removal,2205,DUPLICATED,1.0,1.0,1.0,1.0,1.0,0.010316133499145508
2205,1,Rows,Removal,2206,DUPLICATED,1.0,1.0,1.0,1.0,1.0,0.010316133499145508
2206,1,Rows,Removal,2207,DUPLICATED,1.0,1.0,1.0,1.0,1.0,0.010316133499145508
2207,1,Rows,Removal,2208,DUPLICATED,1.0,1.0,1.0,1.0,1.0,0.010316133499145508
2208,1,Rows,Removal,2209,DUPLICATED,1.0,1.0,1.0,1.0,1.0,0.010316133499145508
2209,1,Rows,Removal,2210,DUPLICATED,1.0,1.0,1.0,1.0,1.0,0.010316133499145508
2210,1,Rows,Removal,2211,DUPLICATED,1.0,1.0,1.0,1.0,1.0,0.010316133499145508
2211,1,Rows,Removal,2212,DUPLICATED,1.0,1.0,1.0,1.0,1.0,0.010316133499145508
2212,1,Rows,Removal,2213,DUPLICATED,1.0,1.0,1.0,1.0,1.0,0.010316133499145508
2213,1,Rows,Removal,2214,DUPLICATED,1.0,1.0,1.0,1.0,1.0,0.010316133499145508
2214,1,Rows,Removal,2215,DUPLICATED,1.0,1.0,1.0,1.0,1.0,0.010316133499145508
2215,1,Rows,Removal,2216,DUPLICATED,1.0,1.0,1.0,1.0,1.0,0.010316133499145508
2216,1,Rows,Removal,2217,DUPLICATED,1.0,1.0,1.0,1.0,1.0,0.010316133499145508
2217,1,Rows,Removal,2218,DUPLICATED,1.0,1.0,1.0,1.0,1.0,0.010316133499145508
2218,1,Rows,Removal,2219,DUPLICATED,1.0,1.0,1.0,1.0,1.0,0.010316133499145508
2219,1,Rows,Removal,2220,DUPLICATED,1.0,1.0,1.0,1.0,1.0,0.010316133499145508
2220,1,Rows,Removal,2221,DUPLICATED,1.0,1.0,1.0,1.0,1.0,0.010316133499145508
2221,1,Rows,Removal,2222,DUPLICATED,1.0,1.0,1.0,1.0,1.0,0.010316133499145508
2222,1,Rows,Removal,2223,DUPLICATED,1.0,1.0,1.0,1.0,1.0,0.010316133499145508
2223,1,Rows,Removal,2224,DUPLICATED,1.0,1.0,1.0,1.0,1.0,0.010316133499145508
2224,1,Rows,Removal,2225,DUPLICATED,1.0,1.0,1.0,1.0,1.0,0.010316133499145508
2225,1,Rows,Removal,2226,DUPLICATED,1.0,1.0,1.0,1.0,1.0,0.010316133499145508
2226,1,Rows,Removal,2227,DUPLICATED,1.0,1.0,1.0,1.0,1.0,0.010316133499145508
2227,1,Rows,Removal,2228,DUPLICATED,1.0,1.0,1.0,1.0,1.0,0.010316133499145508
2228,1,Rows,Removal,2229,DUPLICATED,1.0,1.0,1.0,1.0,1.0,0.010316133499145508
2229,1,Rows,Removal,2230,DUPLICATED,1.0,1.0,1.0,1.0,1.0,0.010316133499145508
2230,1,Rows,Removal,2231,DUPLICATED,1.0,1.0,1.0,1.0,1.0,0.010316133499145508
2231,1,Rows,Removal,2232,DUPLICATED,1.0,1.0,1.0,1.0,1.0,0.010316133499145508
2232,1,Rows,Removal,2233,DUPLICATED,1.0,1.0,1.0,1.0,1.0,0.010316133499145508
2233,1,Rows,Removal,2234,DUPLICATED,1.0,1.0,1.0,1.0,1.0,0.010316133499145508
2234,1,Rows,Removal,2235,DUPLICATED,1.0,1.0,1.0,1.0,1.0,0.010316133499145508
2235,1,Rows,Removal,2236,DUPLICATED,1.0,1.0,1.0,1.0,1.0,0.010316133499145508
2236,1,Rows,Removal,2237,DUPLICATED,1.0,1.0,1.0,1.0,1.0,0.010316133499145508
2237,1,Rows,Removal,2238,DUPLICATED,1.0,1.0,1.0,1.0,1.0,0.010316133499145508
2238,1,Rows,Removal,2239,DUPLICATED,1.0,1.0,1.0,1.0,1.0,0.010316133499145508
2239,1,Rows,Removal,2240,DUPLICATED,1.0,1.0,1.0,1.0,1.0,0.010316133499145508
2240,1,Rows,Removal,2241,DUPLICATED,1.0,1.0,1.0,1.0,1.0,0.010316133499145508
2241,1,Rows,Removal,2242,DUPLICATED,1.0,1.0,1.0,1.0,1.0,0.010316133499145508
2242,1,Rows,Removal,2243,DUPLICATED,1.0,1.0,1.0,1.0,1.0,0.010316133499145508
2243,1,Rows,Removal,2244,DUPLICATED,1.0,1.0,1.0,1.0,1.0,0.010316133499145508
2244,1,Rows,Removal,2245,DUPLICATED,1.0,1.0,1.0,1.0,1.0,0.010316133499145508
2245,1,Rows,Removal,2246,DUPLICATED,1.0,1.0,1.0,1.0,1.0,0.010316133499145508
2246,1,Rows,Removal,2247,DUPLICATED,1.0,1.0,1.0,1.0,1.0,0.010316133499145508
2247,1,Rows,Removal,2248,DUPLICATED,1.0,1.0,1.0,1.0,1.0,0.010316133499145508
2248,1,Rows,Removal,2249,DUPLICATED,1.0,1.0,1.0,1.0,1.0,0.010316133499145508
2249,1,Rows,Removal,2250,DUPLICATED,1.0,1.0,1.0,1.0,1.0,0.010316133499145508
2250,1,Rows,Removal,2251,DUPLICATED,1.0,1.0,1.0,1.0,1.0,0.010316133499145508
2251,1,Rows,Removal,2252,DUPLICATED,1.0,1.0,1.0,1.0,1.0,0.010316133499145508
2252,1,Rows,Removal,2253,DUPLICATED,1.0,1.0,1.0,1.0,1.0,0.010316133499145508
2253,1,Rows,Removal,2254,DUPLICATED,1.0,1.0,1.0,1.0,1.0,0.010316133499145508
2254,1,Rows,Removal,2255,DUPLICATED,1.0,1.0,1.0,1.0,1.0,0.010316133499145508
2255,1,Rows,Removal,2256,DUPLICATED,1.0,1.0,1.0,1.0,1.0,0.010316133499145508
2256,1,Rows,Removal,2257,DUPLICATED,1.0,1.0,1.0,1.0,1.0,0.010316133499145508
2257,1,Rows,Removal,2258,DUPLICATED,1.0,1.0,1.0,1.0,1.0,0.010316133499145508
2258,1,Rows,Removal,2259,DUPLICATED,1.0,1.0,1.0,1.0,1.0,0.010316133499145508
2259,1,Rows,Removal,2260,DUPLICATED,1.0,1.0,1.0,1.0,1.0,0.010316133499145508
2260,1,Rows,Removal,2261,DUPLICATED,1.0,1.0,1.0,1.0,1.0,0.010316133499145508
2261,1,Rows,Removal,2262,DUPLICATED,1.0,1.0,1.0,1.0,1.0,0.010316133499145508
2262,1,Rows,Removal,2263,DUPLICATED,1.0,1.0,1.0,1.0,1.0,0.010316133499145508
2263,1,Rows,Removal,2264,DUPLICATED,1.0,1.0,1.0,1.0,1.0,0.010316133499145508
2264,1,Rows,Removal,2265,DUPLICATED,1.0,1.0,1.0,1.0,1.0,0.010316133499145508
2265,1,Rows,Removal,2266,DUPLICATED,1.0,1.0,1.0,1.0,1.0,0.010316133499145508
2266,1,Rows,Removal,2267,DUPLICATED,1.0,1.0,1.0,1.0,1.0,0.010316133499145508
2267,1,Rows,Removal,2268,DUPLICATED,1.0,1.0,1.0,1.0,1.0,0.010316133499145508
2268,1,Rows,Removal,2269,DUPLICATED,1.0,1.0,1.0,1.0,1.0,0.010316133499145508
2269,1,Rows,Removal,2270,DUPLICATED,1.0,1.0,1.0,1.0,1.0,0.010316133499145508
2270,1,Rows,Removal,2271,DUPLICATED,1.0,1.0,1.0,1.0,1.0,0.010316133499145508
2271,1,Rows,Removal,2272,DUPLICATED,1.0,1.0,1.0,1.0,1.0,0.010316133499145508
2272,1,Rows,Removal,2273,DUPLICATED,1.0,1.0,1.0,1.0,1.0,0.010316133499145508
2273,1,Rows,Removal,2274,DUPLICATED,1.0,1.0,1.0,1.0,1.0,0.010316133499145508
2274,1,Rows,Removal,2275,DUPLICATED,1.0,1.0,1.0,1.0,1.0,0.010316133499145508
2275,1,Rows,Removal,2276,DUPLICATED,1.0,1.0,1.0,1.0,1.0,0.010316133499145508
2276,1,Rows,Removal,2277,DUPLICATED,1.0,1.0,1.0,1.0,1.0,0.010316133499145508
2277,1,Rows,Removal,2278,DUPLICATED,1.0,1.0,1.0,1.0,1.0,0.010316133499145508
2278,1,Rows,Removal,2279,DUPLICATED,1.0,1.0,1.0,1.0,1.0,0.010316133499145508
2279,1,Rows,Removal,2280,DUPLICATED,1.0,1.0,1.0,1.0,1.0,0.010316133499145508
2280,1,Rows,Removal,2281,DUPLICATED,1.0,1.0,1.0,1.0,1.0,0.010316133499145508
2281,1,Rows,Removal,2282,DUPLICATED,1.0,1.0,1.0,1.0,1.0,0.010316133499145508
2282,1,Rows,Removal,2283,DUPLICATED,1.0,1.0,1.0,1.0,1.0,0.010316133499145508
2283,1,Rows,Removal,2284,DUPLICATED,1.0,1.0,1.0,1.0,1.0,0.010316133499145508
2284,1,Rows,Removal,2285,DUPLICATED,1.0,1.0,1.0,1.0,1.0,0.010316133499145508
2285,1,Rows,Removal,2286,DUPLICATED,1.0,1.0,1.0,1.0,1.0,0.010316133499145508
2286,1,Rows,Removal,2287,DUPLICATED,1.0,1.0,1.0,1.0,1.0,0.010316133499145508
2287,1,Rows,Removal,2288,DUPLICATED,1.0,1.0,1.0,1.0,1.0,0.010316133499145508
2288,1,Rows,Removal,2289,DUPLICATED,1.0,1.0,1.0,1.0,1.0,0.010316133499145508
2289,1,Rows,Removal,2290,DUPLICATED,1.0,1.0,1.0,1.0,1.0,0.010316133499145508
2290,1,Rows,Removal,2291,DUPLICATED,1.0,1.0,1.0,1.0,1.0,0.010316133499145508
2291,1,Rows,Removal,2292,DUPLICATED,1.0,1.0,1.0,1.0,1.0,0.010316133499145508
2292,1,Rows,Removal,2293,DUPLICATED,1.0,1.0,1.0,1.0,1.0,0.010316133499145508
2293,1,Rows,Removal,2294,DUPLICATED,1.0,1.0,1.0,1.0,1.0,0.010316133499145508
2294,1,Rows,Removal,2295,DUPLICATED,1.0,1.0,1.0,1.0,1.0,0.010316133499145508
2295,1,Rows,Removal,2296,DUPLICATED,1.0,1.0,1.0,1.0,1.0,0.010316133499145508
2296,1,Rows,Removal,2297,DUPLICATED,1.0,1.0,1.0,1.0,1.0,0.010316133499145508
2297,1,Rows,Removal,2298,DUPLICATED,1.0,1.0,1.0,1.0,1.0,0.010316133499145508
2298,1,Rows,Removal,2299,DUPLICATED,1.0,1.0,1.0,1.0,1.0,0.010316133499145508
2299,1,Rows,Removal,2300,DUPLICATED,1.0,1.0,1.0,1.0,1.0,0.010316133499145508
2300,1,Rows,Removal,2301,DUPLICATED,1.0,1.0,1.0,1.0,1.0,0.010316133499145508
2301,1,Rows,Removal,2302,DUPLICATED,1.0,1.0,1.0,1.0,1.0,0.010316133499145508
2302,1,Rows,Removal,2303,DUPLICATED,1.0,1.0,1.0,1.0,1.0,0.010316133499145508
2303,1,Rows,Removal,2304,DUPLICATED,1.0,1.0,1.0,1.0,1.0,0.010316133499145508
2304,1,Rows,Removal,2305,DUPLICATED,1.0,1.0,1.0,1.0,1.0,0.010316133499145508
2305,1,Rows,Removal,2306,DUPLICATED,1.0,1.0,1.0,1.0,1.0,0.010316133499145508
2306,1,Rows,Removal,2307,DUPLICATED,1.0,1.0,1.0,1.0,1.0,0.010316133499145508
2307,1,Rows,Removal,2308,DUPLICATED,1.0,1.0,1.0,1.0,1.0,0.010316133499145508
2308,1,Rows,Removal,2309,DUPLICATED,1.0,1.0,1.0,1.0,1.0,0.010316133499145508
2309,1,Rows,Removal,2310,DUPLICATED,1.0,1.0,1.0,1.0,1.0,0.010316133499145508
2310,1,Rows,Removal,2311,DUPLICATED,1.0,1.0,1.0,1.0,1.0,0.010316133499145508
2311,1,Rows,Removal,2312,DUPLICATED,1.0,1.0,1.0,1.0,1.0,0.010316133499145508
2312,1,Rows,Removal,2313,DUPLICATED,1.0,1.0,1.0,1.0,1.0,0.010316133499145508
2313,1,Rows,Removal,2314,DUPLICATED,1.0,1.0,1.0,1.0,1.0,0.010316133499145508
2314,1,Rows,Removal,2315,DUPLICATED,1.0,1.0,1.0,1.0,1.0,0.010316133499145508
2315,1,Rows,Removal,2316,DUPLICATED,1.0,1.0,1.0,1.0,1.0,0.010316133499145508
2316,1,Rows,Removal,2317,DUPLICATED,1.0,1.0,1.0,1.0,1.0,0.010316133499145508
2317,1,Rows,Removal,2318,DUPLICATED,1.0,1.0,1.0,1.0,1.0,0.010316133499145508
2318,1,Rows,Removal,2319,DUPLICATED,1.0,1.0,1.0,1.0,1.0,0.010316133499145508
2319,1,Rows,Removal,2320,DUPLICATED,1.0,1.0,1.0,1.0,1.0,0.010316133499145508
2320,1,Rows,Removal,2321,DUPLICATED,1.0,1.0,1.0,1.0,1.0,0.010316133499145508
2321,1,Rows,Removal,2322,DUPLICATED,1.0,1.0,1.0,1.0,1.0,0.010316133499145508
2322,1,Rows,Removal,2323,DUPLICATED,1.0,1.0,1.0,1.0,1.0,0.010316133499145508
2323,1,Rows,Removal,2324,DUPLICATED,1.0,1.0,1.0,1.0,1.0,0.010316133499145508
2324,1,Rows,Removal,2325,DUPLICATED,1.0,1.0,1.0,1.0,1.0,0.010316133499145508
2325,1,Rows,Removal,2326,DUPLICATED,1.0,1.0,1.0,1.0,1.0,0.010316133499145508
2326,1,Rows,Removal,2327,DUPLICATED,1.0,1.0,1.0,1.0,1.0,0.010316133499145508
2327,1,Rows,Removal,2328,DUPLICATED,1.0,1.0,1.0,1.0,1.0,0.010316133499145508
2328,1,Rows,Removal,2329,DUPLICATED,1.0,1.0,1.0,1.0,1.0,0.010316133499145508
2329,1,Rows,Removal,2330,DUPLICATED,1.0,1.0,1.0,1.0,1.0,0.010316133499145508
2330,1,Rows,Removal,2331,DUPLICATED,1.0,1.0,1.0,1.0,1.0,0.010316133499145508
2331,1,Rows,Removal,2332,DUPLICATED,1.0,1.0,1.0,1.0,1.0,0.010316133499145508
2332,1,Rows,Removal,2333,DUPLICATED,1.0,1.0,1.0,1.0,1.0,0.010316133499145508
2333,1,Rows,Removal,2334,DUPLICATED,1.0,1.0,1.0,1.0,1.0,0.010316133499145508
2334,1,Rows,Removal,2335,DUPLICATED,1.0,1.0,1.0,1.0,1.0,0.010316133499145508
2335,1,Rows,Removal,2336,DUPLICATED,1.0,1.0,1.0,1.0,1.0,0.010316133499145508
2336,1,Rows,Removal,2337,DUPLICATED,1.0,1.0,1.0,1.0,1.0,0.010316133499145508
2337,1,Rows,Removal,2338,DUPLICATED,1.0,1.0,1.0,1.0,1.0,0.010316133499145508
2338,1,Rows,Removal,2339,DUPLICATED,1.0,1.0,1.0,1.0,1.0,0.010316133499145508
2339,1,Rows,Removal,2340,DUPLICATED,1.0,1.0,1.0,1.0,1.0,0.010316133499145508
2340,1,Rows,Removal,2341,DUPLICATED,1.0,1.0,1.0,1.0,1.0,0.010316133499145508
2341,1,Rows,Removal,2342,DUPLICATED,1.0,1.0,1.0,1.0,1.0,0.010316133499145508
2342,1,Rows,Removal,2343,DUPLICATED,1.0,1.0,1.0,1.0,1.0,0.010316133499145508
2343,1,Rows,Removal,2344,DUPLICATED,1.0,1.0,1.0,1.0,1.0,0.010316133499145508
2344,1,Rows,Removal,2345,DUPLICATED,1.0,1.0,1.0,1.0,1.0,0.010316133499145508
2345,1,Rows,Removal,2346,DUPLICATED,1.0,1.0,1.0,1.0,1.0,0.010316133499145508
2346,1,Rows,Removal,2347,DUPLICATED,1.0,1.0,1.0,1.0,1.0,0.010316133499145508
2347,1,Rows,Removal,2348,DUPLICATED,1.0,1.0,1.0,1.0,1.0,0.010316133499145508
2348,1,Rows,Removal,2349,DUPLICATED,1.0,1.0,1.0,1.0,1.0,0.010316133499145508
2349,1,Rows,Removal,2350,DUPLICATED,1.0,1.0,1.0,1.0,1.0,0.010316133499145508
2350,1,Rows,Removal,2351,DUPLICATED,1.0,1.0,1.0,1.0,1.0,0.010316133499145508
2351,1,Rows,Removal,2352,DUPLICATED,1.0,1.0,1.0,1.0,1.0,0.010316133499145508
2352,1,Rows,Removal,2353,DUPLICATED,1.0,1.0,1.0,1.0,1.0,0.010316133499145508
2353,1,Rows,Removal,2354,DUPLICATED,1.0,1.0,1.0,1.0,1.0,0.010316133499145508
2354,1,Rows,Removal,2355,DUPLICATED,1.0,1.0,1.0,1.0,1.0,0.010316133499145508
2355,1,Rows,Removal,2356,DUPLICATED,1.0,1.0,1.0,1.0,1.0,0.010316133499145508
2356,1,Rows,Removal,2357,DUPLICATED,1.0,1.0,1.0,1.0,1.0,0.010316133499145508
2357,1,Rows,Removal,2358,DUPLICATED,1.0,1.0,1.0,1.0,1.0,0.010316133499145508
2358,1,Rows,Removal,2359,DUPLICATED,1.0,1.0,1.0,1.0,1.0,0.010316133499145508
2359,1,Rows,Removal,2360,DUPLICATED,1.0,1.0,1.0,1.0,1.0,0.010316133499145508
2360,1,Rows,Removal,2361,DUPLICATED,1.0,1.0,1.0,1.0,1.0,0.010316133499145508
2361,1,Rows,Removal,2362,DUPLICATED,1.0,1.0,1.0,1.0,1.0,0.010316133499145508
2362,1,Rows,Removal,2363,DUPLICATED,1.0,1.0,1.0,1.0,1.0,0.010316133499145508
2363,1,Rows,Removal,2364,DUPLICATED,1.0,1.0,1.0,1.0,1.0,0.010316133499145508
2364,1,Rows,Removal,2365,DUPLICATED,1.0,1.0,1.0,1.0,1.0,0.010316133499145508
2365,1,Rows,Removal,2366,DUPLICATED,1.0,1.0,1.0,1.0,1.0,0.010316133499145508
2366,1,Rows,Removal,2367,DUPLICATED,1.0,1.0,1.0,1.0,1.0,0.010316133499145508
2367,1,Rows,Removal,2368,DUPLICATED,1.0,1.0,1.0,1.0,1.0,0.010316133499145508
2368,1,Rows,Removal,2369,DUPLICATED,1.0,1.0,1.0,1.0,1.0,0.010316133499145508
2369,1,Rows,Removal,2370,DUPLICATED,1.0,1.0,1.0,1.0,1.0,0.010316133499145508
2370,1,Rows,Removal,2371,DUPLICATED,1.0,1.0,1.0,1.0,1.0,0.010316133499145508
2371,1,Rows,Removal,2372,DUPLICATED,1.0,1.0,1.0,1.0,1.0,0.010316133499145508
2372,1,Rows,Removal,2373,DUPLICATED,1.0,1.0,1.0,1.0,1.0,0.010316133499145508
2373,1,Rows,Removal,2374,DUPLICATED,1.0,1.0,1.0,1.0,1.0,0.010316133499145508
2374,1,Rows,Removal,2375,DUPLICATED,1.0,1.0,1.0,1.0,1.0,0.010316133499145508
2375,1,Rows,Removal,2376,DUPLICATED,1.0,1.0,1.0,1.0,1.0,0.010316133499145508
2376,1,Rows,Removal,2377,DUPLICATED,1.0,1.0,1.0,1.0,1.0,0.010316133499145508
2377,1,Rows,Removal,2378,DUPLICATED,1.0,1.0,1.0,1.0,1.0,0.010316133499145508
2378,1,Rows,Removal,2379,DUPLICATED,1.0,1.0,1.0,1.0,1.0,0.010316133499145508
2379,1,Rows,Removal,2380,DUPLICATED,1.0,1.0,1.0,1.0,1.0,0.010316133499145508
2380,1,Rows,Removal,2381,DUPLICATED,1.0,1.0,1.0,1.0,1.0,0.010316133499145508
2381,1,Rows,Removal,2382,DUPLICATED,1.0,1.0,1.0,1.0,1.0,0.010316133499145508
2382,1,Rows,Removal,2383,DUPLICATED,1.0,1.0,1.0,1.0,1.0,0.010316133499145508
2383,1,Rows,Removal,2384,DUPLICATED,1.0,1.0,1.0,1.0,1.0,0.010316133499145508
2384,1,Rows,Removal,2385,DUPLICATED,1.0,1.0,1.0,1.0,1.0,0.010316133499145508
2385,1,Rows,Removal,2386,DUPLICATED,1.0,1.0,1.0,1.0,1.0,0.010316133499145508
2386,1,Rows,Removal,2387,DUPLICATED,1.0,1.0,1.0,1.0,1.0,0.010316133499145508
2387,1,Rows,Removal,2388,DUPLICATED,1.0,1.0,1.0,1.0,1.0,0.010316133499145508
2388,1,Rows,Removal,2389,DUPLICATED,1.0,1.0,1.0,1.0,1.0,0.010316133499145508
2389,1,Rows,Removal,2390,DUPLICATED,1.0,1.0,1.0,1.0,1.0,0.010316133499145508
2390,1,Rows,Removal,2391,DUPLICATED,1.0,1.0,1.0,1.0,1.0,0.010316133499145508
2391,1,Rows,Removal,2392,DUPLICATED,1.0,1.0,1.0,1.0,1.0,0.010316133499145508
2392,1,Rows,Removal,2393,DUPLICATED,1.0,1.0,1.0,1.0,1.0,0.010316133499145508
2393,1,Rows,Removal,2394,DUPLICATED,1.0,1.0,1.0,1.0,1.0,0.010316133499145508
2394,1,Rows,Removal,2395,DUPLICATED,1.0,1.0,1.0,1.0,1.0,0.010316133499145508
2395,1,Rows,Removal,2396,DUPLICATED,1.0,1.0,1.0,1.0,1.0,0.010316133499145508
2396,1,Rows,Removal,2397,DUPLICATED,1.0,1.0,1.0,1.0,1.0,0.010316133499145508
2397,1,Rows,Removal,2398,DUPLICATED,1.0,1.0,1.0,1.0,1.0,0.010316133499145508
2398,1,Rows,Removal,2399,DUPLICATED,1.0,1.0,1.0,1.0,1.0,0.010316133499145508
2399,1,Rows,Removal,2400,DUPLICATED,1.0,1.0,1.0,1.0,1.0,0.010316133499145508
2400,1,Rows,Removal,2401,DUPLICATED,1.0,1.0,1.0,1.0,1.0,0.010316133499145508
2401,1,Rows,Removal,2402,DUPLICATED,1.0,1.0,1.0,1.0,1.0,0.010316133499145508
2402,1,Rows,Removal,2403,DUPLICATED,1.0,1.0,1.0,1.0,1.0,0.010316133499145508
2403,1,Rows,Removal,2404,DUPLICATED,1.0,1.0,1.0,1.0,1.0,0.010316133499145508
2404,1,Rows,Removal,2405,DUPLICATED,1.0,1.0,1.0,1.0,1.0,0.010316133499145508
2405,1,Rows,Removal,2406,DUPLICATED,1.0,1.0,1.0,1.0,1.0,0.010316133499145508
2406,1,Rows,Removal,2407,DUPLICATED,1.0,1.0,1.0,1.0,1.0,0.010316133499145508
2407,1,Rows,Removal,2408,DUPLICATED,1.0,1.0,1.0,1.0,1.0,0.010316133499145508
2408,1,Rows,Removal,2409,DUPLICATED,1.0,1.0,1.0,1.0,1.0,0.010316133499145508
2409,1,Rows,Removal,2410,DUPLICATED,1.0,1.0,1.0,1.0,1.0,0.010316133499145508
2410,1,Rows,Removal,2411,DUPLICATED,1.0,1.0,1.0,1.0,1.0,0.010316133499145508
2411,1,Rows,Removal,2412,DUPLICATED,1.0,1.0,1.0,1.0,1.0,0.010316133499145508
2412,1,Rows,Removal,2413,DUPLICATED,1.0,1.0,1.0,1.0,1.0,0.010316133499145508
2413,1,Rows,Removal,2414,DUPLICATED,1.0,1.0,1.0,1.0,1.0,0.010316133499145508
2414,1,Rows,Removal,2415,DUPLICATED,1.0,1.0,1.0,1.0,1.0,0.010316133499145508
2415,1,Rows,Removal,2416,DUPLICATED,1.0,1.0,1.0,1.0,1.0,0.010316133499145508
2416,1,Rows,Removal,2417,DUPLICATED,1.0,1.0,1.0,1.0,1.0,0.010316133499145508
2417,1,Rows,Removal,2418,DUPLICATED,1.0,1.0,1.0,1.0,1.0,0.010316133499145508
2418,1,Rows,Removal,2419,DUPLICATED,1.0,1.0,1.0,1.0,1.0,0.010316133499145508
2419,1,Rows,Removal,2420,DUPLICATED,1.0,1.0,1.0,1.0,1.0,0.010316133499145508
2420,1,Rows,Removal,2421,DUPLICATED,1.0,1.0,1.0,1.0,1.0,0.010316133499145508
2421,1,Rows,Removal,2422,DUPLICATED,1.0,1.0,1.0,1.0,1.0,0.010316133499145508
2422,1,Rows,Removal,2423,DUPLICATED,1.0,1.0,1.0,1.0,1.0,0.010316133499145508
2423,1,Rows,Removal,2424,DUPLICATED,1.0,1.0,1.0,1.0,1.0,0.010316133499145508
2424,1,Rows,Removal,2425,DUPLICATED,1.0,1.0,1.0,1.0,1.0,0.010316133499145508
2425,1,Rows,Removal,2426,DUPLICATED,1.0,1.0,1.0,1.0,1.0,0.010316133499145508
2426,1,Rows,Removal,2427,DUPLICATED,1.0,1.0,1.0,1.0,1.0,0.010316133499145508
2427,1,Rows,Removal,2428,DUPLICATED,1.0,1.0,1.0,1.0,1.0,0.010316133499145508
2428,1,Rows,Removal,2429,DUPLICATED,1.0,1.0,1.0,1.0,1.0,0.010316133499145508
2429,1,Rows,Removal,2430,DUPLICATED,1.0,1.0,1.0,1.0,1.0,0.010316133499145508
2430,1,Rows,Removal,2431,DUPLICATED,1.0,1.0,1.0,1.0,1.0,0.010316133499145508
2431,1,Rows,Removal,2432,DUPLICATED,1.0,1.0,1.0,1.0,1.0,0.010316133499145508
2432,1,Rows,Removal,2433,DUPLICATED,1.0,1.0,1.0,1.0,1.0,0.010316133499145508
2433,1,Rows,Removal,2434,DUPLICATED,1.0,1.0,1.0,1.0,1.0,0.010316133499145508
2434,1,Rows,Removal,2435,DUPLICATED,1.0,1.0,1.0,1.0,1.0,0.010316133499145508
2435,1,Rows,Removal,2436,DUPLICATED,1.0,1.0,1.0,1.0,1.0,0.010316133499145508
2436,1,Rows,Removal,2437,DUPLICATED,1.0,1.0,1.0,1.0,1.0,0.010316133499145508
2437,1,Rows,Removal,2438,DUPLICATED,1.0,1.0,1.0,1.0,1.0,0.010316133499145508
2438,1,Rows,Removal,2439,DUPLICATED,1.0,1.0,1.0,1.0,1.0,0.010316133499145508
2439,1,Rows,Removal,2440,DUPLICATED,1.0,1.0,1.0,1.0,1.0,0.010316133499145508
2440,1,Rows,Removal,2441,DUPLICATED,1.0,1.0,1.0,1.0,1.0,0.010316133499145508
2441,1,Rows,Removal,2442,DUPLICATED,1.0,1.0,1.0,1.0,1.0,0.010316133499145508
2442,1,Rows,Removal,2443,DUPLICATED,1.0,1.0,1.0,1.0,1.0,0.010316133499145508
2443,1,Rows,Removal,2444,DUPLICATED,1.0,1.0,1.0,1.0,1.0,0.010316133499145508
2444,1,Rows,Removal,2445,DUPLICATED,1.0,1.0,1.0,1.0,1.0,0.010316133499145508
2445,1,Rows,Removal,2446,DUPLICATED,1.0,1.0,1.0,1.0,1.0,0.010316133499145508
2446,1,Rows,Removal,2447,DUPLICATED,1.0,1.0,1.0,1.0,1.0,0.010316133499145508
2447,1,Rows,Removal,2448,DUPLICATED,1.0,1.0,1.0,1.0,1.0,0.010316133499145508
2448,1,Rows,Removal,2449,DUPLICATED,1.0,1.0,1.0,1.0,1.0,0.010316133499145508
2449,1,Rows,Removal,2450,DUPLICATED,1.0,1.0,1.0,1.0,1.0,0.010316133499145508
0,1,Rows,Addition,0,BOOTSTRAPPED,1.0,1.0,1,1,1,0.003786802291870117
0,1,Rows,Addition,1,BOOTSTRAPPED,1.0,1.0,1,1,1,0.003610849380493164
0,1,Rows,Addition,2,BOOTSTRAPPED,1.0,1.0,1,1,1,0.00362396240234375
0,1,Rows,Addition,3,BOOTSTRAPPED,1.0,1.0,1,1,1,0.0036017894744873047
0,1,Rows,Addition,4,BOOTSTRAPPED,1.0,1.0,1,1,1,0.0036101341247558594
0,1,Rows,Addition,5,BOOTSTRAPPED,1.0,1.0,1,1,1,0.0035789012908935547
0,1,Rows,Addition,6,BOOTSTRAPPED,1.0,1.0,1,1,1,0.003590106964111328
0,1,Rows,Addition,7,BOOTSTRAPPED,1.0,1.0,1,1,1,0.003577709197998047
0,1,Rows,Addition,8,BOOTSTRAPPED,1.0,1.0,1,1,1,0.003576040267944336
0,1,Rows,Addition,9,BOOTSTRAPPED,1.0,1.0,1,1,1,0.0035707950592041016
0,1,Rows,Addition,10,BOOTSTRAPPED,1.0,1.0,1,1,1,0.0035829544067382812
0,1,Rows,Addition,11,BOOTSTRAPPED,1.0,1.0,1,1,1,0.003554105758666992
0,1,Rows,Addition,12,BOOTSTRAPPED,1.0,1.0,1,1,1,0.0035772323608398438
0,1,Rows,Addition,13,BOOTSTRAPPED,1.0,1.0,1,1,1,0.003565073013305664
0,1,Rows,Addition,14,BOOTSTRAPPED,1.0,1.0,1,1,1,0.003596782684326172
0,1,Rows,Addition,15,BOOTSTRAPPED,1.0,1.0,1,1,1,0.003567934036254883
0,1,Rows,Addition,16,BOOTSTRAPPED,1.0,1.0,1,1,1,0.0035619735717773438
0,1,Rows,Addition,17,BOOTSTRAPPED,1.0,1.0,1,1,1,0.0035810470581054688
0,1,Rows,Addition,18,BOOTSTRAPPED,1.0,1.0,1,1,1,0.0035948753356933594
0,1,Rows,Addition,19,BOOTSTRAPPED,1.0,1.0,1,1,1,0.003596067428588867
0,1,Rows,Addition,20,BOOTSTRAPPED,1.0,1.0,1,1,1,0.00356292724609375
0,1,Rows,Addition,21,BOOTSTRAPPED,1.0,1.0,1,1,1,0.003577709197998047
0,1,Rows,Addition,22,BOOTSTRAPPED,1.0,1.0,1,1,1,0.0035779476165771484
0,1,Rows,Addition,23,BOOTSTRAPPED,1.0,1.0,1,1,1,0.0035529136657714844
0,1,Rows,Addition,24,BOOTSTRAPPED,1.0,1.0,1,1,1,0.0036449432373046875
0,1,Rows,Addition,25,BOOTSTRAPPED,1.0,1.0,1,1,1,0.0035550594329833984
0,1,Rows,Addition,26,BOOTSTRAPPED,1.0,1.0,1,1,1,0.003632068634033203
0,1,Rows,Addition,27,BOOTSTRAPPED,1.0,1.0,1,1,1,0.003664255142211914
0,1,Rows,Addition,28,BOOTSTRAPPED,1.0,1.0,1,1,1,0.0036287307739257812
0,1,Rows,Addition,29,BOOTSTRAPPED,1.0,1.0,1,1,1,0.0036411285400390625
0,1,Rows,Addition,30,BOOTSTRAPPED,1.0,1.0,1,1,1,0.0035860538482666016
0,1,Rows,Addition,31,BOOTSTRAPPED,1.0,1.0,1,1,1,0.0036199092864990234
0,1,Rows,Addition,32,BOOTSTRAPPED,1.0,1.0,1,1,1,0.0036039352416992188
0,1,Rows,Addition,33,BOOTSTRAPPED,1.0,1.0,1,1,1,0.0035750865936279297
0,1,Rows,Addition,34,BOOTSTRAPPED,1.0,1.0,1,1,1,0.0035562515258789062
0,1,Rows,Addition,35,BOOTSTRAPPED,1.0,1.0,1,1,1,0.003596067428588867
0,1,Rows,Addition,36,BOOTSTRAPPED,1.0,1.0,1,1,1,0.003568887710571289
0,1,Rows,Addition,37,BOOTSTRAPPED,1.0,1.0,1,1,1,0.0035810470581054688
0,1,Rows,Addition,38,BOOTSTRAPPED,1.0,1.0,1,1,1,0.003610849380493164
0,1,Rows,Addition,39,BOOTSTRAPPED,1.0,1.0,1,1,1,0.0035200119018554688
0,1,Rows,Addition,40,BOOTSTRAPPED,1.0,1.0,1,1,1,0.0035719871520996094
0,1,Rows,Addition,41,BOOTSTRAPPED,1.0,1.0,1,1,1,0.0035979747772216797
0,1,Rows,Addition,42,BOOTSTRAPPED,1.0,1.0,1,1,1,0.003582000732421875
0,1,Rows,Addition,43,BOOTSTRAPPED,1.0,1.0,1,1,1,0.003618001937866211
0,1,Rows,Addition,44,BOOTSTRAPPED,1.0,1.0,1,1,1,0.003567934036254883
0,1,Rows,Addition,45,BOOTSTRAPPED,1.0,1.0,1,1,1,0.0035741329193115234
0,1,Rows,Addition,46,BOOTSTRAPPED,1.0,1.0,1,1,1,0.00357818603515625
0,1,Rows,Addition,47,BOOTSTRAPPED,1.0,1.0,1,1,1,0.0035877227783203125
0,1,Rows,Addition,48,BOOTSTRAPPED,1.0,1.0,1,1,1,0.0035881996154785156
0,1,Rows,Addition,49,BOOTSTRAPPED,1.0,1.0,1,1,1,0.0036530494689941406
0,1,Rows,Addition,50,BOOTSTRAPPED,1.0,1.0,1,1,1,0.0035889148712158203
0,1,Rows,Addition,51,BOOTSTRAPPED,1.0,1.0,1,1,1,0.003652811050415039
0,1,Rows,Addition,52,BOOTSTRAPPED,1.0,1.0,1,1,1,0.0037429332733154297
0,1,Rows,Addition,53,BOOTSTRAPPED,1.0,1.0,1,1,1,0.003659963607788086
0,1,Rows,Addition,54,BOOTSTRAPPED,1.0,1.0,1,1,1,0.0036737918853759766
0,1,Rows,Addition,55,BOOTSTRAPPED,1.0,1.0,1,1,1,0.003638029098510742
0,1,Rows,Addition,56,BOOTSTRAPPED,1.0,1.0,1,1,1,0.0037391185760498047
0,1,Rows,Addition,57,BOOTSTRAPPED,1.0,1.0,1,1,1,0.0037369728088378906
0,1,Rows,Addition,58,BOOTSTRAPPED,1.0,1.0,1,1,1,0.003651142120361328
0,1,Rows,Addition,59,BOOTSTRAPPED,1.0,1.0,1,1,1,0.003607034683227539
0,1,Rows,Addition,60,BOOTSTRAPPED,1.0,1.0,1,1,1,0.0036029815673828125
0,1,Rows,Addition,61,BOOTSTRAPPED,1.0,1.0,1,1,1,0.003627777099609375
0,1,Rows,Addition,62,BOOTSTRAPPED,1.0,1.0,1,1,1,0.0035791397094726562
0,1,Rows,Addition,63,BOOTSTRAPPED,1.0,1.0,1,1,1,0.003618955612182617
0,1,Rows,Addition,64,BOOTSTRAPPED,1.0,1.0,1,1,1,0.003568887710571289
0,1,Rows,Addition,65,BOOTSTRAPPED,1.0,1.0,1,1,1,0.0036079883575439453
0,1,Rows,Addition,66,BOOTSTRAPPED,1.0,1.0,1,1,1,0.003583192825317383
0,1,Rows,Addition,67,BOOTSTRAPPED,1.0,1.0,1,1,1,0.003589153289794922
0,1,Rows,Addition,68,BOOTSTRAPPED,1.0,1.0,1,1,1,0.003615140914916992
0,1,Rows,Addition,69,BOOTSTRAPPED,1.0,1.0,1,1,1,0.003597259521484375
0,1,Rows,Addition,70,BOOTSTRAPPED,1.0,1.0,1,1,1,0.0035970211029052734
0,1,Rows,Addition,71,BOOTSTRAPPED,1.0,1.0,1,1,1,0.0035860538482666016
0,1,Rows,Addition,72,BOOTSTRAPPED,1.0,1.0,1,1,1,0.003590822219848633
0,1,Rows,Addition,73,BOOTSTRAPPED,1.0,1.0,1,1,1,0.0035910606384277344
0,1,Rows,Addition,74,BOOTSTRAPPED,1.0,1.0,1,1,1,0.0035741329193115234
0,1,Rows,Addition,75,BOOTSTRAPPED,1.0,1.0,1,1,1,0.0036118030548095703
0,1,Rows,Addition,76,BOOTSTRAPPED,1.0,1.0,1,1,1,0.0035741329193115234
0,1,Rows,Addition,77,BOOTSTRAPPED,1.0,1.0,1,1,1,0.00360870361328125
0,1,Rows,Addition,78,BOOTSTRAPPED,1.0,1.0,1,1,1,0.0035707950592041016
0,1,Rows,Addition,79,BOOTSTRAPPED,1.0,1.0,1,1,1,0.003628969192504883
0,1,Rows,Addition,80,BOOTSTRAPPED,1.0,1.0,1,1,1,0.0035750865936279297
0,1,Rows,Addition,81,BOOTSTRAPPED,1.0,1.0,1,1,1,0.003598928451538086
0,1,Rows,Addition,82,BOOTSTRAPPED,1.0,1.0,1,1,1,0.003638029098510742
0,1,Rows,Addition,83,BOOTSTRAPPED,1.0,1.0,1,1,1,0.0036449432373046875
0,1,Rows,Addition,84,BOOTSTRAPPED,1.0,1.0,1,1,1,0.0036580562591552734
0,1,Rows,Addition,85,BOOTSTRAPPED,1.0,1.0,1,1,1,0.0036640167236328125
0,1,Rows,Addition,86,BOOTSTRAPPED,1.0,1.0,1,1,1,0.0035707950592041016
0,1,Rows,Addition,87,BOOTSTRAPPED,1.0,1.0,1,1,1,0.003574848175048828
0,1,Rows,Addition,88,BOOTSTRAPPED,1.0,1.0,1,1,1,0.0036089420318603516
0,1,Rows,Addition,89,BOOTSTRAPPED,1.0,1.0,1,1,1,0.003596067428588867
0,1,Rows,Addition,90,BOOTSTRAPPED,1.0,1.0,1,1,1,0.0035772323608398438
0,1,Rows,Addition,91,BOOTSTRAPPED,1.0,1.0,1,1,1,0.003606081008911133
0,1,Rows,Addition,92,BOOTSTRAPPED,1.0,1.0,1,1,1,0.003584623336791992
0,1,Rows,Addition,93,BOOTSTRAPPED,1.0,1.0,1,1,1,0.00360107421875
0,1,Rows,Addition,94,BOOTSTRAPPED,1.0,1.0,1,1,1,0.0035800933837890625
0,1,Rows,Addition,95,BOOTSTRAPPED,1.0,1.0,1,1,1,0.003607034683227539
0,1,Rows,Addition,96,BOOTSTRAPPED,1.0,1.0,1,1,1,0.003587961196899414
0,1,Rows,Addition,97,BOOTSTRAPPED,1.0,1.0,1,1,1,0.0035979747772216797
0,1,Rows,Addition,98,BOOTSTRAPPED,1.0,1.0,1,1,1,0.003616809844970703
0,1,Rows,Addition,99,BOOTSTRAPPED,1.0,1.0,1,1,1,0.00357818603515625
0,1,Rows,Addition,100,BOOTSTRAPPED,1.0,1.0,1,1,1,0.0035810470581054688
0,1,Rows,Addition,101,BOOTSTRAPPED,1.0,1.0,1,1,1,0.003580808639526367
0,1,Rows,Addition,102,BOOTSTRAPPED,1.0,1.0,1,1,1,0.003590822219848633
0,1,Rows,Addition,103,BOOTSTRAPPED,1.0,1.0,1,1,1,0.0035729408264160156
0,1,Rows,Addition,104,BOOTSTRAPPED,1.0,1.0,1,1,1,0.0035779476165771484
0,1,Rows,Addition,105,BOOTSTRAPPED,1.0,1.0,1,1,1,0.00356292724609375
0,1,Rows,Addition,106,BOOTSTRAPPED,1.0,1.0,1,1,1,0.0035691261291503906
0,1,Rows,Addition,107,BOOTSTRAPPED,1.0,1.0,1,1,1,0.003571033477783203
0,1,Rows,Addition,108,BOOTSTRAPPED,1.0,1.0,1,1,1,0.003579854965209961
0,1,Rows,Addition,109,BOOTSTRAPPED,1.0,1.0,1,1,1,0.003568887710571289
0,1,Rows,Addition,110,BOOTSTRAPPED,1.0,1.0,1,1,1,0.0035681724548339844
0,1,Rows,Addition,111,BOOTSTRAPPED,1.0,1.0,1,1,1,0.0036149024963378906
0,1,Rows,Addition,112,BOOTSTRAPPED,1.0,1.0,1,1,1,0.003565073013305664
0,1,Rows,Addition,113,BOOTSTRAPPED,1.0,1.0,1,1,1,0.0035729408264160156
0,1,Rows,Addition,114,BOOTSTRAPPED,1.0,1.0,1,1,1,0.0034711360931396484
0,1,Rows,Addition,115,BOOTSTRAPPED,1.0,1.0,1,1,1,0.0036389827728271484
0,1,Rows,Addition,116,BOOTSTRAPPED,1.0,1.0,1,1,1,0.003596067428588867
0,1,Rows,Addition,117,BOOTSTRAPPED,1.0,1.0,1,1,1,0.003603219985961914
0,1,Rows,Addition,118,BOOTSTRAPPED,1.0,1.0,1,1,1,0.003610849380493164
0,1,Rows,Addition,119,BOOTSTRAPPED,1.0,1.0,1,1,1,0.0035779476165771484
0,1,Rows,Addition,120,BOOTSTRAPPED,1.0,1.0,1,1,1,0.0036079883575439453
0,1,Rows,Addition,121,BOOTSTRAPPED,1.0,1.0,1,1,1,0.0036122798919677734
0,1,Rows,Addition,122,BOOTSTRAPPED,1.0,1.0,1,1,1,0.003587007522583008
0,1,Rows,Addition,123,BOOTSTRAPPED,1.0,1.0,1,1,1,0.0035839080810546875
0,1,Rows,Addition,124,BOOTSTRAPPED,1.0,1.0,1,1,1,0.0035789012908935547
0,1,Rows,Addition,125,BOOTSTRAPPED,1.0,1.0,1,1,1,0.0036039352416992188
0,1,Rows,Addition,126,BOOTSTRAPPED,1.0,1.0,1,1,1,0.0035719871520996094
0,1,Rows,Addition,127,BOOTSTRAPPED,1.0,1.0,1,1,1,0.0035860538482666016
0,1,Rows,Addition,128,BOOTSTRAPPED,1.0,1.0,1,1,1,0.0035910606384277344
0,1,Rows,Addition,129,BOOTSTRAPPED,1.0,1.0,1,1,1,0.003589153289794922
0,1,Rows,Addition,130,BOOTSTRAPPED,1.0,1.0,1,1,1,0.0035812854766845703
0,1,Rows,Addition,131,BOOTSTRAPPED,1.0,1.0,1,1,1,0.0035719871520996094
0,1,Rows,Addition,132,BOOTSTRAPPED,1.0,1.0,1,1,1,0.0035829544067382812
0,1,Rows,Addition,133,BOOTSTRAPPED,1.0,1.0,1,1,1,0.0035889148712158203
0,1,Rows,Addition,134,BOOTSTRAPPED,1.0,1.0,1,1,1,0.003571033477783203
0,1,Rows,Addition,135,BOOTSTRAPPED,1.0,1.0,1,1,1,0.0037789344787597656
0,1,Rows,Addition,136,BOOTSTRAPPED,1.0,1.0,1,1,1,0.0036182403564453125
0,1,Rows,Addition,137,BOOTSTRAPPED,1.0,1.0,1,1,1,0.0035812854766845703
0,1,Rows,Addition,138,BOOTSTRAPPED,1.0,1.0,1,1,1,0.0035834312438964844
0,1,Rows,Addition,139,BOOTSTRAPPED,1.0,1.0,1,1,1,0.0036079883575439453
0,1,Rows,Addition,140,BOOTSTRAPPED,1.0,1.0,1,1,1,0.004079103469848633
0,1,Rows,Addition,141,BOOTSTRAPPED,1.0,1.0,1,1,1,0.0045969486236572266
0,1,Rows,Addition,142,BOOTSTRAPPED,1.0,1.0,1,1,1,0.00392603874206543
0,1,Rows,Addition,143,BOOTSTRAPPED,1.0,1.0,1,1,1,0.005204916000366211
0,1,Rows,Addition,144,BOOTSTRAPPED,1.0,1.0,1,1,1,0.004419088363647461
0,1,Rows,Addition,145,BOOTSTRAPPED,1.0,1.0,1,1,1,0.0038499832153320312
0,1,Rows,Addition,146,BOOTSTRAPPED,1.0,1.0,1,1,1,0.0039899349212646484
0,1,Rows,Addition,147,BOOTSTRAPPED,1.0,1.0,1,1,1,0.0037071704864501953
0,1,Rows,Addition,148,BOOTSTRAPPED,1.0,1.0,1,1,1,0.0038437843322753906
0,1,Rows,Addition,149,BOOTSTRAPPED,1.0,1.0,1,1,1,0.004297971725463867
0,1,Rows,Addition,150,BOOTSTRAPPED,1.0,1.0,1,1,1,0.0037670135498046875
0,1,Rows,Addition,151,BOOTSTRAPPED,1.0,1.0,1,1,1,0.0038328170776367188
0,1,Rows,Addition,152,BOOTSTRAPPED,1.0,1.0,1,1,1,0.0037419795989990234
0,1,Rows,Addition,153,BOOTSTRAPPED,1.0,1.0,1,1,1,0.0039479732513427734
0,1,Rows,Addition,154,BOOTSTRAPPED,1.0,1.0,1,1,1,0.0037589073181152344
0,1,Rows,Addition,155,BOOTSTRAPPED,1.0,1.0,1,1,1,0.0037469863891601562
0,1,Rows,Addition,156,BOOTSTRAPPED,1.0,1.0,1,1,1,0.0038001537322998047
0,1,Rows,Addition,157,BOOTSTRAPPED,1.0,1.0,1,1,1,0.0036840438842773438
0,1,Rows,Addition,158,BOOTSTRAPPED,1.0,1.0,1,1,1,0.0036211013793945312
0,1,Rows,Addition,159,BOOTSTRAPPED,1.0,1.0,1,1,1,0.003885030746459961
0,1,Rows,Addition,160,BOOTSTRAPPED,1.0,1.0,1,1,1,0.003834962844848633
0,1,Rows,Addition,161,BOOTSTRAPPED,1.0,1.0,1,1,1,0.0037419795989990234
0,1,Rows,Addition,162,BOOTSTRAPPED,1.0,1.0,1,1,1,0.003665924072265625
0,1,Rows,Addition,163,BOOTSTRAPPED,1.0,1.0,1,1,1,0.0036520957946777344
0,1,Rows,Addition,164,BOOTSTRAPPED,1.0,1.0,1,1,1,0.003908872604370117
0,1,Rows,Addition,165,BOOTSTRAPPED,1.0,1.0,1,1,1,0.00396728515625
0,1,Rows,Addition,166,BOOTSTRAPPED,1.0,1.0,1,1,1,0.003816843032836914
0,1,Rows,Addition,167,BOOTSTRAPPED,1.0,1.0,1,1,1,0.0036668777465820312
0,1,Rows,Addition,168,BOOTSTRAPPED,1.0,1.0,1,1,1,0.0036230087280273438
0,1,Rows,Addition,169,BOOTSTRAPPED,1.0,1.0,1,1,1,0.0038399696350097656
0,1,Rows,Addition,170,BOOTSTRAPPED,1.0,1.0,1,1,1,0.0037071704864501953
0,1,Rows,Addition,171,BOOTSTRAPPED,1.0,1.0,1,1,1,0.003717184066772461
0,1,Rows,Addition,172,BOOTSTRAPPED,1.0,1.0,1,1,1,0.003738880157470703
0,1,Rows,Addition,173,BOOTSTRAPPED,1.0,1.0,1,1,1,0.0037679672241210938
0,1,Rows,Addition,174,BOOTSTRAPPED,1.0,1.0,1,1,1,0.0036869049072265625
0,1,Rows,Addition,175,BOOTSTRAPPED,1.0,1.0,1,1,1,0.0037539005279541016
0,1,Rows,Addition,176,BOOTSTRAPPED,1.0,1.0,1,1,1,0.0036771297454833984
0,1,Rows,Addition,177,BOOTSTRAPPED,1.0,1.0,1,1,1,0.003715991973876953
0,1,Rows,Addition,178,BOOTSTRAPPED,1.0,1.0,1,1,1,0.0037260055541992188
0,1,Rows,Addition,179,BOOTSTRAPPED,1.0,1.0,1,1,1,0.003713846206665039
0,1,Rows,Addition,180,BOOTSTRAPPED,1.0,1.0,1,1,1,0.0037941932678222656
0,1,Rows,Addition,181,BOOTSTRAPPED,1.0,1.0,1,1,1,0.0035049915313720703
0,1,Rows,Addition,182,BOOTSTRAPPED,1.0,1.0,1,1,1,0.003710031509399414
0,1,Rows,Addition,183,BOOTSTRAPPED,1.0,1.0,1,1,1,0.003748178482055664
0,1,Rows,Addition,184,BOOTSTRAPPED,1.0,1.0,1,1,1,0.003844022750854492
0,1,Rows,Addition,185,BOOTSTRAPPED,1.0,1.0,1,1,1,0.003737211227416992
0,1,Rows,Addition,186,BOOTSTRAPPED,1.0,1.0,1,1,1,0.0037240982055664062
0,1,Rows,Addition,187,BOOTSTRAPPED,1.0,1.0,1,1,1,0.003670930862426758
0,1,Rows,Addition,188,BOOTSTRAPPED,1.0,1.0,1,1,1,0.003857135772705078
0,1,Rows,Addition,189,BOOTSTRAPPED,1.0,1.0,1,1,1,0.003838777542114258
0,1,Rows,Addition,190,BOOTSTRAPPED,1.0,1.0,1,1,1,0.003701925277709961
0,1,Rows,Addition,191,BOOTSTRAPPED,1.0,1.0,1,1,1,0.0036580562591552734
0,1,Rows,Addition,192,BOOTSTRAPPED,1.0,1.0,1,1,1,0.003712892532348633
0,1,Rows,Addition,193,BOOTSTRAPPED,1.0,1.0,1,1,1,0.003815889358520508
0,1,Rows,Addition,194,BOOTSTRAPPED,1.0,1.0,1,1,1,0.0037140846252441406
0,1,Rows,Addition,195,BOOTSTRAPPED,1.0,1.0,1,1,1,0.003654956817626953
0,1,Rows,Addition,196,BOOTSTRAPPED,1.0,1.0,1,1,1,0.003596782684326172
0,1,Rows,Addition,197,BOOTSTRAPPED,1.0,1.0,1,1,1,0.003570079803466797
0,1,Rows,Addition,198,BOOTSTRAPPED,1.0,1.0,1,1,1,0.0036787986755371094
0,1,Rows,Addition,199,BOOTSTRAPPED,1.0,1.0,1,1,1,0.0036411285400390625
0,1,Rows,Addition,200,BOOTSTRAPPED,1.0,1.0,1,1,1,0.0037000179290771484
0,1,Rows,Addition,201,BOOTSTRAPPED,1.0,1.0,1,1,1,0.003704071044921875
0,1,Rows,Addition,202,BOOTSTRAPPED,1.0,1.0,1,1,1,0.0037224292755126953
0,1,Rows,Addition,203,BOOTSTRAPPED,1.0,1.0,1,1,1,0.0037429332733154297
0,1,Rows,Addition,204,BOOTSTRAPPED,1.0,1.0,1,1,1,0.003506183624267578
0,1,Rows,Addition,205,BOOTSTRAPPED,1.0,1.0,1,1,1,0.003660917282104492
0,1,Rows,Addition,206,BOOTSTRAPPED,1.0,1.0,1,1,1,0.0035958290100097656
0,1,Rows,Addition,207,BOOTSTRAPPED,1.0,1.0,1,1,1,0.003618001937866211
0,1,Rows,Addition,208,BOOTSTRAPPED,1.0,1.0,1,1,1,0.0035889148712158203
0,1,Rows,Addition,209,BOOTSTRAPPED,1.0,1.0,1,1,1,0.0036089420318603516
0,1,Rows,Addition,210,BOOTSTRAPPED,1.0,1.0,1,1,1,0.003659963607788086
0,1,Rows,Addition,211,BOOTSTRAPPED,1.0,1.0,1,1,1,0.0037009716033935547
0,1,Rows,Addition,212,BOOTSTRAPPED,1.0,1.0,1,1,1,0.003576040267944336
0,1,Rows,Addition,213,BOOTSTRAPPED,1.0,1.0,1,1,1,0.003631114959716797
0,1,Rows,Addition,214,BOOTSTRAPPED,1.0,1.0,1,1,1,0.0035979747772216797
0,1,Rows,Addition,215,BOOTSTRAPPED,1.0,1.0,1,1,1,0.0037260055541992188
0,1,Rows,Addition,216,BOOTSTRAPPED,1.0,1.0,1,1,1,0.003712892532348633
0,1,Rows,Addition,217,BOOTSTRAPPED,1.0,1.0,1,1,1,0.003725767135620117
0,1,Rows,Addition,218,BOOTSTRAPPED,1.0,1.0,1,1,1,0.0036699771881103516
0,1,Rows,Addition,219,BOOTSTRAPPED,1.0,1.0,1,1,1,0.003550291061401367
0,1,Rows,Addition,220,BOOTSTRAPPED,1.0,1.0,1,1,1,0.003634929656982422
0,1,Rows,Addition,221,BOOTSTRAPPED,1.0,1.0,1,1,1,0.003622770309448242
0,1,Rows,Addition,222,BOOTSTRAPPED,1.0,1.0,1,1,1,0.0035698413848876953
0,1,Rows,Addition,223,BOOTSTRAPPED,1.0,1.0,1,1,1,0.003912925720214844
0,1,Rows,Addition,224,BOOTSTRAPPED,1.0,1.0,1,1,1,0.0037610530853271484
0,1,Rows,Addition,225,BOOTSTRAPPED,1.0,1.0,1,1,1,0.003679037094116211
0,1,Rows,Addition,226,BOOTSTRAPPED,1.0,1.0,1,1,1,0.003608226776123047
0,1,Rows,Addition,227,BOOTSTRAPPED,1.0,1.0,1,1,1,0.0035619735717773438
0,1,Rows,Addition,228,BOOTSTRAPPED,1.0,1.0,1,1,1,0.003589153289794922
0,1,Rows,Addition,229,BOOTSTRAPPED,1.0,1.0,1,1,1,0.003625154495239258
0,1,Rows,Addition,230,BOOTSTRAPPED,1.0,1.0,1,1,1,0.003587961196899414
0,1,Rows,Addition,231,BOOTSTRAPPED,1.0,1.0,1,1,1,0.0034890174865722656
0,1,Rows,Addition,232,BOOTSTRAPPED,1.0,1.0,1,1,1,0.0035610198974609375
0,1,Rows,Addition,233,BOOTSTRAPPED,1.0,1.0,1,1,1,0.003676176071166992
0,1,Rows,Addition,234,BOOTSTRAPPED,1.0,1.0,1,1,1,0.003738880157470703
0,1,Rows,Addition,235,BOOTSTRAPPED,1.0,1.0,1,1,1,0.0037682056427001953
0,1,Rows,Addition,236,BOOTSTRAPPED,1.0,1.0,1,1,1,0.0036551952362060547
0,1,Rows,Addition,237,BOOTSTRAPPED,1.0,1.0,1,1,1,0.004063844680786133
0,1,Rows,Addition,238,BOOTSTRAPPED,1.0,1.0,1,1,1,0.0037801265716552734
0,1,Rows,Addition,239,BOOTSTRAPPED,1.0,1.0,1,1,1,0.00450897216796875
0,1,Rows,Addition,240,BOOTSTRAPPED,1.0,1.0,1,1,1,0.003956794738769531
0,1,Rows,Addition,241,BOOTSTRAPPED,1.0,1.0,1,1,1,0.004057884216308594
0,1,Rows,Addition,242,BOOTSTRAPPED,1.0,1.0,1,1,1,0.014177083969116211
0,1,Rows,Addition,243,BOOTSTRAPPED,1.0,1.0,1,1,1,0.004815101623535156
0,1,Rows,Addition,244,BOOTSTRAPPED,1.0,1.0,1,1,1,0.004297971725463867
0,1,Rows,Addition,245,BOOTSTRAPPED,1.0,1.0,1,1,1,0.0038559436798095703
0,1,Rows,Addition,246,BOOTSTRAPPED,1.0,1.0,1,1,1,0.004116058349609375
0,1,Rows,Addition,247,BOOTSTRAPPED,1.0,1.0,1,1,1,0.003710031509399414
0,1,Rows,Addition,248,BOOTSTRAPPED,1.0,1.0,1,1,1,0.004045009613037109
0,1,Rows,Addition,249,BOOTSTRAPPED,1.0,1.0,1,1,1,0.029635906219482422
0,1,Rows,Addition,250,BOOTSTRAPPED,1.0,1.0,1,1,1,0.003951072692871094
0,1,Rows,Addition,251,BOOTSTRAPPED,1.0,1.0,1,1,1,0.0037641525268554688
0,1,Rows,Addition,252,BOOTSTRAPPED,1.0,1.0,1,1,1,0.003743886947631836
0,1,Rows,Addition,253,BOOTSTRAPPED,1.0,1.0,1,1,1,0.003951072692871094
0,1,Rows,Addition,254,BOOTSTRAPPED,1.0,1.0,1,1,1,0.00397491455078125
0,1,Rows,Addition,255,BOOTSTRAPPED,1.0,1.0,1,1,1,0.003864765167236328
0,1,Rows,Addition,256,BOOTSTRAPPED,1.0,1.0,1,1,1,0.003962993621826172
0,1,Rows,Addition,257,BOOTSTRAPPED,1.0,1.0,1,1,1,0.003990888595581055
0,1,Rows,Addition,258,BOOTSTRAPPED,1.0,1.0,1,1,1,0.0038170814514160156
0,1,Rows,Addition,259,BOOTSTRAPPED,1.0,1.0,1,1,1,0.0037679672241210938
0,1,Rows,Addition,260,BOOTSTRAPPED,1.0,1.0,1,1,1,0.003821849822998047
0,1,Rows,Addition,261,BOOTSTRAPPED,1.0,1.0,1,1,1,0.003816843032836914
0,1,Rows,Addition,262,BOOTSTRAPPED,1.0,1.0,1,1,1,0.0038437843322753906
0,1,Rows,Addition,263,BOOTSTRAPPED,1.0,1.0,1,1,1,0.0036427974700927734
0,1,Rows,Addition,264,BOOTSTRAPPED,1.0,1.0,1,1,1,0.0036580562591552734
0,1,Rows,Addition,265,BOOTSTRAPPED,1.0,1.0,1,1,1,0.0037729740142822266
0,1,Rows,Addition,266,BOOTSTRAPPED,1.0,1.0,1,1,1,0.0041348934173583984
0,1,Rows,Addition,267,BOOTSTRAPPED,1.0,1.0,1,1,1,0.003860950469970703
0,1,Rows,Addition,268,BOOTSTRAPPED,1.0,1.0,1,1,1,0.004098176956176758
0,1,Rows,Addition,269,BOOTSTRAPPED,1.0,1.0,1,1,1,0.003885030746459961
0,1,Rows,Addition,270,BOOTSTRAPPED,1.0,1.0,1,1,1,0.003968715667724609
0,1,Rows,Addition,271,BOOTSTRAPPED,1.0,1.0,1,1,1,0.004218101501464844
0,1,Rows,Addition,272,BOOTSTRAPPED,1.0,1.0,1,1,1,0.004052877426147461
0,1,Rows,Addition,273,BOOTSTRAPPED,1.0,1.0,1,1,1,0.003994941711425781
0,1,Rows,Addition,274,BOOTSTRAPPED,1.0,1.0,1,1,1,0.003996849060058594
0,1,Rows,Addition,275,BOOTSTRAPPED,1.0,1.0,1,1,1,0.0037689208984375
0,1,Rows,Addition,276,BOOTSTRAPPED,1.0,1.0,1,1,1,0.003715991973876953
0,1,Rows,Addition,277,BOOTSTRAPPED,1.0,1.0,1,1,1,0.003689289093017578
0,1,Rows,Addition,278,BOOTSTRAPPED,1.0,1.0,1,1,1,0.003663778305053711
0,1,Rows,Addition,279,BOOTSTRAPPED,1.0,1.0,1,1,1,0.0036668777465820312
0,1,Rows,Addition,280,BOOTSTRAPPED,1.0,1.0,1,1,1,0.0038290023803710938
0,1,Rows,Addition,281,BOOTSTRAPPED,1.0,1.0,1,1,1,0.0037369728088378906
0,1,Rows,Addition,282,BOOTSTRAPPED,1.0,1.0,1,1,1,0.003720998764038086
0,1,Rows,Addition,283,BOOTSTRAPPED,1.0,1.0,1,1,1,0.003679037094116211
0,1,Rows,Addition,284,BOOTSTRAPPED,1.0,1.0,1,1,1,0.0038299560546875
0,1,Rows,Addition,285,BOOTSTRAPPED,1.0,1.0,1,1,1,0.00362396240234375
0,1,Rows,Addition,286,BOOTSTRAPPED,1.0,1.0,1,1,1,0.0036542415618896484
0,1,Rows,Addition,287,BOOTSTRAPPED,1.0,1.0,1,1,1,0.0036139488220214844
0,1,Rows,Addition,288,BOOTSTRAPPED,1.0,1.0,1,1,1,0.0036149024963378906
0,1,Rows,Addition,289,BOOTSTRAPPED,1.0,1.0,1,1,1,0.0036170482635498047
0,1,Rows,Addition,290,BOOTSTRAPPED,1.0,1.0,1,1,1,0.003631114959716797
0,1,Rows,Addition,291,BOOTSTRAPPED,1.0,1.0,1,1,1,0.003820180892944336
0,1,Rows,Addition,292,BOOTSTRAPPED,1.0,1.0,1,1,1,0.0037360191345214844
0,1,Rows,Addition,293,BOOTSTRAPPED,1.0,1.0,1,1,1,0.003704071044921875
0,1,Rows,Addition,294,BOOTSTRAPPED,1.0,1.0,1,1,1,0.0036640167236328125
0,1,Rows,Addition,295,BOOTSTRAPPED,1.0,1.0,1,1,1,0.0038979053497314453
0,1,Rows,Addition,296,BOOTSTRAPPED,1.0,1.0,1,1,1,0.0038001537322998047
0,1,Rows,Addition,297,BOOTSTRAPPED,1.0,1.0,1,1,1,0.003734111785888672
0,1,Rows,Addition,298,BOOTSTRAPPED,1.0,1.0,1,1,1,0.003627777099609375
0,1,Rows,Addition,299,BOOTSTRAPPED,1.0,1.0,1,1,1,0.0036950111389160156
0,1,Rows,Addition,300,BOOTSTRAPPED,1.0,1.0,1,1,1,0.0037810802459716797
0,1,Rows,Addition,301,BOOTSTRAPPED,1.0,1.0,1,1,1,0.003670930862426758
0,1,Rows,Addition,302,BOOTSTRAPPED,1.0,1.0,1,1,1,0.003760099411010742
0,1,Rows,Addition,303,BOOTSTRAPPED,1.0,1.0,1,1,1,0.00374603271484375
0,1,Rows,Addition,304,BOOTSTRAPPED,1.0,1.0,1,1,1,0.0037000179290771484
0,1,Rows,Addition,305,BOOTSTRAPPED,1.0,1.0,1,1,1,0.0037970542907714844
0,1,Rows,Addition,306,BOOTSTRAPPED,1.0,1.0,1,1,1,0.003720998764038086
0,1,Rows,Addition,307,BOOTSTRAPPED,1.0,1.0,1,1,1,0.003538846969604492
0,1,Rows,Addition,308,BOOTSTRAPPED,1.0,1.0,1,1,1,0.003621816635131836
0,1,Rows,Addition,309,BOOTSTRAPPED,1.0,1.0,1,1,1,0.0036351680755615234
0,1,Rows,Addition,310,BOOTSTRAPPED,1.0,1.0,1,1,1,0.0036690235137939453
0,1,Rows,Addition,311,BOOTSTRAPPED,1.0,1.0,1,1,1,0.0035212039947509766
0,1,Rows,Addition,312,BOOTSTRAPPED,1.0,1.0,1,1,1,0.0036530494689941406
0,1,Rows,Addition,313,BOOTSTRAPPED,1.0,1.0,1,1,1,0.0036678314208984375
0,1,Rows,Addition,314,BOOTSTRAPPED,1.0,1.0,1,1,1,0.0036830902099609375
0,1,Rows,Addition,315,BOOTSTRAPPED,1.0,1.0,1,1,1,0.0036308765411376953
0,1,Rows,Addition,316,BOOTSTRAPPED,1.0,1.0,1,1,1,0.003651142120361328
0,1,Rows,Addition,317,BOOTSTRAPPED,1.0,1.0,1,1,1,0.003632068634033203
0,1,Rows,Addition,318,BOOTSTRAPPED,1.0,1.0,1,1,1,0.003629922866821289
0,1,Rows,Addition,319,BOOTSTRAPPED,1.0,1.0,1,1,1,0.00362396240234375
0,1,Rows,Addition,320,BOOTSTRAPPED,1.0,1.0,1,1,1,0.0036361217498779297
0,1,Rows,Addition,321,BOOTSTRAPPED,1.0,1.0,1,1,1,0.0036039352416992188
0,1,Rows,Addition,322,BOOTSTRAPPED,1.0,1.0,1,1,1,0.0037109851837158203
0,1,Rows,Addition,323,BOOTSTRAPPED,1.0,1.0,1,1,1,0.0035800933837890625
0,1,Rows,Addition,324,BOOTSTRAPPED,1.0,1.0,1,1,1,0.0036039352416992188
0,1,Rows,Addition,325,BOOTSTRAPPED,1.0,1.0,1,1,1,0.0036232471466064453
0,1,Rows,Addition,326,BOOTSTRAPPED,1.0,1.0,1,1,1,0.0036690235137939453
0,1,Rows,Addition,327,BOOTSTRAPPED,1.0,1.0,1,1,1,0.003609895706176758
0,1,Rows,Addition,328,BOOTSTRAPPED,1.0,1.0,1,1,1,0.003628969192504883
0,1,Rows,Addition,329,BOOTSTRAPPED,1.0,1.0,1,1,1,0.0036089420318603516
0,1,Rows,Addition,330,BOOTSTRAPPED,1.0,1.0,1,1,1,0.003731250762939453
0,1,Rows,Addition,331,BOOTSTRAPPED,1.0,1.0,1,1,1,0.003718852996826172
0,1,Rows,Addition,332,BOOTSTRAPPED,1.0,1.0,1,1,1,0.0037801265716552734
0,1,Rows,Addition,333,BOOTSTRAPPED,1.0,1.0,1,1,1,0.003667116165161133
0,1,Rows,Addition,334,BOOTSTRAPPED,1.0,1.0,1,1,1,0.003805875778198242
0,1,Rows,Addition,335,BOOTSTRAPPED,1.0,1.0,1,1,1,0.00374603271484375
0,1,Rows,Addition,336,BOOTSTRAPPED,1.0,1.0,1,1,1,0.0037288665771484375
0,1,Rows,Addition,337,BOOTSTRAPPED,1.0,1.0,1,1,1,0.0036439895629882812
0,1,Rows,Addition,338,BOOTSTRAPPED,1.0,1.0,1,1,1,0.0037689208984375
0,1,Rows,Addition,339,BOOTSTRAPPED,1.0,1.0,1,1,1,0.003665924072265625
0,1,Rows,Addition,340,BOOTSTRAPPED,1.0,1.0,1,1,1,0.0036728382110595703
0,1,Rows,Addition,341,BOOTSTRAPPED,1.0,1.0,1,1,1,0.003679037094116211
0,1,Rows,Addition,342,BOOTSTRAPPED,1.0,1.0,1,1,1,0.003635883331298828
0,1,Rows,Addition,343,BOOTSTRAPPED,1.0,1.0,1,1,1,0.0036928653717041016
0,1,Rows,Addition,344,BOOTSTRAPPED,1.0,1.0,1,1,1,0.003670930862426758
0,1,Rows,Addition,345,BOOTSTRAPPED,1.0,1.0,1,1,1,0.003640890121459961
0,1,Rows,Addition,346,BOOTSTRAPPED,1.0,1.0,1,1,1,0.003612995147705078
0,1,Rows,Addition,347,BOOTSTRAPPED,1.0,1.0,1,1,1,0.003614187240600586
0,1,Rows,Addition,348,BOOTSTRAPPED,1.0,1.0,1,1,1,0.0036089420318603516
0,1,Rows,Addition,349,BOOTSTRAPPED,1.0,1.0,1,1,1,0.0037469863891601562
0,1,Rows,Addition,350,BOOTSTRAPPED,1.0,1.0,1,1,1,0.003635883331298828
0,1,Rows,Addition,351,BOOTSTRAPPED,1.0,1.0,1,1,1,0.0038290023803710938
0,1,Rows,Addition,352,BOOTSTRAPPED,1.0,1.0,1,1,1,0.003644227981567383
0,1,Rows,Addition,353,BOOTSTRAPPED,1.0,1.0,1,1,1,0.003728151321411133
0,1,Rows,Addition,354,BOOTSTRAPPED,1.0,1.0,1,1,1,0.003573894500732422
0,1,Rows,Addition,355,BOOTSTRAPPED,1.0,1.0,1,1,1,0.003674030303955078
0,1,Rows,Addition,356,BOOTSTRAPPED,1.0,1.0,1,1,1,0.0036110877990722656
0,1,Rows,Addition,357,BOOTSTRAPPED,1.0,1.0,1,1,1,0.003774881362915039
0,1,Rows,Addition,358,BOOTSTRAPPED,1.0,1.0,1,1,1,0.0036699771881103516
0,1,Rows,Addition,359,BOOTSTRAPPED,1.0,1.0,1,1,1,0.0037109851837158203
0,1,Rows,Addition,360,BOOTSTRAPPED,1.0,1.0,1,1,1,0.0036427974700927734
0,1,Rows,Addition,361,BOOTSTRAPPED,1.0,1.0,1,1,1,0.003648042678833008
0,1,Rows,Addition,362,BOOTSTRAPPED,1.0,1.0,1,1,1,0.003579854965209961
0,1,Rows,Addition,363,BOOTSTRAPPED,1.0,1.0,1,1,1,0.0036559104919433594
0,1,Rows,Addition,364,BOOTSTRAPPED,1.0,1.0,1,1,1,0.003609180450439453
0,1,Rows,Addition,365,BOOTSTRAPPED,1.0,1.0,1,1,1,0.003553152084350586
0,1,Rows,Addition,366,BOOTSTRAPPED,1.0,1.0,1,1,1,0.0036020278930664062
0,1,Rows,Addition,367,BOOTSTRAPPED,1.0,1.0,1,1,1,0.003648042678833008
0,1,Rows,Addition,368,BOOTSTRAPPED,1.0,1.0,1,1,1,0.0036890506744384766
0,1,Rows,Addition,369,BOOTSTRAPPED,1.0,1.0,1,1,1,0.0035390853881835938
0,1,Rows,Addition,370,BOOTSTRAPPED,1.0,1.0,1,1,1,0.003576040267944336
0,1,Rows,Addition,371,BOOTSTRAPPED,1.0,1.0,1,1,1,0.003637075424194336
0,1,Rows,Addition,372,BOOTSTRAPPED,1.0,1.0,1,1,1,0.003596782684326172
0,1,Rows,Addition,373,BOOTSTRAPPED,1.0,1.0,1,1,1,0.0035719871520996094
0,1,Rows,Addition,374,BOOTSTRAPPED,1.0,1.0,1,1,1,0.003606081008911133
0,1,Rows,Addition,375,BOOTSTRAPPED,1.0,1.0,1,1,1,0.0036818981170654297
0,1,Rows,Addition,376,BOOTSTRAPPED,1.0,1.0,1,1,1,0.0036330223083496094
0,1,Rows,Addition,377,BOOTSTRAPPED,1.0,1.0,1,1,1,0.003650188446044922
0,1,Rows,Addition,378,BOOTSTRAPPED,1.0,1.0,1,1,1,0.0036280155181884766
0,1,Rows,Addition,379,BOOTSTRAPPED,1.0,1.0,1,1,1,0.0036759376525878906
0,1,Rows,Addition,380,BOOTSTRAPPED,1.0,1.0,1,1,1,0.0036039352416992188
0,1,Rows,Addition,381,BOOTSTRAPPED,1.0,1.0,1,1,1,0.003720998764038086
0,1,Rows,Addition,382,BOOTSTRAPPED,1.0,1.0,1,1,1,0.003620147705078125
0,1,Rows,Addition,383,BOOTSTRAPPED,1.0,1.0,1,1,1,0.003638029098510742
0,1,Rows,Addition,384,BOOTSTRAPPED,1.0,1.0,1,1,1,0.0036268234252929688
0,1,Rows,Addition,385,BOOTSTRAPPED,1.0,1.0,1,1,1,0.0035979747772216797
0,1,Rows,Addition,386,BOOTSTRAPPED,1.0,1.0,1,1,1,0.003576993942260742
0,1,Rows,Addition,387,BOOTSTRAPPED,1.0,1.0,1,1,1,0.0036242008209228516
0,1,Rows,Addition,388,BOOTSTRAPPED,1.0,1.0,1,1,1,0.0036160945892333984
0,1,Rows,Addition,389,BOOTSTRAPPED,1.0,1.0,1,1,1,0.0036101341247558594
0,1,Rows,Addition,390,BOOTSTRAPPED,1.0,1.0,1,1,1,0.0036177635192871094
0,1,Rows,Addition,391,BOOTSTRAPPED,1.0,1.0,1,1,1,0.003640890121459961
0,1,Rows,Addition,392,BOOTSTRAPPED,1.0,1.0,1,1,1,0.0036041736602783203
0,1,Rows,Addition,393,BOOTSTRAPPED,1.0,1.0,1,1,1,0.0038499832153320312
0,1,Rows,Addition,394,BOOTSTRAPPED,1.0,1.0,1,1,1,0.0036230087280273438
0,1,Rows,Addition,395,BOOTSTRAPPED,1.0,1.0,1,1,1,0.003612995147705078
0,1,Rows,Addition,396,BOOTSTRAPPED,1.0,1.0,1,1,1,0.0037279129028320312
0,1,Rows,Addition,397,BOOTSTRAPPED,1.0,1.0,1,1,1,0.0037429332733154297
0,1,Rows,Addition,398,BOOTSTRAPPED,1.0,1.0,1,1,1,0.0035886764526367188
0,1,Rows,Addition,399,BOOTSTRAPPED,1.0,1.0,1,1,1,0.003660917282104492
0,1,Rows,Addition,400,BOOTSTRAPPED,1.0,1.0,1,1,1,0.003762960433959961
0,1,Rows,Addition,401,BOOTSTRAPPED,1.0,1.0,1,1,1,0.003543853759765625
0,1,Rows,Addition,402,BOOTSTRAPPED,1.0,1.0,1,1,1,0.003638029098510742
0,1,Rows,Addition,403,BOOTSTRAPPED,1.0,1.0,1,1,1,0.0036458969116210938
0,1,Rows,Addition,404,BOOTSTRAPPED,1.0,1.0,1,1,1,0.0036971569061279297
0,1,Rows,Addition,405,BOOTSTRAPPED,1.0,1.0,1,1,1,0.0035741329193115234
0,1,Rows,Addition,406,BOOTSTRAPPED,1.0,1.0,1,1,1,0.003589153289794922
0,1,Rows,Addition,407,BOOTSTRAPPED,1.0,1.0,1,1,1,0.003545999526977539
0,1,Rows,Addition,408,BOOTSTRAPPED,1.0,1.0,1,1,1,0.0036363601684570312
0,1,Rows,Addition,409,BOOTSTRAPPED,1.0,1.0,1,1,1,0.0036208629608154297
0,1,Rows,Addition,410,BOOTSTRAPPED,1.0,1.0,1,1,1,0.0036110877990722656
0,1,Rows,Addition,411,BOOTSTRAPPED,1.0,1.0,1,1,1,0.0036029815673828125
0,1,Rows,Addition,412,BOOTSTRAPPED,1.0,1.0,1,1,1,0.0036058425903320312
0,1,Rows,Addition,413,BOOTSTRAPPED,1.0,1.0,1,1,1,0.003595113754272461
0,1,Rows,Addition,414,BOOTSTRAPPED,1.0,1.0,1,1,1,0.0036301612854003906
0,1,Rows,Addition,415,BOOTSTRAPPED,1.0,1.0,1,1,1,0.003584146499633789
0,1,Rows,Addition,416,BOOTSTRAPPED,1.0,1.0,1,1,1,0.003787994384765625
0,1,Rows,Addition,417,BOOTSTRAPPED,1.0,1.0,1,1,1,0.0036602020263671875
0,1,Rows,Addition,418,BOOTSTRAPPED,1.0,1.0,1,1,1,0.0036869049072265625
0,1,Rows,Addition,419,BOOTSTRAPPED,1.0,1.0,1,1,1,0.003653287887573242
0,1,Rows,Addition,420,BOOTSTRAPPED,1.0,1.0,1,1,1,0.0036711692810058594
0,1,Rows,Addition,421,BOOTSTRAPPED,1.0,1.0,1,1,1,0.003633737564086914
0,1,Rows,Addition,422,BOOTSTRAPPED,1.0,1.0,1,1,1,0.0037047863006591797
0,1,Rows,Addition,423,BOOTSTRAPPED,1.0,1.0,1,1,1,0.0037267208099365234
0,1,Rows,Addition,424,BOOTSTRAPPED,1.0,1.0,1,1,1,0.003887176513671875
0,1,Rows,Addition,425,BOOTSTRAPPED,1.0,1.0,1,1,1,0.003772258758544922
0,1,Rows,Addition,426,BOOTSTRAPPED,1.0,1.0,1,1,1,0.003732919692993164
0,1,Rows,Addition,427,BOOTSTRAPPED,1.0,1.0,1,1,1,0.003824949264526367
0,1,Rows,Addition,428,BOOTSTRAPPED,1.0,1.0,1,1,1,0.004216670989990234
0,1,Rows,Addition,429,BOOTSTRAPPED,1.0,1.0,1,1,1,0.0043871402740478516
0,1,Rows,Addition,430,BOOTSTRAPPED,1.0,1.0,1,1,1,0.003984212875366211
0,1,Rows,Addition,431,BOOTSTRAPPED,1.0,1.0,1,1,1,0.004036903381347656
0,1,Rows,Addition,432,BOOTSTRAPPED,1.0,1.0,1,1,1,0.003757953643798828
0,1,Rows,Addition,433,BOOTSTRAPPED,1.0,1.0,1,1,1,0.003710031509399414
0,1,Rows,Addition,434,BOOTSTRAPPED,1.0,1.0,1,1,1,0.003639698028564453
0,1,Rows,Addition,435,BOOTSTRAPPED,1.0,1.0,1,1,1,0.0038509368896484375
0,1,Rows,Addition,436,BOOTSTRAPPED,1.0,1.0,1,1,1,0.003734588623046875
0,1,Rows,Addition,437,BOOTSTRAPPED,1.0,1.0,1,1,1,0.0037009716033935547
0,1,Rows,Addition,438,BOOTSTRAPPED,1.0,1.0,1,1,1,0.0037200450897216797
0,1,Rows,Addition,439,BOOTSTRAPPED,1.0,1.0,1,1,1,0.0038230419158935547
0,1,Rows,Addition,440,BOOTSTRAPPED,1.0,1.0,1,1,1,0.004055023193359375
0,1,Rows,Addition,441,BOOTSTRAPPED,1.0,1.0,1,1,1,0.0036149024963378906
0,1,Rows,Addition,442,BOOTSTRAPPED,1.0,1.0,1,1,1,0.0037407875061035156
0,1,Rows,Addition,443,BOOTSTRAPPED,1.0,1.0,1,1,1,0.0037131309509277344
0,1,Rows,Addition,444,BOOTSTRAPPED,1.0,1.0,1,1,1,0.0037200450897216797
0,1,Rows,Addition,445,BOOTSTRAPPED,1.0,1.0,1,1,1,0.003611326217651367
0,1,Rows,Addition,446,BOOTSTRAPPED,1.0,1.0,1,1,1,0.003597736358642578
0,1,Rows,Addition,447,BOOTSTRAPPED,1.0,1.0,1,1,1,0.003612995147705078
0,1,Rows,Addition,448,BOOTSTRAPPED,1.0,1.0,1,1,1,0.0037469863891601562
0,1,Rows,Addition,449,BOOTSTRAPPED,1.0,1.0,1,1,1,0.0036287307739257812
0,1,Rows,Addition,450,BOOTSTRAPPED,1.0,1.0,1,1,1,0.003618001937866211
0,1,Rows,Addition,451,BOOTSTRAPPED,1.0,1.0,1,1,1,0.0037031173706054688
0,1,Rows,Addition,452,BOOTSTRAPPED,1.0,1.0,1,1,1,0.0036678314208984375
0,1,Rows,Addition,453,BOOTSTRAPPED,1.0,1.0,1,1,1,0.003625154495239258
0,1,Rows,Addition,454,BOOTSTRAPPED,1.0,1.0,1,1,1,0.0036630630493164062
0,1,Rows,Addition,455,BOOTSTRAPPED,1.0,1.0,1,1,1,0.0036058425903320312
0,1,Rows,Addition,456,BOOTSTRAPPED,1.0,1.0,1,1,1,0.0036389827728271484
0,1,Rows,Addition,457,BOOTSTRAPPED,1.0,1.0,1,1,1,0.003573894500732422
0,1,Rows,Addition,458,BOOTSTRAPPED,1.0,1.0,1,1,1,0.0035948753356933594
0,1,Rows,Addition,459,BOOTSTRAPPED,1.0,1.0,1,1,1,0.0036361217498779297
0,1,Rows,Addition,460,BOOTSTRAPPED,1.0,1.0,1,1,1,0.0036530494689941406
0,1,Rows,Addition,461,BOOTSTRAPPED,1.0,1.0,1,1,1,0.0036017894744873047
0,1,Rows,Addition,462,BOOTSTRAPPED,1.0,1.0,1,1,1,0.0035262107849121094
0,1,Rows,Addition,463,BOOTSTRAPPED,1.0,1.0,1,1,1,0.003573894500732422
0,1,Rows,Addition,464,BOOTSTRAPPED,1.0,1.0,1,1,1,0.0036270618438720703
0,1,Rows,Addition,465,BOOTSTRAPPED,1.0,1.0,1,1,1,0.00357818603515625
0,1,Rows,Addition,466,BOOTSTRAPPED,1.0,1.0,1,1,1,0.003537893295288086
0,1,Rows,Addition,467,BOOTSTRAPPED,1.0,1.0,1,1,1,0.003565073013305664
0,1,Rows,Addition,468,BOOTSTRAPPED,1.0,1.0,1,1,1,0.0036411285400390625
0,1,Rows,Addition,469,BOOTSTRAPPED,1.0,1.0,1,1,1,0.003567934036254883
0,1,Rows,Addition,470,BOOTSTRAPPED,1.0,1.0,1,1,1,0.003579854965209961
0,1,Rows,Addition,471,BOOTSTRAPPED,1.0,1.0,1,1,1,0.0035839080810546875
0,1,Rows,Addition,472,BOOTSTRAPPED,1.0,1.0,1,1,1,0.003648996353149414
0,1,Rows,Addition,473,BOOTSTRAPPED,1.0,1.0,1,1,1,0.0036852359771728516
0,1,Rows,Addition,474,BOOTSTRAPPED,1.0,1.0,1,1,1,0.0037000179290771484
0,1,Rows,Addition,475,BOOTSTRAPPED,1.0,1.0,1,1,1,0.0036149024963378906
0,1,Rows,Addition,476,BOOTSTRAPPED,1.0,1.0,1,1,1,0.0036008358001708984
0,1,Rows,Addition,477,BOOTSTRAPPED,1.0,1.0,1,1,1,0.003592967987060547
0,1,Rows,Addition,478,BOOTSTRAPPED,1.0,1.0,1,1,1,0.0035660266876220703
0,1,Rows,Addition,479,BOOTSTRAPPED,1.0,1.0,1,1,1,0.0035657882690429688
0,1,Rows,Addition,480,BOOTSTRAPPED,1.0,1.0,1,1,1,0.0036242008209228516
0,1,Rows,Addition,481,BOOTSTRAPPED,1.0,1.0,1,1,1,0.0035750865936279297
0,1,Rows,Addition,482,BOOTSTRAPPED,1.0,1.0,1,1,1,0.0035321712493896484
0,1,Rows,Addition,483,BOOTSTRAPPED,1.0,1.0,1,1,1,0.003590106964111328
0,1,Rows,Addition,484,BOOTSTRAPPED,1.0,1.0,1,1,1,0.0036160945892333984
0,1,Rows,Addition,485,BOOTSTRAPPED,1.0,1.0,1,1,1,0.0036039352416992188
0,1,Rows,Addition,486,BOOTSTRAPPED,1.0,1.0,1,1,1,0.003582000732421875
0,1,Rows,Addition,487,BOOTSTRAPPED,1.0,1.0,1,1,1,0.0035789012908935547
0,1,Rows,Addition,488,BOOTSTRAPPED,1.0,1.0,1,1,1,0.00360107421875
0,1,Rows,Addition,489,BOOTSTRAPPED,1.0,1.0,1,1,1,0.0035660266876220703
0,1,Rows,Addition,490,BOOTSTRAPPED,1.0,1.0,1,1,1,0.0036449432373046875
0,1,Rows,Addition,491,BOOTSTRAPPED,1.0,1.0,1,1,1,0.0035970211029052734
0,1,Rows,Addition,492,BOOTSTRAPPED,1.0,1.0,1,1,1,0.0036711692810058594
0,1,Rows,Addition,493,BOOTSTRAPPED,1.0,1.0,1,1,1,0.003596067428588867
0,1,Rows,Addition,494,BOOTSTRAPPED,1.0,1.0,1,1,1,0.0034990310668945312
0,1,Rows,Addition,495,BOOTSTRAPPED,1.0,1.0,1,1,1,0.003538846969604492
0,1,Rows,Addition,496,BOOTSTRAPPED,1.0,1.0,1,1,1,0.0036110877990722656
0,1,Rows,Addition,497,BOOTSTRAPPED,1.0,1.0,1,1,1,0.0035581588745117188
0,1,Rows,Addition,498,BOOTSTRAPPED,1.0,1.0,1,1,1,0.003738880157470703
0,1,Rows,Addition,499,BOOTSTRAPPED,1.0,1.0,1,1,1,0.0036051273345947266
0,1,Rows,Addition,500,BOOTSTRAPPED,1.0,1.0,1,1,1,0.003645181655883789
0,1,Rows,Addition,501,BOOTSTRAPPED,1.0,1.0,1,1,1,0.003590822219848633
0,1,Rows,Addition,502,BOOTSTRAPPED,1.0,1.0,1,1,1,0.0036127567291259766
0,1,Rows,Addition,503,BOOTSTRAPPED,1.0,1.0,1,1,1,0.0035729408264160156
0,1,Rows,Addition,504,BOOTSTRAPPED,1.0,1.0,1,1,1,0.003616809844970703
0,1,Rows,Addition,505,BOOTSTRAPPED,1.0,1.0,1,1,1,0.0036287307739257812
0,1,Rows,Addition,506,BOOTSTRAPPED,1.0,1.0,1,1,1,0.0035829544067382812
0,1,Rows,Addition,507,BOOTSTRAPPED,1.0,1.0,1,1,1,0.003616809844970703
0,1,Rows,Addition,508,BOOTSTRAPPED,1.0,1.0,1,1,1,0.0036017894744873047
0,1,Rows,Addition,509,BOOTSTRAPPED,1.0,1.0,1,1,1,0.0036208629608154297
0,1,Rows,Addition,510,BOOTSTRAPPED,1.0,1.0,1,1,1,0.0034918785095214844
0,1,Rows,Addition,511,BOOTSTRAPPED,1.0,1.0,1,1,1,0.00360107421875
0,1,Rows,Addition,512,BOOTSTRAPPED,1.0,1.0,1,1,1,0.003618001937866211
0,1,Rows,Addition,513,BOOTSTRAPPED,1.0,1.0,1,1,1,0.003608226776123047
0,1,Rows,Addition,514,BOOTSTRAPPED,1.0,1.0,1,1,1,0.0035758018493652344
0,1,Rows,Addition,515,BOOTSTRAPPED,1.0,1.0,1,1,1,0.003653287887573242
0,1,Rows,Addition,516,BOOTSTRAPPED,1.0,1.0,1,1,1,0.0036449432373046875
0,1,Rows,Addition,517,BOOTSTRAPPED,1.0,1.0,1,1,1,0.0036208629608154297
0,1,Rows,Addition,518,BOOTSTRAPPED,1.0,1.0,1,1,1,0.003526926040649414
0,1,Rows,Addition,519,BOOTSTRAPPED,1.0,1.0,1,1,1,0.0036001205444335938
0,1,Rows,Addition,520,BOOTSTRAPPED,1.0,1.0,1,1,1,0.003620147705078125
0,1,Rows,Addition,521,BOOTSTRAPPED,1.0,1.0,1,1,1,0.0036270618438720703
0,1,Rows,Addition,522,BOOTSTRAPPED,1.0,1.0,1,1,1,0.0035390853881835938
0,1,Rows,Addition,523,BOOTSTRAPPED,1.0,1.0,1,1,1,0.0035872459411621094
0,1,Rows,Addition,524,BOOTSTRAPPED,1.0,1.0,1,1,1,0.003644227981567383
0,1,Rows,Addition,525,BOOTSTRAPPED,1.0,1.0,1,1,1,0.0036139488220214844
0,1,Rows,Addition,526,BOOTSTRAPPED,1.0,1.0,1,1,1,0.0035991668701171875
0,1,Rows,Addition,527,BOOTSTRAPPED,1.0,1.0,1,1,1,0.003590822219848633
0,1,Rows,Addition,528,BOOTSTRAPPED,1.0,1.0,1,1,1,0.003596067428588867
0,1,Rows,Addition,529,BOOTSTRAPPED,1.0,1.0,1,1,1,0.003626108169555664
0,1,Rows,Addition,530,BOOTSTRAPPED,1.0,1.0,1,1,1,0.0035169124603271484
0,1,Rows,Addition,531,BOOTSTRAPPED,1.0,1.0,1,1,1,0.0035810470581054688
0,1,Rows,Addition,532,BOOTSTRAPPED,1.0,1.0,1,1,1,0.003532886505126953
0,1,Rows,Addition,533,BOOTSTRAPPED,1.0,1.0,1,1,1,0.0036208629608154297
0,1,Rows,Addition,534,BOOTSTRAPPED,1.0,1.0,1,1,1,0.003549337387084961
0,1,Rows,Addition,535,BOOTSTRAPPED,1.0,1.0,1,1,1,0.0035758018493652344
0,1,Rows,Addition,536,BOOTSTRAPPED,1.0,1.0,1,1,1,0.003592967987060547
0,1,Rows,Addition,537,BOOTSTRAPPED,1.0,1.0,1,1,1,0.003607034683227539
0,1,Rows,Addition,538,BOOTSTRAPPED,1.0,1.0,1,1,1,0.0035288333892822266
0,1,Rows,Addition,539,BOOTSTRAPPED,1.0,1.0,1,1,1,0.0035991668701171875
0,1,Rows,Addition,540,BOOTSTRAPPED,1.0,1.0,1,1,1,0.003615140914916992
0,1,Rows,Addition,541,BOOTSTRAPPED,1.0,1.0,1,1,1,0.0036270618438720703
0,1,Rows,Addition,542,BOOTSTRAPPED,1.0,1.0,1,1,1,0.003604888916015625
0,1,Rows,Addition,543,BOOTSTRAPPED,1.0,1.0,1,1,1,0.003604888916015625
0,1,Rows,Addition,544,BOOTSTRAPPED,1.0,1.0,1,1,1,0.0035920143127441406
0,1,Rows,Addition,545,BOOTSTRAPPED,1.0,1.0,1,1,1,0.003622293472290039
0,1,Rows,Addition,546,BOOTSTRAPPED,1.0,1.0,1,1,1,0.003471851348876953
0,1,Rows,Addition,547,BOOTSTRAPPED,1.0,1.0,1,1,1,0.0035741329193115234
0,1,Rows,Addition,548,BOOTSTRAPPED,1.0,1.0,1,1,1,0.0037238597869873047
0,1,Rows,Addition,549,BOOTSTRAPPED,1.0,1.0,1,1,1,0.003654003143310547
0,1,Rows,Addition,550,BOOTSTRAPPED,1.0,1.0,1,1,1,0.003487825393676758
0,1,Rows,Addition,551,BOOTSTRAPPED,1.0,1.0,1,1,1,0.0035791397094726562
0,1,Rows,Addition,552,BOOTSTRAPPED,1.0,1.0,1,1,1,0.0036208629608154297
0,1,Rows,Addition,553,BOOTSTRAPPED,1.0,1.0,1,1,1,0.003612041473388672
0,1,Rows,Addition,554,BOOTSTRAPPED,1.0,1.0,1,1,1,0.003529071807861328
0,1,Rows,Addition,555,BOOTSTRAPPED,1.0,1.0,1,1,1,0.003593921661376953
0,1,Rows,Addition,556,BOOTSTRAPPED,1.0,1.0,1,1,1,0.003611326217651367
0,1,Rows,Addition,557,BOOTSTRAPPED,1.0,1.0,1,1,1,0.003648042678833008
0,1,Rows,Addition,558,BOOTSTRAPPED,1.0,1.0,1,1,1,0.0034890174865722656
0,1,Rows,Addition,559,BOOTSTRAPPED,1.0,1.0,1,1,1,0.0035767555236816406
0,1,Rows,Addition,560,BOOTSTRAPPED,1.0,1.0,1,1,1,0.003626108169555664
0,1,Rows,Addition,561,BOOTSTRAPPED,1.0,1.0,1,1,1,0.0036230087280273438
0,1,Rows,Addition,562,BOOTSTRAPPED,1.0,1.0,1,1,1,0.0035059452056884766
0,1,Rows,Addition,563,BOOTSTRAPPED,1.0,1.0,1,1,1,0.0035839080810546875
0,1,Rows,Addition,564,BOOTSTRAPPED,1.0,1.0,1,1,1,0.0036160945892333984
0,1,Rows,Addition,565,BOOTSTRAPPED,1.0,1.0,1,1,1,0.0036160945892333984
0,1,Rows,Addition,566,BOOTSTRAPPED,1.0,1.0,1,1,1,0.0034780502319335938
0,1,Rows,Addition,567,BOOTSTRAPPED,1.0,1.0,1,1,1,0.003576040267944336
0,1,Rows,Addition,568,BOOTSTRAPPED,1.0,1.0,1,1,1,0.0035948753356933594
0,1,Rows,Addition,569,BOOTSTRAPPED,1.0,1.0,1,1,1,0.003609180450439453
0,1,Rows,Addition,570,BOOTSTRAPPED,1.0,1.0,1,1,1,0.0036590099334716797
0,1,Rows,Addition,571,BOOTSTRAPPED,1.0,1.0,1,1,1,0.003606081008911133
0,1,Rows,Addition,572,BOOTSTRAPPED,1.0,1.0,1,1,1,0.003609180450439453
0,1,Rows,Addition,573,BOOTSTRAPPED,1.0,1.0,1,1,1,0.003599882125854492
0,1,Rows,Addition,574,BOOTSTRAPPED,1.0,1.0,1,1,1,0.0035200119018554688
0,1,Rows,Addition,575,BOOTSTRAPPED,1.0,1.0,1,1,1,0.003612041473388672
0,1,Rows,Addition,576,BOOTSTRAPPED,1.0,1.0,1,1,1,0.003625154495239258
0,1,Rows,Addition,577,BOOTSTRAPPED,1.0,1.0,1,1,1,0.0036449432373046875
0,1,Rows,Addition,578,BOOTSTRAPPED,1.0,1.0,1,1,1,0.0034499168395996094
0,1,Rows,Addition,579,BOOTSTRAPPED,1.0,1.0,1,1,1,0.0035669803619384766
0,1,Rows,Addition,580,BOOTSTRAPPED,1.0,1.0,1,1,1,0.0036232471466064453
0,1,Rows,Addition,581,BOOTSTRAPPED,1.0,1.0,1,1,1,0.0035812854766845703
0,1,Rows,Addition,582,BOOTSTRAPPED,1.0,1.0,1,1,1,0.0035791397094726562
0,1,Rows,Addition,583,BOOTSTRAPPED,1.0,1.0,1,1,1,0.0035750865936279297
0,1,Rows,Addition,584,BOOTSTRAPPED,1.0,1.0,1,1,1,0.0036041736602783203
0,1,Rows,Addition,585,BOOTSTRAPPED,1.0,1.0,1,1,1,0.0035881996154785156
0,1,Rows,Addition,586,BOOTSTRAPPED,1.0,1.0,1,1,1,0.003465890884399414
0,1,Rows,Addition,587,BOOTSTRAPPED,1.0,1.0,1,1,1,0.0037992000579833984
0,1,Rows,Addition,588,BOOTSTRAPPED,1.0,1.0,1,1,1,0.003621816635131836
0,1,Rows,Addition,589,BOOTSTRAPPED,1.0,1.0,1,1,1,0.004575014114379883
0,1,Rows,Addition,590,BOOTSTRAPPED,1.0,1.0,1,1,1,0.003717184066772461
0,1,Rows,Addition,591,BOOTSTRAPPED,1.0,1.0,1,1,1,0.003916025161743164
0,1,Rows,Addition,592,BOOTSTRAPPED,1.0,1.0,1,1,1,0.0037949085235595703
0,1,Rows,Addition,593,BOOTSTRAPPED,1.0,1.0,1,1,1,0.0037729740142822266
0,1,Rows,Addition,594,BOOTSTRAPPED,1.0,1.0,1,1,1,0.0036401748657226562
0,1,Rows,Addition,595,BOOTSTRAPPED,1.0,1.0,1,1,1,0.003772735595703125
0,1,Rows,Addition,596,BOOTSTRAPPED,1.0,1.0,1,1,1,0.0035779476165771484
0,1,Rows,Addition,597,BOOTSTRAPPED,1.0,1.0,1,1,1,0.0035190582275390625
0,1,Rows,Addition,598,BOOTSTRAPPED,1.0,1.0,1,1,1,0.0035300254821777344
0,1,Rows,Addition,599,BOOTSTRAPPED,1.0,1.0,1,1,1,0.003654956817626953
0,1,Rows,Addition,600,BOOTSTRAPPED,1.0,1.0,1,1,1,0.0036461353302001953
0,1,Rows,Addition,601,BOOTSTRAPPED,1.0,1.0,1,1,1,0.0036339759826660156
0,1,Rows,Addition,602,BOOTSTRAPPED,1.0,1.0,1,1,1,0.0036039352416992188
0,1,Rows,Addition,603,BOOTSTRAPPED,1.0,1.0,1,1,1,0.003634214401245117
0,1,Rows,Addition,604,BOOTSTRAPPED,1.0,1.0,1,1,1,0.003606081008911133
0,1,Rows,Addition,605,BOOTSTRAPPED,1.0,1.0,1,1,1,0.0036530494689941406
0,1,Rows,Addition,606,BOOTSTRAPPED,1.0,1.0,1,1,1,0.003629922866821289
0,1,Rows,Addition,607,BOOTSTRAPPED,1.0,1.0,1,1,1,0.003651142120361328
0,1,Rows,Addition,608,BOOTSTRAPPED,1.0,1.0,1,1,1,0.0036017894744873047
0,1,Rows,Addition,609,BOOTSTRAPPED,1.0,1.0,1,1,1,0.0035321712493896484
0,1,Rows,Addition,610,BOOTSTRAPPED,1.0,1.0,1,1,1,0.003595113754272461
0,1,Rows,Addition,611,BOOTSTRAPPED,1.0,1.0,1,1,1,0.0036280155181884766
0,1,Rows,Addition,612,BOOTSTRAPPED,1.0,1.0,1,1,1,0.0035948753356933594
0,1,Rows,Addition,613,BOOTSTRAPPED,1.0,1.0,1,1,1,0.003615856170654297
0,1,Rows,Addition,614,BOOTSTRAPPED,1.0,1.0,1,1,1,0.0035948753356933594
0,1,Rows,Addition,615,BOOTSTRAPPED,1.0,1.0,1,1,1,0.0036301612854003906
0,1,Rows,Addition,616,BOOTSTRAPPED,1.0,1.0,1,1,1,0.003687143325805664
0,1,Rows,Addition,617,BOOTSTRAPPED,1.0,1.0,1,1,1,0.0036411285400390625
0,1,Rows,Addition,618,BOOTSTRAPPED,1.0,1.0,1,1,1,0.003592967987060547
0,1,Rows,Addition,619,BOOTSTRAPPED,1.0,1.0,1,1,1,0.0036249160766601562
0,1,Rows,Addition,620,BOOTSTRAPPED,1.0,1.0,1,1,1,0.0035970211029052734
0,1,Rows,Addition,621,BOOTSTRAPPED,1.0,1.0,1,1,1,0.003609180450439453
0,1,Rows,Addition,622,BOOTSTRAPPED,1.0,1.0,1,1,1,0.0035750865936279297
0,1,Rows,Addition,623,BOOTSTRAPPED,1.0,1.0,1,1,1,0.0036110877990722656
0,1,Rows,Addition,624,BOOTSTRAPPED,1.0,1.0,1,1,1,0.0035791397094726562
0,1,Rows,Addition,625,BOOTSTRAPPED,1.0,1.0,1,1,1,0.0036122798919677734
0,1,Rows,Addition,626,BOOTSTRAPPED,1.0,1.0,1,1,1,0.003578662872314453
0,1,Rows,Addition,627,BOOTSTRAPPED,1.0,1.0,1,1,1,0.0035886764526367188
0,1,Rows,Addition,628,BOOTSTRAPPED,1.0,1.0,1,1,1,0.0035638809204101562
0,1,Rows,Addition,629,BOOTSTRAPPED,1.0,1.0,1,1,1,0.0035860538482666016
0,1,Rows,Addition,630,BOOTSTRAPPED,1.0,1.0,1,1,1,0.00356292724609375
0,1,Rows,Addition,631,BOOTSTRAPPED,1.0,1.0,1,1,1,0.0036029815673828125
0,1,Rows,Addition,632,BOOTSTRAPPED,1.0,1.0,1,1,1,0.003565073013305664
0,1,Rows,Addition,633,BOOTSTRAPPED,1.0,1.0,1,1,1,0.003668069839477539
0,1,Rows,Addition,634,BOOTSTRAPPED,1.0,1.0,1,1,1,0.003659963607788086
0,1,Rows,Addition,635,BOOTSTRAPPED,1.0,1.0,1,1,1,0.0036368370056152344
0,1,Rows,Addition,636,BOOTSTRAPPED,1.0,1.0,1,1,1,0.003643035888671875
0,1,Rows,Addition,637,BOOTSTRAPPED,1.0,1.0,1,1,1,0.0036308765411376953
0,1,Rows,Addition,638,BOOTSTRAPPED,1.0,1.0,1,1,1,0.0036351680755615234
0,1,Rows,Addition,639,BOOTSTRAPPED,1.0,1.0,1,1,1,0.003616809844970703
0,1,Rows,Addition,640,BOOTSTRAPPED,1.0,1.0,1,1,1,0.0036809444427490234
0,1,Rows,Addition,641,BOOTSTRAPPED,1.0,1.0,1,1,1,0.0035190582275390625
0,1,Rows,Addition,642,BOOTSTRAPPED,1.0,1.0,1,1,1,0.0035741329193115234
0,1,Rows,Addition,643,BOOTSTRAPPED,1.0,1.0,1,1,1,0.003670930862426758
0,1,Rows,Addition,644,BOOTSTRAPPED,1.0,1.0,1,1,1,0.003660917282104492
0,1,Rows,Addition,645,BOOTSTRAPPED,1.0,1.0,1,1,1,0.003665924072265625
0,1,Rows,Addition,646,BOOTSTRAPPED,1.0,1.0,1,1,1,0.0036237239837646484
0,1,Rows,Addition,647,BOOTSTRAPPED,1.0,1.0,1,1,1,0.00386810302734375
0,1,Rows,Addition,648,BOOTSTRAPPED,1.0,1.0,1,1,1,0.0036699771881103516
0,1,Rows,Addition,649,BOOTSTRAPPED,1.0,1.0,1,1,1,0.0037717819213867188
0,1,Rows,Addition,650,BOOTSTRAPPED,1.0,1.0,1,1,1,0.0036840438842773438
0,1,Rows,Addition,651,BOOTSTRAPPED,1.0,1.0,1,1,1,0.003628969192504883
0,1,Rows,Addition,652,BOOTSTRAPPED,1.0,1.0,1,1,1,0.0038106441497802734
0,1,Rows,Addition,653,BOOTSTRAPPED,1.0,1.0,1,1,1,0.0036287307739257812
0,1,Rows,Addition,654,BOOTSTRAPPED,1.0,1.0,1,1,1,0.0037162303924560547
0,1,Rows,Addition,655,BOOTSTRAPPED,1.0,1.0,1,1,1,0.0035789012908935547
0,1,Rows,Addition,656,BOOTSTRAPPED,1.0,1.0,1,1,1,0.003592252731323242
0,1,Rows,Addition,657,BOOTSTRAPPED,1.0,1.0,1,1,1,0.0035619735717773438
0,1,Rows,Addition,658,BOOTSTRAPPED,1.0,1.0,1,1,1,0.0036420822143554688
0,1,Rows,Addition,659,BOOTSTRAPPED,1.0,1.0,1,1,1,0.003591299057006836
0,1,Rows,Addition,660,BOOTSTRAPPED,1.0,1.0,1,1,1,0.0036580562591552734
0,1,Rows,Addition,661,BOOTSTRAPPED,1.0,1.0,1,1,1,0.0036101341247558594
0,1,Rows,Addition,662,BOOTSTRAPPED,1.0,1.0,1,1,1,0.003683805465698242
0,1,Rows,Addition,663,BOOTSTRAPPED,1.0,1.0,1,1,1,0.0036039352416992188
0,1,Rows,Addition,664,BOOTSTRAPPED,1.0,1.0,1,1,1,0.0035991668701171875
0,1,Rows,Addition,665,BOOTSTRAPPED,1.0,1.0,1,1,1,0.0037229061126708984
0,1,Rows,Addition,666,BOOTSTRAPPED,1.0,1.0,1,1,1,0.0035860538482666016
0,1,Rows,Addition,667,BOOTSTRAPPED,1.0,1.0,1,1,1,0.0036268234252929688
0,1,Rows,Addition,668,BOOTSTRAPPED,1.0,1.0,1,1,1,0.004017829895019531
0,1,Rows,Addition,669,BOOTSTRAPPED,1.0,1.0,1,1,1,0.00362396240234375
0,1,Rows,Addition,670,BOOTSTRAPPED,1.0,1.0,1,1,1,0.003622293472290039
0,1,Rows,Addition,671,BOOTSTRAPPED,1.0,1.0,1,1,1,0.0036449432373046875
0,1,Rows,Addition,672,BOOTSTRAPPED,1.0,1.0,1,1,1,0.003620147705078125
0,1,Rows,Addition,673,BOOTSTRAPPED,1.0,1.0,1,1,1,0.003618001937866211
0,1,Rows,Addition,674,BOOTSTRAPPED,1.0,1.0,1,1,1,0.003567934036254883
0,1,Rows,Addition,675,BOOTSTRAPPED,1.0,1.0,1,1,1,0.003628969192504883
0,1,Rows,Addition,676,BOOTSTRAPPED,1.0,1.0,1,1,1,0.0035278797149658203
0,1,Rows,Addition,677,BOOTSTRAPPED,1.0,1.0,1,1,1,0.0036411285400390625
0,1,Rows,Addition,678,BOOTSTRAPPED,1.0,1.0,1,1,1,0.003632783889770508
0,1,Rows,Addition,679,BOOTSTRAPPED,1.0,1.0,1,1,1,0.0036687850952148438
0,1,Rows,Addition,680,BOOTSTRAPPED,1.0,1.0,1,1,1,0.0036127567291259766
0,1,Rows,Addition,681,BOOTSTRAPPED,1.0,1.0,1,1,1,0.003648996353149414
0,1,Rows,Addition,682,BOOTSTRAPPED,1.0,1.0,1,1,1,0.003648042678833008
0,1,Rows,Addition,683,BOOTSTRAPPED,1.0,1.0,1,1,1,0.0036187171936035156
0,1,Rows,Addition,684,BOOTSTRAPPED,1.0,1.0,1,1,1,0.003573894500732422
0,1,Rows,Addition,685,BOOTSTRAPPED,1.0,1.0,1,1,1,0.003641843795776367
0,1,Rows,Addition,686,BOOTSTRAPPED,1.0,1.0,1,1,1,0.0035047531127929688
0,1,Rows,Addition,687,BOOTSTRAPPED,1.0,1.0,1,1,1,0.003618955612182617
0,1,Rows,Addition,688,BOOTSTRAPPED,1.0,1.0,1,1,1,0.0036170482635498047
0,1,Rows,Addition,689,BOOTSTRAPPED,1.0,1.0,1,1,1,0.0036089420318603516
0,1,Rows,Addition,690,BOOTSTRAPPED,1.0,1.0,1,1,1,0.003662109375
0,1,Rows,Addition,691,BOOTSTRAPPED,1.0,1.0,1,1,1,0.003670930862426758
0,1,Rows,Addition,692,BOOTSTRAPPED,1.0,1.0,1,1,1,0.0035588741302490234
0,1,Rows,Addition,693,BOOTSTRAPPED,1.0,1.0,1,1,1,0.0036079883575439453
0,1,Rows,Addition,694,BOOTSTRAPPED,1.0,1.0,1,1,1,0.0034508705139160156
0,1,Rows,Addition,695,BOOTSTRAPPED,1.0,1.0,1,1,1,0.003590822219848633
0,1,Rows,Addition,696,BOOTSTRAPPED,1.0,1.0,1,1,1,0.0036008358001708984
0,1,Rows,Addition,697,BOOTSTRAPPED,1.0,1.0,1,1,1,0.0036497116088867188
0,1,Rows,Addition,698,BOOTSTRAPPED,1.0,1.0,1,1,1,0.003582000732421875
0,1,Rows,Addition,699,BOOTSTRAPPED,1.0,1.0,1,1,1,0.003606081008911133
0,1,Rows,Addition,700,BOOTSTRAPPED,1.0,1.0,1,1,1,0.0035538673400878906
0,1,Rows,Addition,701,BOOTSTRAPPED,1.0,1.0,1,1,1,0.003590822219848633
0,1,Rows,Addition,702,BOOTSTRAPPED,1.0,1.0,1,1,1,0.003571033477783203
0,1,Rows,Addition,703,BOOTSTRAPPED,1.0,1.0,1,1,1,0.0035958290100097656
0,1,Rows,Addition,704,BOOTSTRAPPED,1.0,1.0,1,1,1,0.0035631656646728516
0,1,Rows,Addition,705,BOOTSTRAPPED,1.0,1.0,1,1,1,0.003582000732421875
0,1,Rows,Addition,706,BOOTSTRAPPED,1.0,1.0,1,1,1,0.0035729408264160156
0,1,Rows,Addition,707,BOOTSTRAPPED,1.0,1.0,1,1,1,0.003584146499633789
0,1,Rows,Addition,708,BOOTSTRAPPED,1.0,1.0,1,1,1,0.0035550594329833984
0,1,Rows,Addition,709,BOOTSTRAPPED,1.0,1.0,1,1,1,0.003592252731323242
0,1,Rows,Addition,710,BOOTSTRAPPED,1.0,1.0,1,1,1,0.0035610198974609375
0,1,Rows,Addition,711,BOOTSTRAPPED,1.0,1.0,1,1,1,0.0035772323608398438
0,1,Rows,Addition,712,BOOTSTRAPPED,1.0,1.0,1,1,1,0.003551959991455078
0,1,Rows,Addition,713,BOOTSTRAPPED,1.0,1.0,1,1,1,0.003587007522583008
0,1,Rows,Addition,714,BOOTSTRAPPED,1.0,1.0,1,1,1,0.0035600662231445312
0,1,Rows,Addition,715,BOOTSTRAPPED,1.0,1.0,1,1,1,0.0036516189575195312
0,1,Rows,Addition,716,BOOTSTRAPPED,1.0,1.0,1,1,1,0.0035562515258789062
0,1,Rows,Addition,717,BOOTSTRAPPED,1.0,1.0,1,1,1,0.003604888916015625
0,1,Rows,Addition,718,BOOTSTRAPPED,1.0,1.0,1,1,1,0.003632068634033203
0,1,Rows,Addition,719,BOOTSTRAPPED,1.0,1.0,1,1,1,0.0037598609924316406
0,1,Rows,Addition,720,BOOTSTRAPPED,1.0,1.0,1,1,1,0.003710031509399414
0,1,Rows,Addition,721,BOOTSTRAPPED,1.0,1.0,1,1,1,0.003607034683227539
0,1,Rows,Addition,722,BOOTSTRAPPED,1.0,1.0,1,1,1,0.003627777099609375
0,1,Rows,Addition,723,BOOTSTRAPPED,1.0,1.0,1,1,1,0.003693819046020508
0,1,Rows,Addition,724,BOOTSTRAPPED,1.0,1.0,1,1,1,0.0035839080810546875
0,1,Rows,Addition,725,BOOTSTRAPPED,1.0,1.0,1,1,1,0.003688812255859375
0,1,Rows,Addition,726,BOOTSTRAPPED,1.0,1.0,1,1,1,0.0035982131958007812
0,1,Rows,Addition,727,BOOTSTRAPPED,1.0,1.0,1,1,1,0.0035598278045654297
0,1,Rows,Addition,728,BOOTSTRAPPED,1.0,1.0,1,1,1,0.0036308765411376953
0,1,Rows,Addition,729,BOOTSTRAPPED,1.0,1.0,1,1,1,0.0036249160766601562
0,1,Rows,Addition,730,BOOTSTRAPPED,1.0,1.0,1,1,1,0.0036230087280273438
0,1,Rows,Addition,731,BOOTSTRAPPED,1.0,1.0,1,1,1,0.0035359859466552734
0,1,Rows,Addition,732,BOOTSTRAPPED,1.0,1.0,1,1,1,0.0035982131958007812
0,1,Rows,Addition,733,BOOTSTRAPPED,1.0,1.0,1,1,1,0.003593921661376953
0,1,Rows,Addition,734,BOOTSTRAPPED,1.0,1.0,1,1,1,0.0036139488220214844
0,1,Rows,Addition,735,BOOTSTRAPPED,1.0,1.0,1,1,1,0.0036411285400390625
0,1,Rows,Addition,736,BOOTSTRAPPED,1.0,1.0,1,1,1,0.0035729408264160156
0,1,Rows,Addition,737,BOOTSTRAPPED,1.0,1.0,1,1,1,0.003657817840576172
0,1,Rows,Addition,738,BOOTSTRAPPED,1.0,1.0,1,1,1,0.0036721229553222656
0,1,Rows,Addition,739,BOOTSTRAPPED,1.0,1.0,1,1,1,0.003518819808959961
0,1,Rows,Addition,740,BOOTSTRAPPED,1.0,1.0,1,1,1,0.00357818603515625
0,1,Rows,Addition,741,BOOTSTRAPPED,1.0,1.0,1,1,1,0.003579854965209961
0,1,Rows,Addition,742,BOOTSTRAPPED,1.0,1.0,1,1,1,0.003579854965209961
0,1,Rows,Addition,743,BOOTSTRAPPED,1.0,1.0,1,1,1,0.0035033226013183594
0,1,Rows,Addition,744,BOOTSTRAPPED,1.0,1.0,1,1,1,0.0035860538482666016
0,1,Rows,Addition,745,BOOTSTRAPPED,1.0,1.0,1,1,1,0.0035872459411621094
0,1,Rows,Addition,746,BOOTSTRAPPED,1.0,1.0,1,1,1,0.0036110877990722656
0,1,Rows,Addition,747,BOOTSTRAPPED,1.0,1.0,1,1,1,0.0034818649291992188
0,1,Rows,Addition,748,BOOTSTRAPPED,1.0,1.0,1,1,1,0.0035669803619384766
0,1,Rows,Addition,749,BOOTSTRAPPED,1.0,1.0,1,1,1,0.0035881996154785156
0,1,Rows,Addition,750,BOOTSTRAPPED,1.0,1.0,1,1,1,0.0036001205444335938
0,1,Rows,Addition,751,BOOTSTRAPPED,1.0,1.0,1,1,1,0.0035829544067382812
0,1,Rows,Addition,752,BOOTSTRAPPED,1.0,1.0,1,1,1,0.0035676956176757812
0,1,Rows,Addition,753,BOOTSTRAPPED,1.0,1.0,1,1,1,0.0035741329193115234
0,1,Rows,Addition,754,BOOTSTRAPPED,1.0,1.0,1,1,1,0.0035719871520996094
0,1,Rows,Addition,755,BOOTSTRAPPED,1.0,1.0,1,1,1,0.003574848175048828
0,1,Rows,Addition,756,BOOTSTRAPPED,1.0,1.0,1,1,1,0.0035660266876220703
0,1,Rows,Addition,757,BOOTSTRAPPED,1.0,1.0,1,1,1,0.003573894500732422
0,1,Rows,Addition,758,BOOTSTRAPPED,1.0,1.0,1,1,1,0.0035638809204101562
0,1,Rows,Addition,759,BOOTSTRAPPED,1.0,1.0,1,1,1,0.003590106964111328
0,1,Rows,Addition,760,BOOTSTRAPPED,1.0,1.0,1,1,1,0.003573894500732422
0,1,Rows,Addition,761,BOOTSTRAPPED,1.0,1.0,1,1,1,0.0035839080810546875
0,1,Rows,Addition,762,BOOTSTRAPPED,1.0,1.0,1,1,1,0.003590822219848633
0,1,Rows,Addition,763,BOOTSTRAPPED,1.0,1.0,1,1,1,0.003580808639526367
0,1,Rows,Addition,764,BOOTSTRAPPED,1.0,1.0,1,1,1,0.003573894500732422
0,1,Rows,Addition,765,BOOTSTRAPPED,1.0,1.0,1,1,1,0.003556966781616211
0,1,Rows,Addition,766,BOOTSTRAPPED,1.0,1.0,1,1,1,0.003571033477783203
0,1,Rows,Addition,767,BOOTSTRAPPED,1.0,1.0,1,1,1,0.0036149024963378906
0,1,Rows,Addition,768,BOOTSTRAPPED,1.0,1.0,1,1,1,0.0035293102264404297
0,1,Rows,Addition,769,BOOTSTRAPPED,1.0,1.0,1,1,1,0.003799915313720703
0,1,Rows,Addition,770,BOOTSTRAPPED,1.0,1.0,1,1,1,0.0037932395935058594
0,1,Rows,Addition,771,BOOTSTRAPPED,1.0,1.0,1,1,1,0.0037500858306884766
0,1,Rows,Addition,772,BOOTSTRAPPED,1.0,1.0,1,1,1,0.0036437511444091797
0,1,Rows,Addition,773,BOOTSTRAPPED,1.0,1.0,1,1,1,0.003648996353149414
0,1,Rows,Addition,774,BOOTSTRAPPED,1.0,1.0,1,1,1,0.0035889148712158203
0,1,Rows,Addition,775,BOOTSTRAPPED,1.0,1.0,1,1,1,0.0036411285400390625
0,1,Rows,Addition,776,BOOTSTRAPPED,1.0,1.0,1,1,1,0.0036330223083496094
0,1,Rows,Addition,777,BOOTSTRAPPED,1.0,1.0,1,1,1,0.0036139488220214844
0,1,Rows,Addition,778,BOOTSTRAPPED,1.0,1.0,1,1,1,0.0036101341247558594
0,1,Rows,Addition,779,BOOTSTRAPPED,1.0,1.0,1,1,1,0.003515005111694336
0,1,Rows,Addition,780,BOOTSTRAPPED,1.0,1.0,1,1,1,0.003571033477783203
0,1,Rows,Addition,781,BOOTSTRAPPED,1.0,1.0,1,1,1,0.0035858154296875
0,1,Rows,Addition,782,BOOTSTRAPPED,1.0,1.0,1,1,1,0.00360107421875
0,1,Rows,Addition,783,BOOTSTRAPPED,1.0,1.0,1,1,1,0.003580808639526367
0,1,Rows,Addition,784,BOOTSTRAPPED,1.0,1.0,1,1,1,0.0035941600799560547
0,1,Rows,Addition,785,BOOTSTRAPPED,1.0,1.0,1,1,1,0.0035812854766845703
0,1,Rows,Addition,786,BOOTSTRAPPED,1.0,1.0,1,1,1,0.0035791397094726562
0,1,Rows,Addition,787,BOOTSTRAPPED,1.0,1.0,1,1,1,0.0035860538482666016
0,1,Rows,Addition,788,BOOTSTRAPPED,1.0,1.0,1,1,1,0.0035598278045654297
0,1,Rows,Addition,789,BOOTSTRAPPED,1.0,1.0,1,1,1,0.003580808639526367
0,1,Rows,Addition,790,BOOTSTRAPPED,1.0,1.0,1,1,1,0.003576993942260742
0,1,Rows,Addition,791,BOOTSTRAPPED,1.0,1.0,1,1,1,0.0035161972045898438
0,1,Rows,Addition,792,BOOTSTRAPPED,1.0,1.0,1,1,1,0.0035278797149658203
0,1,Rows,Addition,793,BOOTSTRAPPED,1.0,1.0,1,1,1,0.003612995147705078
0,1,Rows,Addition,794,BOOTSTRAPPED,1.0,1.0,1,1,1,0.0035860538482666016
0,1,Rows,Addition,795,BOOTSTRAPPED,1.0,1.0,1,1,1,0.0036280155181884766
0,1,Rows,Addition,796,BOOTSTRAPPED,1.0,1.0,1,1,1,0.003571033477783203
0,1,Rows,Addition,797,BOOTSTRAPPED,1.0,1.0,1,1,1,0.0035982131958007812
0,1,Rows,Addition,798,BOOTSTRAPPED,1.0,1.0,1,1,1,0.003583192825317383
0,1,Rows,Addition,799,BOOTSTRAPPED,1.0,1.0,1,1,1,0.0035970211029052734
0,1,Rows,Addition,800,BOOTSTRAPPED,1.0,1.0,1,1,1,0.0036041736602783203
0,1,Rows,Addition,801,BOOTSTRAPPED,1.0,1.0,1,1,1,0.0035910606384277344
0,1,Rows,Addition,802,BOOTSTRAPPED,1.0,1.0,1,1,1,0.0035719871520996094
0,1,Rows,Addition,803,BOOTSTRAPPED,1.0,1.0,1,1,1,0.0034830570220947266
0,1,Rows,Addition,804,BOOTSTRAPPED,1.0,1.0,1,1,1,0.003548860549926758
0,1,Rows,Addition,805,BOOTSTRAPPED,1.0,1.0,1,1,1,0.003592967987060547
0,1,Rows,Addition,806,BOOTSTRAPPED,1.0,1.0,1,1,1,0.003579854965209961
0,1,Rows,Addition,807,BOOTSTRAPPED,1.0,1.0,1,1,1,0.003509044647216797
0,1,Rows,Addition,808,BOOTSTRAPPED,1.0,1.0,1,1,1,0.003985166549682617
0,1,Rows,Addition,809,BOOTSTRAPPED,1.0,1.0,1,1,1,0.0038700103759765625
0,1,Rows,Addition,810,BOOTSTRAPPED,1.0,1.0,1,1,1,0.003679037094116211
0,1,Rows,Addition,811,BOOTSTRAPPED,1.0,1.0,1,1,1,0.003504037857055664
0,1,Rows,Addition,812,BOOTSTRAPPED,1.0,1.0,1,1,1,0.0035598278045654297
0,1,Rows,Addition,813,BOOTSTRAPPED,1.0,1.0,1,1,1,0.003587007522583008
0,1,Rows,Addition,814,BOOTSTRAPPED,1.0,1.0,1,1,1,0.003604888916015625
0,1,Rows,Addition,815,BOOTSTRAPPED,1.0,1.0,1,1,1,0.0035991668701171875
0,1,Rows,Addition,816,BOOTSTRAPPED,1.0,1.0,1,1,1,0.003596067428588867
0,1,Rows,Addition,817,BOOTSTRAPPED,1.0,1.0,1,1,1,0.0035789012908935547
0,1,Rows,Addition,818,BOOTSTRAPPED,1.0,1.0,1,1,1,0.003576993942260742
0,1,Rows,Addition,819,BOOTSTRAPPED,1.0,1.0,1,1,1,0.0035729408264160156
0,1,Rows,Addition,820,BOOTSTRAPPED,1.0,1.0,1,1,1,0.0035858154296875
0,1,Rows,Addition,821,BOOTSTRAPPED,1.0,1.0,1,1,1,0.0035750865936279297
0,1,Rows,Addition,822,BOOTSTRAPPED,1.0,1.0,1,1,1,0.003599882125854492
0,1,Rows,Addition,823,BOOTSTRAPPED,1.0,1.0,1,1,1,0.003596067428588867
0,1,Rows,Addition,824,BOOTSTRAPPED,1.0,1.0,1,1,1,0.003773212432861328
0,1,Rows,Addition,825,BOOTSTRAPPED,1.0,1.0,1,1,1,0.003574848175048828
0,1,Rows,Addition,826,BOOTSTRAPPED,1.0,1.0,1,1,1,0.003621339797973633
0,1,Rows,Addition,827,BOOTSTRAPPED,1.0,1.0,1,1,1,0.003596067428588867
0,1,Rows,Addition,828,BOOTSTRAPPED,1.0,1.0,1,1,1,0.003565073013305664
0,1,Rows,Addition,829,BOOTSTRAPPED,1.0,1.0,1,1,1,0.0035860538482666016
0,1,Rows,Addition,830,BOOTSTRAPPED,1.0,1.0,1,1,1,0.003662109375
0,1,Rows,Addition,831,BOOTSTRAPPED,1.0,1.0,1,1,1,0.003631114959716797
0,1,Rows,Addition,832,BOOTSTRAPPED,1.0,1.0,1,1,1,0.0036139488220214844
0,1,Rows,Addition,833,BOOTSTRAPPED,1.0,1.0,1,1,1,0.003667116165161133
0,1,Rows,Addition,834,BOOTSTRAPPED,1.0,1.0,1,1,1,0.0036230087280273438
0,1,Rows,Addition,835,BOOTSTRAPPED,1.0,1.0,1,1,1,0.003628969192504883
0,1,Rows,Addition,836,BOOTSTRAPPED,1.0,1.0,1,1,1,0.003591775894165039
0,1,Rows,Addition,837,BOOTSTRAPPED,1.0,1.0,1,1,1,0.003610849380493164
0,1,Rows,Addition,838,BOOTSTRAPPED,1.0,1.0,1,1,1,0.0036001205444335938
0,1,Rows,Addition,839,BOOTSTRAPPED,1.0,1.0,1,1,1,0.0036139488220214844
0,1,Rows,Addition,840,BOOTSTRAPPED,1.0,1.0,1,1,1,0.0036101341247558594
0,1,Rows,Addition,841,BOOTSTRAPPED,1.0,1.0,1,1,1,0.003631114959716797
0,1,Rows,Addition,842,BOOTSTRAPPED,1.0,1.0,1,1,1,0.0035941600799560547
0,1,Rows,Addition,843,BOOTSTRAPPED,1.0,1.0,1,1,1,0.0035431385040283203
0,1,Rows,Addition,844,BOOTSTRAPPED,1.0,1.0,1,1,1,0.003566265106201172
0,1,Rows,Addition,845,BOOTSTRAPPED,1.0,1.0,1,1,1,0.003570079803466797
0,1,Rows,Addition,846,BOOTSTRAPPED,1.0,1.0,1,1,1,0.0036401748657226562
0,1,Rows,Addition,847,BOOTSTRAPPED,1.0,1.0,1,1,1,0.0035102367401123047
0,1,Rows,Addition,848,BOOTSTRAPPED,1.0,1.0,1,1,1,0.0035429000854492188
0,1,Rows,Addition,849,BOOTSTRAPPED,1.0,1.0,1,1,1,0.0035772323608398438
0,1,Rows,Addition,850,BOOTSTRAPPED,1.0,1.0,1,1,1,0.003557920455932617
0,1,Rows,Addition,851,BOOTSTRAPPED,1.0,1.0,1,1,1,0.0035440921783447266
0,1,Rows,Addition,852,BOOTSTRAPPED,1.0,1.0,1,1,1,0.0035576820373535156
0,1,Rows,Addition,853,BOOTSTRAPPED,1.0,1.0,1,1,1,0.004227161407470703
0,1,Rows,Addition,854,BOOTSTRAPPED,1.0,1.0,1,1,1,0.0036058425903320312
0,1,Rows,Addition,855,BOOTSTRAPPED,1.0,1.0,1,1,1,0.003577709197998047
0,1,Rows,Addition,856,BOOTSTRAPPED,1.0,1.0,1,1,1,0.003569364547729492
0,1,Rows,Addition,857,BOOTSTRAPPED,1.0,1.0,1,1,1,0.0036399364471435547
0,1,Rows,Addition,858,BOOTSTRAPPED,1.0,1.0,1,1,1,0.0036089420318603516
0,1,Rows,Addition,859,BOOTSTRAPPED,1.0,1.0,1,1,1,0.0035982131958007812
0,1,Rows,Addition,860,BOOTSTRAPPED,1.0,1.0,1,1,1,0.003628969192504883
0,1,Rows,Addition,861,BOOTSTRAPPED,1.0,1.0,1,1,1,0.0034949779510498047
0,1,Rows,Addition,862,BOOTSTRAPPED,1.0,1.0,1,1,1,0.003538846969604492
0,1,Rows,Addition,863,BOOTSTRAPPED,1.0,1.0,1,1,1,0.0035271644592285156
0,1,Rows,Addition,864,BOOTSTRAPPED,1.0,1.0,1,1,1,0.0035822391510009766
0,1,Rows,Addition,865,BOOTSTRAPPED,1.0,1.0,1,1,1,0.003604888916015625
0,1,Rows,Addition,866,BOOTSTRAPPED,1.0,1.0,1,1,1,0.0036242008209228516
0,1,Rows,Addition,867,BOOTSTRAPPED,1.0,1.0,1,1,1,0.0035851001739501953
0,1,Rows,Addition,868,BOOTSTRAPPED,1.0,1.0,1,1,1,0.003587007522583008
0,1,Rows,Addition,869,BOOTSTRAPPED,1.0,1.0,1,1,1,0.0035729408264160156
0,1,Rows,Addition,870,BOOTSTRAPPED,1.0,1.0,1,1,1,0.003565073013305664
0,1,Rows,Addition,871,BOOTSTRAPPED,1.0,1.0,1,1,1,0.003549814224243164
0,1,Rows,Addition,872,BOOTSTRAPPED,1.0,1.0,1,1,1,0.003615140914916992
0,1,Rows,Addition,873,BOOTSTRAPPED,1.0,1.0,1,1,1,0.003487825393676758
0,1,Rows,Addition,874,BOOTSTRAPPED,1.0,1.0,1,1,1,0.0035619735717773438
0,1,Rows,Addition,875,BOOTSTRAPPED,1.0,1.0,1,1,1,0.0035338401794433594
0,1,Rows,Addition,876,BOOTSTRAPPED,1.0,1.0,1,1,1,0.003571033477783203
0,1,Rows,Addition,877,BOOTSTRAPPED,1.0,1.0,1,1,1,0.0035867691040039062
0,1,Rows,Addition,878,BOOTSTRAPPED,1.0,1.0,1,1,1,0.003549337387084961
0,1,Rows,Addition,879,BOOTSTRAPPED,1.0,1.0,1,1,1,0.003592967987060547
0,1,Rows,Addition,880,BOOTSTRAPPED,1.0,1.0,1,1,1,0.0035979747772216797
0,1,Rows,Addition,881,BOOTSTRAPPED,1.0,1.0,1,1,1,0.0039119720458984375
0,1,Rows,Addition,882,BOOTSTRAPPED,1.0,1.0,1,1,1,0.0036492347717285156
0,1,Rows,Addition,883,BOOTSTRAPPED,1.0,1.0,1,1,1,0.0036950111389160156
0,1,Rows,Addition,884,BOOTSTRAPPED,1.0,1.0,1,1,1,0.0036699771881103516
0,1,Rows,Addition,885,BOOTSTRAPPED,1.0,1.0,1,1,1,0.0036308765411376953
0,1,Rows,Addition,886,BOOTSTRAPPED,1.0,1.0,1,1,1,0.0035848617553710938
0,1,Rows,Addition,887,BOOTSTRAPPED,1.0,1.0,1,1,1,0.0035791397094726562
0,1,Rows,Addition,888,BOOTSTRAPPED,1.0,1.0,1,1,1,0.003564119338989258
0,1,Rows,Addition,889,BOOTSTRAPPED,1.0,1.0,1,1,1,0.0035598278045654297
0,1,Rows,Addition,890,BOOTSTRAPPED,1.0,1.0,1,1,1,0.003582000732421875
0,1,Rows,Addition,891,BOOTSTRAPPED,1.0,1.0,1,1,1,0.003592252731323242
0,1,Rows,Addition,892,BOOTSTRAPPED,1.0,1.0,1,1,1,0.003607034683227539
0,1,Rows,Addition,893,BOOTSTRAPPED,1.0,1.0,1,1,1,0.003637075424194336
0,1,Rows,Addition,894,BOOTSTRAPPED,1.0,1.0,1,1,1,0.003656148910522461
0,1,Rows,Addition,895,BOOTSTRAPPED,1.0,1.0,1,1,1,0.003628969192504883
0,1,Rows,Addition,896,BOOTSTRAPPED,1.0,1.0,1,1,1,0.0035889148712158203
0,1,Rows,Addition,897,BOOTSTRAPPED,1.0,1.0,1,1,1,0.00362396240234375
0,1,Rows,Addition,898,BOOTSTRAPPED,1.0,1.0,1,1,1,0.0035932064056396484
0,1,Rows,Addition,899,BOOTSTRAPPED,1.0,1.0,1,1,1,0.003620147705078125
0,1,Rows,Addition,900,BOOTSTRAPPED,1.0,1.0,1,1,1,0.0038330554962158203
0,1,Rows,Addition,901,BOOTSTRAPPED,1.0,1.0,1,1,1,0.003904104232788086
0,1,Rows,Addition,902,BOOTSTRAPPED,1.0,1.0,1,1,1,0.003778219223022461
0,1,Rows,Addition,903,BOOTSTRAPPED,1.0,1.0,1,1,1,0.003567934036254883
0,1,Rows,Addition,904,BOOTSTRAPPED,1.0,1.0,1,1,1,0.003589153289794922
0,1,Rows,Addition,905,BOOTSTRAPPED,1.0,1.0,1,1,1,0.003564119338989258
0,1,Rows,Addition,906,BOOTSTRAPPED,1.0,1.0,1,1,1,0.003545045852661133
0,1,Rows,Addition,907,BOOTSTRAPPED,1.0,1.0,1,1,1,0.0036270618438720703
0,1,Rows,Addition,908,BOOTSTRAPPED,1.0,1.0,1,1,1,0.0035948753356933594
0,1,Rows,Addition,909,BOOTSTRAPPED,1.0,1.0,1,1,1,0.0036280155181884766
0,1,Rows,Addition,910,BOOTSTRAPPED,1.0,1.0,1,1,1,0.0036051273345947266
0,1,Rows,Addition,911,BOOTSTRAPPED,1.0,1.0,1,1,1,0.0035932064056396484
0,1,Rows,Addition,912,BOOTSTRAPPED,1.0,1.0,1,1,1,0.003598928451538086
0,1,Rows,Addition,913,BOOTSTRAPPED,1.0,1.0,1,1,1,0.0036170482635498047
0,1,Rows,Addition,914,BOOTSTRAPPED,1.0,1.0,1,1,1,0.0035941600799560547
0,1,Rows,Addition,915,BOOTSTRAPPED,1.0,1.0,1,1,1,0.003604888916015625
0,1,Rows,Addition,916,BOOTSTRAPPED,1.0,1.0,1,1,1,0.0035889148712158203
0,1,Rows,Addition,917,BOOTSTRAPPED,1.0,1.0,1,1,1,0.0035979747772216797
0,1,Rows,Addition,918,BOOTSTRAPPED,1.0,1.0,1,1,1,0.003570079803466797
0,1,Rows,Addition,919,BOOTSTRAPPED,1.0,1.0,1,1,1,0.003587961196899414
0,1,Rows,Addition,920,BOOTSTRAPPED,1.0,1.0,1,1,1,0.0035829544067382812
0,1,Rows,Addition,921,BOOTSTRAPPED,1.0,1.0,1,1,1,0.003591299057006836
0,1,Rows,Addition,922,BOOTSTRAPPED,1.0,1.0,1,1,1,0.0035810470581054688
0,1,Rows,Addition,923,BOOTSTRAPPED,1.0,1.0,1,1,1,0.0035741329193115234
0,1,Rows,Addition,924,BOOTSTRAPPED,1.0,1.0,1,1,1,0.0035719871520996094
0,1,Rows,Addition,925,BOOTSTRAPPED,1.0,1.0,1,1,1,0.004055023193359375
0,1,Rows,Addition,926,BOOTSTRAPPED,1.0,1.0,1,1,1,0.0038766860961914062
0,1,Rows,Addition,927,BOOTSTRAPPED,1.0,1.0,1,1,1,0.003571033477783203
0,1,Rows,Addition,928,BOOTSTRAPPED,1.0,1.0,1,1,1,0.003615856170654297
0,1,Rows,Addition,929,BOOTSTRAPPED,1.0,1.0,1,1,1,0.0036878585815429688
0,1,Rows,Addition,930,BOOTSTRAPPED,1.0,1.0,1,1,1,0.0037109851837158203
0,1,Rows,Addition,931,BOOTSTRAPPED,1.0,1.0,1,1,1,0.0036458969116210938
0,1,Rows,Addition,932,BOOTSTRAPPED,1.0,1.0,1,1,1,0.003638744354248047
0,1,Rows,Addition,933,BOOTSTRAPPED,1.0,1.0,1,1,1,0.003628253936767578
0,1,Rows,Addition,934,BOOTSTRAPPED,1.0,1.0,1,1,1,0.0037109851837158203
0,1,Rows,Addition,935,BOOTSTRAPPED,1.0,1.0,1,1,1,0.0035359859466552734
0,1,Rows,Addition,936,BOOTSTRAPPED,1.0,1.0,1,1,1,0.003576040267944336
0,1,Rows,Addition,937,BOOTSTRAPPED,1.0,1.0,1,1,1,0.004113912582397461
0,1,Rows,Addition,938,BOOTSTRAPPED,1.0,1.0,1,1,1,0.003603219985961914
0,1,Rows,Addition,939,BOOTSTRAPPED,1.0,1.0,1,1,1,0.0036652088165283203
0,1,Rows,Addition,940,BOOTSTRAPPED,1.0,1.0,1,1,1,0.003612041473388672
0,1,Rows,Addition,941,BOOTSTRAPPED,1.0,1.0,1,1,1,0.0037360191345214844
0,1,Rows,Addition,942,BOOTSTRAPPED,1.0,1.0,1,1,1,0.0035910606384277344
0,1,Rows,Addition,943,BOOTSTRAPPED,1.0,1.0,1,1,1,0.0036628246307373047
0,1,Rows,Addition,944,BOOTSTRAPPED,1.0,1.0,1,1,1,0.0035839080810546875
0,1,Rows,Addition,945,BOOTSTRAPPED,1.0,1.0,1,1,1,0.0036280155181884766
0,1,Rows,Addition,946,BOOTSTRAPPED,1.0,1.0,1,1,1,0.0035932064056396484
0,1,Rows,Addition,947,BOOTSTRAPPED,1.0,1.0,1,1,1,0.003593921661376953
0,1,Rows,Addition,948,BOOTSTRAPPED,1.0,1.0,1,1,1,0.003579854965209961
0,1,Rows,Addition,949,BOOTSTRAPPED,1.0,1.0,1,1,1,0.003612995147705078
0,1,Rows,Addition,950,BOOTSTRAPPED,1.0,1.0,1,1,1,0.003580808639526367
0,1,Rows,Addition,951,BOOTSTRAPPED,1.0,1.0,1,1,1,0.0035867691040039062
0,1,Rows,Addition,952,BOOTSTRAPPED,1.0,1.0,1,1,1,0.0035767555236816406
0,1,Rows,Addition,953,BOOTSTRAPPED,1.0,1.0,1,1,1,0.003592967987060547
0,1,Rows,Addition,954,BOOTSTRAPPED,1.0,1.0,1,1,1,0.003612995147705078
0,1,Rows,Addition,955,BOOTSTRAPPED,1.0,1.0,1,1,1,0.003576040267944336
0,1,Rows,Addition,956,BOOTSTRAPPED,1.0,1.0,1,1,1,0.0035860538482666016
0,1,Rows,Addition,957,BOOTSTRAPPED,1.0,1.0,1,1,1,0.0035867691040039062
0,1,Rows,Addition,958,BOOTSTRAPPED,1.0,1.0,1,1,1,0.0035600662231445312
0,1,Rows,Addition,959,BOOTSTRAPPED,1.0,1.0,1,1,1,0.003599882125854492
0,1,Rows,Addition,960,BOOTSTRAPPED,1.0,1.0,1,1,1,0.0035779476165771484
0,1,Rows,Addition,961,BOOTSTRAPPED,1.0,1.0,1,1,1,0.0035028457641601562
0,1,Rows,Addition,962,BOOTSTRAPPED,1.0,1.0,1,1,1,0.00357818603515625
0,1,Rows,Addition,963,BOOTSTRAPPED,1.0,1.0,1,1,1,0.003587007522583008
0,1,Rows,Addition,964,BOOTSTRAPPED,1.0,1.0,1,1,1,0.003576993942260742
0,1,Rows,Addition,965,BOOTSTRAPPED,1.0,1.0,1,1,1,0.0035970211029052734
0,1,Rows,Addition,966,BOOTSTRAPPED,1.0,1.0,1,1,1,0.0035750865936279297
0,1,Rows,Addition,967,BOOTSTRAPPED,1.0,1.0,1,1,1,0.0035991668701171875
0,1,Rows,Addition,968,BOOTSTRAPPED,1.0,1.0,1,1,1,0.0035872459411621094
0,1,Rows,Addition,969,BOOTSTRAPPED,1.0,1.0,1,1,1,0.003470182418823242
0,1,Rows,Addition,970,BOOTSTRAPPED,1.0,1.0,1,1,1,0.0035448074340820312
0,1,Rows,Addition,971,BOOTSTRAPPED,1.0,1.0,1,1,1,0.0035660266876220703
0,1,Rows,Addition,972,BOOTSTRAPPED,1.0,1.0,1,1,1,0.0035910606384277344
0,1,Rows,Addition,973,BOOTSTRAPPED,1.0,1.0,1,1,1,0.003468751907348633
0,1,Rows,Addition,974,BOOTSTRAPPED,1.0,1.0,1,1,1,0.0035538673400878906
0,1,Rows,Addition,975,BOOTSTRAPPED,1.0,1.0,1,1,1,0.0035750865936279297
0,1,Rows,Addition,976,BOOTSTRAPPED,1.0,1.0,1,1,1,0.0035817623138427734
0,1,Rows,Addition,977,BOOTSTRAPPED,1.0,1.0,1,1,1,0.0034761428833007812
0,1,Rows,Addition,978,BOOTSTRAPPED,1.0,1.0,1,1,1,0.0035567283630371094
0,1,Rows,Addition,979,BOOTSTRAPPED,1.0,1.0,1,1,1,0.0035729408264160156
0,1,Rows,Addition,980,BOOTSTRAPPED,1.0,1.0,1,1,1,0.003571033477783203
0,1,Rows,Addition,981,BOOTSTRAPPED,1.0,1.0,1,1,1,0.0035262107849121094
0,1,Rows,Addition,982,BOOTSTRAPPED,1.0,1.0,1,1,1,0.003579854965209961
0,1,Rows,Addition,983,BOOTSTRAPPED,1.0,1.0,1,1,1,0.0035800933837890625
0,1,Rows,Addition,984,BOOTSTRAPPED,1.0,1.0,1,1,1,0.0035851001739501953
0,1,Rows,Addition,985,BOOTSTRAPPED,1.0,1.0,1,1,1,0.003493785858154297
0,1,Rows,Addition,986,BOOTSTRAPPED,1.0,1.0,1,1,1,0.003551959991455078
0,1,Rows,Addition,987,BOOTSTRAPPED,1.0,1.0,1,1,1,0.003579854965209961
0,1,Rows,Addition,988,BOOTSTRAPPED,1.0,1.0,1,1,1,0.0035810470581054688
0,1,Rows,Addition,989,BOOTSTRAPPED,1.0,1.0,1,1,1,0.0035190582275390625
0,1,Rows,Addition,990,BOOTSTRAPPED,1.0,1.0,1,1,1,0.003530740737915039
0,1,Rows,Addition,991,BOOTSTRAPPED,1.0,1.0,1,1,1,0.0035767555236816406
0,1,Rows,Addition,992,BOOTSTRAPPED,1.0,1.0,1,1,1,0.0035691261291503906
0,1,Rows,Addition,993,BOOTSTRAPPED,1.0,1.0,1,1,1,0.0035822391510009766
0,1,Rows,Addition,994,BOOTSTRAPPED,1.0,1.0,1,1,1,0.003718137741088867
0,1,Rows,Addition,995,BOOTSTRAPPED,1.0,1.0,1,1,1,0.0035676956176757812
0,1,Rows,Addition,996,BOOTSTRAPPED,1.0,1.0,1,1,1,0.003592967987060547
0,1,Rows,Addition,997,BOOTSTRAPPED,1.0,1.0,1,1,1,0.0035810470581054688
0,1,Rows,Addition,998,BOOTSTRAPPED,1.0,1.0,1,1,1,0.0035729408264160156
0,1,Rows,Addition,999,BOOTSTRAPPED,1.0,1.0,1,1,1,0.00357818603515625
0,1,Rows,Addition,1000,BOOTSTRAPPED,1.0,1.0,1,1,1,0.0035948753356933594
0,1,Rows,Addition,1001,BOOTSTRAPPED,1.0,1.0,1,1,1,0.003584146499633789
0,1,Rows,Addition,1002,BOOTSTRAPPED,1.0,1.0,1,1,1,0.0035860538482666016
0,1,Rows,Addition,1003,BOOTSTRAPPED,1.0,1.0,1,1,1,0.003589153289794922
0,1,Rows,Addition,1004,BOOTSTRAPPED,1.0,1.0,1,1,1,0.0035719871520996094
0,1,Rows,Addition,1005,BOOTSTRAPPED,1.0,1.0,1,1,1,0.0035729408264160156
0,1,Rows,Addition,1006,BOOTSTRAPPED,1.0,1.0,1,1,1,0.0035970211029052734
0,1,Rows,Addition,1007,BOOTSTRAPPED,1.0,1.0,1,1,1,0.0035707950592041016
0,1,Rows,Addition,1008,BOOTSTRAPPED,1.0,1.0,1,1,1,0.003573894500732422
0,1,Rows,Addition,1009,BOOTSTRAPPED,1.0,1.0,1,1,1,0.0035810470581054688
0,1,Rows,Addition,1010,BOOTSTRAPPED,1.0,1.0,1,1,1,0.0035681724548339844
0,1,Rows,Addition,1011,BOOTSTRAPPED,1.0,1.0,1,1,1,0.0035750865936279297
0,1,Rows,Addition,1012,BOOTSTRAPPED,1.0,1.0,1,1,1,0.003576993942260742
0,1,Rows,Addition,1013,BOOTSTRAPPED,1.0,1.0,1,1,1,0.0035767555236816406
0,1,Rows,Addition,1014,BOOTSTRAPPED,1.0,1.0,1,1,1,0.0035703182220458984
0,1,Rows,Addition,1015,BOOTSTRAPPED,1.0,1.0,1,1,1,0.0036127567291259766
0,1,Rows,Addition,1016,BOOTSTRAPPED,1.0,1.0,1,1,1,0.0034699440002441406
0,1,Rows,Addition,1017,BOOTSTRAPPED,1.0,1.0,1,1,1,0.003589153289794922
0,1,Rows,Addition,1018,BOOTSTRAPPED,1.0,1.0,1,1,1,0.003596782684326172
0,1,Rows,Addition,1019,BOOTSTRAPPED,1.0,1.0,1,1,1,0.003618001937866211
0,1,Rows,Addition,1020,BOOTSTRAPPED,1.0,1.0,1,1,1,0.0035910606384277344
0,1,Rows,Addition,1021,BOOTSTRAPPED,1.0,1.0,1,1,1,0.0036258697509765625
0,1,Rows,Addition,1022,BOOTSTRAPPED,1.0,1.0,1,1,1,0.003587007522583008
0,1,Rows,Addition,1023,BOOTSTRAPPED,1.0,1.0,1,1,1,0.0036139488220214844
0,1,Rows,Addition,1024,BOOTSTRAPPED,1.0,1.0,1,1,1,0.003571033477783203
0,1,Rows,Addition,1025,BOOTSTRAPPED,1.0,1.0,1,1,1,0.003607034683227539
0,1,Rows,Addition,1026,BOOTSTRAPPED,1.0,1.0,1,1,1,0.0035758018493652344
0,1,Rows,Addition,1027,BOOTSTRAPPED,1.0,1.0,1,1,1,0.003634214401245117
0,1,Rows,Addition,1028,BOOTSTRAPPED,1.0,1.0,1,1,1,0.003570079803466797
0,1,Rows,Addition,1029,BOOTSTRAPPED,1.0,1.0,1,1,1,0.003603219985961914
0,1,Rows,Addition,1030,BOOTSTRAPPED,1.0,1.0,1,1,1,0.003589153289794922
0,1,Rows,Addition,1031,BOOTSTRAPPED,1.0,1.0,1,1,1,0.0036020278930664062
0,1,Rows,Addition,1032,BOOTSTRAPPED,1.0,1.0,1,1,1,0.0035848617553710938
0,1,Rows,Addition,1033,BOOTSTRAPPED,1.0,1.0,1,1,1,0.0035867691040039062
0,1,Rows,Addition,1034,BOOTSTRAPPED,1.0,1.0,1,1,1,0.0035681724548339844
0,1,Rows,Addition,1035,BOOTSTRAPPED,1.0,1.0,1,1,1,0.003596782684326172
0,1,Rows,Addition,1036,BOOTSTRAPPED,1.0,1.0,1,1,1,0.003567218780517578
0,1,Rows,Addition,1037,BOOTSTRAPPED,1.0,1.0,1,1,1,0.003592967987060547
0,1,Rows,Addition,1038,BOOTSTRAPPED,1.0,1.0,1,1,1,0.003576040267944336
0,1,Rows,Addition,1039,BOOTSTRAPPED,1.0,1.0,1,1,1,0.00409698486328125
0,1,Rows,Addition,1040,BOOTSTRAPPED,1.0,1.0,1,1,1,0.0036079883575439453
0,1,Rows,Addition,1041,BOOTSTRAPPED,1.0,1.0,1,1,1,0.0035920143127441406
0,1,Rows,Addition,1042,BOOTSTRAPPED,1.0,1.0,1,1,1,0.0035848617553710938
0,1,Rows,Addition,1043,BOOTSTRAPPED,1.0,1.0,1,1,1,0.0036139488220214844
0,1,Rows,Addition,1044,BOOTSTRAPPED,1.0,1.0,1,1,1,0.0036041736602783203
0,1,Rows,Addition,1045,BOOTSTRAPPED,1.0,1.0,1,1,1,0.003720998764038086
0,1,Rows,Addition,1046,BOOTSTRAPPED,1.0,1.0,1,1,1,0.0036306381225585938
0,1,Rows,Addition,1047,BOOTSTRAPPED,1.0,1.0,1,1,1,0.0036628246307373047
0,1,Rows,Addition,1048,BOOTSTRAPPED,1.0,1.0,1,1,1,0.0035941600799560547
0,1,Rows,Addition,1049,BOOTSTRAPPED,1.0,1.0,1,1,1,0.0036640167236328125
0,1,Rows,Addition,1050,BOOTSTRAPPED,1.0,1.0,1,1,1,0.003652811050415039
0,1,Rows,Addition,1051,BOOTSTRAPPED,1.0,1.0,1,1,1,0.0036149024963378906
0,1,Rows,Addition,1052,BOOTSTRAPPED,1.0,1.0,1,1,1,0.003676891326904297
0,1,Rows,Addition,1053,BOOTSTRAPPED,1.0,1.0,1,1,1,0.003576040267944336
0,1,Rows,Addition,1054,BOOTSTRAPPED,1.0,1.0,1,1,1,0.0035881996154785156
0,1,Rows,Addition,1055,BOOTSTRAPPED,1.0,1.0,1,1,1,0.0035448074340820312
0,1,Rows,Addition,1056,BOOTSTRAPPED,1.0,1.0,1,1,1,0.0035560131072998047
0,1,Rows,Addition,1057,BOOTSTRAPPED,1.0,1.0,1,1,1,0.0035190582275390625
0,1,Rows,Addition,1058,BOOTSTRAPPED,1.0,1.0,1,1,1,0.0035920143127441406
0,1,Rows,Addition,1059,BOOTSTRAPPED,1.0,1.0,1,1,1,0.003590822219848633
0,1,Rows,Addition,1060,BOOTSTRAPPED,1.0,1.0,1,1,1,0.003618955612182617
0,1,Rows,Addition,1061,BOOTSTRAPPED,1.0,1.0,1,1,1,0.0034809112548828125
0,1,Rows,Addition,1062,BOOTSTRAPPED,1.0,1.0,1,1,1,0.0037653446197509766
0,1,Rows,Addition,1063,BOOTSTRAPPED,1.0,1.0,1,1,1,0.003596067428588867
0,1,Rows,Addition,1064,BOOTSTRAPPED,1.0,1.0,1,1,1,0.003626108169555664
0,1,Rows,Addition,1065,BOOTSTRAPPED,1.0,1.0,1,1,1,0.003515005111694336
0,1,Rows,Addition,1066,BOOTSTRAPPED,1.0,1.0,1,1,1,0.0035920143127441406
0,1,Rows,Addition,1067,BOOTSTRAPPED,1.0,1.0,1,1,1,0.0036270618438720703
0,1,Rows,Addition,1068,BOOTSTRAPPED,1.0,1.0,1,1,1,0.0035829544067382812
0,1,Rows,Addition,1069,BOOTSTRAPPED,1.0,1.0,1,1,1,0.0034859180450439453
0,1,Rows,Addition,1070,BOOTSTRAPPED,1.0,1.0,1,1,1,0.003564119338989258
0,1,Rows,Addition,1071,BOOTSTRAPPED,1.0,1.0,1,1,1,0.0035750865936279297
0,1,Rows,Addition,1072,BOOTSTRAPPED,1.0,1.0,1,1,1,0.003587007522583008
0,1,Rows,Addition,1073,BOOTSTRAPPED,1.0,1.0,1,1,1,0.0035829544067382812
0,1,Rows,Addition,1074,BOOTSTRAPPED,1.0,1.0,1,1,1,0.00357818603515625
0,1,Rows,Addition,1075,BOOTSTRAPPED,1.0,1.0,1,1,1,0.0035810470581054688
0,1,Rows,Addition,1076,BOOTSTRAPPED,1.0,1.0,1,1,1,0.003598928451538086
0,1,Rows,Addition,1077,BOOTSTRAPPED,1.0,1.0,1,1,1,0.003523111343383789
0,1,Rows,Addition,1078,BOOTSTRAPPED,1.0,1.0,1,1,1,0.003966808319091797
0,1,Rows,Addition,1079,BOOTSTRAPPED,1.0,1.0,1,1,1,0.00397491455078125
0,1,Rows,Addition,1080,BOOTSTRAPPED,1.0,1.0,1,1,1,0.0037522315979003906
0,1,Rows,Addition,1081,BOOTSTRAPPED,1.0,1.0,1,1,1,0.0036101341247558594
0,1,Rows,Addition,1082,BOOTSTRAPPED,1.0,1.0,1,1,1,0.0035970211029052734
0,1,Rows,Addition,1083,BOOTSTRAPPED,1.0,1.0,1,1,1,0.003650188446044922
0,1,Rows,Addition,1084,BOOTSTRAPPED,1.0,1.0,1,1,1,0.0036458969116210938
0,1,Rows,Addition,1085,BOOTSTRAPPED,1.0,1.0,1,1,1,0.0035011768341064453
0,1,Rows,Addition,1086,BOOTSTRAPPED,1.0,1.0,1,1,1,0.003582000732421875
0,1,Rows,Addition,1087,BOOTSTRAPPED,1.0,1.0,1,1,1,0.003584146499633789
0,1,Rows,Addition,1088,BOOTSTRAPPED,1.0,1.0,1,1,1,0.0036041736602783203
0,1,Rows,Addition,1089,BOOTSTRAPPED,1.0,1.0,1,1,1,0.0035812854766845703
0,1,Rows,Addition,1090,BOOTSTRAPPED,1.0,1.0,1,1,1,0.0035877227783203125
0,1,Rows,Addition,1091,BOOTSTRAPPED,1.0,1.0,1,1,1,0.0035338401794433594
0,1,Rows,Addition,1092,BOOTSTRAPPED,1.0,1.0,1,1,1,0.0035560131072998047
0,1,Rows,Addition,1093,BOOTSTRAPPED,1.0,1.0,1,1,1,0.003543853759765625
0,1,Rows,Addition,1094,BOOTSTRAPPED,1.0,1.0,1,1,1,0.003576040267944336
0,1,Rows,Addition,1095,BOOTSTRAPPED,1.0,1.0,1,1,1,0.003590106964111328
0,1,Rows,Addition,1096,BOOTSTRAPPED,1.0,1.0,1,1,1,0.0036110877990722656
0,1,Rows,Addition,1097,BOOTSTRAPPED,1.0,1.0,1,1,1,0.0034668445587158203
0,1,Rows,Addition,1098,BOOTSTRAPPED,1.0,1.0,1,1,1,0.003567934036254883
0,1,Rows,Addition,1099,BOOTSTRAPPED,1.0,1.0,1,1,1,0.0035042762756347656
0,1,Rows,Addition,1100,BOOTSTRAPPED,1.0,1.0,1,1,1,0.0035810470581054688
0,1,Rows,Addition,1101,BOOTSTRAPPED,1.0,1.0,1,1,1,0.003494739532470703
0,1,Rows,Addition,1102,BOOTSTRAPPED,1.0,1.0,1,1,1,0.003574848175048828
0,1,Rows,Addition,1103,BOOTSTRAPPED,1.0,1.0,1,1,1,0.003590822219848633
0,1,Rows,Addition,1104,BOOTSTRAPPED,1.0,1.0,1,1,1,0.003593921661376953
0,1,Rows,Addition,1105,BOOTSTRAPPED,1.0,1.0,1,1,1,0.0034949779510498047
0,1,Rows,Addition,1106,BOOTSTRAPPED,1.0,1.0,1,1,1,0.0035560131072998047
0,1,Rows,Addition,1107,BOOTSTRAPPED,1.0,1.0,1,1,1,0.003490924835205078
0,1,Rows,Addition,1108,BOOTSTRAPPED,1.0,1.0,1,1,1,0.003592967987060547
0,1,Rows,Addition,1109,BOOTSTRAPPED,1.0,1.0,1,1,1,0.0034186840057373047
0,1,Rows,Addition,1110,BOOTSTRAPPED,1.0,1.0,1,1,1,0.0035948753356933594
0,1,Rows,Addition,1111,BOOTSTRAPPED,1.0,1.0,1,1,1,0.003587007522583008
0,1,Rows,Addition,1112,BOOTSTRAPPED,1.0,1.0,1,1,1,0.003573894500732422
0,1,Rows,Addition,1113,BOOTSTRAPPED,1.0,1.0,1,1,1,0.0034668445587158203
0,1,Rows,Addition,1114,BOOTSTRAPPED,1.0,1.0,1,1,1,0.0035610198974609375
0,1,Rows,Addition,1115,BOOTSTRAPPED,1.0,1.0,1,1,1,0.0035390853881835938
0,1,Rows,Addition,1116,BOOTSTRAPPED,1.0,1.0,1,1,1,0.0035660266876220703
0,1,Rows,Addition,1117,BOOTSTRAPPED,1.0,1.0,1,1,1,0.003580331802368164
0,1,Rows,Addition,1118,BOOTSTRAPPED,1.0,1.0,1,1,1,0.003576040267944336
0,1,Rows,Addition,1119,BOOTSTRAPPED,1.0,1.0,1,1,1,0.0035729408264160156
0,1,Rows,Addition,1120,BOOTSTRAPPED,1.0,1.0,1,1,1,0.0035889148712158203
0,1,Rows,Addition,1121,BOOTSTRAPPED,1.0,1.0,1,1,1,0.003481149673461914
0,1,Rows,Addition,1122,BOOTSTRAPPED,1.0,1.0,1,1,1,0.0035431385040283203
0,1,Rows,Addition,1123,BOOTSTRAPPED,1.0,1.0,1,1,1,0.0035309791564941406
0,1,Rows,Addition,1124,BOOTSTRAPPED,1.0,1.0,1,1,1,0.0035719871520996094
0,1,Rows,Addition,1125,BOOTSTRAPPED,1.0,1.0,1,1,1,0.003609180450439453
0,1,Rows,Addition,1126,BOOTSTRAPPED,1.0,1.0,1,1,1,0.0036001205444335938
0,1,Rows,Addition,1127,BOOTSTRAPPED,1.0,1.0,1,1,1,0.0041217803955078125
0,1,Rows,Addition,1128,BOOTSTRAPPED,1.0,1.0,1,1,1,0.0036580562591552734
0,1,Rows,Addition,1129,BOOTSTRAPPED,1.0,1.0,1,1,1,0.003690958023071289
0,1,Rows,Addition,1130,BOOTSTRAPPED,1.0,1.0,1,1,1,0.0036401748657226562
0,1,Rows,Addition,1131,BOOTSTRAPPED,1.0,1.0,1,1,1,0.003660917282104492
0,1,Rows,Addition,1132,BOOTSTRAPPED,1.0,1.0,1,1,1,0.003607034683227539
0,1,Rows,Addition,1133,BOOTSTRAPPED,1.0,1.0,1,1,1,0.003590106964111328
0,1,Rows,Addition,1134,BOOTSTRAPPED,1.0,1.0,1,1,1,0.003604888916015625
0,1,Rows,Addition,1135,BOOTSTRAPPED,1.0,1.0,1,1,1,0.003584146499633789
0,1,Rows,Addition,1136,BOOTSTRAPPED,1.0,1.0,1,1,1,0.003681182861328125
0,1,Rows,Addition,1137,BOOTSTRAPPED,1.0,1.0,1,1,1,0.0035750865936279297
0,1,Rows,Addition,1138,BOOTSTRAPPED,1.0,1.0,1,1,1,0.003618001937866211
0,1,Rows,Addition,1139,BOOTSTRAPPED,1.0,1.0,1,1,1,0.0036249160766601562
0,1,Rows,Addition,1140,BOOTSTRAPPED,1.0,1.0,1,1,1,0.003618001937866211
0,1,Rows,Addition,1141,BOOTSTRAPPED,1.0,1.0,1,1,1,0.0035429000854492188
0,1,Rows,Addition,1142,BOOTSTRAPPED,1.0,1.0,1,1,1,0.003568887710571289
0,1,Rows,Addition,1143,BOOTSTRAPPED,1.0,1.0,1,1,1,0.003582000732421875
0,1,Rows,Addition,1144,BOOTSTRAPPED,1.0,1.0,1,1,1,0.0036230087280273438
0,1,Rows,Addition,1145,BOOTSTRAPPED,1.0,1.0,1,1,1,0.0034949779510498047
0,1,Rows,Addition,1146,BOOTSTRAPPED,1.0,1.0,1,1,1,0.003592967987060547
0,1,Rows,Addition,1147,BOOTSTRAPPED,1.0,1.0,1,1,1,0.003506898880004883
0,1,Rows,Addition,1148,BOOTSTRAPPED,1.0,1.0,1,1,1,0.0036001205444335938
0,1,Rows,Addition,1149,BOOTSTRAPPED,1.0,1.0,1,1,1,0.0035300254821777344
0,1,Rows,Addition,1150,BOOTSTRAPPED,1.0,1.0,1,1,1,0.003573894500732422
0,1,Rows,Addition,1151,BOOTSTRAPPED,1.0,1.0,1,1,1,0.0035898685455322266
0,1,Rows,Addition,1152,BOOTSTRAPPED,1.0,1.0,1,1,1,0.003653287887573242
0,1,Rows,Addition,1153,BOOTSTRAPPED,1.0,1.0,1,1,1,0.0039958953857421875
0,1,Rows,Addition,1154,BOOTSTRAPPED,1.0,1.0,1,1,1,0.003676891326904297
0,1,Rows,Addition,1155,BOOTSTRAPPED,1.0,1.0,1,1,1,0.0036149024963378906
0,1,Rows,Addition,1156,BOOTSTRAPPED,1.0,1.0,1,1,1,0.0037631988525390625
0,1,Rows,Addition,1157,BOOTSTRAPPED,1.0,1.0,1,1,1,0.003582000732421875
0,1,Rows,Addition,1158,BOOTSTRAPPED,1.0,1.0,1,1,1,0.0036182403564453125
0,1,Rows,Addition,1159,BOOTSTRAPPED,1.0,1.0,1,1,1,0.003598928451538086
0,1,Rows,Addition,1160,BOOTSTRAPPED,1.0,1.0,1,1,1,0.003635883331298828
0,1,Rows,Addition,1161,BOOTSTRAPPED,1.0,1.0,1,1,1,0.003582000732421875
0,1,Rows,Addition,1162,BOOTSTRAPPED,1.0,1.0,1,1,1,0.0036292076110839844
0,1,Rows,Addition,1163,BOOTSTRAPPED,1.0,1.0,1,1,1,0.003597736358642578
0,1,Rows,Addition,1164,BOOTSTRAPPED,1.0,1.0,1,1,1,0.0035200119018554688
0,1,Rows,Addition,1165,BOOTSTRAPPED,1.0,1.0,1,1,1,0.0035779476165771484
0,1,Rows,Addition,1166,BOOTSTRAPPED,1.0,1.0,1,1,1,0.003657102584838867
0,1,Rows,Addition,1167,BOOTSTRAPPED,1.0,1.0,1,1,1,0.0035982131958007812
0,1,Rows,Addition,1168,BOOTSTRAPPED,1.0,1.0,1,1,1,0.003633260726928711
0,1,Rows,Addition,1169,BOOTSTRAPPED,1.0,1.0,1,1,1,0.0035791397094726562
0,1,Rows,Addition,1170,BOOTSTRAPPED,1.0,1.0,1,1,1,0.003921031951904297
0,1,Rows,Addition,1171,BOOTSTRAPPED,1.0,1.0,1,1,1,0.0036318302154541016
0,1,Rows,Addition,1172,BOOTSTRAPPED,1.0,1.0,1,1,1,0.003756999969482422
0,1,Rows,Addition,1173,BOOTSTRAPPED,1.0,1.0,1,1,1,0.003596067428588867
0,1,Rows,Addition,1174,BOOTSTRAPPED,1.0,1.0,1,1,1,0.0035839080810546875
0,1,Rows,Addition,1175,BOOTSTRAPPED,1.0,1.0,1,1,1,0.0036020278930664062
0,1,Rows,Addition,1176,BOOTSTRAPPED,1.0,1.0,1,1,1,0.0035772323608398438
0,1,Rows,Addition,1177,BOOTSTRAPPED,1.0,1.0,1,1,1,0.0036401748657226562
0,1,Rows,Addition,1178,BOOTSTRAPPED,1.0,1.0,1,1,1,0.0036330223083496094
0,1,Rows,Addition,1179,BOOTSTRAPPED,1.0,1.0,1,1,1,0.003631114959716797
0,1,Rows,Addition,1180,BOOTSTRAPPED,1.0,1.0,1,1,1,0.0036232471466064453
0,1,Rows,Addition,1181,BOOTSTRAPPED,1.0,1.0,1,1,1,0.0036220550537109375
0,1,Rows,Addition,1182,BOOTSTRAPPED,1.0,1.0,1,1,1,0.003615140914916992
0,1,Rows,Addition,1183,BOOTSTRAPPED,1.0,1.0,1,1,1,0.003612041473388672
0,1,Rows,Addition,1184,BOOTSTRAPPED,1.0,1.0,1,1,1,0.0036029815673828125
0,1,Rows,Addition,1185,BOOTSTRAPPED,1.0,1.0,1,1,1,0.0035817623138427734
0,1,Rows,Addition,1186,BOOTSTRAPPED,1.0,1.0,1,1,1,0.003607034683227539
0,1,Rows,Addition,1187,BOOTSTRAPPED,1.0,1.0,1,1,1,0.0036020278930664062
0,1,Rows,Addition,1188,BOOTSTRAPPED,1.0,1.0,1,1,1,0.0036220550537109375
0,1,Rows,Addition,1189,BOOTSTRAPPED,1.0,1.0,1,1,1,0.0035810470581054688
0,1,Rows,Addition,1190,BOOTSTRAPPED,1.0,1.0,1,1,1,0.003589153289794922
0,1,Rows,Addition,1191,BOOTSTRAPPED,1.0,1.0,1,1,1,0.0035834312438964844
0,1,Rows,Addition,1192,BOOTSTRAPPED,1.0,1.0,1,1,1,0.0036079883575439453
0,1,Rows,Addition,1193,BOOTSTRAPPED,1.0,1.0,1,1,1,0.0035810470581054688
0,1,Rows,Addition,1194,BOOTSTRAPPED,1.0,1.0,1,1,1,0.003609895706176758
0,1,Rows,Addition,1195,BOOTSTRAPPED,1.0,1.0,1,1,1,0.003571033477783203
0,1,Rows,Addition,1196,BOOTSTRAPPED,1.0,1.0,1,1,1,0.0036170482635498047
0,1,Rows,Addition,1197,BOOTSTRAPPED,1.0,1.0,1,1,1,0.003571033477783203
0,1,Rows,Addition,1198,BOOTSTRAPPED,1.0,1.0,1,1,1,0.003604888916015625
0,1,Rows,Addition,1199,BOOTSTRAPPED,1.0,1.0,1,1,1,0.0035598278045654297
0,1,Rows,Addition,1200,BOOTSTRAPPED,1.0,1.0,1,1,1,0.003535032272338867
0,1,Rows,Addition,1201,BOOTSTRAPPED,1.0,1.0,1,1,1,0.0035140514373779297
0,1,Rows,Addition,1202,BOOTSTRAPPED,1.0,1.0,1,1,1,0.0035660266876220703
0,1,Rows,Addition,1203,BOOTSTRAPPED,1.0,1.0,1,1,1,0.003567934036254883
0,1,Rows,Addition,1204,BOOTSTRAPPED,1.0,1.0,1,1,1,0.0035772323608398438
0,1,Rows,Addition,1205,BOOTSTRAPPED,1.0,1.0,1,1,1,0.0035877227783203125
0,1,Rows,Addition,1206,BOOTSTRAPPED,1.0,1.0,1,1,1,0.003579854965209961
0,1,Rows,Addition,1207,BOOTSTRAPPED,1.0,1.0,1,1,1,0.0035920143127441406
0,1,Rows,Addition,1208,BOOTSTRAPPED,1.0,1.0,1,1,1,0.00357818603515625
0,1,Rows,Addition,1209,BOOTSTRAPPED,1.0,1.0,1,1,1,0.003592252731323242
0,1,Rows,Addition,1210,BOOTSTRAPPED,1.0,1.0,1,1,1,0.0035920143127441406
0,1,Rows,Addition,1211,BOOTSTRAPPED,1.0,1.0,1,1,1,0.003574848175048828
0,1,Rows,Addition,1212,BOOTSTRAPPED,1.0,1.0,1,1,1,0.00350189208984375
0,1,Rows,Addition,1213,BOOTSTRAPPED,1.0,1.0,1,1,1,0.0035500526428222656
0,1,Rows,Addition,1214,BOOTSTRAPPED,1.0,1.0,1,1,1,0.003568887710571289
0,1,Rows,Addition,1215,BOOTSTRAPPED,1.0,1.0,1,1,1,0.0035789012908935547
0,1,Rows,Addition,1216,BOOTSTRAPPED,1.0,1.0,1,1,1,0.003464937210083008
0,1,Rows,Addition,1217,BOOTSTRAPPED,1.0,1.0,1,1,1,0.003537893295288086
0,1,Rows,Addition,1218,BOOTSTRAPPED,1.0,1.0,1,1,1,0.0035889148712158203
0,1,Rows,Addition,1219,BOOTSTRAPPED,1.0,1.0,1,1,1,0.003580808639526367
0,1,Rows,Addition,1220,BOOTSTRAPPED,1.0,1.0,1,1,1,0.003471851348876953
0,1,Rows,Addition,1221,BOOTSTRAPPED,1.0,1.0,1,1,1,0.0035469532012939453
0,1,Rows,Addition,1222,BOOTSTRAPPED,1.0,1.0,1,1,1,0.003576040267944336
0,1,Rows,Addition,1223,BOOTSTRAPPED,1.0,1.0,1,1,1,0.0035789012908935547
0,1,Rows,Addition,1224,BOOTSTRAPPED,1.0,1.0,1,1,1,0.0035889148712158203
0,1,Rows,Addition,1226,BOOTSTRAPPED,1.0,1.0,1,1,1,0.0035772323608398438
0,1,Rows,Addition,1227,BOOTSTRAPPED,1.0,1.0,1,1,1,0.0035800933837890625
0,1,Rows,Addition,1228,BOOTSTRAPPED,1.0,1.0,1,1,1,0.0035979747772216797
0,1,Rows,Addition,1229,BOOTSTRAPPED,1.0,1.0,1,1,1,0.0035886764526367188
0,1,Rows,Addition,1230,BOOTSTRAPPED,1.0,1.0,1,1,1,0.0035729408264160156
0,1,Rows,Addition,1231,BOOTSTRAPPED,1.0,1.0,1,1,1,0.003573894500732422
0,1,Rows,Addition,1232,BOOTSTRAPPED,1.0,1.0,1,1,1,0.003571033477783203
0,1,Rows,Addition,1233,BOOTSTRAPPED,1.0,1.0,1,1,1,0.0035660266876220703
0,1,Rows,Addition,1234,BOOTSTRAPPED,1.0,1.0,1,1,1,0.0035851001739501953
0,1,Rows,Addition,1235,BOOTSTRAPPED,1.0,1.0,1,1,1,0.0035991668701171875
0,1,Rows,Addition,1236,BOOTSTRAPPED,1.0,1.0,1,1,1,0.003590822219848633
0,1,Rows,Addition,1237,BOOTSTRAPPED,1.0,1.0,1,1,1,0.003593921661376953
0,1,Rows,Addition,1238,BOOTSTRAPPED,1.0,1.0,1,1,1,0.0035948753356933594
0,1,Rows,Addition,1239,BOOTSTRAPPED,1.0,1.0,1,1,1,0.0035860538482666016
0,1,Rows,Addition,1240,BOOTSTRAPPED,1.0,1.0,1,1,1,0.003593921661376953
0,1,Rows,Addition,1241,BOOTSTRAPPED,1.0,1.0,1,1,1,0.0035877227783203125
0,1,Rows,Addition,1242,BOOTSTRAPPED,1.0,1.0,1,1,1,0.003596067428588867
0,1,Rows,Addition,1243,BOOTSTRAPPED,1.0,1.0,1,1,1,0.003591775894165039
0,1,Rows,Addition,1244,BOOTSTRAPPED,1.0,1.0,1,1,1,0.003587007522583008
0,1,Rows,Addition,1245,BOOTSTRAPPED,1.0,1.0,1,1,1,0.003590106964111328
0,1,Rows,Addition,1246,BOOTSTRAPPED,1.0,1.0,1,1,1,0.0035877227783203125
0,1,Rows,Addition,1247,BOOTSTRAPPED,1.0,1.0,1,1,1,0.0035886764526367188
0,1,Rows,Addition,1248,BOOTSTRAPPED,1.0,1.0,1,1,1,0.0035877227783203125
0,1,Rows,Addition,1249,BOOTSTRAPPED,1.0,1.0,1,1,1,0.003614187240600586
0,1,Rows,Addition,1250,BOOTSTRAPPED,1.0,1.0,1,1,1,0.0036039352416992188
0,1,Rows,Addition,1251,BOOTSTRAPPED,1.0,1.0,1,1,1,0.0036191940307617188
0,1,Rows,Addition,1252,BOOTSTRAPPED,1.0,1.0,1,1,1,0.003596067428588867
0,1,Rows,Addition,1253,BOOTSTRAPPED,1.0,1.0,1,1,1,0.003590822219848633
0,1,Rows,Addition,1254,BOOTSTRAPPED,1.0,1.0,1,1,1,0.003599882125854492
0,1,Rows,Addition,1255,BOOTSTRAPPED,1.0,1.0,1,1,1,0.003590106964111328
0,1,Rows,Addition,1256,BOOTSTRAPPED,1.0,1.0,1,1,1,0.003584623336791992
0,1,Rows,Addition,1257,BOOTSTRAPPED,1.0,1.0,1,1,1,0.0035881996154785156
0,1,Rows,Addition,1258,BOOTSTRAPPED,1.0,1.0,1,1,1,0.0035860538482666016
0,1,Rows,Addition,1259,BOOTSTRAPPED,1.0,1.0,1,1,1,0.0036089420318603516
0,1,Rows,Addition,1260,BOOTSTRAPPED,1.0,1.0,1,1,1,0.003500699996948242
0,1,Rows,Addition,1261,BOOTSTRAPPED,1.0,1.0,1,1,1,0.0035681724548339844
0,1,Rows,Addition,1262,BOOTSTRAPPED,1.0,1.0,1,1,1,0.00360107421875
0,1,Rows,Addition,1263,BOOTSTRAPPED,1.0,1.0,1,1,1,0.0035636425018310547
0,1,Rows,Addition,1264,BOOTSTRAPPED,1.0,1.0,1,1,1,0.0035822391510009766
0,1,Rows,Addition,1265,BOOTSTRAPPED,1.0,1.0,1,1,1,0.0035598278045654297
0,1,Rows,Addition,1266,BOOTSTRAPPED,1.0,1.0,1,1,1,0.0035581588745117188
0,1,Rows,Addition,1267,BOOTSTRAPPED,1.0,1.0,1,1,1,0.0035619735717773438
0,1,Rows,Addition,1268,BOOTSTRAPPED,1.0,1.0,1,1,1,0.0035772323608398438
0,1,Rows,Addition,1269,BOOTSTRAPPED,1.0,1.0,1,1,1,0.003578662872314453
0,1,Rows,Addition,1270,BOOTSTRAPPED,1.0,1.0,1,1,1,0.003576993942260742
0,1,Rows,Addition,1271,BOOTSTRAPPED,1.0,1.0,1,1,1,0.0035858154296875
0,1,Rows,Addition,1272,BOOTSTRAPPED,1.0,1.0,1,1,1,0.0035619735717773438
0,1,Rows,Addition,1273,BOOTSTRAPPED,1.0,1.0,1,1,1,0.0035610198974609375
0,1,Rows,Addition,1274,BOOTSTRAPPED,1.0,1.0,1,1,1,0.003564119338989258
0,1,Rows,Addition,1275,BOOTSTRAPPED,1.0,1.0,1,1,1,0.0035648345947265625
0,1,Rows,Addition,1276,BOOTSTRAPPED,1.0,1.0,1,1,1,0.0035800933837890625
0,1,Rows,Addition,1277,BOOTSTRAPPED,1.0,1.0,1,1,1,0.003579854965209961
0,1,Rows,Addition,1278,BOOTSTRAPPED,1.0,1.0,1,1,1,0.003568887710571289
0,1,Rows,Addition,1279,BOOTSTRAPPED,1.0,1.0,1,1,1,0.0035750865936279297
0,1,Rows,Addition,1280,BOOTSTRAPPED,1.0,1.0,1,1,1,0.003577709197998047
0,1,Rows,Addition,1281,BOOTSTRAPPED,1.0,1.0,1,1,1,0.0035707950592041016
0,1,Rows,Addition,1282,BOOTSTRAPPED,1.0,1.0,1,1,1,0.00356292724609375
0,1,Rows,Addition,1283,BOOTSTRAPPED,1.0,1.0,1,1,1,0.003595113754272461
0,1,Rows,Addition,1284,BOOTSTRAPPED,1.0,1.0,1,1,1,0.0034770965576171875
0,1,Rows,Addition,1285,BOOTSTRAPPED,1.0,1.0,1,1,1,0.0035262107849121094
0,1,Rows,Addition,1286,BOOTSTRAPPED,1.0,1.0,1,1,1,0.003595113754272461
0,1,Rows,Addition,1287,BOOTSTRAPPED,1.0,1.0,1,1,1,0.0035660266876220703
0,1,Rows,Addition,1288,BOOTSTRAPPED,1.0,1.0,1,1,1,0.003621816635131836
0,1,Rows,Addition,1289,BOOTSTRAPPED,1.0,1.0,1,1,1,0.0035719871520996094
0,1,Rows,Addition,1290,BOOTSTRAPPED,1.0,1.0,1,1,1,0.0036232471466064453
0,1,Rows,Addition,1291,BOOTSTRAPPED,1.0,1.0,1,1,1,0.003676891326904297
0,1,Rows,Addition,1292,BOOTSTRAPPED,1.0,1.0,1,1,1,0.003543853759765625
0,1,Rows,Addition,1293,BOOTSTRAPPED,1.0,1.0,1,1,1,0.003592967987060547
0,1,Rows,Addition,1294,BOOTSTRAPPED,1.0,1.0,1,1,1,0.0035860538482666016
0,1,Rows,Addition,1295,BOOTSTRAPPED,1.0,1.0,1,1,1,0.003573894500732422
0,1,Rows,Addition,1296,BOOTSTRAPPED,1.0,1.0,1,1,1,0.0036437511444091797
0,1,Rows,Addition,1297,BOOTSTRAPPED,1.0,1.0,1,1,1,0.0035970211029052734
0,1,Rows,Addition,1298,BOOTSTRAPPED,1.0,1.0,1,1,1,0.0035719871520996094
0,1,Rows,Addition,1299,BOOTSTRAPPED,1.0,1.0,1,1,1,0.0035619735717773438
0,1,Rows,Addition,1300,BOOTSTRAPPED,1.0,1.0,1,1,1,0.003597259521484375
0,1,Rows,Addition,1301,BOOTSTRAPPED,1.0,1.0,1,1,1,0.003618001937866211
0,1,Rows,Addition,1302,BOOTSTRAPPED,1.0,1.0,1,1,1,0.0037221908569335938
0,1,Rows,Addition,1303,BOOTSTRAPPED,1.0,1.0,1,1,1,0.0035858154296875
0,1,Rows,Addition,1304,BOOTSTRAPPED,1.0,1.0,1,1,1,0.0036230087280273438
0,1,Rows,Addition,1305,BOOTSTRAPPED,1.0,1.0,1,1,1,0.0035877227783203125
0,1,Rows,Addition,1306,BOOTSTRAPPED,1.0,1.0,1,1,1,0.0035812854766845703
0,1,Rows,Addition,1307,BOOTSTRAPPED,1.0,1.0,1,1,1,0.003559112548828125
0,1,Rows,Addition,1308,BOOTSTRAPPED,1.0,1.0,1,1,1,0.0035789012908935547
0,1,Rows,Addition,1309,BOOTSTRAPPED,1.0,1.0,1,1,1,0.0035867691040039062
0,1,Rows,Addition,1310,BOOTSTRAPPED,1.0,1.0,1,1,1,0.003595113754272461
0,1,Rows,Addition,1311,BOOTSTRAPPED,1.0,1.0,1,1,1,0.0035810470581054688
0,1,Rows,Addition,1312,BOOTSTRAPPED,1.0,1.0,1,1,1,0.003596067428588867
0,1,Rows,Addition,1313,BOOTSTRAPPED,1.0,1.0,1,1,1,0.0036058425903320312
0,1,Rows,Addition,1314,BOOTSTRAPPED,1.0,1.0,1,1,1,0.0036110877990722656
0,1,Rows,Addition,1315,BOOTSTRAPPED,1.0,1.0,1,1,1,0.003615140914916992
0,1,Rows,Addition,1316,BOOTSTRAPPED,1.0,1.0,1,1,1,0.0035169124603271484
0,1,Rows,Addition,1317,BOOTSTRAPPED,1.0,1.0,1,1,1,0.0035467147827148438
0,1,Rows,Addition,1318,BOOTSTRAPPED,1.0,1.0,1,1,1,0.0034999847412109375
0,1,Rows,Addition,1319,BOOTSTRAPPED,1.0,1.0,1,1,1,0.004190921783447266
0,1,Rows,Addition,1320,BOOTSTRAPPED,1.0,1.0,1,1,1,0.0040209293365478516
0,1,Rows,Addition,1321,BOOTSTRAPPED,1.0,1.0,1,1,1,0.0037620067596435547
0,1,Rows,Addition,1322,BOOTSTRAPPED,1.0,1.0,1,1,1,0.003670930862426758
0,1,Rows,Addition,1323,BOOTSTRAPPED,1.0,1.0,1,1,1,0.0036878585815429688
0,1,Rows,Addition,1324,BOOTSTRAPPED,1.0,1.0,1,1,1,0.0036118030548095703
0,1,Rows,Addition,1325,BOOTSTRAPPED,1.0,1.0,1,1,1,0.003674030303955078
0,1,Rows,Addition,1326,BOOTSTRAPPED,1.0,1.0,1,1,1,0.0036590099334716797
0,1,Rows,Addition,1327,BOOTSTRAPPED,1.0,1.0,1,1,1,0.003643035888671875
0,1,Rows,Addition,1328,BOOTSTRAPPED,1.0,1.0,1,1,1,0.003604888916015625
0,1,Rows,Addition,1329,BOOTSTRAPPED,1.0,1.0,1,1,1,0.0036292076110839844
0,1,Rows,Addition,1330,BOOTSTRAPPED,1.0,1.0,1,1,1,0.003590106964111328
0,1,Rows,Addition,1331,BOOTSTRAPPED,1.0,1.0,1,1,1,0.0036139488220214844
0,1,Rows,Addition,1332,BOOTSTRAPPED,1.0,1.0,1,1,1,0.003622770309448242
0,1,Rows,Addition,1333,BOOTSTRAPPED,1.0,1.0,1,1,1,0.0035948753356933594
0,1,Rows,Addition,1334,BOOTSTRAPPED,1.0,1.0,1,1,1,0.004155874252319336
0,1,Rows,Addition,1335,BOOTSTRAPPED,1.0,1.0,1,1,1,0.0038368701934814453
0,1,Rows,Addition,1336,BOOTSTRAPPED,1.0,1.0,1,1,1,0.0038406848907470703
0,1,Rows,Addition,1337,BOOTSTRAPPED,1.0,1.0,1,1,1,0.003582000732421875
0,1,Rows,Addition,1338,BOOTSTRAPPED,1.0,1.0,1,1,1,0.0036127567291259766
0,1,Rows,Addition,1339,BOOTSTRAPPED,1.0,1.0,1,1,1,0.0036630630493164062
0,1,Rows,Addition,1340,BOOTSTRAPPED,1.0,1.0,1,1,1,0.0035920143127441406
0,1,Rows,Addition,1341,BOOTSTRAPPED,1.0,1.0,1,1,1,0.0036249160766601562
0,1,Rows,Addition,1342,BOOTSTRAPPED,1.0,1.0,1,1,1,0.0036008358001708984
0,1,Rows,Addition,1343,BOOTSTRAPPED,1.0,1.0,1,1,1,0.0035822391510009766
0,1,Rows,Addition,1344,BOOTSTRAPPED,1.0,1.0,1,1,1,0.003573894500732422
0,1,Rows,Addition,1345,BOOTSTRAPPED,1.0,1.0,1,1,1,0.0035810470581054688
0,1,Rows,Addition,1346,BOOTSTRAPPED,1.0,1.0,1,1,1,0.0035588741302490234
0,1,Rows,Addition,1347,BOOTSTRAPPED,1.0,1.0,1,1,1,0.003571033477783203
0,1,Rows,Addition,1348,BOOTSTRAPPED,1.0,1.0,1,1,1,0.0035669803619384766
0,1,Rows,Addition,1349,BOOTSTRAPPED,1.0,1.0,1,1,1,0.003571033477783203
0,1,Rows,Addition,1350,BOOTSTRAPPED,1.0,1.0,1,1,1,0.003576040267944336
0,1,Rows,Addition,1351,BOOTSTRAPPED,1.0,1.0,1,1,1,0.0035772323608398438
0,1,Rows,Addition,1352,BOOTSTRAPPED,1.0,1.0,1,1,1,0.0035822391510009766
0,1,Rows,Addition,1353,BOOTSTRAPPED,1.0,1.0,1,1,1,0.003599882125854492
0,1,Rows,Addition,1354,BOOTSTRAPPED,1.0,1.0,1,1,1,0.003648042678833008
0,1,Rows,Addition,1355,BOOTSTRAPPED,1.0,1.0,1,1,1,0.003580808639526367
0,1,Rows,Addition,1356,BOOTSTRAPPED,1.0,1.0,1,1,1,0.0034949779510498047
0,1,Rows,Addition,1357,BOOTSTRAPPED,1.0,1.0,1,1,1,0.0035889148712158203
0,1,Rows,Addition,1358,BOOTSTRAPPED,1.0,1.0,1,1,1,0.003557920455932617
0,1,Rows,Addition,1359,BOOTSTRAPPED,1.0,1.0,1,1,1,0.0036039352416992188
0,1,Rows,Addition,1360,BOOTSTRAPPED,1.0,1.0,1,1,1,0.003551959991455078
0,1,Rows,Addition,1361,BOOTSTRAPPED,1.0,1.0,1,1,1,0.003587961196899414
0,1,Rows,Addition,1362,BOOTSTRAPPED,1.0,1.0,1,1,1,0.003590106964111328
0,1,Rows,Addition,1363,BOOTSTRAPPED,1.0,1.0,1,1,1,0.0035851001739501953
0,1,Rows,Addition,1364,BOOTSTRAPPED,1.0,1.0,1,1,1,0.0035371780395507812
0,1,Rows,Addition,1365,BOOTSTRAPPED,1.0,1.0,1,1,1,0.0035271644592285156
0,1,Rows,Addition,1366,BOOTSTRAPPED,1.0,1.0,1,1,1,0.0035550594329833984
0,1,Rows,Addition,1367,BOOTSTRAPPED,1.0,1.0,1,1,1,0.0035719871520996094
0,1,Rows,Addition,1368,BOOTSTRAPPED,1.0,1.0,1,1,1,0.0035278797149658203
0,1,Rows,Addition,1369,BOOTSTRAPPED,1.0,1.0,1,1,1,0.003579854965209961
0,1,Rows,Addition,1370,BOOTSTRAPPED,1.0,1.0,1,1,1,0.0036182403564453125
0,1,Rows,Addition,1371,BOOTSTRAPPED,1.0,1.0,1,1,1,0.0034759044647216797
0,1,Rows,Addition,1372,BOOTSTRAPPED,1.0,1.0,1,1,1,0.0035698413848876953
0,1,Rows,Addition,1373,BOOTSTRAPPED,1.0,1.0,1,1,1,0.003589153289794922
0,1,Rows,Addition,1374,BOOTSTRAPPED,1.0,1.0,1,1,1,0.0035610198974609375
0,1,Rows,Addition,1375,BOOTSTRAPPED,1.0,1.0,1,1,1,0.0035758018493652344
0,1,Rows,Addition,1376,BOOTSTRAPPED,1.0,1.0,1,1,1,0.003545045852661133
0,1,Rows,Addition,1377,BOOTSTRAPPED,1.0,1.0,1,1,1,0.0035250186920166016
0,1,Rows,Addition,1378,BOOTSTRAPPED,1.0,1.0,1,1,1,0.0035750865936279297
0,1,Rows,Addition,1379,BOOTSTRAPPED,1.0,1.0,1,1,1,0.0035920143127441406
0,1,Rows,Addition,1380,BOOTSTRAPPED,1.0,1.0,1,1,1,0.0035970211029052734
0,1,Rows,Addition,1381,BOOTSTRAPPED,1.0,1.0,1,1,1,0.003579854965209961
0,1,Rows,Addition,1382,BOOTSTRAPPED,1.0,1.0,1,1,1,0.003589153289794922
0,1,Rows,Addition,1383,BOOTSTRAPPED,1.0,1.0,1,1,1,0.0035812854766845703
0,1,Rows,Addition,1384,BOOTSTRAPPED,1.0,1.0,1,1,1,0.00350189208984375
0,1,Rows,Addition,1385,BOOTSTRAPPED,1.0,1.0,1,1,1,0.003492116928100586
0,1,Rows,Addition,1386,BOOTSTRAPPED,1.0,1.0,1,1,1,0.003551959991455078
0,1,Rows,Addition,1387,BOOTSTRAPPED,1.0,1.0,1,1,1,0.0035729408264160156
0,1,Rows,Addition,1388,BOOTSTRAPPED,1.0,1.0,1,1,1,0.0035500526428222656
0,1,Rows,Addition,1389,BOOTSTRAPPED,1.0,1.0,1,1,1,0.003574848175048828
0,1,Rows,Addition,1390,BOOTSTRAPPED,1.0,1.0,1,1,1,0.0035986900329589844
0,1,Rows,Addition,1391,BOOTSTRAPPED,1.0,1.0,1,1,1,0.003607034683227539
0,1,Rows,Addition,1392,BOOTSTRAPPED,1.0,1.0,1,1,1,0.0035982131958007812
0,1,Rows,Addition,1393,BOOTSTRAPPED,1.0,1.0,1,1,1,0.003592967987060547
0,1,Rows,Addition,1394,BOOTSTRAPPED,1.0,1.0,1,1,1,0.0036420822143554688
0,1,Rows,Addition,1395,BOOTSTRAPPED,1.0,1.0,1,1,1,0.003596782684326172
0,1,Rows,Addition,1396,BOOTSTRAPPED,1.0,1.0,1,1,1,0.003592967987060547
0,1,Rows,Addition,1397,BOOTSTRAPPED,1.0,1.0,1,1,1,0.0035848617553710938
0,1,Rows,Addition,1398,BOOTSTRAPPED,1.0,1.0,1,1,1,0.0035889148712158203
0,1,Rows,Addition,1399,BOOTSTRAPPED,1.0,1.0,1,1,1,0.0035839080810546875
0,1,Rows,Addition,1400,BOOTSTRAPPED,1.0,1.0,1,1,1,0.003587007522583008
0,1,Rows,Addition,1401,BOOTSTRAPPED,1.0,1.0,1,1,1,0.0035839080810546875
0,1,Rows,Addition,1402,BOOTSTRAPPED,1.0,1.0,1,1,1,0.0035839080810546875
0,1,Rows,Addition,1403,BOOTSTRAPPED,1.0,1.0,1,1,1,0.003584146499633789
0,1,Rows,Addition,1404,BOOTSTRAPPED,1.0,1.0,1,1,1,0.003606081008911133
0,1,Rows,Addition,1405,BOOTSTRAPPED,1.0,1.0,1,1,1,0.0035941600799560547
0,1,Rows,Addition,1406,BOOTSTRAPPED,1.0,1.0,1,1,1,0.003580808639526367
0,1,Rows,Addition,1407,BOOTSTRAPPED,1.0,1.0,1,1,1,0.003602266311645508
0,1,Rows,Addition,1408,BOOTSTRAPPED,1.0,1.0,1,1,1,0.0035829544067382812
0,1,Rows,Addition,1409,BOOTSTRAPPED,1.0,1.0,1,1,1,0.003582000732421875
0,1,Rows,Addition,1410,BOOTSTRAPPED,1.0,1.0,1,1,1,0.003590106964111328
0,1,Rows,Addition,1411,BOOTSTRAPPED,1.0,1.0,1,1,1,0.003582000732421875
0,1,Rows,Addition,1412,BOOTSTRAPPED,1.0,1.0,1,1,1,0.003616809844970703
0,1,Rows,Addition,1413,BOOTSTRAPPED,1.0,1.0,1,1,1,0.0035779476165771484
0,1,Rows,Addition,1414,BOOTSTRAPPED,1.0,1.0,1,1,1,0.0035872459411621094
0,1,Rows,Addition,1415,BOOTSTRAPPED,1.0,1.0,1,1,1,0.003579854965209961
0,1,Rows,Addition,1416,BOOTSTRAPPED,1.0,1.0,1,1,1,0.0035839080810546875
0,1,Rows,Addition,1417,BOOTSTRAPPED,1.0,1.0,1,1,1,0.0035920143127441406
0,1,Rows,Addition,1418,BOOTSTRAPPED,1.0,1.0,1,1,1,0.003582000732421875
0,1,Rows,Addition,1419,BOOTSTRAPPED,1.0,1.0,1,1,1,0.003635883331298828
0,1,Rows,Addition,1420,BOOTSTRAPPED,1.0,1.0,1,1,1,0.0036590099334716797
0,1,Rows,Addition,1421,BOOTSTRAPPED,1.0,1.0,1,1,1,0.0035660266876220703
0,1,Rows,Addition,1422,BOOTSTRAPPED,1.0,1.0,1,1,1,0.003599882125854492
0,1,Rows,Addition,1423,BOOTSTRAPPED,1.0,1.0,1,1,1,0.0035886764526367188
0,1,Rows,Addition,1424,BOOTSTRAPPED,1.0,1.0,1,1,1,0.0036079883575439453
0,1,Rows,Addition,1425,BOOTSTRAPPED,1.0,1.0,1,1,1,0.0035729408264160156
0,1,Rows,Addition,1426,BOOTSTRAPPED,1.0,1.0,1,1,1,0.0035848617553710938
0,1,Rows,Addition,1427,BOOTSTRAPPED,1.0,1.0,1,1,1,0.0035767555236816406
0,1,Rows,Addition,1428,BOOTSTRAPPED,1.0,1.0,1,1,1,0.0035829544067382812
0,1,Rows,Addition,1429,BOOTSTRAPPED,1.0,1.0,1,1,1,0.0034911632537841797
0,1,Rows,Addition,1430,BOOTSTRAPPED,1.0,1.0,1,1,1,0.0035419464111328125
0,1,Rows,Addition,1431,BOOTSTRAPPED,1.0,1.0,1,1,1,0.0035669803619384766
0,1,Rows,Addition,1432,BOOTSTRAPPED,1.0,1.0,1,1,1,0.003597736358642578
0,1,Rows,Addition,1433,BOOTSTRAPPED,1.0,1.0,1,1,1,0.0035657882690429688
0,1,Rows,Addition,1434,BOOTSTRAPPED,1.0,1.0,1,1,1,0.003549814224243164
0,1,Rows,Addition,1435,BOOTSTRAPPED,1.0,1.0,1,1,1,0.0035829544067382812
0,1,Rows,Addition,1436,BOOTSTRAPPED,1.0,1.0,1,1,1,0.003518342971801758
0,1,Rows,Addition,1437,BOOTSTRAPPED,1.0,1.0,1,1,1,0.003482818603515625
0,1,Rows,Addition,1438,BOOTSTRAPPED,1.0,1.0,1,1,1,0.0035560131072998047
0,1,Rows,Addition,1439,BOOTSTRAPPED,1.0,1.0,1,1,1,0.0035562515258789062
0,1,Rows,Addition,1440,BOOTSTRAPPED,1.0,1.0,1,1,1,0.003831148147583008
0,1,Rows,Addition,1441,BOOTSTRAPPED,1.0,1.0,1,1,1,0.0036611557006835938
0,1,Rows,Addition,1442,BOOTSTRAPPED,1.0,1.0,1,1,1,0.00357818603515625
0,1,Rows,Addition,1443,BOOTSTRAPPED,1.0,1.0,1,1,1,0.003699064254760742
0,1,Rows,Addition,1444,BOOTSTRAPPED,1.0,1.0,1,1,1,0.0037419795989990234
0,1,Rows,Addition,1445,BOOTSTRAPPED,1.0,1.0,1,1,1,0.003591775894165039
0,1,Rows,Addition,1446,BOOTSTRAPPED,1.0,1.0,1,1,1,0.003599882125854492
0,1,Rows,Addition,1447,BOOTSTRAPPED,1.0,1.0,1,1,1,0.003594636917114258
0,1,Rows,Addition,1448,BOOTSTRAPPED,1.0,1.0,1,1,1,0.0035889148712158203
0,1,Rows,Addition,1449,BOOTSTRAPPED,1.0,1.0,1,1,1,0.0035681724548339844
0,1,Rows,Addition,1450,BOOTSTRAPPED,1.0,1.0,1,1,1,0.003593921661376953
0,1,Rows,Addition,1451,BOOTSTRAPPED,1.0,1.0,1,1,1,0.003589153289794922
0,1,Rows,Addition,1452,BOOTSTRAPPED,1.0,1.0,1,1,1,0.003538846969604492
0,1,Rows,Addition,1453,BOOTSTRAPPED,1.0,1.0,1,1,1,0.0035479068756103516
0,1,Rows,Addition,1454,BOOTSTRAPPED,1.0,1.0,1,1,1,0.003554105758666992
0,1,Rows,Addition,1455,BOOTSTRAPPED,1.0,1.0,1,1,1,0.0035610198974609375
0,1,Rows,Addition,1456,BOOTSTRAPPED,1.0,1.0,1,1,1,0.0035619735717773438
0,1,Rows,Addition,1457,BOOTSTRAPPED,1.0,1.0,1,1,1,0.003579854965209961
0,1,Rows,Addition,1458,BOOTSTRAPPED,1.0,1.0,1,1,1,0.003618001937866211
0,1,Rows,Addition,1459,BOOTSTRAPPED,1.0,1.0,1,1,1,0.003511190414428711
0,1,Rows,Addition,1460,BOOTSTRAPPED,1.0,1.0,1,1,1,0.0034618377685546875
0,1,Rows,Addition,1461,BOOTSTRAPPED,1.0,1.0,1,1,1,0.0035309791564941406
0,1,Rows,Addition,1462,BOOTSTRAPPED,1.0,1.0,1,1,1,0.003556966781616211
0,1,Rows,Addition,1463,BOOTSTRAPPED,1.0,1.0,1,1,1,0.0035817623138427734
0,1,Rows,Addition,1464,BOOTSTRAPPED,1.0,1.0,1,1,1,0.003512144088745117
0,1,Rows,Addition,1465,BOOTSTRAPPED,1.0,1.0,1,1,1,0.0037157535552978516
0,1,Rows,Addition,1466,BOOTSTRAPPED,1.0,1.0,1,1,1,0.003885984420776367
0,1,Rows,Addition,1467,BOOTSTRAPPED,1.0,1.0,1,1,1,0.0036458969116210938
0,1,Rows,Addition,1468,BOOTSTRAPPED,1.0,1.0,1,1,1,0.0037140846252441406
0,1,Rows,Addition,1469,BOOTSTRAPPED,1.0,1.0,1,1,1,0.003580331802368164
0,1,Rows,Addition,1470,BOOTSTRAPPED,1.0,1.0,1,1,1,0.003618001937866211
0,1,Rows,Addition,1471,BOOTSTRAPPED,1.0,1.0,1,1,1,0.0035877227783203125
0,1,Rows,Addition,1472,BOOTSTRAPPED,1.0,1.0,1,1,1,0.003618001937866211
0,1,Rows,Addition,1473,BOOTSTRAPPED,1.0,1.0,1,1,1,0.0036211013793945312
0,1,Rows,Addition,1474,BOOTSTRAPPED,1.0,1.0,1,1,1,0.003576993942260742
0,1,Rows,Addition,1475,BOOTSTRAPPED,1.0,1.0,1,1,1,0.0035839080810546875
0,1,Rows,Addition,1476,BOOTSTRAPPED,1.0,1.0,1,1,1,0.0035872459411621094
0,1,Rows,Addition,1477,BOOTSTRAPPED,1.0,1.0,1,1,1,0.003612041473388672
0,1,Rows,Addition,1478,BOOTSTRAPPED,1.0,1.0,1,1,1,0.0036039352416992188
0,1,Rows,Addition,1479,BOOTSTRAPPED,1.0,1.0,1,1,1,0.0035910606384277344
0,1,Rows,Addition,1480,BOOTSTRAPPED,1.0,1.0,1,1,1,0.003598928451538086
0,1,Rows,Addition,1481,BOOTSTRAPPED,1.0,1.0,1,1,1,0.0035791397094726562
0,1,Rows,Addition,1482,BOOTSTRAPPED,1.0,1.0,1,1,1,0.003576040267944336
0,1,Rows,Addition,1483,BOOTSTRAPPED,1.0,1.0,1,1,1,0.0035791397094726562
0,1,Rows,Addition,1484,BOOTSTRAPPED,1.0,1.0,1,1,1,0.0035736560821533203
0,1,Rows,Addition,1485,BOOTSTRAPPED,1.0,1.0,1,1,1,0.0035867691040039062
0,1,Rows,Addition,1486,BOOTSTRAPPED,1.0,1.0,1,1,1,0.003587961196899414
0,1,Rows,Addition,1487,BOOTSTRAPPED,1.0,1.0,1,1,1,0.003576993942260742
0,1,Rows,Addition,1488,BOOTSTRAPPED,1.0,1.0,1,1,1,0.0035037994384765625
0,1,Rows,Addition,1489,BOOTSTRAPPED,1.0,1.0,1,1,1,0.003579854965209961
0,1,Rows,Addition,1490,BOOTSTRAPPED,1.0,1.0,1,1,1,0.0035729408264160156
0,1,Rows,Addition,1491,BOOTSTRAPPED,1.0,1.0,1,1,1,0.003570079803466797
0,1,Rows,Addition,1492,BOOTSTRAPPED,1.0,1.0,1,1,1,0.0035238265991210938
0,1,Rows,Addition,1493,BOOTSTRAPPED,1.0,1.0,1,1,1,0.0035681724548339844
0,1,Rows,Addition,1494,BOOTSTRAPPED,1.0,1.0,1,1,1,0.005913257598876953
0,1,Rows,Addition,1495,BOOTSTRAPPED,1.0,1.0,1,1,1,0.004498004913330078
0,1,Rows,Addition,1496,BOOTSTRAPPED,1.0,1.0,1,1,1,0.003954887390136719
0,1,Rows,Addition,1497,BOOTSTRAPPED,1.0,1.0,1,1,1,0.003760814666748047
0,1,Rows,Addition,1498,BOOTSTRAPPED,1.0,1.0,1,1,1,0.003857135772705078
0,1,Rows,Addition,1499,BOOTSTRAPPED,1.0,1.0,1,1,1,0.003690958023071289
0,1,Rows,Addition,1500,BOOTSTRAPPED,1.0,1.0,1,1,1,0.0037300586700439453
0,1,Rows,Addition,1501,BOOTSTRAPPED,1.0,1.0,1,1,1,0.0036878585815429688
0,1,Rows,Addition,1502,BOOTSTRAPPED,1.0,1.0,1,1,1,0.003847837448120117
0,1,Rows,Addition,1503,BOOTSTRAPPED,1.0,1.0,1,1,1,0.0036830902099609375
0,1,Rows,Addition,1504,BOOTSTRAPPED,1.0,1.0,1,1,1,0.0036830902099609375
0,1,Rows,Addition,1505,BOOTSTRAPPED,1.0,1.0,1,1,1,0.003690958023071289
0,1,Rows,Addition,1506,BOOTSTRAPPED,1.0,1.0,1,1,1,0.0038099288940429688
0,1,Rows,Addition,1507,BOOTSTRAPPED,1.0,1.0,1,1,1,0.003736257553100586
0,1,Rows,Addition,1508,BOOTSTRAPPED,1.0,1.0,1,1,1,0.0036847591400146484
0,1,Rows,Addition,1509,BOOTSTRAPPED,1.0,1.0,1,1,1,0.0036590099334716797
0,1,Rows,Addition,1510,BOOTSTRAPPED,1.0,1.0,1,1,1,0.0035550594329833984
0,1,Rows,Addition,1511,BOOTSTRAPPED,1.0,1.0,1,1,1,0.003590822219848633
0,1,Rows,Addition,1512,BOOTSTRAPPED,1.0,1.0,1,1,1,0.003607034683227539
0,1,Rows,Addition,1513,BOOTSTRAPPED,1.0,1.0,1,1,1,0.003603219985961914
0,1,Rows,Addition,1514,BOOTSTRAPPED,1.0,1.0,1,1,1,0.003554105758666992
0,1,Rows,Addition,1515,BOOTSTRAPPED,1.0,1.0,1,1,1,0.0036368370056152344
0,1,Rows,Addition,1516,BOOTSTRAPPED,1.0,1.0,1,1,1,0.0036079883575439453
0,1,Rows,Addition,1517,BOOTSTRAPPED,1.0,1.0,1,1,1,0.0036039352416992188
0,1,Rows,Addition,1518,BOOTSTRAPPED,1.0,1.0,1,1,1,0.0036160945892333984
0,1,Rows,Addition,1519,BOOTSTRAPPED,1.0,1.0,1,1,1,0.0036318302154541016
0,1,Rows,Addition,1520,BOOTSTRAPPED,1.0,1.0,1,1,1,0.0036242008209228516
0,1,Rows,Addition,1521,BOOTSTRAPPED,1.0,1.0,1,1,1,0.0036182403564453125
0,1,Rows,Addition,1522,BOOTSTRAPPED,1.0,1.0,1,1,1,0.003500699996948242
0,1,Rows,Addition,1523,BOOTSTRAPPED,1.0,1.0,1,1,1,0.003615140914916992
0,1,Rows,Addition,1524,BOOTSTRAPPED,1.0,1.0,1,1,1,0.003590822219848633
0,1,Rows,Addition,1525,BOOTSTRAPPED,1.0,1.0,1,1,1,0.003589153289794922
0,1,Rows,Addition,1526,BOOTSTRAPPED,1.0,1.0,1,1,1,0.0034570693969726562
0,1,Rows,Addition,1527,BOOTSTRAPPED,1.0,1.0,1,1,1,0.003565073013305664
0,1,Rows,Addition,1528,BOOTSTRAPPED,1.0,1.0,1,1,1,0.003591775894165039
0,1,Rows,Addition,1529,BOOTSTRAPPED,1.0,1.0,1,1,1,0.003584146499633789
0,1,Rows,Addition,1530,BOOTSTRAPPED,1.0,1.0,1,1,1,0.003609180450439453
0,1,Rows,Addition,1531,BOOTSTRAPPED,1.0,1.0,1,1,1,0.0035970211029052734
0,1,Rows,Addition,1532,BOOTSTRAPPED,1.0,1.0,1,1,1,0.0036253929138183594
0,1,Rows,Addition,1533,BOOTSTRAPPED,1.0,1.0,1,1,1,0.0035920143127441406
0,1,Rows,Addition,1534,BOOTSTRAPPED,1.0,1.0,1,1,1,0.003599882125854492
0,1,Rows,Addition,1535,BOOTSTRAPPED,1.0,1.0,1,1,1,0.0035898685455322266
0,1,Rows,Addition,1536,BOOTSTRAPPED,1.0,1.0,1,1,1,0.0035898685455322266
0,1,Rows,Addition,1537,BOOTSTRAPPED,1.0,1.0,1,1,1,0.003612041473388672
0,1,Rows,Addition,1538,BOOTSTRAPPED,1.0,1.0,1,1,1,0.0036079883575439453
0,1,Rows,Addition,1539,BOOTSTRAPPED,1.0,1.0,1,1,1,0.0035829544067382812
0,1,Rows,Addition,1540,BOOTSTRAPPED,1.0,1.0,1,1,1,0.003712892532348633
0,1,Rows,Addition,1541,BOOTSTRAPPED,1.0,1.0,1,1,1,0.003659963607788086
0,1,Rows,Addition,1542,BOOTSTRAPPED,1.0,1.0,1,1,1,0.0035309791564941406
0,1,Rows,Addition,1543,BOOTSTRAPPED,1.0,1.0,1,1,1,0.0036187171936035156
0,1,Rows,Addition,1544,BOOTSTRAPPED,1.0,1.0,1,1,1,0.0035898685455322266
0,1,Rows,Addition,1545,BOOTSTRAPPED,1.0,1.0,1,1,1,0.003595113754272461
0,1,Rows,Addition,1546,BOOTSTRAPPED,1.0,1.0,1,1,1,0.0035881996154785156
0,1,Rows,Addition,1547,BOOTSTRAPPED,1.0,1.0,1,1,1,0.003587961196899414
0,1,Rows,Addition,1548,BOOTSTRAPPED,1.0,1.0,1,1,1,0.003590106964111328
0,1,Rows,Addition,1549,BOOTSTRAPPED,1.0,1.0,1,1,1,0.003618955612182617
0,1,Rows,Addition,1550,BOOTSTRAPPED,1.0,1.0,1,1,1,0.0071070194244384766
0,1,Rows,Addition,1551,BOOTSTRAPPED,1.0,1.0,1,1,1,0.008029937744140625
0,1,Rows,Addition,1552,BOOTSTRAPPED,1.0,1.0,1,1,1,0.004884958267211914
0,1,Rows,Addition,1553,BOOTSTRAPPED,1.0,1.0,1,1,1,0.0037980079650878906
0,1,Rows,Addition,1554,BOOTSTRAPPED,1.0,1.0,1,1,1,0.0037200450897216797
0,1,Rows,Addition,1555,BOOTSTRAPPED,1.0,1.0,1,1,1,0.003805875778198242
0,1,Rows,Addition,1556,BOOTSTRAPPED,1.0,1.0,1,1,1,0.0036537647247314453
0,1,Rows,Addition,1557,BOOTSTRAPPED,1.0,1.0,1,1,1,0.0038640499114990234
0,1,Rows,Addition,1558,BOOTSTRAPPED,1.0,1.0,1,1,1,0.003759145736694336
0,1,Rows,Addition,1559,BOOTSTRAPPED,1.0,1.0,1,1,1,0.0038242340087890625
0,1,Rows,Addition,1560,BOOTSTRAPPED,1.0,1.0,1,1,1,0.0037419795989990234
0,1,Rows,Addition,1561,BOOTSTRAPPED,1.0,1.0,1,1,1,0.003726959228515625
0,1,Rows,Addition,1562,BOOTSTRAPPED,1.0,1.0,1,1,1,0.003751993179321289
0,1,Rows,Addition,1563,BOOTSTRAPPED,1.0,1.0,1,1,1,0.0037038326263427734
0,1,Rows,Addition,1564,BOOTSTRAPPED,1.0,1.0,1,1,1,0.003698110580444336
0,1,Rows,Addition,1565,BOOTSTRAPPED,1.0,1.0,1,1,1,0.0036468505859375
0,1,Rows,Addition,1566,BOOTSTRAPPED,1.0,1.0,1,1,1,0.003556966781616211
0,1,Rows,Addition,1567,BOOTSTRAPPED,1.0,1.0,1,1,1,0.0035810470581054688
0,1,Rows,Addition,1568,BOOTSTRAPPED,1.0,1.0,1,1,1,0.0036039352416992188
0,1,Rows,Addition,1569,BOOTSTRAPPED,1.0,1.0,1,1,1,0.0036029815673828125
0,1,Rows,Addition,1570,BOOTSTRAPPED,1.0,1.0,1,1,1,0.0037398338317871094
0,1,Rows,Addition,1571,BOOTSTRAPPED,1.0,1.0,1,1,1,0.0037240982055664062
0,1,Rows,Addition,1572,BOOTSTRAPPED,1.0,1.0,1,1,1,0.0036470890045166016
0,1,Rows,Addition,1573,BOOTSTRAPPED,1.0,1.0,1,1,1,0.0036191940307617188
0,1,Rows,Addition,1574,BOOTSTRAPPED,1.0,1.0,1,1,1,0.0036079883575439453
0,1,Rows,Addition,1575,BOOTSTRAPPED,1.0,1.0,1,1,1,0.0036160945892333984
0,1,Rows,Addition,1576,BOOTSTRAPPED,1.0,1.0,1,1,1,0.0036101341247558594
0,1,Rows,Addition,1577,BOOTSTRAPPED,1.0,1.0,1,1,1,0.003587961196899414
0,1,Rows,Addition,1578,BOOTSTRAPPED,1.0,1.0,1,1,1,0.0035400390625
0,1,Rows,Addition,1579,BOOTSTRAPPED,1.0,1.0,1,1,1,0.0035948753356933594
0,1,Rows,Addition,1580,BOOTSTRAPPED,1.0,1.0,1,1,1,0.003599882125854492
0,1,Rows,Addition,1581,BOOTSTRAPPED,1.0,1.0,1,1,1,0.0037670135498046875
0,1,Rows,Addition,1582,BOOTSTRAPPED,1.0,1.0,1,1,1,0.003523111343383789
0,1,Rows,Addition,1583,BOOTSTRAPPED,1.0,1.0,1,1,1,0.003688335418701172
0,1,Rows,Addition,1584,BOOTSTRAPPED,1.0,1.0,1,1,1,0.0036940574645996094
0,1,Rows,Addition,1585,BOOTSTRAPPED,1.0,1.0,1,1,1,0.0036458969116210938
0,1,Rows,Addition,1586,BOOTSTRAPPED,1.0,1.0,1,1,1,0.0036640167236328125
0,1,Rows,Addition,1587,BOOTSTRAPPED,1.0,1.0,1,1,1,0.0036597251892089844
0,1,Rows,Addition,1588,BOOTSTRAPPED,1.0,1.0,1,1,1,0.003690958023071289
0,1,Rows,Addition,1589,BOOTSTRAPPED,1.0,1.0,1,1,1,0.003690958023071289
0,1,Rows,Addition,1590,BOOTSTRAPPED,1.0,1.0,1,1,1,0.0036542415618896484
0,1,Rows,Addition,1591,BOOTSTRAPPED,1.0,1.0,1,1,1,0.0036468505859375
0,1,Rows,Addition,1592,BOOTSTRAPPED,1.0,1.0,1,1,1,0.003628969192504883
0,1,Rows,Addition,1593,BOOTSTRAPPED,1.0,1.0,1,1,1,0.003657102584838867
0,1,Rows,Addition,1594,BOOTSTRAPPED,1.0,1.0,1,1,1,0.0035867691040039062
0,1,Rows,Addition,1595,BOOTSTRAPPED,1.0,1.0,1,1,1,0.0036308765411376953
0,1,Rows,Addition,1596,BOOTSTRAPPED,1.0,1.0,1,1,1,0.0036308765411376953
0,1,Rows,Addition,1597,BOOTSTRAPPED,1.0,1.0,1,1,1,0.0036468505859375
0,1,Rows,Addition,1598,BOOTSTRAPPED,1.0,1.0,1,1,1,0.0035581588745117188
0,1,Rows,Addition,1599,BOOTSTRAPPED,1.0,1.0,1,1,1,0.0036110877990722656
0,1,Rows,Addition,1600,BOOTSTRAPPED,1.0,1.0,1,1,1,0.0036249160766601562
0,1,Rows,Addition,1601,BOOTSTRAPPED,1.0,1.0,1,1,1,0.0036399364471435547
0,1,Rows,Addition,1602,BOOTSTRAPPED,1.0,1.0,1,1,1,0.0035016536712646484
0,1,Rows,Addition,1603,BOOTSTRAPPED,1.0,1.0,1,1,1,0.003579854965209961
0,1,Rows,Addition,1604,BOOTSTRAPPED,1.0,1.0,1,1,1,0.003607034683227539
0,1,Rows,Addition,1605,BOOTSTRAPPED,1.0,1.0,1,1,1,0.003612041473388672
0,1,Rows,Addition,1606,BOOTSTRAPPED,1.0,1.0,1,1,1,0.0035631656646728516
0,1,Rows,Addition,1607,BOOTSTRAPPED,1.0,1.0,1,1,1,0.003536224365234375
0,1,Rows,Addition,1608,BOOTSTRAPPED,1.0,1.0,1,1,1,0.0035848617553710938
0,1,Rows,Addition,1609,BOOTSTRAPPED,1.0,1.0,1,1,1,0.003595113754272461
0,1,Rows,Addition,1610,BOOTSTRAPPED,1.0,1.0,1,1,1,0.00347900390625
0,1,Rows,Addition,1611,BOOTSTRAPPED,1.0,1.0,1,1,1,0.0035610198974609375
0,1,Rows,Addition,1612,BOOTSTRAPPED,1.0,1.0,1,1,1,0.0036220550537109375
0,1,Rows,Addition,1613,BOOTSTRAPPED,1.0,1.0,1,1,1,0.003584146499633789
0,1,Rows,Addition,1614,BOOTSTRAPPED,1.0,1.0,1,1,1,0.003593921661376953
0,1,Rows,Addition,1615,BOOTSTRAPPED,1.0,1.0,1,1,1,0.0035839080810546875
0,1,Rows,Addition,1616,BOOTSTRAPPED,1.0,1.0,1,1,1,0.003587007522583008
0,1,Rows,Addition,1617,BOOTSTRAPPED,1.0,1.0,1,1,1,0.0035910606384277344
0,1,Rows,Addition,1618,BOOTSTRAPPED,1.0,1.0,1,1,1,0.0035021305084228516
0,1,Rows,Addition,1619,BOOTSTRAPPED,1.0,1.0,1,1,1,0.0035889148712158203
0,1,Rows,Addition,1620,BOOTSTRAPPED,1.0,1.0,1,1,1,0.003632068634033203
0,1,Rows,Addition,1621,BOOTSTRAPPED,1.0,1.0,1,1,1,0.0036220550537109375
0,1,Rows,Addition,1622,BOOTSTRAPPED,1.0,1.0,1,1,1,0.0036160945892333984
0,1,Rows,Addition,1623,BOOTSTRAPPED,1.0,1.0,1,1,1,0.003608226776123047
0,1,Rows,Addition,1624,BOOTSTRAPPED,1.0,1.0,1,1,1,0.0036249160766601562
0,1,Rows,Addition,1625,BOOTSTRAPPED,1.0,1.0,1,1,1,0.0036149024963378906
0,1,Rows,Addition,1626,BOOTSTRAPPED,1.0,1.0,1,1,1,0.003631114959716797
0,1,Rows,Addition,1627,BOOTSTRAPPED,1.0,1.0,1,1,1,0.0036160945892333984
0,1,Rows,Addition,1628,BOOTSTRAPPED,1.0,1.0,1,1,1,0.0036118030548095703
0,1,Rows,Addition,1629,BOOTSTRAPPED,1.0,1.0,1,1,1,0.0036351680755615234
0,1,Rows,Addition,1630,BOOTSTRAPPED,1.0,1.0,1,1,1,0.0036149024963378906
0,1,Rows,Addition,1631,BOOTSTRAPPED,1.0,1.0,1,1,1,0.0036079883575439453
0,1,Rows,Addition,1632,BOOTSTRAPPED,1.0,1.0,1,1,1,0.0036139488220214844
0,1,Rows,Addition,1633,BOOTSTRAPPED,1.0,1.0,1,1,1,0.003633737564086914
0,1,Rows,Addition,1634,BOOTSTRAPPED,1.0,1.0,1,1,1,0.0034780502319335938
0,1,Rows,Addition,1635,BOOTSTRAPPED,1.0,1.0,1,1,1,0.0035588741302490234
0,1,Rows,Addition,1636,BOOTSTRAPPED,1.0,1.0,1,1,1,0.0035681724548339844
0,1,Rows,Addition,1637,BOOTSTRAPPED,1.0,1.0,1,1,1,0.003582000732421875
0,1,Rows,Addition,1638,BOOTSTRAPPED,1.0,1.0,1,1,1,0.0035719871520996094
0,1,Rows,Addition,1639,BOOTSTRAPPED,1.0,1.0,1,1,1,0.0035681724548339844
0,1,Rows,Addition,1640,BOOTSTRAPPED,1.0,1.0,1,1,1,0.0035719871520996094
0,1,Rows,Addition,1641,BOOTSTRAPPED,1.0,1.0,1,1,1,0.003582000732421875
0,1,Rows,Addition,1642,BOOTSTRAPPED,1.0,1.0,1,1,1,0.003593921661376953
0,1,Rows,Addition,1643,BOOTSTRAPPED,1.0,1.0,1,1,1,0.0035669803619384766
0,1,Rows,Addition,1644,BOOTSTRAPPED,1.0,1.0,1,1,1,0.003573894500732422
0,1,Rows,Addition,1645,BOOTSTRAPPED,1.0,1.0,1,1,1,0.003584146499633789
0,1,Rows,Addition,1646,BOOTSTRAPPED,1.0,1.0,1,1,1,0.0035622119903564453
0,1,Rows,Addition,1647,BOOTSTRAPPED,1.0,1.0,1,1,1,0.0035719871520996094
0,1,Rows,Addition,1648,BOOTSTRAPPED,1.0,1.0,1,1,1,0.0035741329193115234
0,1,Rows,Addition,1649,BOOTSTRAPPED,1.0,1.0,1,1,1,0.0035610198974609375
0,1,Rows,Addition,1650,BOOTSTRAPPED,1.0,1.0,1,1,1,0.0035681724548339844
0,1,Rows,Addition,1651,BOOTSTRAPPED,1.0,1.0,1,1,1,0.003592967987060547
0,1,Rows,Addition,1652,BOOTSTRAPPED,1.0,1.0,1,1,1,0.003570079803466797
0,1,Rows,Addition,1653,BOOTSTRAPPED,1.0,1.0,1,1,1,0.003692150115966797
0,1,Rows,Addition,1654,BOOTSTRAPPED,1.0,1.0,1,1,1,0.00356292724609375
0,1,Rows,Addition,1655,BOOTSTRAPPED,1.0,1.0,1,1,1,0.003567218780517578
0,1,Rows,Addition,1656,BOOTSTRAPPED,1.0,1.0,1,1,1,0.0036389827728271484
0,1,Rows,Addition,1657,BOOTSTRAPPED,1.0,1.0,1,1,1,0.0038912296295166016
0,1,Rows,Addition,1658,BOOTSTRAPPED,1.0,1.0,1,1,1,0.003763914108276367
0,1,Rows,Addition,1659,BOOTSTRAPPED,1.0,1.0,1,1,1,0.0035371780395507812
0,1,Rows,Addition,1660,BOOTSTRAPPED,1.0,1.0,1,1,1,0.003596067428588867
0,1,Rows,Addition,1661,BOOTSTRAPPED,1.0,1.0,1,1,1,0.0037298202514648438
0,1,Rows,Addition,1662,BOOTSTRAPPED,1.0,1.0,1,1,1,0.0035858154296875
0,1,Rows,Addition,1663,BOOTSTRAPPED,1.0,1.0,1,1,1,0.0035991668701171875
0,1,Rows,Addition,1664,BOOTSTRAPPED,1.0,1.0,1,1,1,0.003604888916015625
0,1,Rows,Addition,1665,BOOTSTRAPPED,1.0,1.0,1,1,1,0.0035810470581054688
0,1,Rows,Addition,1666,BOOTSTRAPPED,1.0,1.0,1,1,1,0.003584146499633789
0,1,Rows,Addition,1667,BOOTSTRAPPED,1.0,1.0,1,1,1,0.0035858154296875
0,1,Rows,Addition,1668,BOOTSTRAPPED,1.0,1.0,1,1,1,0.003846883773803711
0,1,Rows,Addition,1669,BOOTSTRAPPED,1.0,1.0,1,1,1,0.003720998764038086
0,1,Rows,Addition,1670,BOOTSTRAPPED,1.0,1.0,1,1,1,0.0036649703979492188
0,1,Rows,Addition,1671,BOOTSTRAPPED,1.0,1.0,1,1,1,0.003602266311645508
0,1,Rows,Addition,1672,BOOTSTRAPPED,1.0,1.0,1,1,1,0.0035860538482666016
0,1,Rows,Addition,1673,BOOTSTRAPPED,1.0,1.0,1,1,1,0.003651857376098633
0,1,Rows,Addition,1674,BOOTSTRAPPED,1.0,1.0,1,1,1,0.003576993942260742
0,1,Rows,Addition,1675,BOOTSTRAPPED,1.0,1.0,1,1,1,0.0035898685455322266
0,1,Rows,Addition,1676,BOOTSTRAPPED,1.0,1.0,1,1,1,0.003587961196899414
0,1,Rows,Addition,1677,BOOTSTRAPPED,1.0,1.0,1,1,1,0.0036077499389648438
0,1,Rows,Addition,1678,BOOTSTRAPPED,1.0,1.0,1,1,1,0.003643035888671875
0,1,Rows,Addition,1679,BOOTSTRAPPED,1.0,1.0,1,1,1,0.0036029815673828125
0,1,Rows,Addition,1680,BOOTSTRAPPED,1.0,1.0,1,1,1,0.0035839080810546875
0,1,Rows,Addition,1681,BOOTSTRAPPED,1.0,1.0,1,1,1,0.0035920143127441406
0,1,Rows,Addition,1682,BOOTSTRAPPED,1.0,1.0,1,1,1,0.0035789012908935547
0,1,Rows,Addition,1683,BOOTSTRAPPED,1.0,1.0,1,1,1,0.0035719871520996094
0,1,Rows,Addition,1684,BOOTSTRAPPED,1.0,1.0,1,1,1,0.0035741329193115234
0,1,Rows,Addition,1685,BOOTSTRAPPED,1.0,1.0,1,1,1,0.0035712718963623047
0,1,Rows,Addition,1686,BOOTSTRAPPED,1.0,1.0,1,1,1,0.003567218780517578
0,1,Rows,Addition,1687,BOOTSTRAPPED,1.0,1.0,1,1,1,0.003566265106201172
0,1,Rows,Addition,1688,BOOTSTRAPPED,1.0,1.0,1,1,1,0.0035669803619384766
0,1,Rows,Addition,1689,BOOTSTRAPPED,1.0,1.0,1,1,1,0.00341033935546875
0,1,Rows,Addition,1690,BOOTSTRAPPED,1.0,1.0,1,1,1,0.003509998321533203
0,1,Rows,Addition,1691,BOOTSTRAPPED,1.0,1.0,1,1,1,0.0035469532012939453
0,1,Rows,Addition,1692,BOOTSTRAPPED,1.0,1.0,1,1,1,0.0035500526428222656
0,1,Rows,Addition,1693,BOOTSTRAPPED,1.0,1.0,1,1,1,0.0035872459411621094
0,1,Rows,Addition,1694,BOOTSTRAPPED,1.0,1.0,1,1,1,0.003615856170654297
0,1,Rows,Addition,1695,BOOTSTRAPPED,1.0,1.0,1,1,1,0.0036258697509765625
0,1,Rows,Addition,1696,BOOTSTRAPPED,1.0,1.0,1,1,1,0.003615856170654297
0,1,Rows,Addition,1697,BOOTSTRAPPED,1.0,1.0,1,1,1,0.0036039352416992188
0,1,Rows,Addition,1698,BOOTSTRAPPED,1.0,1.0,1,1,1,0.003609895706176758
0,1,Rows,Addition,1699,BOOTSTRAPPED,1.0,1.0,1,1,1,0.003602743148803711
0,1,Rows,Addition,1700,BOOTSTRAPPED,1.0,1.0,1,1,1,0.0036110877990722656
0,1,Rows,Addition,1701,BOOTSTRAPPED,1.0,1.0,1,1,1,0.00409698486328125
0,1,Rows,Addition,1702,BOOTSTRAPPED,1.0,1.0,1,1,1,0.003744840621948242
0,1,Rows,Addition,1703,BOOTSTRAPPED,1.0,1.0,1,1,1,0.003759145736694336
0,1,Rows,Addition,1704,BOOTSTRAPPED,1.0,1.0,1,1,1,0.003786325454711914
0,1,Rows,Addition,1705,BOOTSTRAPPED,1.0,1.0,1,1,1,0.003648996353149414
0,1,Rows,Addition,1706,BOOTSTRAPPED,1.0,1.0,1,1,1,0.003620147705078125
0,1,Rows,Addition,1707,BOOTSTRAPPED,1.0,1.0,1,1,1,0.0036220550537109375
0,1,Rows,Addition,1708,BOOTSTRAPPED,1.0,1.0,1,1,1,0.003612995147705078
0,1,Rows,Addition,1709,BOOTSTRAPPED,1.0,1.0,1,1,1,0.004272937774658203
0,1,Rows,Addition,1710,BOOTSTRAPPED,1.0,1.0,1,1,1,0.003659963607788086
0,1,Rows,Addition,1711,BOOTSTRAPPED,1.0,1.0,1,1,1,0.0036771297454833984
0,1,Rows,Addition,1712,BOOTSTRAPPED,1.0,1.0,1,1,1,0.003782033920288086
0,1,Rows,Addition,1713,BOOTSTRAPPED,1.0,1.0,1,1,1,0.003621816635131836
0,1,Rows,Addition,1714,BOOTSTRAPPED,1.0,1.0,1,1,1,0.0036902427673339844
0,1,Rows,Addition,1715,BOOTSTRAPPED,1.0,1.0,1,1,1,0.0036268234252929688
0,1,Rows,Addition,1716,BOOTSTRAPPED,1.0,1.0,1,1,1,0.0036270618438720703
0,1,Rows,Addition,1717,BOOTSTRAPPED,1.0,1.0,1,1,1,0.003638029098510742
0,1,Rows,Addition,1718,BOOTSTRAPPED,1.0,1.0,1,1,1,0.003619670867919922
0,1,Rows,Addition,1719,BOOTSTRAPPED,1.0,1.0,1,1,1,0.0037190914154052734
0,1,Rows,Addition,1720,BOOTSTRAPPED,1.0,1.0,1,1,1,0.0036079883575439453
0,1,Rows,Addition,1721,BOOTSTRAPPED,1.0,1.0,1,1,1,0.0036590099334716797
0,1,Rows,Addition,1722,BOOTSTRAPPED,1.0,1.0,1,1,1,0.0036699771881103516
0,1,Rows,Addition,1723,BOOTSTRAPPED,1.0,1.0,1,1,1,0.0036127567291259766
0,1,Rows,Addition,1724,BOOTSTRAPPED,1.0,1.0,1,1,1,0.003561258316040039
0,1,Rows,Addition,1725,BOOTSTRAPPED,1.0,1.0,1,1,1,0.00357818603515625
0,1,Rows,Addition,1726,BOOTSTRAPPED,1.0,1.0,1,1,1,0.0035991668701171875
0,1,Rows,Addition,1727,BOOTSTRAPPED,1.0,1.0,1,1,1,0.003580808639526367
0,1,Rows,Addition,1728,BOOTSTRAPPED,1.0,1.0,1,1,1,0.003582000732421875
0,1,Rows,Addition,1729,BOOTSTRAPPED,1.0,1.0,1,1,1,0.0036067962646484375
0,1,Rows,Addition,1730,BOOTSTRAPPED,1.0,1.0,1,1,1,0.0036258697509765625
0,1,Rows,Addition,1731,BOOTSTRAPPED,1.0,1.0,1,1,1,0.0035262107849121094
0,1,Rows,Addition,1732,BOOTSTRAPPED,1.0,1.0,1,1,1,0.0035469532012939453
0,1,Rows,Addition,1733,BOOTSTRAPPED,1.0,1.0,1,1,1,0.003615140914916992
0,1,Rows,Addition,1734,BOOTSTRAPPED,1.0,1.0,1,1,1,0.0035970211029052734
0,1,Rows,Addition,1735,BOOTSTRAPPED,1.0,1.0,1,1,1,0.003560781478881836
0,1,Rows,Addition,1736,BOOTSTRAPPED,1.0,1.0,1,1,1,0.0035860538482666016
0,1,Rows,Addition,1737,BOOTSTRAPPED,1.0,1.0,1,1,1,0.0036051273345947266
0,1,Rows,Addition,1738,BOOTSTRAPPED,1.0,1.0,1,1,1,0.003637075424194336
0,1,Rows,Addition,1739,BOOTSTRAPPED,1.0,1.0,1,1,1,0.0035161972045898438
0,1,Rows,Addition,1740,BOOTSTRAPPED,1.0,1.0,1,1,1,0.0035309791564941406
0,1,Rows,Addition,1741,BOOTSTRAPPED,1.0,1.0,1,1,1,0.0040130615234375
0,1,Rows,Addition,1742,BOOTSTRAPPED,1.0,1.0,1,1,1,0.0037009716033935547
0,1,Rows,Addition,1743,BOOTSTRAPPED,1.0,1.0,1,1,1,0.0036940574645996094
0,1,Rows,Addition,1744,BOOTSTRAPPED,1.0,1.0,1,1,1,0.0036280155181884766
0,1,Rows,Addition,1745,BOOTSTRAPPED,1.0,1.0,1,1,1,0.0036237239837646484
0,1,Rows,Addition,1746,BOOTSTRAPPED,1.0,1.0,1,1,1,0.0035920143127441406
0,1,Rows,Addition,1747,BOOTSTRAPPED,1.0,1.0,1,1,1,0.0035469532012939453
0,1,Rows,Addition,1748,BOOTSTRAPPED,1.0,1.0,1,1,1,0.0036330223083496094
0,1,Rows,Addition,1749,BOOTSTRAPPED,1.0,1.0,1,1,1,0.003628969192504883
0,1,Rows,Addition,1750,BOOTSTRAPPED,1.0,1.0,1,1,1,0.0036270618438720703
0,1,Rows,Addition,1751,BOOTSTRAPPED,1.0,1.0,1,1,1,0.0036449432373046875
0,1,Rows,Addition,1752,BOOTSTRAPPED,1.0,1.0,1,1,1,0.0036149024963378906
0,1,Rows,Addition,1753,BOOTSTRAPPED,1.0,1.0,1,1,1,0.0036211013793945312
0,1,Rows,Addition,1754,BOOTSTRAPPED,1.0,1.0,1,1,1,0.0036182403564453125
0,1,Rows,Addition,1755,BOOTSTRAPPED,1.0,1.0,1,1,1,0.003648996353149414
0,1,Rows,Addition,1756,BOOTSTRAPPED,1.0,1.0,1,1,1,0.0036449432373046875
0,1,Rows,Addition,1757,BOOTSTRAPPED,1.0,1.0,1,1,1,0.003608226776123047
0,1,Rows,Addition,1758,BOOTSTRAPPED,1.0,1.0,1,1,1,0.0036139488220214844
0,1,Rows,Addition,1759,BOOTSTRAPPED,1.0,1.0,1,1,1,0.0036170482635498047
0,1,Rows,Addition,1760,BOOTSTRAPPED,1.0,1.0,1,1,1,0.004127025604248047
0,1,Rows,Addition,1761,BOOTSTRAPPED,1.0,1.0,1,1,1,0.003640890121459961
0,1,Rows,Addition,1762,BOOTSTRAPPED,1.0,1.0,1,1,1,0.0037992000579833984
0,1,Rows,Addition,1763,BOOTSTRAPPED,1.0,1.0,1,1,1,0.0036270618438720703
0,1,Rows,Addition,1764,BOOTSTRAPPED,1.0,1.0,1,1,1,0.0036089420318603516
0,1,Rows,Addition,1765,BOOTSTRAPPED,1.0,1.0,1,1,1,0.003593921661376953
0,1,Rows,Addition,1766,BOOTSTRAPPED,1.0,1.0,1,1,1,0.003591775894165039
0,1,Rows,Addition,1767,BOOTSTRAPPED,1.0,1.0,1,1,1,0.0036051273345947266
0,1,Rows,Addition,1768,BOOTSTRAPPED,1.0,1.0,1,1,1,0.0036139488220214844
0,1,Rows,Addition,1769,BOOTSTRAPPED,1.0,1.0,1,1,1,0.003618955612182617
0,1,Rows,Addition,1770,BOOTSTRAPPED,1.0,1.0,1,1,1,0.003590822219848633
0,1,Rows,Addition,1771,BOOTSTRAPPED,1.0,1.0,1,1,1,0.0035948753356933594
0,1,Rows,Addition,1772,BOOTSTRAPPED,1.0,1.0,1,1,1,0.0037429332733154297
0,1,Rows,Addition,1773,BOOTSTRAPPED,1.0,1.0,1,1,1,0.0036470890045166016
0,1,Rows,Addition,1774,BOOTSTRAPPED,1.0,1.0,1,1,1,0.003620147705078125
0,1,Rows,Addition,1775,BOOTSTRAPPED,1.0,1.0,1,1,1,0.0036170482635498047
0,1,Rows,Addition,1776,BOOTSTRAPPED,1.0,1.0,1,1,1,0.0035982131958007812
0,1,Rows,Addition,1777,BOOTSTRAPPED,1.0,1.0,1,1,1,0.0036051273345947266
0,1,Rows,Addition,1778,BOOTSTRAPPED,1.0,1.0,1,1,1,0.0036110877990722656
0,1,Rows,Addition,1779,BOOTSTRAPPED,1.0,1.0,1,1,1,0.003607034683227539
0,1,Rows,Addition,1780,BOOTSTRAPPED,1.0,1.0,1,1,1,0.0036270618438720703
0,1,Rows,Addition,1781,BOOTSTRAPPED,1.0,1.0,1,1,1,0.0036170482635498047
0,1,Rows,Addition,1782,BOOTSTRAPPED,1.0,1.0,1,1,1,0.0034940242767333984
0,1,Rows,Addition,1783,BOOTSTRAPPED,1.0,1.0,1,1,1,0.003576040267944336
0,1,Rows,Addition,1784,BOOTSTRAPPED,1.0,1.0,1,1,1,0.0035858154296875
0,1,Rows,Addition,1785,BOOTSTRAPPED,1.0,1.0,1,1,1,0.0035881996154785156
0,1,Rows,Addition,1786,BOOTSTRAPPED,1.0,1.0,1,1,1,0.003473043441772461
0,1,Rows,Addition,1787,BOOTSTRAPPED,1.0,1.0,1,1,1,0.0035881996154785156
0,1,Rows,Addition,1788,BOOTSTRAPPED,1.0,1.0,1,1,1,0.003597259521484375
0,1,Rows,Addition,1789,BOOTSTRAPPED,1.0,1.0,1,1,1,0.003592252731323242
0,1,Rows,Addition,1790,BOOTSTRAPPED,1.0,1.0,1,1,1,0.003607034683227539
0,1,Rows,Addition,1791,BOOTSTRAPPED,1.0,1.0,1,1,1,0.0035889148712158203
0,1,Rows,Addition,1792,BOOTSTRAPPED,1.0,1.0,1,1,1,0.0038068294525146484
0,1,Rows,Addition,1793,BOOTSTRAPPED,1.0,1.0,1,1,1,0.003948211669921875
0,1,Rows,Addition,1794,BOOTSTRAPPED,1.0,1.0,1,1,1,0.0037088394165039062
0,1,Rows,Addition,1795,BOOTSTRAPPED,1.0,1.0,1,1,1,0.003612041473388672
0,1,Rows,Addition,1796,BOOTSTRAPPED,1.0,1.0,1,1,1,0.0036580562591552734
0,1,Rows,Addition,1797,BOOTSTRAPPED,1.0,1.0,1,1,1,0.0036351680755615234
0,1,Rows,Addition,1798,BOOTSTRAPPED,1.0,1.0,1,1,1,0.003490924835205078
0,1,Rows,Addition,1799,BOOTSTRAPPED,1.0,1.0,1,1,1,0.003574848175048828
0,1,Rows,Addition,1800,BOOTSTRAPPED,1.0,1.0,1,1,1,0.0035080909729003906
0,1,Rows,Addition,1801,BOOTSTRAPPED,1.0,1.0,1,1,1,0.0036029815673828125
0,1,Rows,Addition,1802,BOOTSTRAPPED,1.0,1.0,1,1,1,0.0034837722778320312
0,1,Rows,Addition,1803,BOOTSTRAPPED,1.0,1.0,1,1,1,0.0035293102264404297
0,1,Rows,Addition,1804,BOOTSTRAPPED,1.0,1.0,1,1,1,0.003596782684326172
0,1,Rows,Addition,1805,BOOTSTRAPPED,1.0,1.0,1,1,1,0.0036420822143554688
0,1,Rows,Addition,1806,BOOTSTRAPPED,1.0,1.0,1,1,1,0.003565073013305664
0,1,Rows,Addition,1807,BOOTSTRAPPED,1.0,1.0,1,1,1,0.0036058425903320312
0,1,Rows,Addition,1808,BOOTSTRAPPED,1.0,1.0,1,1,1,0.003607034683227539
0,1,Rows,Addition,1809,BOOTSTRAPPED,1.0,1.0,1,1,1,0.003637075424194336
0,1,Rows,Addition,1810,BOOTSTRAPPED,1.0,1.0,1,1,1,0.0036280155181884766
0,1,Rows,Addition,1811,BOOTSTRAPPED,1.0,1.0,1,1,1,0.0036830902099609375
0,1,Rows,Addition,1812,BOOTSTRAPPED,1.0,1.0,1,1,1,0.003627777099609375
0,1,Rows,Addition,1813,BOOTSTRAPPED,1.0,1.0,1,1,1,0.003587007522583008
0,1,Rows,Addition,1814,BOOTSTRAPPED,1.0,1.0,1,1,1,0.003526926040649414
0,1,Rows,Addition,1815,BOOTSTRAPPED,1.0,1.0,1,1,1,0.003593921661376953
0,1,Rows,Addition,1816,BOOTSTRAPPED,1.0,1.0,1,1,1,0.0035851001739501953
0,1,Rows,Addition,1817,BOOTSTRAPPED,1.0,1.0,1,1,1,0.00356292724609375
0,1,Rows,Addition,1818,BOOTSTRAPPED,1.0,1.0,1,1,1,0.003534078598022461
0,1,Rows,Addition,1819,BOOTSTRAPPED,1.0,1.0,1,1,1,0.003591299057006836
0,1,Rows,Addition,1820,BOOTSTRAPPED,1.0,1.0,1,1,1,0.0036039352416992188
0,1,Rows,Addition,1821,BOOTSTRAPPED,1.0,1.0,1,1,1,0.0035750865936279297
0,1,Rows,Addition,1822,BOOTSTRAPPED,1.0,1.0,1,1,1,0.0035729408264160156
0,1,Rows,Addition,1823,BOOTSTRAPPED,1.0,1.0,1,1,1,0.003604888916015625
0,1,Rows,Addition,1824,BOOTSTRAPPED,1.0,1.0,1,1,1,0.003606081008911133
0,1,Rows,Addition,1825,BOOTSTRAPPED,1.0,1.0,1,1,1,0.0035550594329833984
0,1,Rows,Addition,1826,BOOTSTRAPPED,1.0,1.0,1,1,1,0.003812074661254883
0,1,Rows,Addition,1827,BOOTSTRAPPED,1.0,1.0,1,1,1,0.003715991973876953
0,1,Rows,Addition,1828,BOOTSTRAPPED,1.0,1.0,1,1,1,0.0036771297454833984
0,1,Rows,Addition,1829,BOOTSTRAPPED,1.0,1.0,1,1,1,0.003790140151977539
0,1,Rows,Addition,1830,BOOTSTRAPPED,1.0,1.0,1,1,1,0.0036330223083496094
0,1,Rows,Addition,1831,BOOTSTRAPPED,1.0,1.0,1,1,1,0.0036242008209228516
0,1,Rows,Addition,1832,BOOTSTRAPPED,1.0,1.0,1,1,1,0.0036058425903320312
0,1,Rows,Addition,1833,BOOTSTRAPPED,1.0,1.0,1,1,1,0.0036039352416992188
0,1,Rows,Addition,1834,BOOTSTRAPPED,1.0,1.0,1,1,1,0.003604888916015625
0,1,Rows,Addition,1835,BOOTSTRAPPED,1.0,1.0,1,1,1,0.003593921661376953
0,1,Rows,Addition,1836,BOOTSTRAPPED,1.0,1.0,1,1,1,0.003596782684326172
0,1,Rows,Addition,1837,BOOTSTRAPPED,1.0,1.0,1,1,1,0.0035080909729003906
0,1,Rows,Addition,1838,BOOTSTRAPPED,1.0,1.0,1,1,1,0.0035886764526367188
0,1,Rows,Addition,1839,BOOTSTRAPPED,1.0,1.0,1,1,1,0.003576040267944336
0,1,Rows,Addition,1840,BOOTSTRAPPED,1.0,1.0,1,1,1,0.003567934036254883
0,1,Rows,Addition,1841,BOOTSTRAPPED,1.0,1.0,1,1,1,0.0034799575805664062
0,1,Rows,Addition,1842,BOOTSTRAPPED,1.0,1.0,1,1,1,0.0035881996154785156
0,1,Rows,Addition,1843,BOOTSTRAPPED,1.0,1.0,1,1,1,0.0035848617553710938
0,1,Rows,Addition,1844,BOOTSTRAPPED,1.0,1.0,1,1,1,0.0035986900329589844
0,1,Rows,Addition,1845,BOOTSTRAPPED,1.0,1.0,1,1,1,0.0035309791564941406
0,1,Rows,Addition,1846,BOOTSTRAPPED,1.0,1.0,1,1,1,0.0036039352416992188
0,1,Rows,Addition,1847,BOOTSTRAPPED,1.0,1.0,1,1,1,0.003604888916015625
0,1,Rows,Addition,1848,BOOTSTRAPPED,1.0,1.0,1,1,1,0.0036017894744873047
0,1,Rows,Addition,1849,BOOTSTRAPPED,1.0,1.0,1,1,1,0.0035698413848876953
0,1,Rows,Addition,1850,BOOTSTRAPPED,1.0,1.0,1,1,1,0.003607034683227539
0,1,Rows,Addition,1851,BOOTSTRAPPED,1.0,1.0,1,1,1,0.004106998443603516
0,1,Rows,Addition,1852,BOOTSTRAPPED,1.0,1.0,1,1,1,0.003616809844970703
0,1,Rows,Addition,1853,BOOTSTRAPPED,1.0,1.0,1,1,1,0.0036199092864990234
0,1,Rows,Addition,1854,BOOTSTRAPPED,1.0,1.0,1,1,1,0.0036160945892333984
0,1,Rows,Addition,1855,BOOTSTRAPPED,1.0,1.0,1,1,1,0.003662109375
0,1,Rows,Addition,1856,BOOTSTRAPPED,1.0,1.0,1,1,1,0.0036351680755615234
0,1,Rows,Addition,1857,BOOTSTRAPPED,1.0,1.0,1,1,1,0.0035719871520996094
0,1,Rows,Addition,1858,BOOTSTRAPPED,1.0,1.0,1,1,1,0.0036177635192871094
0,1,Rows,Addition,1859,BOOTSTRAPPED,1.0,1.0,1,1,1,0.0036170482635498047
0,1,Rows,Addition,1860,BOOTSTRAPPED,1.0,1.0,1,1,1,0.0035767555236816406
0,1,Rows,Addition,1861,BOOTSTRAPPED,1.0,1.0,1,1,1,0.0035538673400878906
0,1,Rows,Addition,1862,BOOTSTRAPPED,1.0,1.0,1,1,1,0.0035920143127441406
0,1,Rows,Addition,1863,BOOTSTRAPPED,1.0,1.0,1,1,1,0.003609180450439453
0,1,Rows,Addition,1864,BOOTSTRAPPED,1.0,1.0,1,1,1,0.0035851001739501953
0,1,Rows,Addition,1865,BOOTSTRAPPED,1.0,1.0,1,1,1,0.0035462379455566406
0,1,Rows,Addition,1866,BOOTSTRAPPED,1.0,1.0,1,1,1,0.004151105880737305
0,1,Rows,Addition,1867,BOOTSTRAPPED,1.0,1.0,1,1,1,0.0036551952362060547
0,1,Rows,Addition,1868,BOOTSTRAPPED,1.0,1.0,1,1,1,0.00374603271484375
0,1,Rows,Addition,1869,BOOTSTRAPPED,1.0,1.0,1,1,1,0.0036211013793945312
0,1,Rows,Addition,1870,BOOTSTRAPPED,1.0,1.0,1,1,1,0.003595113754272461
0,1,Rows,Addition,1871,BOOTSTRAPPED,1.0,1.0,1,1,1,0.003634929656982422
0,1,Rows,Addition,1872,BOOTSTRAPPED,1.0,1.0,1,1,1,0.0035400390625
0,1,Rows,Addition,1873,BOOTSTRAPPED,1.0,1.0,1,1,1,0.003621816635131836
0,1,Rows,Addition,1874,BOOTSTRAPPED,1.0,1.0,1,1,1,0.003599882125854492
0,1,Rows,Addition,1875,BOOTSTRAPPED,1.0,1.0,1,1,1,0.00360107421875
0,1,Rows,Addition,1876,BOOTSTRAPPED,1.0,1.0,1,1,1,0.003632068634033203
0,1,Rows,Addition,1877,BOOTSTRAPPED,1.0,1.0,1,1,1,0.003597736358642578
0,1,Rows,Addition,1878,BOOTSTRAPPED,1.0,1.0,1,1,1,0.003626108169555664
0,1,Rows,Addition,1879,BOOTSTRAPPED,1.0,1.0,1,1,1,0.003602266311645508
0,1,Rows,Addition,1880,BOOTSTRAPPED,1.0,1.0,1,1,1,0.00350189208984375
0,1,Rows,Addition,1881,BOOTSTRAPPED,1.0,1.0,1,1,1,0.0035581588745117188
0,1,Rows,Addition,1882,BOOTSTRAPPED,1.0,1.0,1,1,1,0.0035789012908935547
0,1,Rows,Addition,1883,BOOTSTRAPPED,1.0,1.0,1,1,1,0.003580808639526367
0,1,Rows,Addition,1884,BOOTSTRAPPED,1.0,1.0,1,1,1,0.003509044647216797
0,1,Rows,Addition,1885,BOOTSTRAPPED,1.0,1.0,1,1,1,0.003597736358642578
0,1,Rows,Addition,1886,BOOTSTRAPPED,1.0,1.0,1,1,1,0.003612041473388672
0,1,Rows,Addition,1887,BOOTSTRAPPED,1.0,1.0,1,1,1,0.003618955612182617
0,1,Rows,Addition,1888,BOOTSTRAPPED,1.0,1.0,1,1,1,0.0036191940307617188
0,1,Rows,Addition,1889,BOOTSTRAPPED,1.0,1.0,1,1,1,0.0036008358001708984
0,1,Rows,Addition,1890,BOOTSTRAPPED,1.0,1.0,1,1,1,0.003606081008911133
0,1,Rows,Addition,1891,BOOTSTRAPPED,1.0,1.0,1,1,1,0.00362396240234375
0,1,Rows,Addition,1892,BOOTSTRAPPED,1.0,1.0,1,1,1,0.0036170482635498047
0,1,Rows,Addition,1893,BOOTSTRAPPED,1.0,1.0,1,1,1,0.003593921661376953
0,1,Rows,Addition,1894,BOOTSTRAPPED,1.0,1.0,1,1,1,0.003599882125854492
0,1,Rows,Addition,1895,BOOTSTRAPPED,1.0,1.0,1,1,1,0.0035958290100097656
0,1,Rows,Addition,1896,BOOTSTRAPPED,1.0,1.0,1,1,1,0.0035817623138427734
0,1,Rows,Addition,1897,BOOTSTRAPPED,1.0,1.0,1,1,1,0.0036008358001708984
0,1,Rows,Addition,1898,BOOTSTRAPPED,1.0,1.0,1,1,1,0.0036301612854003906
0,1,Rows,Addition,1899,BOOTSTRAPPED,1.0,1.0,1,1,1,0.0036160945892333984
0,1,Rows,Addition,1900,BOOTSTRAPPED,1.0,1.0,1,1,1,0.0036191940307617188
0,1,Rows,Addition,1901,BOOTSTRAPPED,1.0,1.0,1,1,1,0.0036270618438720703
0,1,Rows,Addition,1902,BOOTSTRAPPED,1.0,1.0,1,1,1,0.0036170482635498047
0,1,Rows,Addition,1903,BOOTSTRAPPED,1.0,1.0,1,1,1,0.003612995147705078
0,1,Rows,Addition,1904,BOOTSTRAPPED,1.0,1.0,1,1,1,0.003493070602416992
0,1,Rows,Addition,1905,BOOTSTRAPPED,1.0,1.0,1,1,1,0.003573179244995117
0,1,Rows,Addition,1906,BOOTSTRAPPED,1.0,1.0,1,1,1,0.003593921661376953
0,1,Rows,Addition,1907,BOOTSTRAPPED,1.0,1.0,1,1,1,0.003615856170654297
0,1,Rows,Addition,1908,BOOTSTRAPPED,1.0,1.0,1,1,1,0.003618001937866211
0,1,Rows,Addition,1909,BOOTSTRAPPED,1.0,1.0,1,1,1,0.0035948753356933594
0,1,Rows,Addition,1910,BOOTSTRAPPED,1.0,1.0,1,1,1,0.0035839080810546875
0,1,Rows,Addition,1911,BOOTSTRAPPED,1.0,1.0,1,1,1,0.003604888916015625
0,1,Rows,Addition,1912,BOOTSTRAPPED,1.0,1.0,1,1,1,0.003496885299682617
0,1,Rows,Addition,1913,BOOTSTRAPPED,1.0,1.0,1,1,1,0.0035810470581054688
0,1,Rows,Addition,1914,BOOTSTRAPPED,1.0,1.0,1,1,1,0.00360870361328125
0,1,Rows,Addition,1915,BOOTSTRAPPED,1.0,1.0,1,1,1,0.0036041736602783203
0,1,Rows,Addition,1916,BOOTSTRAPPED,1.0,1.0,1,1,1,0.003610849380493164
0,1,Rows,Addition,1917,BOOTSTRAPPED,1.0,1.0,1,1,1,0.0036051273345947266
0,1,Rows,Addition,1918,BOOTSTRAPPED,1.0,1.0,1,1,1,0.0036330223083496094
0,1,Rows,Addition,1919,BOOTSTRAPPED,1.0,1.0,1,1,1,0.0036280155181884766
0,1,Rows,Addition,1920,BOOTSTRAPPED,1.0,1.0,1,1,1,0.0035021305084228516
0,1,Rows,Addition,1921,BOOTSTRAPPED,1.0,1.0,1,1,1,0.003599882125854492
0,1,Rows,Addition,1922,BOOTSTRAPPED,1.0,1.0,1,1,1,0.0035157203674316406
0,1,Rows,Addition,1923,BOOTSTRAPPED,1.0,1.0,1,1,1,0.003580808639526367
0,1,Rows,Addition,1924,BOOTSTRAPPED,1.0,1.0,1,1,1,0.0035331249237060547
0,1,Rows,Addition,1925,BOOTSTRAPPED,1.0,1.0,1,1,1,0.00360107421875
0,1,Rows,Addition,1926,BOOTSTRAPPED,1.0,1.0,1,1,1,0.0036170482635498047
0,1,Rows,Addition,1927,BOOTSTRAPPED,1.0,1.0,1,1,1,0.003618001937866211
0,1,Rows,Addition,1928,BOOTSTRAPPED,1.0,1.0,1,1,1,0.0035309791564941406
0,1,Rows,Addition,1929,BOOTSTRAPPED,1.0,1.0,1,1,1,0.003579854965209961
0,1,Rows,Addition,1930,BOOTSTRAPPED,1.0,1.0,1,1,1,0.003604888916015625
0,1,Rows,Addition,1931,BOOTSTRAPPED,1.0,1.0,1,1,1,0.0036089420318603516
0,1,Rows,Addition,1932,BOOTSTRAPPED,1.0,1.0,1,1,1,0.0035219192504882812
0,1,Rows,Addition,1933,BOOTSTRAPPED,1.0,1.0,1,1,1,0.003603219985961914
0,1,Rows,Addition,1934,BOOTSTRAPPED,1.0,1.0,1,1,1,0.0036139488220214844
0,1,Rows,Addition,1935,BOOTSTRAPPED,1.0,1.0,1,1,1,0.003622770309448242
0,1,Rows,Addition,1936,BOOTSTRAPPED,1.0,1.0,1,1,1,0.003567218780517578
0,1,Rows,Addition,1937,BOOTSTRAPPED,1.0,1.0,1,1,1,0.004290103912353516
0,1,Rows,Addition,1938,BOOTSTRAPPED,1.0,1.0,1,1,1,0.0037796497344970703
0,1,Rows,Addition,1939,BOOTSTRAPPED,1.0,1.0,1,1,1,0.0037887096405029297
0,1,Rows,Addition,1940,BOOTSTRAPPED,1.0,1.0,1,1,1,0.0036573410034179688
0,1,Rows,Addition,1941,BOOTSTRAPPED,1.0,1.0,1,1,1,0.0036597251892089844
0,1,Rows,Addition,1942,BOOTSTRAPPED,1.0,1.0,1,1,1,0.0036470890045166016
0,1,Rows,Addition,1943,BOOTSTRAPPED,1.0,1.0,1,1,1,0.0036537647247314453
0,1,Rows,Addition,1944,BOOTSTRAPPED,1.0,1.0,1,1,1,0.0036423206329345703
0,1,Rows,Addition,1945,BOOTSTRAPPED,1.0,1.0,1,1,1,0.0036110877990722656
0,1,Rows,Addition,1946,BOOTSTRAPPED,1.0,1.0,1,1,1,0.0035920143127441406
0,1,Rows,Addition,1947,BOOTSTRAPPED,1.0,1.0,1,1,1,0.003618001937866211
0,1,Rows,Addition,1948,BOOTSTRAPPED,1.0,1.0,1,1,1,0.003595113754272461
0,1,Rows,Addition,1949,BOOTSTRAPPED,1.0,1.0,1,1,1,0.0035948753356933594
0,1,Rows,Addition,1950,BOOTSTRAPPED,1.0,1.0,1,1,1,0.0036191940307617188
0,1,Rows,Addition,1951,BOOTSTRAPPED,1.0,1.0,1,1,1,0.003620147705078125
0,1,Rows,Addition,1952,BOOTSTRAPPED,1.0,1.0,1,1,1,0.0035881996154785156
0,1,Rows,Addition,1953,BOOTSTRAPPED,1.0,1.0,1,1,1,0.003590822219848633
0,1,Rows,Addition,1954,BOOTSTRAPPED,1.0,1.0,1,1,1,0.0035719871520996094
0,1,Rows,Addition,1955,BOOTSTRAPPED,1.0,1.0,1,1,1,0.0035381317138671875
0,1,Rows,Addition,1956,BOOTSTRAPPED,1.0,1.0,1,1,1,0.00360107421875
0,1,Rows,Addition,1957,BOOTSTRAPPED,1.0,1.0,1,1,1,0.003615140914916992
0,1,Rows,Addition,1958,BOOTSTRAPPED,1.0,1.0,1,1,1,0.003618001937866211
0,1,Rows,Addition,1959,BOOTSTRAPPED,1.0,1.0,1,1,1,0.003471851348876953
0,1,Rows,Addition,1960,BOOTSTRAPPED,1.0,1.0,1,1,1,0.0035448074340820312
0,1,Rows,Addition,1961,BOOTSTRAPPED,1.0,1.0,1,1,1,0.003602266311645508
0,1,Rows,Addition,1962,BOOTSTRAPPED,1.0,1.0,1,1,1,0.003589153289794922
0,1,Rows,Addition,1963,BOOTSTRAPPED,1.0,1.0,1,1,1,0.0034940242767333984
0,1,Rows,Addition,1964,BOOTSTRAPPED,1.0,1.0,1,1,1,0.0035970211029052734
0,1,Rows,Addition,1965,BOOTSTRAPPED,1.0,1.0,1,1,1,0.0036039352416992188
0,1,Rows,Addition,1966,BOOTSTRAPPED,1.0,1.0,1,1,1,0.0036211013793945312
0,1,Rows,Addition,1967,BOOTSTRAPPED,1.0,1.0,1,1,1,0.0034470558166503906
0,1,Rows,Addition,1968,BOOTSTRAPPED,1.0,1.0,1,1,1,0.003551006317138672
0,1,Rows,Addition,1969,BOOTSTRAPPED,1.0,1.0,1,1,1,0.0035858154296875
0,1,Rows,Addition,1970,BOOTSTRAPPED,1.0,1.0,1,1,1,0.0036211013793945312
0,1,Rows,Addition,1971,BOOTSTRAPPED,1.0,1.0,1,1,1,0.0034570693969726562
0,1,Rows,Addition,1972,BOOTSTRAPPED,1.0,1.0,1,1,1,0.0035817623138427734
0,1,Rows,Addition,1973,BOOTSTRAPPED,1.0,1.0,1,1,1,0.0036008358001708984
0,1,Rows,Addition,1974,BOOTSTRAPPED,1.0,1.0,1,1,1,0.0036339759826660156
0,1,Rows,Addition,1975,BOOTSTRAPPED,1.0,1.0,1,1,1,0.0034689903259277344
0,1,Rows,Addition,1976,BOOTSTRAPPED,1.0,1.0,1,1,1,0.0035619735717773438
0,1,Rows,Addition,1977,BOOTSTRAPPED,1.0,1.0,1,1,1,0.003597736358642578
0,1,Rows,Addition,1978,BOOTSTRAPPED,1.0,1.0,1,1,1,0.0035881996154785156
0,1,Rows,Addition,1979,BOOTSTRAPPED,1.0,1.0,1,1,1,0.0034639835357666016
0,1,Rows,Addition,1980,BOOTSTRAPPED,1.0,1.0,1,1,1,0.0035657882690429688
0,1,Rows,Addition,1981,BOOTSTRAPPED,1.0,1.0,1,1,1,0.004104137420654297
0,1,Rows,Addition,1982,BOOTSTRAPPED,1.0,1.0,1,1,1,0.0036139488220214844
0,1,Rows,Addition,1983,BOOTSTRAPPED,1.0,1.0,1,1,1,0.0037250518798828125
0,1,Rows,Addition,1984,BOOTSTRAPPED,1.0,1.0,1,1,1,0.0036690235137939453
0,1,Rows,Addition,1985,BOOTSTRAPPED,1.0,1.0,1,1,1,0.003674030303955078
0,1,Rows,Addition,1986,BOOTSTRAPPED,1.0,1.0,1,1,1,0.0036551952362060547
0,1,Rows,Addition,1987,BOOTSTRAPPED,1.0,1.0,1,1,1,0.003620147705078125
0,1,Rows,Addition,1988,BOOTSTRAPPED,1.0,1.0,1,1,1,0.0036420822143554688
0,1,Rows,Addition,1989,BOOTSTRAPPED,1.0,1.0,1,1,1,0.0035190582275390625
0,1,Rows,Addition,1990,BOOTSTRAPPED,1.0,1.0,1,1,1,0.0035572052001953125
0,1,Rows,Addition,1991,BOOTSTRAPPED,1.0,1.0,1,1,1,0.0036039352416992188
0,1,Rows,Addition,1992,BOOTSTRAPPED,1.0,1.0,1,1,1,0.0036420822143554688
0,1,Rows,Addition,1993,BOOTSTRAPPED,1.0,1.0,1,1,1,0.0037221908569335938
0,1,Rows,Addition,1994,BOOTSTRAPPED,1.0,1.0,1,1,1,0.003675222396850586
0,1,Rows,Addition,1995,BOOTSTRAPPED,1.0,1.0,1,1,1,0.0036971569061279297
0,1,Rows,Addition,1996,BOOTSTRAPPED,1.0,1.0,1,1,1,0.0034990310668945312
0,1,Rows,Addition,1997,BOOTSTRAPPED,1.0,1.0,1,1,1,0.003595113754272461
0,1,Rows,Addition,1998,BOOTSTRAPPED,1.0,1.0,1,1,1,0.003611326217651367
0,1,Rows,Addition,1999,BOOTSTRAPPED,1.0,1.0,1,1,1,0.0036029815673828125
0,1,Rows,Addition,2000,BOOTSTRAPPED,1.0,1.0,1,1,1,0.0036008358001708984
0,1,Rows,Addition,2001,BOOTSTRAPPED,1.0,1.0,1,1,1,0.0036280155181884766
0,1,Rows,Addition,2002,BOOTSTRAPPED,1.0,1.0,1,1,1,0.0036020278930664062
0,1,Rows,Addition,2003,BOOTSTRAPPED,1.0,1.0,1,1,1,0.0036013126373291016
0,1,Rows,Addition,2004,BOOTSTRAPPED,1.0,1.0,1,1,1,0.003587007522583008
0,1,Rows,Addition,2005,BOOTSTRAPPED,1.0,1.0,1,1,1,0.0035932064056396484
0,1,Rows,Addition,2006,BOOTSTRAPPED,1.0,1.0,1,1,1,0.003663778305053711
0,1,Rows,Addition,2007,BOOTSTRAPPED,1.0,1.0,1,1,1,0.003904104232788086
0,1,Rows,Addition,2008,BOOTSTRAPPED,1.0,1.0,1,1,1,0.0039520263671875
0,1,Rows,Addition,2009,BOOTSTRAPPED,1.0,1.0,1,1,1,0.0037381649017333984
0,1,Rows,Addition,2010,BOOTSTRAPPED,1.0,1.0,1,1,1,0.0036602020263671875
0,1,Rows,Addition,2011,BOOTSTRAPPED,1.0,1.0,1,1,1,0.0035750865936279297
0,1,Rows,Addition,2012,BOOTSTRAPPED,1.0,1.0,1,1,1,0.0036470890045166016
0,1,Rows,Addition,2013,BOOTSTRAPPED,1.0,1.0,1,1,1,0.003634214401245117
0,1,Rows,Addition,2014,BOOTSTRAPPED,1.0,1.0,1,1,1,0.0035309791564941406
0,1,Rows,Addition,2015,BOOTSTRAPPED,1.0,1.0,1,1,1,0.003592252731323242
0,1,Rows,Addition,2016,BOOTSTRAPPED,1.0,1.0,1,1,1,0.0036051273345947266
0,1,Rows,Addition,2017,BOOTSTRAPPED,1.0,1.0,1,1,1,0.0035979747772216797
0,1,Rows,Addition,2018,BOOTSTRAPPED,1.0,1.0,1,1,1,0.003480672836303711
0,1,Rows,Addition,2019,BOOTSTRAPPED,1.0,1.0,1,1,1,0.0035941600799560547
0,1,Rows,Addition,2020,BOOTSTRAPPED,1.0,1.0,1,1,1,0.003627777099609375
0,1,Rows,Addition,2021,BOOTSTRAPPED,1.0,1.0,1,1,1,0.0036292076110839844
0,1,Rows,Addition,2022,BOOTSTRAPPED,1.0,1.0,1,1,1,0.003529787063598633
0,1,Rows,Addition,2023,BOOTSTRAPPED,1.0,1.0,1,1,1,0.0035920143127441406
0,1,Rows,Addition,2024,BOOTSTRAPPED,1.0,1.0,1,1,1,0.0036001205444335938
0,1,Rows,Addition,2025,BOOTSTRAPPED,1.0,1.0,1,1,1,0.0035860538482666016
0,1,Rows,Addition,2026,BOOTSTRAPPED,1.0,1.0,1,1,1,0.003593921661376953
0,1,Rows,Addition,2027,BOOTSTRAPPED,1.0,1.0,1,1,1,0.003573179244995117
0,1,Rows,Addition,2028,BOOTSTRAPPED,1.0,1.0,1,1,1,0.003576993942260742
0,1,Rows,Addition,2029,BOOTSTRAPPED,1.0,1.0,1,1,1,0.003579854965209961
0,1,Rows,Addition,2030,BOOTSTRAPPED,1.0,1.0,1,1,1,0.003570079803466797
0,1,Rows,Addition,2031,BOOTSTRAPPED,1.0,1.0,1,1,1,0.0035889148712158203
0,1,Rows,Addition,2032,BOOTSTRAPPED,1.0,1.0,1,1,1,0.0035626888275146484
0,1,Rows,Addition,2033,BOOTSTRAPPED,1.0,1.0,1,1,1,0.003602266311645508
0,1,Rows,Addition,2034,BOOTSTRAPPED,1.0,1.0,1,1,1,0.003494739532470703
0,1,Rows,Addition,2035,BOOTSTRAPPED,1.0,1.0,1,1,1,0.0035619735717773438
0,1,Rows,Addition,2036,BOOTSTRAPPED,1.0,1.0,1,1,1,0.003597736358642578
0,1,Rows,Addition,2037,BOOTSTRAPPED,1.0,1.0,1,1,1,0.0035982131958007812
0,1,Rows,Addition,2038,BOOTSTRAPPED,1.0,1.0,1,1,1,0.003596067428588867
0,1,Rows,Addition,2039,BOOTSTRAPPED,1.0,1.0,1,1,1,0.0035860538482666016
0,1,Rows,Addition,2040,BOOTSTRAPPED,1.0,1.0,1,1,1,0.003590822219848633
0,1,Rows,Addition,2041,BOOTSTRAPPED,1.0,1.0,1,1,1,0.0036139488220214844
0,1,Rows,Addition,2042,BOOTSTRAPPED,1.0,1.0,1,1,1,0.0035848617553710938
0,1,Rows,Addition,2043,BOOTSTRAPPED,1.0,1.0,1,1,1,0.0035889148712158203
0,1,Rows,Addition,2044,BOOTSTRAPPED,1.0,1.0,1,1,1,0.0035810470581054688
0,1,Rows,Addition,2045,BOOTSTRAPPED,1.0,1.0,1,1,1,0.0036859512329101562
0,1,Rows,Addition,2046,BOOTSTRAPPED,1.0,1.0,1,1,1,0.003609180450439453
0,1,Rows,Addition,2047,BOOTSTRAPPED,1.0,1.0,1,1,1,0.0036389827728271484
0,1,Rows,Addition,2048,BOOTSTRAPPED,1.0,1.0,1,1,1,0.0036330223083496094
0,1,Rows,Addition,2049,BOOTSTRAPPED,1.0,1.0,1,1,1,0.0036258697509765625
0,1,Rows,Addition,2050,BOOTSTRAPPED,1.0,1.0,1,1,1,0.003620147705078125
0,1,Rows,Addition,2051,BOOTSTRAPPED,1.0,1.0,1,1,1,0.003609180450439453
0,1,Rows,Addition,2052,BOOTSTRAPPED,1.0,1.0,1,1,1,0.0036287307739257812
0,1,Rows,Addition,2053,BOOTSTRAPPED,1.0,1.0,1,1,1,0.003551959991455078
0,1,Rows,Addition,2054,BOOTSTRAPPED,1.0,1.0,1,1,1,0.0035109519958496094
0,1,Rows,Addition,2055,BOOTSTRAPPED,1.0,1.0,1,1,1,0.0035719871520996094
0,1,Rows,Addition,2056,BOOTSTRAPPED,1.0,1.0,1,1,1,0.0035779476165771484
0,1,Rows,Addition,2057,BOOTSTRAPPED,1.0,1.0,1,1,1,0.0035619735717773438
0,1,Rows,Addition,2058,BOOTSTRAPPED,1.0,1.0,1,1,1,0.0035991668701171875
0,1,Rows,Addition,2059,BOOTSTRAPPED,1.0,1.0,1,1,1,0.0036110877990722656
0,1,Rows,Addition,2060,BOOTSTRAPPED,1.0,1.0,1,1,1,0.003612995147705078
0,1,Rows,Addition,2061,BOOTSTRAPPED,1.0,1.0,1,1,1,0.0035452842712402344
0,1,Rows,Addition,2062,BOOTSTRAPPED,1.0,1.0,1,1,1,0.003549814224243164
0,1,Rows,Addition,2063,BOOTSTRAPPED,1.0,1.0,1,1,1,0.0035839080810546875
0,1,Rows,Addition,2064,BOOTSTRAPPED,1.0,1.0,1,1,1,0.003587961196899414
0,1,Rows,Addition,2065,BOOTSTRAPPED,1.0,1.0,1,1,1,0.0036020278930664062
0,1,Rows,Addition,2066,BOOTSTRAPPED,1.0,1.0,1,1,1,0.003596782684326172
0,1,Rows,Addition,2067,BOOTSTRAPPED,1.0,1.0,1,1,1,0.003597736358642578
0,1,Rows,Addition,2068,BOOTSTRAPPED,1.0,1.0,1,1,1,0.003590106964111328
0,1,Rows,Addition,2069,BOOTSTRAPPED,1.0,1.0,1,1,1,0.0035958290100097656
0,1,Rows,Addition,2070,BOOTSTRAPPED,1.0,1.0,1,1,1,0.0035829544067382812
0,1,Rows,Addition,2071,BOOTSTRAPPED,1.0,1.0,1,1,1,0.0036013126373291016
0,1,Rows,Addition,2072,BOOTSTRAPPED,1.0,1.0,1,1,1,0.0036089420318603516
0,1,Rows,Addition,2073,BOOTSTRAPPED,1.0,1.0,1,1,1,0.003590822219848633
0,1,Rows,Addition,2074,BOOTSTRAPPED,1.0,1.0,1,1,1,0.0035829544067382812
0,1,Rows,Addition,2075,BOOTSTRAPPED,1.0,1.0,1,1,1,0.003592967987060547
0,1,Rows,Addition,2076,BOOTSTRAPPED,1.0,1.0,1,1,1,0.0035860538482666016
0,1,Rows,Addition,2077,BOOTSTRAPPED,1.0,1.0,1,1,1,0.003587007522583008
0,1,Rows,Addition,2078,BOOTSTRAPPED,1.0,1.0,1,1,1,0.0035889148712158203
0,1,Rows,Addition,2079,BOOTSTRAPPED,1.0,1.0,1,1,1,0.0035829544067382812
0,1,Rows,Addition,2080,BOOTSTRAPPED,1.0,1.0,1,1,1,0.0037169456481933594
0,1,Rows,Addition,2081,BOOTSTRAPPED,1.0,1.0,1,1,1,0.003587007522583008
0,1,Rows,Addition,2082,BOOTSTRAPPED,1.0,1.0,1,1,1,0.003621816635131836
0,1,Rows,Addition,2083,BOOTSTRAPPED,1.0,1.0,1,1,1,0.003607034683227539
0,1,Rows,Addition,2084,BOOTSTRAPPED,1.0,1.0,1,1,1,0.0035970211029052734
0,1,Rows,Addition,2085,BOOTSTRAPPED,1.0,1.0,1,1,1,0.0036118030548095703
0,1,Rows,Addition,2086,BOOTSTRAPPED,1.0,1.0,1,1,1,0.0036101341247558594
0,1,Rows,Addition,2087,BOOTSTRAPPED,1.0,1.0,1,1,1,0.003612041473388672
0,1,Rows,Addition,2088,BOOTSTRAPPED,1.0,1.0,1,1,1,0.003638029098510742
0,1,Rows,Addition,2089,BOOTSTRAPPED,1.0,1.0,1,1,1,0.00414586067199707
0,1,Rows,Addition,2090,BOOTSTRAPPED,1.0,1.0,1,1,1,0.003674030303955078
0,1,Rows,Addition,2091,BOOTSTRAPPED,1.0,1.0,1,1,1,0.0035429000854492188
0,1,Rows,Addition,2092,BOOTSTRAPPED,1.0,1.0,1,1,1,0.0035712718963623047
0,1,Rows,Addition,2093,BOOTSTRAPPED,1.0,1.0,1,1,1,0.0036058425903320312
0,1,Rows,Addition,2094,BOOTSTRAPPED,1.0,1.0,1,1,1,0.0036690235137939453
0,1,Rows,Addition,2095,BOOTSTRAPPED,1.0,1.0,1,1,1,0.003660917282104492
0,1,Rows,Addition,2096,BOOTSTRAPPED,1.0,1.0,1,1,1,0.0036149024963378906
0,1,Rows,Addition,2097,BOOTSTRAPPED,1.0,1.0,1,1,1,0.003618955612182617
0,1,Rows,Addition,2098,BOOTSTRAPPED,1.0,1.0,1,1,1,0.003618001937866211
0,1,Rows,Addition,2099,BOOTSTRAPPED,1.0,1.0,1,1,1,0.003597259521484375
0,1,Rows,Addition,2100,BOOTSTRAPPED,1.0,1.0,1,1,1,0.0036079883575439453
0,1,Rows,Addition,2101,BOOTSTRAPPED,1.0,1.0,1,1,1,0.003610849380493164
0,1,Rows,Addition,2102,BOOTSTRAPPED,1.0,1.0,1,1,1,0.0036039352416992188
0,1,Rows,Addition,2103,BOOTSTRAPPED,1.0,1.0,1,1,1,0.003598928451538086
0,1,Rows,Addition,2104,BOOTSTRAPPED,1.0,1.0,1,1,1,0.0036039352416992188
0,1,Rows,Addition,2105,BOOTSTRAPPED,1.0,1.0,1,1,1,0.0035991668701171875
0,1,Rows,Addition,2106,BOOTSTRAPPED,1.0,1.0,1,1,1,0.0035932064056396484
0,1,Rows,Addition,2107,BOOTSTRAPPED,1.0,1.0,1,1,1,0.003593921661376953
0,1,Rows,Addition,2108,BOOTSTRAPPED,1.0,1.0,1,1,1,0.0035903453826904297
0,1,Rows,Addition,2109,BOOTSTRAPPED,1.0,1.0,1,1,1,0.003587961196899414
0,1,Rows,Addition,2110,BOOTSTRAPPED,1.0,1.0,1,1,1,0.0035839080810546875
0,1,Rows,Addition,2111,BOOTSTRAPPED,1.0,1.0,1,1,1,0.0035889148712158203
0,1,Rows,Addition,2112,BOOTSTRAPPED,1.0,1.0,1,1,1,0.0036160945892333984
0,1,Rows,Addition,2113,BOOTSTRAPPED,1.0,1.0,1,1,1,0.003484964370727539
0,1,Rows,Addition,2114,BOOTSTRAPPED,1.0,1.0,1,1,1,0.0035619735717773438
0,1,Rows,Addition,2115,BOOTSTRAPPED,1.0,1.0,1,1,1,0.0034949779510498047
0,1,Rows,Addition,2116,BOOTSTRAPPED,1.0,1.0,1,1,1,0.0036001205444335938
0,1,Rows,Addition,2117,BOOTSTRAPPED,1.0,1.0,1,1,1,0.0035448074340820312
0,1,Rows,Addition,2118,BOOTSTRAPPED,1.0,1.0,1,1,1,0.003579854965209961
0,1,Rows,Addition,2119,BOOTSTRAPPED,1.0,1.0,1,1,1,0.0035910606384277344
0,1,Rows,Addition,2120,BOOTSTRAPPED,1.0,1.0,1,1,1,0.003606081008911133
0,1,Rows,Addition,2121,BOOTSTRAPPED,1.0,1.0,1,1,1,0.0035469532012939453
0,1,Rows,Addition,2122,BOOTSTRAPPED,1.0,1.0,1,1,1,0.003582000732421875
0,1,Rows,Addition,2123,BOOTSTRAPPED,1.0,1.0,1,1,1,0.003615856170654297
0,1,Rows,Addition,2124,BOOTSTRAPPED,1.0,1.0,1,1,1,0.0036461353302001953
0,1,Rows,Addition,2125,BOOTSTRAPPED,1.0,1.0,1,1,1,0.003609895706176758
0,1,Rows,Addition,2126,BOOTSTRAPPED,1.0,1.0,1,1,1,0.0036191940307617188
0,1,Rows,Addition,2127,BOOTSTRAPPED,1.0,1.0,1,1,1,0.0036020278930664062
0,1,Rows,Addition,2128,BOOTSTRAPPED,1.0,1.0,1,1,1,0.003657817840576172
0,1,Rows,Addition,2129,BOOTSTRAPPED,1.0,1.0,1,1,1,0.003607034683227539
0,1,Rows,Addition,2130,BOOTSTRAPPED,1.0,1.0,1,1,1,0.0036258697509765625
0,1,Rows,Addition,2131,BOOTSTRAPPED,1.0,1.0,1,1,1,0.0035970211029052734
0,1,Rows,Addition,2132,BOOTSTRAPPED,1.0,1.0,1,1,1,0.0036101341247558594
0,1,Rows,Addition,2133,BOOTSTRAPPED,1.0,1.0,1,1,1,0.0035278797149658203
0,1,Rows,Addition,2134,BOOTSTRAPPED,1.0,1.0,1,1,1,0.0035660266876220703
0,1,Rows,Addition,2135,BOOTSTRAPPED,1.0,1.0,1,1,1,0.003590106964111328
0,1,Rows,Addition,2136,BOOTSTRAPPED,1.0,1.0,1,1,1,0.0036020278930664062
0,1,Rows,Addition,2137,BOOTSTRAPPED,1.0,1.0,1,1,1,0.0035920143127441406
0,1,Rows,Addition,2138,BOOTSTRAPPED,1.0,1.0,1,1,1,0.0036058425903320312
0,1,Rows,Addition,2139,BOOTSTRAPPED,1.0,1.0,1,1,1,0.003907918930053711
0,1,Rows,Addition,2140,BOOTSTRAPPED,1.0,1.0,1,1,1,0.0038728713989257812
0,1,Rows,Addition,2141,BOOTSTRAPPED,1.0,1.0,1,1,1,0.003702878952026367
0,1,Rows,Addition,2142,BOOTSTRAPPED,1.0,1.0,1,1,1,0.003665924072265625
0,1,Rows,Addition,2143,BOOTSTRAPPED,1.0,1.0,1,1,1,0.003628969192504883
0,1,Rows,Addition,2144,BOOTSTRAPPED,1.0,1.0,1,1,1,0.0035719871520996094
0,1,Rows,Addition,2145,BOOTSTRAPPED,1.0,1.0,1,1,1,0.0036520957946777344
0,1,Rows,Addition,2146,BOOTSTRAPPED,1.0,1.0,1,1,1,0.003626108169555664
0,1,Rows,Addition,2147,BOOTSTRAPPED,1.0,1.0,1,1,1,0.0036089420318603516
0,1,Rows,Addition,2148,BOOTSTRAPPED,1.0,1.0,1,1,1,0.003618001937866211
0,1,Rows,Addition,2149,BOOTSTRAPPED,1.0,1.0,1,1,1,0.0036001205444335938
0,1,Rows,Addition,2150,BOOTSTRAPPED,1.0,1.0,1,1,1,0.003606081008911133
0,1,Rows,Addition,2151,BOOTSTRAPPED,1.0,1.0,1,1,1,0.003596067428588867
0,1,Rows,Addition,2152,BOOTSTRAPPED,1.0,1.0,1,1,1,0.0038537979125976562
0,1,Rows,Addition,2153,BOOTSTRAPPED,1.0,1.0,1,1,1,0.003675222396850586
0,1,Rows,Addition,2154,BOOTSTRAPPED,1.0,1.0,1,1,1,0.003648996353149414
0,1,Rows,Addition,2155,BOOTSTRAPPED,1.0,1.0,1,1,1,0.0036780834197998047
0,1,Rows,Addition,2156,BOOTSTRAPPED,1.0,1.0,1,1,1,0.0035719871520996094
0,1,Rows,Addition,2157,BOOTSTRAPPED,1.0,1.0,1,1,1,0.003659963607788086
0,1,Rows,Addition,2158,BOOTSTRAPPED,1.0,1.0,1,1,1,0.0036339759826660156
0,1,Rows,Addition,2159,BOOTSTRAPPED,1.0,1.0,1,1,1,0.0035898685455322266
0,1,Rows,Addition,2160,BOOTSTRAPPED,1.0,1.0,1,1,1,0.0035257339477539062
0,1,Rows,Addition,2161,BOOTSTRAPPED,1.0,1.0,1,1,1,0.0035851001739501953
0,1,Rows,Addition,2162,BOOTSTRAPPED,1.0,1.0,1,1,1,0.003582000732421875
0,1,Rows,Addition,2163,BOOTSTRAPPED,1.0,1.0,1,1,1,0.0035920143127441406
0,1,Rows,Addition,2164,BOOTSTRAPPED,1.0,1.0,1,1,1,0.003592252731323242
0,1,Rows,Addition,2165,BOOTSTRAPPED,1.0,1.0,1,1,1,0.0035839080810546875
0,1,Rows,Addition,2166,BOOTSTRAPPED,1.0,1.0,1,1,1,0.003596067428588867
0,1,Rows,Addition,2167,BOOTSTRAPPED,1.0,1.0,1,1,1,0.003596067428588867
0,1,Rows,Addition,2168,BOOTSTRAPPED,1.0,1.0,1,1,1,0.003574848175048828
0,1,Rows,Addition,2169,BOOTSTRAPPED,1.0,1.0,1,1,1,0.0035848617553710938
0,1,Rows,Addition,2170,BOOTSTRAPPED,1.0,1.0,1,1,1,0.0035829544067382812
0,1,Rows,Addition,2171,BOOTSTRAPPED,1.0,1.0,1,1,1,0.0036008358001708984
0,1,Rows,Addition,2172,BOOTSTRAPPED,1.0,1.0,1,1,1,0.003551959991455078
0,1,Rows,Addition,2173,BOOTSTRAPPED,1.0,1.0,1,1,1,0.0036067962646484375
0,1,Rows,Addition,2174,BOOTSTRAPPED,1.0,1.0,1,1,1,0.00360107421875
0,1,Rows,Addition,2175,BOOTSTRAPPED,1.0,1.0,1,1,1,0.0035409927368164062
0,1,Rows,Addition,2176,BOOTSTRAPPED,1.0,1.0,1,1,1,0.0035200119018554688
0,1,Rows,Addition,2177,BOOTSTRAPPED,1.0,1.0,1,1,1,0.003571033477783203
0,1,Rows,Addition,2178,BOOTSTRAPPED,1.0,1.0,1,1,1,0.003493785858154297
0,1,Rows,Addition,2179,BOOTSTRAPPED,1.0,1.0,1,1,1,0.0035278797149658203
0,1,Rows,Addition,2180,BOOTSTRAPPED,1.0,1.0,1,1,1,0.0035791397094726562
0,1,Rows,Addition,2181,BOOTSTRAPPED,1.0,1.0,1,1,1,0.003590106964111328
0,1,Rows,Addition,2182,BOOTSTRAPPED,1.0,1.0,1,1,1,0.0036149024963378906
0,1,Rows,Addition,2183,BOOTSTRAPPED,1.0,1.0,1,1,1,0.0035169124603271484
0,1,Rows,Addition,2184,BOOTSTRAPPED,1.0,1.0,1,1,1,0.003515958786010742
0,1,Rows,Addition,2185,BOOTSTRAPPED,1.0,1.0,1,1,1,0.003553152084350586
0,1,Rows,Addition,2186,BOOTSTRAPPED,1.0,1.0,1,1,1,0.00357818603515625
0,1,Rows,Addition,2187,BOOTSTRAPPED,1.0,1.0,1,1,1,0.003549814224243164
0,1,Rows,Addition,2188,BOOTSTRAPPED,1.0,1.0,1,1,1,0.0035462379455566406
0,1,Rows,Addition,2189,BOOTSTRAPPED,1.0,1.0,1,1,1,0.0035858154296875
0,1,Rows,Addition,2190,BOOTSTRAPPED,1.0,1.0,1,1,1,0.003612995147705078
0,1,Rows,Addition,2191,BOOTSTRAPPED,1.0,1.0,1,1,1,0.003535032272338867
0,1,Rows,Addition,2192,BOOTSTRAPPED,1.0,1.0,1,1,1,0.003520965576171875
0,1,Rows,Addition,2193,BOOTSTRAPPED,1.0,1.0,1,1,1,0.0035810470581054688
0,1,Rows,Addition,2194,BOOTSTRAPPED,1.0,1.0,1,1,1,0.003423929214477539
0,1,Rows,Addition,2195,BOOTSTRAPPED,1.0,1.0,1,1,1,0.0035190582275390625
0,1,Rows,Addition,2196,BOOTSTRAPPED,1.0,1.0,1,1,1,0.003555774688720703
0,1,Rows,Addition,2197,BOOTSTRAPPED,1.0,1.0,1,1,1,0.0036971569061279297
0,1,Rows,Addition,2198,BOOTSTRAPPED,1.0,1.0,1,1,1,0.003892183303833008
0,1,Rows,Addition,2199,BOOTSTRAPPED,1.0,1.0,1,1,1,0.0038177967071533203
0,1,Rows,Addition,2200,BOOTSTRAPPED,1.0,1.0,1,1,1,0.0036051273345947266
0,1,Rows,Addition,2201,BOOTSTRAPPED,1.0,1.0,1,1,1,0.0035948753356933594
0,1,Rows,Addition,2202,BOOTSTRAPPED,1.0,1.0,1,1,1,0.003597736358642578
0,1,Rows,Addition,2203,BOOTSTRAPPED,1.0,1.0,1,1,1,0.0035479068756103516
0,1,Rows,Addition,2204,BOOTSTRAPPED,1.0,1.0,1,1,1,0.0036001205444335938
0,1,Rows,Addition,2205,BOOTSTRAPPED,1.0,1.0,1,1,1,0.0036437511444091797
0,1,Rows,Addition,2206,BOOTSTRAPPED,1.0,1.0,1,1,1,0.0036008358001708984
0,1,Rows,Addition,2207,BOOTSTRAPPED,1.0,1.0,1,1,1,0.0035071372985839844
0,1,Rows,Addition,2208,BOOTSTRAPPED,1.0,1.0,1,1,1,0.003554105758666992
0,1,Rows,Addition,2209,BOOTSTRAPPED,1.0,1.0,1,1,1,0.0035839080810546875
0,1,Rows,Addition,2210,BOOTSTRAPPED,1.0,1.0,1,1,1,0.0035851001739501953
0,1,Rows,Addition,2211,BOOTSTRAPPED,1.0,1.0,1,1,1,0.003536224365234375
0,1,Rows,Addition,2212,BOOTSTRAPPED,1.0,1.0,1,1,1,0.0036101341247558594
0,1,Rows,Addition,2213,BOOTSTRAPPED,1.0,1.0,1,1,1,0.0035948753356933594
0,1,Rows,Addition,2214,BOOTSTRAPPED,1.0,1.0,1,1,1,0.0036132335662841797
0,1,Rows,Addition,2215,BOOTSTRAPPED,1.0,1.0,1,1,1,0.0034592151641845703
0,1,Rows,Addition,2216,BOOTSTRAPPED,1.0,1.0,1,1,1,0.0035860538482666016
0,1,Rows,Addition,2217,BOOTSTRAPPED,1.0,1.0,1,1,1,0.0035810470581054688
0,1,Rows,Addition,2218,BOOTSTRAPPED,1.0,1.0,1,1,1,0.003565073013305664
0,1,Rows,Addition,2219,BOOTSTRAPPED,1.0,1.0,1,1,1,0.0035877227783203125
0,1,Rows,Addition,2220,BOOTSTRAPPED,1.0,1.0,1,1,1,0.0035741329193115234
0,1,Rows,Addition,2221,BOOTSTRAPPED,1.0,1.0,1,1,1,0.00404667854309082
0,1,Rows,Addition,2222,BOOTSTRAPPED,1.0,1.0,1,1,1,0.003646373748779297
0,1,Rows,Addition,2223,BOOTSTRAPPED,1.0,1.0,1,1,1,0.0036292076110839844
0,1,Rows,Addition,2224,BOOTSTRAPPED,1.0,1.0,1,1,1,0.0036280155181884766
0,1,Rows,Addition,2225,BOOTSTRAPPED,1.0,1.0,1,1,1,0.0037200450897216797
0,1,Rows,Addition,2226,BOOTSTRAPPED,1.0,1.0,1,1,1,0.0036520957946777344
0,1,Rows,Addition,2227,BOOTSTRAPPED,1.0,1.0,1,1,1,0.0035088062286376953
0,1,Rows,Addition,2228,BOOTSTRAPPED,1.0,1.0,1,1,1,0.0035593509674072266
0,1,Rows,Addition,2229,BOOTSTRAPPED,1.0,1.0,1,1,1,0.0035758018493652344
0,1,Rows,Addition,2230,BOOTSTRAPPED,1.0,1.0,1,1,1,0.0035789012908935547
0,1,Rows,Addition,2231,BOOTSTRAPPED,1.0,1.0,1,1,1,0.0035991668701171875
0,1,Rows,Addition,2232,BOOTSTRAPPED,1.0,1.0,1,1,1,0.003576040267944336
0,1,Rows,Addition,2233,BOOTSTRAPPED,1.0,1.0,1,1,1,0.0035810470581054688
0,1,Rows,Addition,2234,BOOTSTRAPPED,1.0,1.0,1,1,1,0.003721952438354492
0,1,Rows,Addition,2235,BOOTSTRAPPED,1.0,1.0,1,1,1,0.0036258697509765625
0,1,Rows,Addition,2236,BOOTSTRAPPED,1.0,1.0,1,1,1,0.003640890121459961
0,1,Rows,Addition,2237,BOOTSTRAPPED,1.0,1.0,1,1,1,0.0035860538482666016
0,1,Rows,Addition,2238,BOOTSTRAPPED,1.0,1.0,1,1,1,0.0035431385040283203
0,1,Rows,Addition,2239,BOOTSTRAPPED,1.0,1.0,1,1,1,0.003554105758666992
0,1,Rows,Addition,2240,BOOTSTRAPPED,1.0,1.0,1,1,1,0.0035638809204101562
0,1,Rows,Addition,2241,BOOTSTRAPPED,1.0,1.0,1,1,1,0.0035588741302490234
0,1,Rows,Addition,2242,BOOTSTRAPPED,1.0,1.0,1,1,1,0.003612041473388672
0,1,Rows,Addition,2243,BOOTSTRAPPED,1.0,1.0,1,1,1,0.0035676956176757812
0,1,Rows,Addition,2244,BOOTSTRAPPED,1.0,1.0,1,1,1,0.0035719871520996094
0,1,Rows,Addition,2245,BOOTSTRAPPED,1.0,1.0,1,1,1,0.0036516189575195312
0,1,Rows,Addition,2246,BOOTSTRAPPED,1.0,1.0,1,1,1,0.003876209259033203
0,1,Rows,Addition,2247,BOOTSTRAPPED,1.0,1.0,1,1,1,0.0036149024963378906
0,1,Rows,Addition,2248,BOOTSTRAPPED,1.0,1.0,1,1,1,0.003633260726928711
0,1,Rows,Addition,2249,BOOTSTRAPPED,1.0,1.0,1,1,1,0.003596067428588867
0,1,Rows,Addition,2250,BOOTSTRAPPED,1.0,1.0,1,1,1,0.004210233688354492
0,1,Rows,Addition,2251,BOOTSTRAPPED,1.0,1.0,1,1,1,0.003643035888671875
0,1,Rows,Addition,2252,BOOTSTRAPPED,1.0,1.0,1,1,1,0.003627777099609375
0,1,Rows,Addition,2253,BOOTSTRAPPED,1.0,1.0,1,1,1,0.0036039352416992188
0,1,Rows,Addition,2254,BOOTSTRAPPED,1.0,1.0,1,1,1,0.0037839412689208984
0,1,Rows,Addition,2255,BOOTSTRAPPED,1.0,1.0,1,1,1,0.003659963607788086
0,1,Rows,Addition,2256,BOOTSTRAPPED,1.0,1.0,1,1,1,0.003659963607788086
0,1,Rows,Addition,2257,BOOTSTRAPPED,1.0,1.0,1,1,1,0.0035982131958007812
0,1,Rows,Addition,2258,BOOTSTRAPPED,1.0,1.0,1,1,1,0.0035409927368164062
0,1,Rows,Addition,2259,BOOTSTRAPPED,1.0,1.0,1,1,1,0.003592967987060547
0,1,Rows,Addition,2260,BOOTSTRAPPED,1.0,1.0,1,1,1,0.0035877227783203125
0,1,Rows,Addition,2261,BOOTSTRAPPED,1.0,1.0,1,1,1,0.0035812854766845703
0,1,Rows,Addition,2262,BOOTSTRAPPED,1.0,1.0,1,1,1,0.003547191619873047
0,1,Rows,Addition,2263,BOOTSTRAPPED,1.0,1.0,1,1,1,0.0036389827728271484
0,1,Rows,Addition,2264,BOOTSTRAPPED,1.0,1.0,1,1,1,0.003626108169555664
0,1,Rows,Addition,2265,BOOTSTRAPPED,1.0,1.0,1,1,1,0.0036270618438720703
0,1,Rows,Addition,2266,BOOTSTRAPPED,1.0,1.0,1,1,1,0.0034928321838378906
0,1,Rows,Addition,2267,BOOTSTRAPPED,1.0,1.0,1,1,1,0.003576993942260742
0,1,Rows,Addition,2268,BOOTSTRAPPED,1.0,1.0,1,1,1,0.0036020278930664062
0,1,Rows,Addition,2269,BOOTSTRAPPED,1.0,1.0,1,1,1,0.0036008358001708984
0,1,Rows,Addition,2270,BOOTSTRAPPED,1.0,1.0,1,1,1,0.003515005111694336
0,1,Rows,Addition,2271,BOOTSTRAPPED,1.0,1.0,1,1,1,0.004189968109130859
0,1,Rows,Addition,2272,BOOTSTRAPPED,1.0,1.0,1,1,1,0.0038750171661376953
0,1,Rows,Addition,2273,BOOTSTRAPPED,1.0,1.0,1,1,1,0.0037848949432373047
0,1,Rows,Addition,2274,BOOTSTRAPPED,1.0,1.0,1,1,1,0.0035660266876220703
0,1,Rows,Addition,2275,BOOTSTRAPPED,1.0,1.0,1,1,1,0.003625154495239258
0,1,Rows,Addition,2276,BOOTSTRAPPED,1.0,1.0,1,1,1,0.0036809444427490234
0,1,Rows,Addition,2277,BOOTSTRAPPED,1.0,1.0,1,1,1,0.0035200119018554688
0,1,Rows,Addition,2278,BOOTSTRAPPED,1.0,1.0,1,1,1,0.0035750865936279297
0,1,Rows,Addition,2279,BOOTSTRAPPED,1.0,1.0,1,1,1,0.00362396240234375
0,1,Rows,Addition,2280,BOOTSTRAPPED,1.0,1.0,1,1,1,0.0035216808319091797
0,1,Rows,Addition,2281,BOOTSTRAPPED,1.0,1.0,1,1,1,0.0035288333892822266
0,1,Rows,Addition,2282,BOOTSTRAPPED,1.0,1.0,1,1,1,0.0036029815673828125
0,1,Rows,Addition,2283,BOOTSTRAPPED,1.0,1.0,1,1,1,0.00362396240234375
0,1,Rows,Addition,2284,BOOTSTRAPPED,1.0,1.0,1,1,1,0.003598928451538086
0,1,Rows,Addition,2285,BOOTSTRAPPED,1.0,1.0,1,1,1,0.003513813018798828
0,1,Rows,Addition,2286,BOOTSTRAPPED,1.0,1.0,1,1,1,0.003584146499633789
0,1,Rows,Addition,2287,BOOTSTRAPPED,1.0,1.0,1,1,1,0.003577709197998047
0,1,Rows,Addition,2288,BOOTSTRAPPED,1.0,1.0,1,1,1,0.0035860538482666016
0,1,Rows,Addition,2289,BOOTSTRAPPED,1.0,1.0,1,1,1,0.003453969955444336
0,1,Rows,Addition,2290,BOOTSTRAPPED,1.0,1.0,1,1,1,0.003592967987060547
0,1,Rows,Addition,2291,BOOTSTRAPPED,1.0,1.0,1,1,1,0.0036301612854003906
0,1,Rows,Addition,2292,BOOTSTRAPPED,1.0,1.0,1,1,1,0.003579854965209961
0,1,Rows,Addition,2293,BOOTSTRAPPED,1.0,1.0,1,1,1,0.0034742355346679688
0,1,Rows,Addition,2294,BOOTSTRAPPED,1.0,1.0,1,1,1,0.0035529136657714844
0,1,Rows,Addition,2295,BOOTSTRAPPED,1.0,1.0,1,1,1,0.0035572052001953125
0,1,Rows,Addition,2296,BOOTSTRAPPED,1.0,1.0,1,1,1,0.003570079803466797
0,1,Rows,Addition,2297,BOOTSTRAPPED,1.0,1.0,1,1,1,0.0034880638122558594
0,1,Rows,Addition,2298,BOOTSTRAPPED,1.0,1.0,1,1,1,0.003583192825317383
0,1,Rows,Addition,2299,BOOTSTRAPPED,1.0,1.0,1,1,1,0.0035927295684814453
0,1,Rows,Addition,2300,BOOTSTRAPPED,1.0,1.0,1,1,1,0.003609180450439453
0,1,Rows,Addition,2301,BOOTSTRAPPED,1.0,1.0,1,1,1,0.0036039352416992188
0,1,Rows,Addition,2302,BOOTSTRAPPED,1.0,1.0,1,1,1,0.003612995147705078
0,1,Rows,Addition,2303,BOOTSTRAPPED,1.0,1.0,1,1,1,0.003592967987060547
0,1,Rows,Addition,2304,BOOTSTRAPPED,1.0,1.0,1,1,1,0.0036020278930664062
0,1,Rows,Addition,2305,BOOTSTRAPPED,1.0,1.0,1,1,1,0.0034842491149902344
0,1,Rows,Addition,2306,BOOTSTRAPPED,1.0,1.0,1,1,1,0.003577709197998047
0,1,Rows,Addition,2307,BOOTSTRAPPED,1.0,1.0,1,1,1,0.003582000732421875
0,1,Rows,Addition,2308,BOOTSTRAPPED,1.0,1.0,1,1,1,0.003582000732421875
0,1,Rows,Addition,2309,BOOTSTRAPPED,1.0,1.0,1,1,1,0.003506183624267578
0,1,Rows,Addition,2310,BOOTSTRAPPED,1.0,1.0,1,1,1,0.0035800933837890625
0,1,Rows,Addition,2311,BOOTSTRAPPED,1.0,1.0,1,1,1,0.0035958290100097656
0,1,Rows,Addition,2312,BOOTSTRAPPED,1.0,1.0,1,1,1,0.0036118030548095703
0,1,Rows,Addition,2313,BOOTSTRAPPED,1.0,1.0,1,1,1,0.0034286975860595703
0,1,Rows,Addition,2314,BOOTSTRAPPED,1.0,1.0,1,1,1,0.003534078598022461
0,1,Rows,Addition,2315,BOOTSTRAPPED,1.0,1.0,1,1,1,0.003556966781616211
0,1,Rows,Addition,2316,BOOTSTRAPPED,1.0,1.0,1,1,1,0.003556966781616211
0,1,Rows,Addition,2317,BOOTSTRAPPED,1.0,1.0,1,1,1,0.0035059452056884766
0,1,Rows,Addition,2318,BOOTSTRAPPED,1.0,1.0,1,1,1,0.003570079803466797
0,1,Rows,Addition,2319,BOOTSTRAPPED,1.0,1.0,1,1,1,0.0035331249237060547
0,1,Rows,Addition,2320,BOOTSTRAPPED,1.0,1.0,1,1,1,0.0035576820373535156
0,1,Rows,Addition,2321,BOOTSTRAPPED,1.0,1.0,1,1,1,0.003468751907348633
0,1,Rows,Addition,2322,BOOTSTRAPPED,1.0,1.0,1,1,1,0.003557920455932617
0,1,Rows,Addition,2323,BOOTSTRAPPED,1.0,1.0,1,1,1,0.0035619735717773438
0,1,Rows,Addition,2324,BOOTSTRAPPED,1.0,1.0,1,1,1,0.003576993942260742
0,1,Rows,Addition,2325,BOOTSTRAPPED,1.0,1.0,1,1,1,0.003482818603515625
0,1,Rows,Addition,2326,BOOTSTRAPPED,1.0,1.0,1,1,1,0.0035719871520996094
0,1,Rows,Addition,2327,BOOTSTRAPPED,1.0,1.0,1,1,1,0.0035729408264160156
0,1,Rows,Addition,2328,BOOTSTRAPPED,1.0,1.0,1,1,1,0.0035829544067382812
0,1,Rows,Addition,2329,BOOTSTRAPPED,1.0,1.0,1,1,1,0.0034837722778320312
0,1,Rows,Addition,2330,BOOTSTRAPPED,1.0,1.0,1,1,1,0.003571033477783203
0,1,Rows,Addition,2331,BOOTSTRAPPED,1.0,1.0,1,1,1,0.003631114959716797
0,1,Rows,Addition,2332,BOOTSTRAPPED,1.0,1.0,1,1,1,0.003576993942260742
0,1,Rows,Addition,2333,BOOTSTRAPPED,1.0,1.0,1,1,1,0.0036242008209228516
0,1,Rows,Addition,2334,BOOTSTRAPPED,1.0,1.0,1,1,1,0.0035779476165771484
0,1,Rows,Addition,2335,BOOTSTRAPPED,1.0,1.0,1,1,1,0.0035619735717773438
0,1,Rows,Addition,2336,BOOTSTRAPPED,1.0,1.0,1,1,1,0.003574848175048828
0,1,Rows,Addition,2337,BOOTSTRAPPED,1.0,1.0,1,1,1,0.003592967987060547
0,1,Rows,Addition,2338,BOOTSTRAPPED,1.0,1.0,1,1,1,0.0035772323608398438
0,1,Rows,Addition,2339,BOOTSTRAPPED,1.0,1.0,1,1,1,0.003568887710571289
0,1,Rows,Addition,2340,BOOTSTRAPPED,1.0,1.0,1,1,1,0.0035698413848876953
0,1,Rows,Addition,2341,BOOTSTRAPPED,1.0,1.0,1,1,1,0.0035729408264160156
0,1,Rows,Addition,2342,BOOTSTRAPPED,1.0,1.0,1,1,1,0.003567934036254883
0,1,Rows,Addition,2343,BOOTSTRAPPED,1.0,1.0,1,1,1,0.0036139488220214844
0,1,Rows,Addition,2344,BOOTSTRAPPED,1.0,1.0,1,1,1,0.003480195999145508
0,1,Rows,Addition,2345,BOOTSTRAPPED,1.0,1.0,1,1,1,0.003551006317138672
0,1,Rows,Addition,2346,BOOTSTRAPPED,1.0,1.0,1,1,1,0.0035800933837890625
0,1,Rows,Addition,2347,BOOTSTRAPPED,1.0,1.0,1,1,1,0.003593921661376953
0,1,Rows,Addition,2348,BOOTSTRAPPED,1.0,1.0,1,1,1,0.003599882125854492
0,1,Rows,Addition,2349,BOOTSTRAPPED,1.0,1.0,1,1,1,0.0035779476165771484
0,1,Rows,Addition,2350,BOOTSTRAPPED,1.0,1.0,1,1,1,0.003587007522583008
0,1,Rows,Addition,2351,BOOTSTRAPPED,1.0,1.0,1,1,1,0.0035758018493652344
0,1,Rows,Addition,2352,BOOTSTRAPPED,1.0,1.0,1,1,1,0.0035812854766845703
0,1,Rows,Addition,2353,BOOTSTRAPPED,1.0,1.0,1,1,1,0.0035920143127441406
0,1,Rows,Addition,2354,BOOTSTRAPPED,1.0,1.0,1,1,1,0.003576040267944336
0,1,Rows,Addition,2355,BOOTSTRAPPED,1.0,1.0,1,1,1,0.003577709197998047
0,1,Rows,Addition,2356,BOOTSTRAPPED,1.0,1.0,1,1,1,0.0035779476165771484
0,1,Rows,Addition,2357,BOOTSTRAPPED,1.0,1.0,1,1,1,0.0035729408264160156
0,1,Rows,Addition,2358,BOOTSTRAPPED,1.0,1.0,1,1,1,0.003571033477783203
0,1,Rows,Addition,2359,BOOTSTRAPPED,1.0,1.0,1,1,1,0.0035729408264160156
0,1,Rows,Addition,2360,BOOTSTRAPPED,1.0,1.0,1,1,1,0.003579854965209961
0,1,Rows,Addition,2361,BOOTSTRAPPED,1.0,1.0,1,1,1,0.0035860538482666016
0,1,Rows,Addition,2362,BOOTSTRAPPED,1.0,1.0,1,1,1,0.003596067428588867
0,1,Rows,Addition,2363,BOOTSTRAPPED,1.0,1.0,1,1,1,0.003570079803466797
0,1,Rows,Addition,2364,BOOTSTRAPPED,1.0,1.0,1,1,1,0.003576993942260742
0,1,Rows,Addition,2365,BOOTSTRAPPED,1.0,1.0,1,1,1,0.0035109519958496094
0,1,Rows,Addition,2366,BOOTSTRAPPED,1.0,1.0,1,1,1,0.0035431385040283203
0,1,Rows,Addition,2367,BOOTSTRAPPED,1.0,1.0,1,1,1,0.003574848175048828
0,1,Rows,Addition,2368,BOOTSTRAPPED,1.0,1.0,1,1,1,0.003576040267944336
0,1,Rows,Addition,2369,BOOTSTRAPPED,1.0,1.0,1,1,1,0.003574848175048828
0,1,Rows,Addition,2370,BOOTSTRAPPED,1.0,1.0,1,1,1,0.003657102584838867
0,1,Rows,Addition,2371,BOOTSTRAPPED,1.0,1.0,1,1,1,0.0036542415618896484
0,1,Rows,Addition,2372,BOOTSTRAPPED,1.0,1.0,1,1,1,0.0036208629608154297
0,1,Rows,Addition,2373,BOOTSTRAPPED,1.0,1.0,1,1,1,0.0034859180450439453
0,1,Rows,Addition,2374,BOOTSTRAPPED,1.0,1.0,1,1,1,0.003559112548828125
0,1,Rows,Addition,2375,BOOTSTRAPPED,1.0,1.0,1,1,1,0.0036008358001708984
0,1,Rows,Addition,2376,BOOTSTRAPPED,1.0,1.0,1,1,1,0.003590822219848633
0,1,Rows,Addition,2377,BOOTSTRAPPED,1.0,1.0,1,1,1,0.003518342971801758
0,1,Rows,Addition,2378,BOOTSTRAPPED,1.0,1.0,1,1,1,0.003640890121459961
0,1,Rows,Addition,2379,BOOTSTRAPPED,1.0,1.0,1,1,1,0.0036199092864990234
0,1,Rows,Addition,2380,BOOTSTRAPPED,1.0,1.0,1,1,1,0.0036149024963378906
0,1,Rows,Addition,2381,BOOTSTRAPPED,1.0,1.0,1,1,1,0.003492116928100586
0,1,Rows,Addition,2382,BOOTSTRAPPED,1.0,1.0,1,1,1,0.0035698413848876953
0,1,Rows,Addition,2383,BOOTSTRAPPED,1.0,1.0,1,1,1,0.0035860538482666016
0,1,Rows,Addition,2384,BOOTSTRAPPED,1.0,1.0,1,1,1,0.003587007522583008
0,1,Rows,Addition,2385,BOOTSTRAPPED,1.0,1.0,1,1,1,0.0034542083740234375
0,1,Rows,Addition,2386,BOOTSTRAPPED,1.0,1.0,1,1,1,0.0035262107849121094
0,1,Rows,Addition,2387,BOOTSTRAPPED,1.0,1.0,1,1,1,0.0035429000854492188
0,1,Rows,Addition,2388,BOOTSTRAPPED,1.0,1.0,1,1,1,0.0035750865936279297
0,1,Rows,Addition,2389,BOOTSTRAPPED,1.0,1.0,1,1,1,0.0034477710723876953
0,1,Rows,Addition,2390,BOOTSTRAPPED,1.0,1.0,1,1,1,0.003576040267944336
0,1,Rows,Addition,2391,BOOTSTRAPPED,1.0,1.0,1,1,1,0.0035698413848876953
0,1,Rows,Addition,2392,BOOTSTRAPPED,1.0,1.0,1,1,1,0.0035309791564941406
0,1,Rows,Addition,2393,BOOTSTRAPPED,1.0,1.0,1,1,1,0.003570079803466797
0,1,Rows,Addition,2394,BOOTSTRAPPED,1.0,1.0,1,1,1,0.003625154495239258
0,1,Rows,Addition,2395,BOOTSTRAPPED,1.0,1.0,1,1,1,0.003629922866821289
0,1,Rows,Addition,2396,BOOTSTRAPPED,1.0,1.0,1,1,1,0.003620147705078125
0,1,Rows,Addition,2397,BOOTSTRAPPED,1.0,1.0,1,1,1,0.003529071807861328
0,1,Rows,Addition,2398,BOOTSTRAPPED,1.0,1.0,1,1,1,0.0036230087280273438
0,1,Rows,Addition,2399,BOOTSTRAPPED,1.0,1.0,1,1,1,0.003587007522583008
0,1,Rows,Addition,2400,BOOTSTRAPPED,1.0,1.0,1,1,1,0.003582000732421875
0,1,Rows,Addition,2401,BOOTSTRAPPED,1.0,1.0,1,1,1,0.0034532546997070312
0,1,Rows,Addition,2402,BOOTSTRAPPED,1.0,1.0,1,1,1,0.0035469532012939453
0,1,Rows,Addition,2403,BOOTSTRAPPED,1.0,1.0,1,1,1,0.0035800933837890625
0,1,Rows,Addition,2404,BOOTSTRAPPED,1.0,1.0,1,1,1,0.0035600662231445312
0,1,Rows,Addition,2405,BOOTSTRAPPED,1.0,1.0,1,1,1,0.003480195999145508
0,1,Rows,Addition,2406,BOOTSTRAPPED,1.0,1.0,1,1,1,0.00357818603515625
0,1,Rows,Addition,2407,BOOTSTRAPPED,1.0,1.0,1,1,1,0.003592967987060547
0,1,Rows,Addition,2408,BOOTSTRAPPED,1.0,1.0,1,1,1,0.003592967987060547
0,1,Rows,Addition,2409,BOOTSTRAPPED,1.0,1.0,1,1,1,0.003751039505004883
0,1,Rows,Addition,2410,BOOTSTRAPPED,1.0,1.0,1,1,1,0.003886699676513672
0,1,Rows,Addition,2411,BOOTSTRAPPED,1.0,1.0,1,1,1,0.0038099288940429688
0,1,Rows,Addition,2412,BOOTSTRAPPED,1.0,1.0,1,1,1,0.003801107406616211
0,1,Rows,Addition,2413,BOOTSTRAPPED,1.0,1.0,1,1,1,0.003621816635131836
0,1,Rows,Addition,2414,BOOTSTRAPPED,1.0,1.0,1,1,1,0.0036149024963378906
0,1,Rows,Addition,2415,BOOTSTRAPPED,1.0,1.0,1,1,1,0.0036368370056152344
0,1,Rows,Addition,2416,BOOTSTRAPPED,1.0,1.0,1,1,1,0.0036132335662841797
0,1,Rows,Addition,2417,BOOTSTRAPPED,1.0,1.0,1,1,1,0.003549814224243164
0,1,Rows,Addition,2418,BOOTSTRAPPED,1.0,1.0,1,1,1,0.003580808639526367
0,1,Rows,Addition,2419,BOOTSTRAPPED,1.0,1.0,1,1,1,0.0035729408264160156
0,1,Rows,Addition,2420,BOOTSTRAPPED,1.0,1.0,1,1,1,0.0036089420318603516
0,1,Rows,Addition,2421,BOOTSTRAPPED,1.0,1.0,1,1,1,0.0035851001739501953
0,1,Rows,Addition,2422,BOOTSTRAPPED,1.0,1.0,1,1,1,0.0035948753356933594
0,1,Rows,Addition,2423,BOOTSTRAPPED,1.0,1.0,1,1,1,0.0036089420318603516
0,1,Rows,Addition,2424,BOOTSTRAPPED,1.0,1.0,1,1,1,0.003595113754272461
0,1,Rows,Addition,2425,BOOTSTRAPPED,1.0,1.0,1,1,1,0.003574848175048828
0,1,Rows,Addition,2426,BOOTSTRAPPED,1.0,1.0,1,1,1,0.003573894500732422
0,1,Rows,Addition,2427,BOOTSTRAPPED,1.0,1.0,1,1,1,0.003571033477783203
0,1,Rows,Addition,2428,BOOTSTRAPPED,1.0,1.0,1,1,1,0.0035619735717773438
0,1,Rows,Addition,2429,BOOTSTRAPPED,1.0,1.0,1,1,1,0.0035562515258789062
0,1,Rows,Addition,2430,BOOTSTRAPPED,1.0,1.0,1,1,1,0.0035758018493652344
0,1,Rows,Addition,2431,BOOTSTRAPPED,1.0,1.0,1,1,1,0.003565073013305664
0,1,Rows,Addition,2432,BOOTSTRAPPED,1.0,1.0,1,1,1,0.0034999847412109375
0,1,Rows,Addition,2433,BOOTSTRAPPED,1.0,1.0,1,1,1,0.0035619735717773438
0,1,Rows,Addition,2434,BOOTSTRAPPED,1.0,1.0,1,1,1,0.003573894500732422
0,1,Rows,Addition,2435,BOOTSTRAPPED,1.0,1.0,1,1,1,0.003582000732421875
0,1,Rows,Addition,2436,BOOTSTRAPPED,1.0,1.0,1,1,1,0.0039370059967041016
0,1,Rows,Addition,2437,BOOTSTRAPPED,1.0,1.0,1,1,1,0.00391697883605957
0,1,Rows,Addition,2438,BOOTSTRAPPED,1.0,1.0,1,1,1,0.003634929656982422
0,1,Rows,Addition,2439,BOOTSTRAPPED,1.0,1.0,1,1,1,0.0036029815673828125
0,1,Rows,Addition,2440,BOOTSTRAPPED,1.0,1.0,1,1,1,0.0036590099334716797
0,1,Rows,Addition,2441,BOOTSTRAPPED,1.0,1.0,1,1,1,0.0036280155181884766
0,1,Rows,Addition,2442,BOOTSTRAPPED,1.0,1.0,1,1,1,0.0036611557006835938
0,1,Rows,Addition,2443,BOOTSTRAPPED,1.0,1.0,1,1,1,0.0036978721618652344
0,1,Rows,Addition,2444,BOOTSTRAPPED,1.0,1.0,1,1,1,0.003467082977294922
0,1,Rows,Addition,2445,BOOTSTRAPPED,1.0,1.0,1,1,1,0.003593921661376953
0,1,Rows,Addition,2446,BOOTSTRAPPED,1.0,1.0,1,1,1,0.003583192825317383
0,1,Rows,Addition,2447,BOOTSTRAPPED,1.0,1.0,1,1,1,0.003571033477783203
0,1,Rows,Addition,2448,BOOTSTRAPPED,1.0,1.0,1,1,1,0.003593921661376953
0,1,Rows,Addition,2449,BOOTSTRAPPED,1.0,1.0,1,1,1,0.003576040267944336
0,1,Rows,Addition,2450,BOOTSTRAPPED,1.0,1.0,1,1,1,0.003576040267944336
