,problem_set,orientation,direction,target,solution,validity,generalizability,explainability_size,explainabilty_repeated_terms,explainabilty_cognitive_chunks,time_to_generate
0,0,Columns,Addition,43(earning_change),(no_find_origin) no solution found!,0.0,0.0,0.0,0.0,0.0,0.0
1,0,Columns,Addition,43(earning_change),(all_numeric) (no extensions)y = 0.013 + -0.070 * number_of_children_2019 + -0.008 * housework_hours_per_week_2019 + -0.007 * personal_care_hours_per_week_2019 + -0.026 * checking_savings_total_amount_usd_2019 + -0.020 * credit_card_debt_total_usd_2019 + -0.639 * earnings_job_2018,-0.5490126687132642,-0.7842536211399638,7.0,0.0,1.0,0.028329133987426758
2,0,Columns,Addition,43(earning_change),(all_numeric) y = 0.068 + 0.062 * number_of_children_2019 + -0.546 * earnings_job_2018 + 0.002 * number_of_children_2019^2 + -0.053 * number_of_children_2019 earnings_job_2018 + -0.140 * number_of_children_2019 release_number_2019_0.0 + -0.003 * housework_hours_per_week_2019^2 + -0.001 * personal_care_hours_per_week_2019^2 + 0.000 * shopping_hours_per_week_2019^2 + -0.004 * shopping_hours_per_week_2019 leisure_hours_per_week_2019 + -0.001 * leisure_hours_per_week_2019^2 + 0.003 * bonus_income_2018_usd^2 + 0.172 * bonus_income_2018_usd earnings_job_2018 + -0.009 * checking_savings_total_amount_usd_2019^2 + -0.020 * checking_savings_total_amount_usd_2019 earnings_job_2018 + -0.003 * credit_card_debt_total_usd_2019^2 + -0.000 * times_arrested^2 + -0.045 * earnings_job_2018^2,-0.47427047810756706,-0.5221815099400717,18.0,0.0,3.0,0.1255817413330078
3,0,Columns,Addition,43(earning_change),(all_numeric) y = 0.057 + -0.006 * earnings_job_2018^2 + -0.425 * earnings_job_2018 release_number_2019_0.0 + -0.001 * number_of_children_2019^3 + -0.009 * number_of_children_2019^2 earnings_job_2018 + -0.002 * number_of_children_2019^2 release_number_2019_0.0 + -0.005 * number_of_children_2019 earnings_job_2018^2 + -0.001 * housework_hours_per_week_2019^3 + ε * housework_hours_per_week_2019^2 personal_care_hours_per_week_2019 + -0.007 * housework_hours_per_week_2019^2 earnings_job_2018 + ε * housework_hours_per_week_2019 times_arrested^2 + ε * personal_care_hours_per_week_2019^3 + -0.000 * personal_care_hours_per_week_2019^2 shopping_hours_per_week_2019 + 0.000 * personal_care_hours_per_week_2019^2 leisure_hours_per_week_2019 + ε * bonus_income_2018_usd^3 + 0.031 * bonus_income_2018_usd earnings_job_2018^2 + -0.002 * checking_savings_total_amount_usd_2019^3 + -0.007 * checking_savings_total_amount_usd_2019^2 earnings_job_2018 + ε * checking_savings_total_amount_usd_2019 times_arrested^2 + -0.000 * credit_card_debt_total_usd_2019^3 + -0.002 * credit_card_debt_total_usd_2019^2 earnings_job_2018 + ε * credit_card_debt_total_usd_2019 times_arrested^2 + ε * times_arrested^3 + -0.010 * earnings_job_2018^3,-0.20407468962501718,-0.15207243402491222,24.0,0.0,4.0,0.5636672973632812
4,0,Columns,Addition,43(earning_change),(all_numeric) y = 0.029 + 0.001 * release_number_2019/leisure_hours_per_week_2019 + 0.000 * release_number_2019/checking_savings_total_amount_usd_2019 + 0.002 * release_number_2019/credit_card_debt_total_usd_2019 + 0.000 * number_of_children_2019/personal_care_hours_per_week_2019 + ε * number_of_children_2019/leisure_hours_per_week_2019 + ε * shopping_hours_per_week_2019/times_arrested + 0.000 * bonus_income_2018_usd/leisure_hours_per_week_2019 + ε * credit_card_debt_total_usd_2019/leisure_hours_per_week_2019 + 0.001 * times_arrested/leisure_hours_per_week_2019 + 0.081 * times_arrested/checking_savings_total_amount_usd_2019 + ε * number_of_children_20190/number_of_children_2019 + ε * number_of_children_20190/personal_care_hours_per_week_2019 + 0.002 * number_of_children_20190/shopping_hours_per_week_2019 + 0.001 * number_of_children_20190/leisure_hours_per_week_2019,-0.4506213714561862,-0.3777709637280242,15.0,10.0,4.0,0.5727918148040771
5,0,Columns,Addition,43(earning_change),(all_numeric) y = 0.015 + ε * exp(personal_care_hours_per_week_2019) + ε * exp(leisure_hours_per_week_2019) + ε * exp(credit_card_debt_total_usd_2019) + ε * exp(times_arrested),0.0334480274559632,-0.006754351180011664,5.0,4.0,3.0,0.07671403884887695
6,0,Columns,Addition,43(earning_change),(all_numeric) y = 0.013 + -0.070 * number_of_children_2019 + -0.008 * housework_hours_per_week_2019 + -0.007 * personal_care_hours_per_week_2019 + -0.026 * checking_savings_total_amount_usd_2019 + -0.020 * credit_card_debt_total_usd_2019 + -0.639 * earnings_job_2018,-0.5490126687132642,-0.7842536211399638,7.0,0.0,1.0,0.11948490142822266
7,0,Columns,Addition,43(earning_change),(all_textual) (no extensions)y = -0.091 + 0.054 * school_internet_usage_frequency_2019_every_day + 0.008 * school_internet_usage_frequency_2019_few_times_a_week + -0.016 * school_internet_usage_frequency_2019_never + -0.103 * school_internet_usage_frequency_2019_not_in_school_past_30_days + -0.003 * job_internet_usage_frequency_2019_every_day + 0.039 * job_internet_usage_frequency_2019_few_times_a_week + -0.006 * happiness_frequency_last_month_2019_every_day + -0.071 * interest_in_life_frequency_last_month_2019_almost_every_day + 0.030 * satisfaction_frequency_last_month_2019_almost_every_day + 0.005 * contribution_to_society_frequency_2019_almost_every_day + -0.098 * community_belonging_frequency_2019_about_once_a_week + 0.003 * community_belonging_frequency_2019_almost_every_day + -0.069 * community_belonging_frequency_2019_once_or_twice + ε * society_getting_better_frequency_2019_almost_every_day + -0.028 * society_getting_better_frequency_2019_once_or_twice + 0.037 * society_getting_better_frequency_2019_two_or_three_times_a_week + 0.054 * people_are_good_frequency_2019_almost_every_day + -0.015 * people_are_good_frequency_2019_once_or_twice + -0.051 * people_are_good_frequency_2019_two_or_three_times_a_week + -0.118 * personality_thorough_worker_2019_describes_me_perfectly + 0.030 * personality_communicative_talkative_2019_describes_me_moderately + 0.037 * personality_communicative_talkative_2019_describes_me_perfectly + -0.008 * personality_sometimes_rude_2019_does_not_describe_me_at_all + 0.095 * personality_original_new_ideas_2019_describes_me_moderately + 0.128 * personality_worrier_2019_describes_me_perfectly + -0.013 * personality_worrier_2019_describes_me_very_little + 0.005 * personality_forgiving_2019_describes_me_perfectly + -0.054 * personality_somewhat_lazy_2019_describes_me_very_little + -0.035 * personality_somewhat_lazy_2019_describes_me_very_well + 0.005 * personality_somewhat_lazy_2019_describes_me_well + 0.002 * personality_outgoing_sociable_2019_describes_me_well + 0.081 * personality_values_artistic_experience_2019_describes_me_moderately + 0.015 * personality_values_artistic_experience_2019_describes_me_perfectly + 0.010 * personality_values_artistic_experience_2019_describes_me_well + 0.014 * personality_nervous_2019_describes_me_moderately + 0.073 * personality_effective_task_completion_2019_describes_me_very_well + -0.029 * personality_reserved_2019_describes_me_a_little + 0.062 * personality_reserved_2019_describes_me_moderately + 0.157 * personality_imaginative_2019_describes_me_moderately + -0.005 * personality_imaginative_2019_describes_me_perfectly + -0.069 * personality_imaginative_2019_describes_me_very_well + 0.011 * personality_imaginative_2019_describes_me_well + 0.002 * personality_relaxed_stress_handling_2019_describes_me_very_well + 0.024 * personality_eager_for_knowledge_2019_describes_me_perfectly + -0.037 * personality_eager_for_knowledge_2019_describes_me_very_well + 0.021 * went_without_health_insurance_2017_2018_no + -0.011 * went_without_health_insurance_2017_2018_yes + 0.007 * drinks_alcohol_2019_no + 0.029 * ever_arrested_no + -0.008 * ethnic_identity_importance_2019_not_at_all_important + 0.049 * ethnic_identity_importance_2019_not_very_important + 0.077 * current_state_fips_2019_California,-0.2002401571114012,-0.4894169632249008,53.0,0.0,2.0,0.929192304611206
0,1,Columns,Addition,43(earning_change),(no_find_origin) no solution found!,0.0,0.0,0.0,0.0,0.0,0.0
1,1,Columns,Addition,43(earning_change),(all_numeric) (no extensions)y =  + -0.071 * number_of_children_2019 + -0.004 * housework_hours_per_week_2019 + -0.007 * personal_care_hours_per_week_2019 + -0.029 * checking_savings_total_amount_usd_2019 + -0.023 * credit_card_debt_total_usd_2019 + -0.658 * earnings_job_2018,-0.5852571097064578,-0.5852571097064578,7.0,0.0,1.0,0.03750801086425781
2,1,Columns,Addition,43(earning_change),(all_numeric) y = 0.046 + 0.013 * checking_savings_total_amount_usd_2019 + -0.567 * earnings_job_2018 + -0.031 * number_of_children_2019 earnings_job_2018 + -0.047 * number_of_children_2019 release_number_2019_0.0 + -0.002 * housework_hours_per_week_2019^2 + -0.001 * housework_hours_per_week_2019 personal_care_hours_per_week_2019 + ε * personal_care_hours_per_week_2019^2 + -0.001 * personal_care_hours_per_week_2019 shopping_hours_per_week_2019 + ε * shopping_hours_per_week_2019^2 + -0.001 * leisure_hours_per_week_2019^2 + 0.002 * bonus_income_2018_usd^2 + 0.117 * bonus_income_2018_usd earnings_job_2018 + -0.011 * checking_savings_total_amount_usd_2019^2 + -0.002 * checking_savings_total_amount_usd_2019 earnings_job_2018 + -0.003 * credit_card_debt_total_usd_2019^2 + -0.000 * times_arrested^2 + -0.030 * earnings_job_2018^2,-0.38994874548267533,-0.38994874548267533,18.0,0.0,3.0,0.10799908638000488
3,1,Columns,Addition,43(earning_change),(all_numeric) y = -0.109 + -6706369513957.970 * earnings_job_2018^2 + -0.632 * earnings_job_2018 release_number_2019_0.0 + -0.001 * number_of_children_2019^3 + -0.009 * number_of_children_2019^2 earnings_job_2018 + -0.010 * number_of_children_2019 earnings_job_2018^2 + -0.000 * housework_hours_per_week_2019^3 + -0.003 * housework_hours_per_week_2019^2 earnings_job_2018 + ε * housework_hours_per_week_2019 times_arrested^2 + ε * personal_care_hours_per_week_2019^3 + ε * shopping_hours_per_week_2019^3 + ε * bonus_income_2018_usd^3 + 0.086 * bonus_income_2018_usd earnings_job_2018^2 + -0.002 * checking_savings_total_amount_usd_2019^3 + -0.001 * checking_savings_total_amount_usd_2019^2 earnings_job_2018 + -0.000 * checking_savings_total_amount_usd_2019 times_arrested^2 + -0.000 * credit_card_debt_total_usd_2019^3 + -0.004 * credit_card_debt_total_usd_2019^2 earnings_job_2018 + ε * credit_card_debt_total_usd_2019 times_arrested^2 + ε * times_arrested^3 + -0.048 * earnings_job_2018^3 + 6706369513958.215 * earnings_job_2018^2 release_number_2019_0.0,-0.08461629591407283,-0.08461629591407283,22.0,0.0,4.0,0.5563750267028809
4,1,Columns,Addition,43(earning_change),(all_numeric) y = 0.019 + 0.000 * release_number_2019/number_of_children_2019 + -0.000 * release_number_2019/personal_care_hours_per_week_2019 + -0.002 * release_number_2019/shopping_hours_per_week_2019 + ε * release_number_2019/leisure_hours_per_week_2019 + 0.008 * release_number_2019/checking_savings_total_amount_usd_2019 + 0.002 * release_number_2019/credit_card_debt_total_usd_2019 + 0.001 * number_of_children_2019/personal_care_hours_per_week_2019 + -0.000 * number_of_children_2019/leisure_hours_per_week_2019 + 0.000 * number_of_children_2019/credit_card_debt_total_usd_2019 + -0.003 * housework_hours_per_week_2019/shopping_hours_per_week_2019 + 0.001 * housework_hours_per_week_2019/credit_card_debt_total_usd_2019 + -0.002 * personal_care_hours_per_week_2019/shopping_hours_per_week_2019 + -0.001 * personal_care_hours_per_week_2019/leisure_hours_per_week_2019 + -0.000 * shopping_hours_per_week_2019/number_of_children_2019 + -0.001 * shopping_hours_per_week_2019/personal_care_hours_per_week_2019 + 0.000 * shopping_hours_per_week_2019/leisure_hours_per_week_2019 + -0.000 * shopping_hours_per_week_2019/times_arrested + 0.000 * bonus_income_2018_usd/leisure_hours_per_week_2019 + 0.002 * bonus_income_2018_usd/checking_savings_total_amount_usd_2019 + 0.000 * bonus_income_2018_usd/credit_card_debt_total_usd_2019 + -0.003 * checking_savings_total_amount_usd_2019/number_of_children_2019 + 0.000 * checking_savings_total_amount_usd_2019/leisure_hours_per_week_2019 + 0.002 * checking_savings_total_amount_usd_2019/credit_card_debt_total_usd_2019 + -0.004 * checking_savings_total_amount_usd_2019/times_arrested + -0.000 * credit_card_debt_total_usd_2019/leisure_hours_per_week_2019 + -0.001 * times_arrested/number_of_children_2019 + ε * times_arrested/housework_hours_per_week_2019 + ε * times_arrested/leisure_hours_per_week_2019 + 0.087 * times_arrested/checking_savings_total_amount_usd_2019 + -0.001 * number_of_children_20190/number_of_children_2019 + 0.001 * number_of_children_20190/shopping_hours_per_week_2019 + 0.001 * number_of_children_20190/leisure_hours_per_week_2019,-0.5851529316007062,-0.5851529316007062,33.0,11.0,4.0,0.31384968757629395
5,1,Columns,Addition,43(earning_change),(all_numeric) y = -0.000,0.0005315826621127284,0.0005315826621127284,1.0,0.0,1.0,0.22891616821289062
6,1,Columns,Addition,43(earning_change),(all_numeric) y =  + -0.071 * number_of_children_2019 + -0.004 * housework_hours_per_week_2019 + -0.007 * personal_care_hours_per_week_2019 + -0.029 * checking_savings_total_amount_usd_2019 + -0.023 * credit_card_debt_total_usd_2019 + -0.658 * earnings_job_2018,-0.5852571097064578,-0.5852571097064578,7.0,0.0,1.0,0.01434016227722168
7,1,Columns,Addition,43(earning_change),(all_textual) (no extensions)y = -0.025 + 0.046 * school_internet_usage_frequency_2019_every_day + -0.027 * school_internet_usage_frequency_2019_never + -0.114 * school_internet_usage_frequency_2019_not_in_school_past_30_days + 0.006 * job_internet_usage_frequency_2019_few_times_a_week + -0.089 * interest_in_life_frequency_last_month_2019_almost_every_day + 0.034 * satisfaction_frequency_last_month_2019_almost_every_day + -0.029 * satisfaction_frequency_last_month_2019_every_day + 0.004 * contribution_to_society_frequency_2019_almost_every_day + -0.123 * community_belonging_frequency_2019_about_once_a_week + -0.078 * community_belonging_frequency_2019_once_or_twice + -0.040 * society_getting_better_frequency_2019_once_or_twice + 0.052 * society_getting_better_frequency_2019_two_or_three_times_a_week + 0.045 * people_are_good_frequency_2019_almost_every_day + -0.026 * people_are_good_frequency_2019_two_or_three_times_a_week + 0.032 * society_makes_sense_frequency_2019_almost_every_day + -0.047 * society_makes_sense_frequency_2019_once_or_twice + -0.114 * personality_thorough_worker_2019_describes_me_perfectly + 0.004 * personality_thorough_worker_2019_describes_me_well + 0.019 * personality_communicative_talkative_2019_describes_me_moderately + 0.005 * personality_communicative_talkative_2019_describes_me_perfectly + -0.017 * personality_communicative_talkative_2019_describes_me_very_well + 0.101 * personality_original_new_ideas_2019_describes_me_moderately + 0.114 * personality_worrier_2019_describes_me_perfectly + -0.017 * personality_worrier_2019_describes_me_very_little + 0.016 * personality_forgiving_2019_describes_me_perfectly + 0.035 * personality_somewhat_lazy_2019_describes_me_a_little + -0.066 * personality_somewhat_lazy_2019_describes_me_very_little + -0.019 * personality_somewhat_lazy_2019_describes_me_very_well + 0.034 * personality_somewhat_lazy_2019_describes_me_well + 0.063 * personality_values_artistic_experience_2019_describes_me_moderately + 0.040 * personality_values_artistic_experience_2019_describes_me_perfectly + 0.013 * personality_nervous_2019_describes_me_moderately + 0.079 * personality_effective_task_completion_2019_describes_me_very_well + 0.070 * personality_reserved_2019_describes_me_moderately + 0.011 * personality_reserved_2019_describes_me_well + 0.138 * personality_imaginative_2019_describes_me_moderately + -0.014 * personality_imaginative_2019_describes_me_very_well + 0.005 * personality_imaginative_2019_describes_me_well + 0.021 * personality_relaxed_stress_handling_2019_describes_me_very_well + 0.010 * personality_eager_for_knowledge_2019_describes_me_perfectly + -0.048 * personality_eager_for_knowledge_2019_describes_me_very_well + -0.059 * went_without_health_insurance_2017_2018_yes + 0.017 * drinks_alcohol_2019_no + 0.005 * ever_arrested_no + -0.080 * ethnic_identity_importance_2019_not_at_all_important + 0.030 * ethnic_identity_importance_2019_not_very_important + 0.047 * current_state_fips_2019_California,-0.2796124723008695,-0.2796124723008695,48.0,0.0,2.0,0.5812511444091797
0,1,Rows,Removal,1,DUPLICATED,1.0,1.0,1.0,1.0,1.0,0.010148763656616211
1,1,Rows,Removal,2,DUPLICATED,1.0,1.0,1.0,1.0,1.0,0.010148763656616211
2,1,Rows,Removal,3,DUPLICATED,1.0,1.0,1.0,1.0,1.0,0.010148763656616211
3,1,Rows,Removal,4,DUPLICATED,1.0,1.0,1.0,1.0,1.0,0.010148763656616211
4,1,Rows,Removal,5,DUPLICATED,1.0,1.0,1.0,1.0,1.0,0.010148763656616211
5,1,Rows,Removal,6,DUPLICATED,1.0,1.0,1.0,1.0,1.0,0.010148763656616211
6,1,Rows,Removal,7,DUPLICATED,1.0,1.0,1.0,1.0,1.0,0.010148763656616211
7,1,Rows,Removal,8,DUPLICATED,1.0,1.0,1.0,1.0,1.0,0.010148763656616211
8,1,Rows,Removal,9,DUPLICATED,1.0,1.0,1.0,1.0,1.0,0.010148763656616211
9,1,Rows,Removal,10,DUPLICATED,1.0,1.0,1.0,1.0,1.0,0.010148763656616211
10,1,Rows,Removal,11,DUPLICATED,1.0,1.0,1.0,1.0,1.0,0.010148763656616211
11,1,Rows,Removal,12,DUPLICATED,1.0,1.0,1.0,1.0,1.0,0.010148763656616211
12,1,Rows,Removal,13,DUPLICATED,1.0,1.0,1.0,1.0,1.0,0.010148763656616211
13,1,Rows,Removal,14,DUPLICATED,1.0,1.0,1.0,1.0,1.0,0.010148763656616211
14,1,Rows,Removal,15,DUPLICATED,1.0,1.0,1.0,1.0,1.0,0.010148763656616211
15,1,Rows,Removal,16,DUPLICATED,1.0,1.0,1.0,1.0,1.0,0.010148763656616211
16,1,Rows,Removal,17,DUPLICATED,1.0,1.0,1.0,1.0,1.0,0.010148763656616211
17,1,Rows,Removal,18,DUPLICATED,1.0,1.0,1.0,1.0,1.0,0.010148763656616211
18,1,Rows,Removal,19,DUPLICATED,1.0,1.0,1.0,1.0,1.0,0.010148763656616211
19,1,Rows,Removal,20,DUPLICATED,1.0,1.0,1.0,1.0,1.0,0.010148763656616211
20,1,Rows,Removal,21,DUPLICATED,1.0,1.0,1.0,1.0,1.0,0.010148763656616211
21,1,Rows,Removal,22,DUPLICATED,1.0,1.0,1.0,1.0,1.0,0.010148763656616211
22,1,Rows,Removal,23,DUPLICATED,1.0,1.0,1.0,1.0,1.0,0.010148763656616211
23,1,Rows,Removal,24,DUPLICATED,1.0,1.0,1.0,1.0,1.0,0.010148763656616211
24,1,Rows,Removal,25,DUPLICATED,1.0,1.0,1.0,1.0,1.0,0.010148763656616211
25,1,Rows,Removal,26,DUPLICATED,1.0,1.0,1.0,1.0,1.0,0.010148763656616211
26,1,Rows,Removal,27,DUPLICATED,1.0,1.0,1.0,1.0,1.0,0.010148763656616211
27,1,Rows,Removal,28,DUPLICATED,1.0,1.0,1.0,1.0,1.0,0.010148763656616211
28,1,Rows,Removal,29,DUPLICATED,1.0,1.0,1.0,1.0,1.0,0.010148763656616211
29,1,Rows,Removal,30,DUPLICATED,1.0,1.0,1.0,1.0,1.0,0.010148763656616211
30,1,Rows,Removal,31,DUPLICATED,1.0,1.0,1.0,1.0,1.0,0.010148763656616211
31,1,Rows,Removal,32,DUPLICATED,1.0,1.0,1.0,1.0,1.0,0.010148763656616211
32,1,Rows,Removal,33,DUPLICATED,1.0,1.0,1.0,1.0,1.0,0.010148763656616211
33,1,Rows,Removal,34,DUPLICATED,1.0,1.0,1.0,1.0,1.0,0.010148763656616211
34,1,Rows,Removal,35,DUPLICATED,1.0,1.0,1.0,1.0,1.0,0.010148763656616211
35,1,Rows,Removal,36,DUPLICATED,1.0,1.0,1.0,1.0,1.0,0.010148763656616211
36,1,Rows,Removal,37,DUPLICATED,1.0,1.0,1.0,1.0,1.0,0.010148763656616211
37,1,Rows,Removal,38,DUPLICATED,1.0,1.0,1.0,1.0,1.0,0.010148763656616211
38,1,Rows,Removal,39,DUPLICATED,1.0,1.0,1.0,1.0,1.0,0.010148763656616211
39,1,Rows,Removal,40,DUPLICATED,1.0,1.0,1.0,1.0,1.0,0.010148763656616211
40,1,Rows,Removal,41,DUPLICATED,1.0,1.0,1.0,1.0,1.0,0.010148763656616211
41,1,Rows,Removal,42,DUPLICATED,1.0,1.0,1.0,1.0,1.0,0.010148763656616211
42,1,Rows,Removal,43,DUPLICATED,1.0,1.0,1.0,1.0,1.0,0.010148763656616211
43,1,Rows,Removal,44,DUPLICATED,1.0,1.0,1.0,1.0,1.0,0.010148763656616211
44,1,Rows,Removal,45,DUPLICATED,1.0,1.0,1.0,1.0,1.0,0.010148763656616211
45,1,Rows,Removal,46,DUPLICATED,1.0,1.0,1.0,1.0,1.0,0.010148763656616211
46,1,Rows,Removal,47,DUPLICATED,1.0,1.0,1.0,1.0,1.0,0.010148763656616211
47,1,Rows,Removal,48,DUPLICATED,1.0,1.0,1.0,1.0,1.0,0.010148763656616211
48,1,Rows,Removal,49,DUPLICATED,1.0,1.0,1.0,1.0,1.0,0.010148763656616211
49,1,Rows,Removal,50,DUPLICATED,1.0,1.0,1.0,1.0,1.0,0.010148763656616211
50,1,Rows,Removal,51,DUPLICATED,1.0,1.0,1.0,1.0,1.0,0.010148763656616211
51,1,Rows,Removal,52,DUPLICATED,1.0,1.0,1.0,1.0,1.0,0.010148763656616211
52,1,Rows,Removal,53,DUPLICATED,1.0,1.0,1.0,1.0,1.0,0.010148763656616211
53,1,Rows,Removal,54,DUPLICATED,1.0,1.0,1.0,1.0,1.0,0.010148763656616211
54,1,Rows,Removal,55,DUPLICATED,1.0,1.0,1.0,1.0,1.0,0.010148763656616211
55,1,Rows,Removal,56,DUPLICATED,1.0,1.0,1.0,1.0,1.0,0.010148763656616211
56,1,Rows,Removal,57,DUPLICATED,1.0,1.0,1.0,1.0,1.0,0.010148763656616211
57,1,Rows,Removal,58,DUPLICATED,1.0,1.0,1.0,1.0,1.0,0.010148763656616211
58,1,Rows,Removal,59,DUPLICATED,1.0,1.0,1.0,1.0,1.0,0.010148763656616211
59,1,Rows,Removal,60,DUPLICATED,1.0,1.0,1.0,1.0,1.0,0.010148763656616211
60,1,Rows,Removal,61,DUPLICATED,1.0,1.0,1.0,1.0,1.0,0.010148763656616211
61,1,Rows,Removal,62,DUPLICATED,1.0,1.0,1.0,1.0,1.0,0.010148763656616211
62,1,Rows,Removal,63,DUPLICATED,1.0,1.0,1.0,1.0,1.0,0.010148763656616211
63,1,Rows,Removal,64,DUPLICATED,1.0,1.0,1.0,1.0,1.0,0.010148763656616211
64,1,Rows,Removal,65,DUPLICATED,1.0,1.0,1.0,1.0,1.0,0.010148763656616211
65,1,Rows,Removal,66,DUPLICATED,1.0,1.0,1.0,1.0,1.0,0.010148763656616211
66,1,Rows,Removal,67,DUPLICATED,1.0,1.0,1.0,1.0,1.0,0.010148763656616211
67,1,Rows,Removal,68,DUPLICATED,1.0,1.0,1.0,1.0,1.0,0.010148763656616211
68,1,Rows,Removal,69,DUPLICATED,1.0,1.0,1.0,1.0,1.0,0.010148763656616211
69,1,Rows,Removal,70,DUPLICATED,1.0,1.0,1.0,1.0,1.0,0.010148763656616211
70,1,Rows,Removal,71,DUPLICATED,1.0,1.0,1.0,1.0,1.0,0.010148763656616211
71,1,Rows,Removal,72,DUPLICATED,1.0,1.0,1.0,1.0,1.0,0.010148763656616211
72,1,Rows,Removal,73,DUPLICATED,1.0,1.0,1.0,1.0,1.0,0.010148763656616211
73,1,Rows,Removal,74,DUPLICATED,1.0,1.0,1.0,1.0,1.0,0.010148763656616211
74,1,Rows,Removal,75,DUPLICATED,1.0,1.0,1.0,1.0,1.0,0.010148763656616211
75,1,Rows,Removal,76,DUPLICATED,1.0,1.0,1.0,1.0,1.0,0.010148763656616211
76,1,Rows,Removal,77,DUPLICATED,1.0,1.0,1.0,1.0,1.0,0.010148763656616211
77,1,Rows,Removal,78,DUPLICATED,1.0,1.0,1.0,1.0,1.0,0.010148763656616211
78,1,Rows,Removal,79,DUPLICATED,1.0,1.0,1.0,1.0,1.0,0.010148763656616211
79,1,Rows,Removal,80,DUPLICATED,1.0,1.0,1.0,1.0,1.0,0.010148763656616211
80,1,Rows,Removal,81,DUPLICATED,1.0,1.0,1.0,1.0,1.0,0.010148763656616211
81,1,Rows,Removal,82,DUPLICATED,1.0,1.0,1.0,1.0,1.0,0.010148763656616211
82,1,Rows,Removal,83,DUPLICATED,1.0,1.0,1.0,1.0,1.0,0.010148763656616211
83,1,Rows,Removal,84,DUPLICATED,1.0,1.0,1.0,1.0,1.0,0.010148763656616211
84,1,Rows,Removal,85,DUPLICATED,1.0,1.0,1.0,1.0,1.0,0.010148763656616211
85,1,Rows,Removal,86,DUPLICATED,1.0,1.0,1.0,1.0,1.0,0.010148763656616211
86,1,Rows,Removal,87,DUPLICATED,1.0,1.0,1.0,1.0,1.0,0.010148763656616211
87,1,Rows,Removal,88,DUPLICATED,1.0,1.0,1.0,1.0,1.0,0.010148763656616211
88,1,Rows,Removal,89,DUPLICATED,1.0,1.0,1.0,1.0,1.0,0.010148763656616211
89,1,Rows,Removal,90,DUPLICATED,1.0,1.0,1.0,1.0,1.0,0.010148763656616211
90,1,Rows,Removal,91,DUPLICATED,1.0,1.0,1.0,1.0,1.0,0.010148763656616211
91,1,Rows,Removal,92,DUPLICATED,1.0,1.0,1.0,1.0,1.0,0.010148763656616211
92,1,Rows,Removal,93,DUPLICATED,1.0,1.0,1.0,1.0,1.0,0.010148763656616211
93,1,Rows,Removal,94,DUPLICATED,1.0,1.0,1.0,1.0,1.0,0.010148763656616211
94,1,Rows,Removal,95,DUPLICATED,1.0,1.0,1.0,1.0,1.0,0.010148763656616211
95,1,Rows,Removal,96,DUPLICATED,1.0,1.0,1.0,1.0,1.0,0.010148763656616211
96,1,Rows,Removal,97,DUPLICATED,1.0,1.0,1.0,1.0,1.0,0.010148763656616211
97,1,Rows,Removal,98,DUPLICATED,1.0,1.0,1.0,1.0,1.0,0.010148763656616211
98,1,Rows,Removal,99,DUPLICATED,1.0,1.0,1.0,1.0,1.0,0.010148763656616211
99,1,Rows,Removal,100,DUPLICATED,1.0,1.0,1.0,1.0,1.0,0.010148763656616211
100,1,Rows,Removal,101,DUPLICATED,1.0,1.0,1.0,1.0,1.0,0.010148763656616211
101,1,Rows,Removal,102,DUPLICATED,1.0,1.0,1.0,1.0,1.0,0.010148763656616211
102,1,Rows,Removal,103,DUPLICATED,1.0,1.0,1.0,1.0,1.0,0.010148763656616211
103,1,Rows,Removal,104,DUPLICATED,1.0,1.0,1.0,1.0,1.0,0.010148763656616211
104,1,Rows,Removal,105,DUPLICATED,1.0,1.0,1.0,1.0,1.0,0.010148763656616211
105,1,Rows,Removal,106,DUPLICATED,1.0,1.0,1.0,1.0,1.0,0.010148763656616211
106,1,Rows,Removal,107,DUPLICATED,1.0,1.0,1.0,1.0,1.0,0.010148763656616211
107,1,Rows,Removal,108,DUPLICATED,1.0,1.0,1.0,1.0,1.0,0.010148763656616211
108,1,Rows,Removal,109,DUPLICATED,1.0,1.0,1.0,1.0,1.0,0.010148763656616211
109,1,Rows,Removal,110,DUPLICATED,1.0,1.0,1.0,1.0,1.0,0.010148763656616211
110,1,Rows,Removal,111,DUPLICATED,1.0,1.0,1.0,1.0,1.0,0.010148763656616211
111,1,Rows,Removal,112,DUPLICATED,1.0,1.0,1.0,1.0,1.0,0.010148763656616211
112,1,Rows,Removal,113,DUPLICATED,1.0,1.0,1.0,1.0,1.0,0.010148763656616211
113,1,Rows,Removal,114,DUPLICATED,1.0,1.0,1.0,1.0,1.0,0.010148763656616211
114,1,Rows,Removal,115,DUPLICATED,1.0,1.0,1.0,1.0,1.0,0.010148763656616211
115,1,Rows,Removal,116,DUPLICATED,1.0,1.0,1.0,1.0,1.0,0.010148763656616211
116,1,Rows,Removal,117,DUPLICATED,1.0,1.0,1.0,1.0,1.0,0.010148763656616211
117,1,Rows,Removal,118,DUPLICATED,1.0,1.0,1.0,1.0,1.0,0.010148763656616211
118,1,Rows,Removal,119,DUPLICATED,1.0,1.0,1.0,1.0,1.0,0.010148763656616211
119,1,Rows,Removal,120,DUPLICATED,1.0,1.0,1.0,1.0,1.0,0.010148763656616211
120,1,Rows,Removal,121,DUPLICATED,1.0,1.0,1.0,1.0,1.0,0.010148763656616211
121,1,Rows,Removal,122,DUPLICATED,1.0,1.0,1.0,1.0,1.0,0.010148763656616211
122,1,Rows,Removal,123,DUPLICATED,1.0,1.0,1.0,1.0,1.0,0.010148763656616211
123,1,Rows,Removal,124,DUPLICATED,1.0,1.0,1.0,1.0,1.0,0.010148763656616211
124,1,Rows,Removal,125,DUPLICATED,1.0,1.0,1.0,1.0,1.0,0.010148763656616211
125,1,Rows,Removal,126,DUPLICATED,1.0,1.0,1.0,1.0,1.0,0.010148763656616211
126,1,Rows,Removal,127,DUPLICATED,1.0,1.0,1.0,1.0,1.0,0.010148763656616211
127,1,Rows,Removal,128,DUPLICATED,1.0,1.0,1.0,1.0,1.0,0.010148763656616211
128,1,Rows,Removal,129,DUPLICATED,1.0,1.0,1.0,1.0,1.0,0.010148763656616211
129,1,Rows,Removal,130,DUPLICATED,1.0,1.0,1.0,1.0,1.0,0.010148763656616211
130,1,Rows,Removal,131,DUPLICATED,1.0,1.0,1.0,1.0,1.0,0.010148763656616211
131,1,Rows,Removal,132,DUPLICATED,1.0,1.0,1.0,1.0,1.0,0.010148763656616211
132,1,Rows,Removal,133,DUPLICATED,1.0,1.0,1.0,1.0,1.0,0.010148763656616211
133,1,Rows,Removal,134,DUPLICATED,1.0,1.0,1.0,1.0,1.0,0.010148763656616211
134,1,Rows,Removal,135,DUPLICATED,1.0,1.0,1.0,1.0,1.0,0.010148763656616211
135,1,Rows,Removal,136,DUPLICATED,1.0,1.0,1.0,1.0,1.0,0.010148763656616211
136,1,Rows,Removal,137,DUPLICATED,1.0,1.0,1.0,1.0,1.0,0.010148763656616211
137,1,Rows,Removal,138,DUPLICATED,1.0,1.0,1.0,1.0,1.0,0.010148763656616211
138,1,Rows,Removal,139,DUPLICATED,1.0,1.0,1.0,1.0,1.0,0.010148763656616211
139,1,Rows,Removal,140,DUPLICATED,1.0,1.0,1.0,1.0,1.0,0.010148763656616211
140,1,Rows,Removal,141,DUPLICATED,1.0,1.0,1.0,1.0,1.0,0.010148763656616211
141,1,Rows,Removal,142,DUPLICATED,1.0,1.0,1.0,1.0,1.0,0.010148763656616211
142,1,Rows,Removal,143,DUPLICATED,1.0,1.0,1.0,1.0,1.0,0.010148763656616211
143,1,Rows,Removal,144,DUPLICATED,1.0,1.0,1.0,1.0,1.0,0.010148763656616211
144,1,Rows,Removal,145,DUPLICATED,1.0,1.0,1.0,1.0,1.0,0.010148763656616211
145,1,Rows,Removal,146,DUPLICATED,1.0,1.0,1.0,1.0,1.0,0.010148763656616211
146,1,Rows,Removal,147,DUPLICATED,1.0,1.0,1.0,1.0,1.0,0.010148763656616211
147,1,Rows,Removal,148,DUPLICATED,1.0,1.0,1.0,1.0,1.0,0.010148763656616211
148,1,Rows,Removal,149,DUPLICATED,1.0,1.0,1.0,1.0,1.0,0.010148763656616211
149,1,Rows,Removal,150,DUPLICATED,1.0,1.0,1.0,1.0,1.0,0.010148763656616211
150,1,Rows,Removal,151,DUPLICATED,1.0,1.0,1.0,1.0,1.0,0.010148763656616211
151,1,Rows,Removal,152,DUPLICATED,1.0,1.0,1.0,1.0,1.0,0.010148763656616211
152,1,Rows,Removal,153,DUPLICATED,1.0,1.0,1.0,1.0,1.0,0.010148763656616211
153,1,Rows,Removal,154,DUPLICATED,1.0,1.0,1.0,1.0,1.0,0.010148763656616211
154,1,Rows,Removal,155,DUPLICATED,1.0,1.0,1.0,1.0,1.0,0.010148763656616211
155,1,Rows,Removal,156,DUPLICATED,1.0,1.0,1.0,1.0,1.0,0.010148763656616211
156,1,Rows,Removal,157,DUPLICATED,1.0,1.0,1.0,1.0,1.0,0.010148763656616211
157,1,Rows,Removal,158,DUPLICATED,1.0,1.0,1.0,1.0,1.0,0.010148763656616211
158,1,Rows,Removal,159,DUPLICATED,1.0,1.0,1.0,1.0,1.0,0.010148763656616211
159,1,Rows,Removal,160,DUPLICATED,1.0,1.0,1.0,1.0,1.0,0.010148763656616211
160,1,Rows,Removal,161,DUPLICATED,1.0,1.0,1.0,1.0,1.0,0.010148763656616211
161,1,Rows,Removal,162,DUPLICATED,1.0,1.0,1.0,1.0,1.0,0.010148763656616211
162,1,Rows,Removal,163,DUPLICATED,1.0,1.0,1.0,1.0,1.0,0.010148763656616211
163,1,Rows,Removal,164,DUPLICATED,1.0,1.0,1.0,1.0,1.0,0.010148763656616211
164,1,Rows,Removal,165,DUPLICATED,1.0,1.0,1.0,1.0,1.0,0.010148763656616211
165,1,Rows,Removal,166,DUPLICATED,1.0,1.0,1.0,1.0,1.0,0.010148763656616211
166,1,Rows,Removal,167,DUPLICATED,1.0,1.0,1.0,1.0,1.0,0.010148763656616211
167,1,Rows,Removal,168,DUPLICATED,1.0,1.0,1.0,1.0,1.0,0.010148763656616211
168,1,Rows,Removal,169,DUPLICATED,1.0,1.0,1.0,1.0,1.0,0.010148763656616211
169,1,Rows,Removal,170,DUPLICATED,1.0,1.0,1.0,1.0,1.0,0.010148763656616211
170,1,Rows,Removal,171,DUPLICATED,1.0,1.0,1.0,1.0,1.0,0.010148763656616211
171,1,Rows,Removal,172,DUPLICATED,1.0,1.0,1.0,1.0,1.0,0.010148763656616211
172,1,Rows,Removal,173,DUPLICATED,1.0,1.0,1.0,1.0,1.0,0.010148763656616211
173,1,Rows,Removal,174,DUPLICATED,1.0,1.0,1.0,1.0,1.0,0.010148763656616211
174,1,Rows,Removal,175,DUPLICATED,1.0,1.0,1.0,1.0,1.0,0.010148763656616211
175,1,Rows,Removal,176,DUPLICATED,1.0,1.0,1.0,1.0,1.0,0.010148763656616211
176,1,Rows,Removal,177,DUPLICATED,1.0,1.0,1.0,1.0,1.0,0.010148763656616211
177,1,Rows,Removal,178,DUPLICATED,1.0,1.0,1.0,1.0,1.0,0.010148763656616211
178,1,Rows,Removal,179,DUPLICATED,1.0,1.0,1.0,1.0,1.0,0.010148763656616211
179,1,Rows,Removal,180,DUPLICATED,1.0,1.0,1.0,1.0,1.0,0.010148763656616211
180,1,Rows,Removal,181,DUPLICATED,1.0,1.0,1.0,1.0,1.0,0.010148763656616211
181,1,Rows,Removal,182,DUPLICATED,1.0,1.0,1.0,1.0,1.0,0.010148763656616211
182,1,Rows,Removal,183,DUPLICATED,1.0,1.0,1.0,1.0,1.0,0.010148763656616211
183,1,Rows,Removal,184,DUPLICATED,1.0,1.0,1.0,1.0,1.0,0.010148763656616211
184,1,Rows,Removal,185,DUPLICATED,1.0,1.0,1.0,1.0,1.0,0.010148763656616211
185,1,Rows,Removal,186,DUPLICATED,1.0,1.0,1.0,1.0,1.0,0.010148763656616211
186,1,Rows,Removal,187,DUPLICATED,1.0,1.0,1.0,1.0,1.0,0.010148763656616211
187,1,Rows,Removal,188,DUPLICATED,1.0,1.0,1.0,1.0,1.0,0.010148763656616211
188,1,Rows,Removal,189,DUPLICATED,1.0,1.0,1.0,1.0,1.0,0.010148763656616211
189,1,Rows,Removal,190,DUPLICATED,1.0,1.0,1.0,1.0,1.0,0.010148763656616211
190,1,Rows,Removal,191,DUPLICATED,1.0,1.0,1.0,1.0,1.0,0.010148763656616211
191,1,Rows,Removal,192,DUPLICATED,1.0,1.0,1.0,1.0,1.0,0.010148763656616211
192,1,Rows,Removal,193,DUPLICATED,1.0,1.0,1.0,1.0,1.0,0.010148763656616211
193,1,Rows,Removal,194,DUPLICATED,1.0,1.0,1.0,1.0,1.0,0.010148763656616211
194,1,Rows,Removal,195,DUPLICATED,1.0,1.0,1.0,1.0,1.0,0.010148763656616211
195,1,Rows,Removal,196,DUPLICATED,1.0,1.0,1.0,1.0,1.0,0.010148763656616211
196,1,Rows,Removal,197,DUPLICATED,1.0,1.0,1.0,1.0,1.0,0.010148763656616211
197,1,Rows,Removal,198,DUPLICATED,1.0,1.0,1.0,1.0,1.0,0.010148763656616211
198,1,Rows,Removal,199,DUPLICATED,1.0,1.0,1.0,1.0,1.0,0.010148763656616211
199,1,Rows,Removal,200,DUPLICATED,1.0,1.0,1.0,1.0,1.0,0.010148763656616211
200,1,Rows,Removal,201,DUPLICATED,1.0,1.0,1.0,1.0,1.0,0.010148763656616211
201,1,Rows,Removal,202,DUPLICATED,1.0,1.0,1.0,1.0,1.0,0.010148763656616211
202,1,Rows,Removal,203,DUPLICATED,1.0,1.0,1.0,1.0,1.0,0.010148763656616211
203,1,Rows,Removal,204,DUPLICATED,1.0,1.0,1.0,1.0,1.0,0.010148763656616211
204,1,Rows,Removal,205,DUPLICATED,1.0,1.0,1.0,1.0,1.0,0.010148763656616211
205,1,Rows,Removal,206,DUPLICATED,1.0,1.0,1.0,1.0,1.0,0.010148763656616211
206,1,Rows,Removal,207,DUPLICATED,1.0,1.0,1.0,1.0,1.0,0.010148763656616211
207,1,Rows,Removal,208,DUPLICATED,1.0,1.0,1.0,1.0,1.0,0.010148763656616211
208,1,Rows,Removal,209,DUPLICATED,1.0,1.0,1.0,1.0,1.0,0.010148763656616211
209,1,Rows,Removal,210,DUPLICATED,1.0,1.0,1.0,1.0,1.0,0.010148763656616211
210,1,Rows,Removal,211,DUPLICATED,1.0,1.0,1.0,1.0,1.0,0.010148763656616211
211,1,Rows,Removal,212,DUPLICATED,1.0,1.0,1.0,1.0,1.0,0.010148763656616211
212,1,Rows,Removal,213,DUPLICATED,1.0,1.0,1.0,1.0,1.0,0.010148763656616211
213,1,Rows,Removal,214,DUPLICATED,1.0,1.0,1.0,1.0,1.0,0.010148763656616211
214,1,Rows,Removal,215,DUPLICATED,1.0,1.0,1.0,1.0,1.0,0.010148763656616211
215,1,Rows,Removal,216,DUPLICATED,1.0,1.0,1.0,1.0,1.0,0.010148763656616211
216,1,Rows,Removal,217,DUPLICATED,1.0,1.0,1.0,1.0,1.0,0.010148763656616211
217,1,Rows,Removal,218,DUPLICATED,1.0,1.0,1.0,1.0,1.0,0.010148763656616211
218,1,Rows,Removal,219,DUPLICATED,1.0,1.0,1.0,1.0,1.0,0.010148763656616211
219,1,Rows,Removal,220,DUPLICATED,1.0,1.0,1.0,1.0,1.0,0.010148763656616211
220,1,Rows,Removal,221,DUPLICATED,1.0,1.0,1.0,1.0,1.0,0.010148763656616211
221,1,Rows,Removal,222,DUPLICATED,1.0,1.0,1.0,1.0,1.0,0.010148763656616211
222,1,Rows,Removal,223,DUPLICATED,1.0,1.0,1.0,1.0,1.0,0.010148763656616211
223,1,Rows,Removal,224,DUPLICATED,1.0,1.0,1.0,1.0,1.0,0.010148763656616211
224,1,Rows,Removal,225,DUPLICATED,1.0,1.0,1.0,1.0,1.0,0.010148763656616211
225,1,Rows,Removal,226,DUPLICATED,1.0,1.0,1.0,1.0,1.0,0.010148763656616211
226,1,Rows,Removal,227,DUPLICATED,1.0,1.0,1.0,1.0,1.0,0.010148763656616211
227,1,Rows,Removal,228,DUPLICATED,1.0,1.0,1.0,1.0,1.0,0.010148763656616211
228,1,Rows,Removal,229,DUPLICATED,1.0,1.0,1.0,1.0,1.0,0.010148763656616211
229,1,Rows,Removal,230,DUPLICATED,1.0,1.0,1.0,1.0,1.0,0.010148763656616211
230,1,Rows,Removal,231,DUPLICATED,1.0,1.0,1.0,1.0,1.0,0.010148763656616211
231,1,Rows,Removal,232,DUPLICATED,1.0,1.0,1.0,1.0,1.0,0.010148763656616211
232,1,Rows,Removal,233,DUPLICATED,1.0,1.0,1.0,1.0,1.0,0.010148763656616211
233,1,Rows,Removal,234,DUPLICATED,1.0,1.0,1.0,1.0,1.0,0.010148763656616211
234,1,Rows,Removal,235,DUPLICATED,1.0,1.0,1.0,1.0,1.0,0.010148763656616211
235,1,Rows,Removal,236,DUPLICATED,1.0,1.0,1.0,1.0,1.0,0.010148763656616211
236,1,Rows,Removal,237,DUPLICATED,1.0,1.0,1.0,1.0,1.0,0.010148763656616211
237,1,Rows,Removal,238,DUPLICATED,1.0,1.0,1.0,1.0,1.0,0.010148763656616211
238,1,Rows,Removal,239,DUPLICATED,1.0,1.0,1.0,1.0,1.0,0.010148763656616211
239,1,Rows,Removal,240,DUPLICATED,1.0,1.0,1.0,1.0,1.0,0.010148763656616211
240,1,Rows,Removal,241,DUPLICATED,1.0,1.0,1.0,1.0,1.0,0.010148763656616211
241,1,Rows,Removal,242,DUPLICATED,1.0,1.0,1.0,1.0,1.0,0.010148763656616211
242,1,Rows,Removal,243,DUPLICATED,1.0,1.0,1.0,1.0,1.0,0.010148763656616211
243,1,Rows,Removal,244,DUPLICATED,1.0,1.0,1.0,1.0,1.0,0.010148763656616211
244,1,Rows,Removal,245,DUPLICATED,1.0,1.0,1.0,1.0,1.0,0.010148763656616211
245,1,Rows,Removal,246,DUPLICATED,1.0,1.0,1.0,1.0,1.0,0.010148763656616211
246,1,Rows,Removal,247,DUPLICATED,1.0,1.0,1.0,1.0,1.0,0.010148763656616211
247,1,Rows,Removal,248,DUPLICATED,1.0,1.0,1.0,1.0,1.0,0.010148763656616211
248,1,Rows,Removal,249,DUPLICATED,1.0,1.0,1.0,1.0,1.0,0.010148763656616211
249,1,Rows,Removal,250,DUPLICATED,1.0,1.0,1.0,1.0,1.0,0.010148763656616211
250,1,Rows,Removal,251,DUPLICATED,1.0,1.0,1.0,1.0,1.0,0.010148763656616211
251,1,Rows,Removal,252,DUPLICATED,1.0,1.0,1.0,1.0,1.0,0.010148763656616211
252,1,Rows,Removal,253,DUPLICATED,1.0,1.0,1.0,1.0,1.0,0.010148763656616211
253,1,Rows,Removal,254,DUPLICATED,1.0,1.0,1.0,1.0,1.0,0.010148763656616211
254,1,Rows,Removal,255,DUPLICATED,1.0,1.0,1.0,1.0,1.0,0.010148763656616211
255,1,Rows,Removal,256,DUPLICATED,1.0,1.0,1.0,1.0,1.0,0.010148763656616211
256,1,Rows,Removal,257,DUPLICATED,1.0,1.0,1.0,1.0,1.0,0.010148763656616211
257,1,Rows,Removal,258,DUPLICATED,1.0,1.0,1.0,1.0,1.0,0.010148763656616211
258,1,Rows,Removal,259,DUPLICATED,1.0,1.0,1.0,1.0,1.0,0.010148763656616211
259,1,Rows,Removal,260,DUPLICATED,1.0,1.0,1.0,1.0,1.0,0.010148763656616211
260,1,Rows,Removal,261,DUPLICATED,1.0,1.0,1.0,1.0,1.0,0.010148763656616211
261,1,Rows,Removal,262,DUPLICATED,1.0,1.0,1.0,1.0,1.0,0.010148763656616211
262,1,Rows,Removal,263,DUPLICATED,1.0,1.0,1.0,1.0,1.0,0.010148763656616211
263,1,Rows,Removal,264,DUPLICATED,1.0,1.0,1.0,1.0,1.0,0.010148763656616211
264,1,Rows,Removal,265,DUPLICATED,1.0,1.0,1.0,1.0,1.0,0.010148763656616211
265,1,Rows,Removal,266,DUPLICATED,1.0,1.0,1.0,1.0,1.0,0.010148763656616211
266,1,Rows,Removal,267,DUPLICATED,1.0,1.0,1.0,1.0,1.0,0.010148763656616211
267,1,Rows,Removal,268,DUPLICATED,1.0,1.0,1.0,1.0,1.0,0.010148763656616211
268,1,Rows,Removal,269,DUPLICATED,1.0,1.0,1.0,1.0,1.0,0.010148763656616211
269,1,Rows,Removal,270,DUPLICATED,1.0,1.0,1.0,1.0,1.0,0.010148763656616211
270,1,Rows,Removal,271,DUPLICATED,1.0,1.0,1.0,1.0,1.0,0.010148763656616211
271,1,Rows,Removal,272,DUPLICATED,1.0,1.0,1.0,1.0,1.0,0.010148763656616211
272,1,Rows,Removal,273,DUPLICATED,1.0,1.0,1.0,1.0,1.0,0.010148763656616211
273,1,Rows,Removal,274,DUPLICATED,1.0,1.0,1.0,1.0,1.0,0.010148763656616211
274,1,Rows,Removal,275,DUPLICATED,1.0,1.0,1.0,1.0,1.0,0.010148763656616211
275,1,Rows,Removal,276,DUPLICATED,1.0,1.0,1.0,1.0,1.0,0.010148763656616211
276,1,Rows,Removal,277,DUPLICATED,1.0,1.0,1.0,1.0,1.0,0.010148763656616211
277,1,Rows,Removal,278,DUPLICATED,1.0,1.0,1.0,1.0,1.0,0.010148763656616211
278,1,Rows,Removal,279,DUPLICATED,1.0,1.0,1.0,1.0,1.0,0.010148763656616211
279,1,Rows,Removal,280,DUPLICATED,1.0,1.0,1.0,1.0,1.0,0.010148763656616211
280,1,Rows,Removal,281,DUPLICATED,1.0,1.0,1.0,1.0,1.0,0.010148763656616211
281,1,Rows,Removal,282,DUPLICATED,1.0,1.0,1.0,1.0,1.0,0.010148763656616211
282,1,Rows,Removal,283,DUPLICATED,1.0,1.0,1.0,1.0,1.0,0.010148763656616211
283,1,Rows,Removal,284,DUPLICATED,1.0,1.0,1.0,1.0,1.0,0.010148763656616211
284,1,Rows,Removal,285,DUPLICATED,1.0,1.0,1.0,1.0,1.0,0.010148763656616211
285,1,Rows,Removal,286,DUPLICATED,1.0,1.0,1.0,1.0,1.0,0.010148763656616211
286,1,Rows,Removal,287,DUPLICATED,1.0,1.0,1.0,1.0,1.0,0.010148763656616211
287,1,Rows,Removal,288,DUPLICATED,1.0,1.0,1.0,1.0,1.0,0.010148763656616211
288,1,Rows,Removal,289,DUPLICATED,1.0,1.0,1.0,1.0,1.0,0.010148763656616211
289,1,Rows,Removal,290,DUPLICATED,1.0,1.0,1.0,1.0,1.0,0.010148763656616211
290,1,Rows,Removal,291,DUPLICATED,1.0,1.0,1.0,1.0,1.0,0.010148763656616211
291,1,Rows,Removal,292,DUPLICATED,1.0,1.0,1.0,1.0,1.0,0.010148763656616211
292,1,Rows,Removal,293,DUPLICATED,1.0,1.0,1.0,1.0,1.0,0.010148763656616211
293,1,Rows,Removal,294,DUPLICATED,1.0,1.0,1.0,1.0,1.0,0.010148763656616211
294,1,Rows,Removal,295,DUPLICATED,1.0,1.0,1.0,1.0,1.0,0.010148763656616211
295,1,Rows,Removal,296,DUPLICATED,1.0,1.0,1.0,1.0,1.0,0.010148763656616211
296,1,Rows,Removal,297,DUPLICATED,1.0,1.0,1.0,1.0,1.0,0.010148763656616211
297,1,Rows,Removal,298,DUPLICATED,1.0,1.0,1.0,1.0,1.0,0.010148763656616211
298,1,Rows,Removal,299,DUPLICATED,1.0,1.0,1.0,1.0,1.0,0.010148763656616211
299,1,Rows,Removal,300,DUPLICATED,1.0,1.0,1.0,1.0,1.0,0.010148763656616211
300,1,Rows,Removal,301,DUPLICATED,1.0,1.0,1.0,1.0,1.0,0.010148763656616211
301,1,Rows,Removal,302,DUPLICATED,1.0,1.0,1.0,1.0,1.0,0.010148763656616211
302,1,Rows,Removal,303,DUPLICATED,1.0,1.0,1.0,1.0,1.0,0.010148763656616211
303,1,Rows,Removal,304,DUPLICATED,1.0,1.0,1.0,1.0,1.0,0.010148763656616211
304,1,Rows,Removal,305,DUPLICATED,1.0,1.0,1.0,1.0,1.0,0.010148763656616211
305,1,Rows,Removal,306,DUPLICATED,1.0,1.0,1.0,1.0,1.0,0.010148763656616211
306,1,Rows,Removal,307,DUPLICATED,1.0,1.0,1.0,1.0,1.0,0.010148763656616211
307,1,Rows,Removal,308,DUPLICATED,1.0,1.0,1.0,1.0,1.0,0.010148763656616211
308,1,Rows,Removal,309,DUPLICATED,1.0,1.0,1.0,1.0,1.0,0.010148763656616211
309,1,Rows,Removal,310,DUPLICATED,1.0,1.0,1.0,1.0,1.0,0.010148763656616211
310,1,Rows,Removal,311,DUPLICATED,1.0,1.0,1.0,1.0,1.0,0.010148763656616211
311,1,Rows,Removal,312,DUPLICATED,1.0,1.0,1.0,1.0,1.0,0.010148763656616211
312,1,Rows,Removal,313,DUPLICATED,1.0,1.0,1.0,1.0,1.0,0.010148763656616211
313,1,Rows,Removal,314,DUPLICATED,1.0,1.0,1.0,1.0,1.0,0.010148763656616211
314,1,Rows,Removal,315,DUPLICATED,1.0,1.0,1.0,1.0,1.0,0.010148763656616211
315,1,Rows,Removal,316,DUPLICATED,1.0,1.0,1.0,1.0,1.0,0.010148763656616211
316,1,Rows,Removal,317,DUPLICATED,1.0,1.0,1.0,1.0,1.0,0.010148763656616211
317,1,Rows,Removal,318,DUPLICATED,1.0,1.0,1.0,1.0,1.0,0.010148763656616211
318,1,Rows,Removal,319,DUPLICATED,1.0,1.0,1.0,1.0,1.0,0.010148763656616211
319,1,Rows,Removal,320,DUPLICATED,1.0,1.0,1.0,1.0,1.0,0.010148763656616211
320,1,Rows,Removal,321,DUPLICATED,1.0,1.0,1.0,1.0,1.0,0.010148763656616211
321,1,Rows,Removal,322,DUPLICATED,1.0,1.0,1.0,1.0,1.0,0.010148763656616211
322,1,Rows,Removal,323,DUPLICATED,1.0,1.0,1.0,1.0,1.0,0.010148763656616211
323,1,Rows,Removal,324,DUPLICATED,1.0,1.0,1.0,1.0,1.0,0.010148763656616211
324,1,Rows,Removal,325,DUPLICATED,1.0,1.0,1.0,1.0,1.0,0.010148763656616211
325,1,Rows,Removal,326,DUPLICATED,1.0,1.0,1.0,1.0,1.0,0.010148763656616211
326,1,Rows,Removal,327,DUPLICATED,1.0,1.0,1.0,1.0,1.0,0.010148763656616211
327,1,Rows,Removal,328,DUPLICATED,1.0,1.0,1.0,1.0,1.0,0.010148763656616211
328,1,Rows,Removal,329,DUPLICATED,1.0,1.0,1.0,1.0,1.0,0.010148763656616211
329,1,Rows,Removal,330,DUPLICATED,1.0,1.0,1.0,1.0,1.0,0.010148763656616211
330,1,Rows,Removal,331,DUPLICATED,1.0,1.0,1.0,1.0,1.0,0.010148763656616211
331,1,Rows,Removal,332,DUPLICATED,1.0,1.0,1.0,1.0,1.0,0.010148763656616211
332,1,Rows,Removal,333,DUPLICATED,1.0,1.0,1.0,1.0,1.0,0.010148763656616211
333,1,Rows,Removal,334,DUPLICATED,1.0,1.0,1.0,1.0,1.0,0.010148763656616211
334,1,Rows,Removal,335,DUPLICATED,1.0,1.0,1.0,1.0,1.0,0.010148763656616211
335,1,Rows,Removal,336,DUPLICATED,1.0,1.0,1.0,1.0,1.0,0.010148763656616211
336,1,Rows,Removal,337,DUPLICATED,1.0,1.0,1.0,1.0,1.0,0.010148763656616211
337,1,Rows,Removal,338,DUPLICATED,1.0,1.0,1.0,1.0,1.0,0.010148763656616211
338,1,Rows,Removal,339,DUPLICATED,1.0,1.0,1.0,1.0,1.0,0.010148763656616211
339,1,Rows,Removal,340,DUPLICATED,1.0,1.0,1.0,1.0,1.0,0.010148763656616211
340,1,Rows,Removal,341,DUPLICATED,1.0,1.0,1.0,1.0,1.0,0.010148763656616211
341,1,Rows,Removal,342,DUPLICATED,1.0,1.0,1.0,1.0,1.0,0.010148763656616211
342,1,Rows,Removal,343,DUPLICATED,1.0,1.0,1.0,1.0,1.0,0.010148763656616211
343,1,Rows,Removal,344,DUPLICATED,1.0,1.0,1.0,1.0,1.0,0.010148763656616211
344,1,Rows,Removal,345,DUPLICATED,1.0,1.0,1.0,1.0,1.0,0.010148763656616211
345,1,Rows,Removal,346,DUPLICATED,1.0,1.0,1.0,1.0,1.0,0.010148763656616211
346,1,Rows,Removal,347,DUPLICATED,1.0,1.0,1.0,1.0,1.0,0.010148763656616211
347,1,Rows,Removal,348,DUPLICATED,1.0,1.0,1.0,1.0,1.0,0.010148763656616211
348,1,Rows,Removal,349,DUPLICATED,1.0,1.0,1.0,1.0,1.0,0.010148763656616211
349,1,Rows,Removal,350,DUPLICATED,1.0,1.0,1.0,1.0,1.0,0.010148763656616211
350,1,Rows,Removal,351,DUPLICATED,1.0,1.0,1.0,1.0,1.0,0.010148763656616211
351,1,Rows,Removal,352,DUPLICATED,1.0,1.0,1.0,1.0,1.0,0.010148763656616211
352,1,Rows,Removal,353,DUPLICATED,1.0,1.0,1.0,1.0,1.0,0.010148763656616211
353,1,Rows,Removal,354,DUPLICATED,1.0,1.0,1.0,1.0,1.0,0.010148763656616211
354,1,Rows,Removal,355,DUPLICATED,1.0,1.0,1.0,1.0,1.0,0.010148763656616211
355,1,Rows,Removal,356,DUPLICATED,1.0,1.0,1.0,1.0,1.0,0.010148763656616211
356,1,Rows,Removal,357,DUPLICATED,1.0,1.0,1.0,1.0,1.0,0.010148763656616211
357,1,Rows,Removal,358,DUPLICATED,1.0,1.0,1.0,1.0,1.0,0.010148763656616211
358,1,Rows,Removal,359,DUPLICATED,1.0,1.0,1.0,1.0,1.0,0.010148763656616211
359,1,Rows,Removal,360,DUPLICATED,1.0,1.0,1.0,1.0,1.0,0.010148763656616211
360,1,Rows,Removal,361,DUPLICATED,1.0,1.0,1.0,1.0,1.0,0.010148763656616211
361,1,Rows,Removal,362,DUPLICATED,1.0,1.0,1.0,1.0,1.0,0.010148763656616211
362,1,Rows,Removal,363,DUPLICATED,1.0,1.0,1.0,1.0,1.0,0.010148763656616211
363,1,Rows,Removal,364,DUPLICATED,1.0,1.0,1.0,1.0,1.0,0.010148763656616211
364,1,Rows,Removal,365,DUPLICATED,1.0,1.0,1.0,1.0,1.0,0.010148763656616211
365,1,Rows,Removal,366,DUPLICATED,1.0,1.0,1.0,1.0,1.0,0.010148763656616211
366,1,Rows,Removal,367,DUPLICATED,1.0,1.0,1.0,1.0,1.0,0.010148763656616211
367,1,Rows,Removal,368,DUPLICATED,1.0,1.0,1.0,1.0,1.0,0.010148763656616211
368,1,Rows,Removal,369,DUPLICATED,1.0,1.0,1.0,1.0,1.0,0.010148763656616211
369,1,Rows,Removal,370,DUPLICATED,1.0,1.0,1.0,1.0,1.0,0.010148763656616211
370,1,Rows,Removal,371,DUPLICATED,1.0,1.0,1.0,1.0,1.0,0.010148763656616211
371,1,Rows,Removal,372,DUPLICATED,1.0,1.0,1.0,1.0,1.0,0.010148763656616211
372,1,Rows,Removal,373,DUPLICATED,1.0,1.0,1.0,1.0,1.0,0.010148763656616211
373,1,Rows,Removal,374,DUPLICATED,1.0,1.0,1.0,1.0,1.0,0.010148763656616211
374,1,Rows,Removal,375,DUPLICATED,1.0,1.0,1.0,1.0,1.0,0.010148763656616211
375,1,Rows,Removal,376,DUPLICATED,1.0,1.0,1.0,1.0,1.0,0.010148763656616211
376,1,Rows,Removal,377,DUPLICATED,1.0,1.0,1.0,1.0,1.0,0.010148763656616211
377,1,Rows,Removal,378,DUPLICATED,1.0,1.0,1.0,1.0,1.0,0.010148763656616211
378,1,Rows,Removal,379,DUPLICATED,1.0,1.0,1.0,1.0,1.0,0.010148763656616211
379,1,Rows,Removal,380,DUPLICATED,1.0,1.0,1.0,1.0,1.0,0.010148763656616211
380,1,Rows,Removal,381,DUPLICATED,1.0,1.0,1.0,1.0,1.0,0.010148763656616211
381,1,Rows,Removal,382,DUPLICATED,1.0,1.0,1.0,1.0,1.0,0.010148763656616211
382,1,Rows,Removal,383,DUPLICATED,1.0,1.0,1.0,1.0,1.0,0.010148763656616211
383,1,Rows,Removal,384,DUPLICATED,1.0,1.0,1.0,1.0,1.0,0.010148763656616211
384,1,Rows,Removal,385,DUPLICATED,1.0,1.0,1.0,1.0,1.0,0.010148763656616211
385,1,Rows,Removal,386,DUPLICATED,1.0,1.0,1.0,1.0,1.0,0.010148763656616211
386,1,Rows,Removal,387,DUPLICATED,1.0,1.0,1.0,1.0,1.0,0.010148763656616211
387,1,Rows,Removal,388,DUPLICATED,1.0,1.0,1.0,1.0,1.0,0.010148763656616211
388,1,Rows,Removal,389,DUPLICATED,1.0,1.0,1.0,1.0,1.0,0.010148763656616211
389,1,Rows,Removal,390,DUPLICATED,1.0,1.0,1.0,1.0,1.0,0.010148763656616211
390,1,Rows,Removal,391,DUPLICATED,1.0,1.0,1.0,1.0,1.0,0.010148763656616211
391,1,Rows,Removal,392,DUPLICATED,1.0,1.0,1.0,1.0,1.0,0.010148763656616211
392,1,Rows,Removal,393,DUPLICATED,1.0,1.0,1.0,1.0,1.0,0.010148763656616211
393,1,Rows,Removal,394,DUPLICATED,1.0,1.0,1.0,1.0,1.0,0.010148763656616211
394,1,Rows,Removal,395,DUPLICATED,1.0,1.0,1.0,1.0,1.0,0.010148763656616211
395,1,Rows,Removal,396,DUPLICATED,1.0,1.0,1.0,1.0,1.0,0.010148763656616211
396,1,Rows,Removal,397,DUPLICATED,1.0,1.0,1.0,1.0,1.0,0.010148763656616211
397,1,Rows,Removal,398,DUPLICATED,1.0,1.0,1.0,1.0,1.0,0.010148763656616211
398,1,Rows,Removal,399,DUPLICATED,1.0,1.0,1.0,1.0,1.0,0.010148763656616211
399,1,Rows,Removal,400,DUPLICATED,1.0,1.0,1.0,1.0,1.0,0.010148763656616211
400,1,Rows,Removal,401,DUPLICATED,1.0,1.0,1.0,1.0,1.0,0.010148763656616211
401,1,Rows,Removal,402,DUPLICATED,1.0,1.0,1.0,1.0,1.0,0.010148763656616211
402,1,Rows,Removal,403,DUPLICATED,1.0,1.0,1.0,1.0,1.0,0.010148763656616211
403,1,Rows,Removal,404,DUPLICATED,1.0,1.0,1.0,1.0,1.0,0.010148763656616211
404,1,Rows,Removal,405,DUPLICATED,1.0,1.0,1.0,1.0,1.0,0.010148763656616211
405,1,Rows,Removal,406,DUPLICATED,1.0,1.0,1.0,1.0,1.0,0.010148763656616211
406,1,Rows,Removal,407,DUPLICATED,1.0,1.0,1.0,1.0,1.0,0.010148763656616211
407,1,Rows,Removal,408,DUPLICATED,1.0,1.0,1.0,1.0,1.0,0.010148763656616211
408,1,Rows,Removal,409,DUPLICATED,1.0,1.0,1.0,1.0,1.0,0.010148763656616211
409,1,Rows,Removal,410,DUPLICATED,1.0,1.0,1.0,1.0,1.0,0.010148763656616211
410,1,Rows,Removal,411,DUPLICATED,1.0,1.0,1.0,1.0,1.0,0.010148763656616211
411,1,Rows,Removal,412,DUPLICATED,1.0,1.0,1.0,1.0,1.0,0.010148763656616211
412,1,Rows,Removal,413,DUPLICATED,1.0,1.0,1.0,1.0,1.0,0.010148763656616211
413,1,Rows,Removal,414,DUPLICATED,1.0,1.0,1.0,1.0,1.0,0.010148763656616211
414,1,Rows,Removal,415,DUPLICATED,1.0,1.0,1.0,1.0,1.0,0.010148763656616211
415,1,Rows,Removal,416,DUPLICATED,1.0,1.0,1.0,1.0,1.0,0.010148763656616211
416,1,Rows,Removal,417,DUPLICATED,1.0,1.0,1.0,1.0,1.0,0.010148763656616211
417,1,Rows,Removal,418,DUPLICATED,1.0,1.0,1.0,1.0,1.0,0.010148763656616211
418,1,Rows,Removal,419,DUPLICATED,1.0,1.0,1.0,1.0,1.0,0.010148763656616211
419,1,Rows,Removal,420,DUPLICATED,1.0,1.0,1.0,1.0,1.0,0.010148763656616211
420,1,Rows,Removal,421,DUPLICATED,1.0,1.0,1.0,1.0,1.0,0.010148763656616211
421,1,Rows,Removal,422,DUPLICATED,1.0,1.0,1.0,1.0,1.0,0.010148763656616211
422,1,Rows,Removal,423,DUPLICATED,1.0,1.0,1.0,1.0,1.0,0.010148763656616211
423,1,Rows,Removal,424,DUPLICATED,1.0,1.0,1.0,1.0,1.0,0.010148763656616211
424,1,Rows,Removal,425,DUPLICATED,1.0,1.0,1.0,1.0,1.0,0.010148763656616211
425,1,Rows,Removal,426,DUPLICATED,1.0,1.0,1.0,1.0,1.0,0.010148763656616211
426,1,Rows,Removal,427,DUPLICATED,1.0,1.0,1.0,1.0,1.0,0.010148763656616211
427,1,Rows,Removal,428,DUPLICATED,1.0,1.0,1.0,1.0,1.0,0.010148763656616211
428,1,Rows,Removal,429,DUPLICATED,1.0,1.0,1.0,1.0,1.0,0.010148763656616211
429,1,Rows,Removal,430,DUPLICATED,1.0,1.0,1.0,1.0,1.0,0.010148763656616211
430,1,Rows,Removal,431,DUPLICATED,1.0,1.0,1.0,1.0,1.0,0.010148763656616211
431,1,Rows,Removal,432,DUPLICATED,1.0,1.0,1.0,1.0,1.0,0.010148763656616211
432,1,Rows,Removal,433,DUPLICATED,1.0,1.0,1.0,1.0,1.0,0.010148763656616211
433,1,Rows,Removal,434,DUPLICATED,1.0,1.0,1.0,1.0,1.0,0.010148763656616211
434,1,Rows,Removal,435,DUPLICATED,1.0,1.0,1.0,1.0,1.0,0.010148763656616211
435,1,Rows,Removal,436,DUPLICATED,1.0,1.0,1.0,1.0,1.0,0.010148763656616211
436,1,Rows,Removal,437,DUPLICATED,1.0,1.0,1.0,1.0,1.0,0.010148763656616211
437,1,Rows,Removal,438,DUPLICATED,1.0,1.0,1.0,1.0,1.0,0.010148763656616211
438,1,Rows,Removal,439,DUPLICATED,1.0,1.0,1.0,1.0,1.0,0.010148763656616211
439,1,Rows,Removal,440,DUPLICATED,1.0,1.0,1.0,1.0,1.0,0.010148763656616211
440,1,Rows,Removal,441,DUPLICATED,1.0,1.0,1.0,1.0,1.0,0.010148763656616211
441,1,Rows,Removal,442,DUPLICATED,1.0,1.0,1.0,1.0,1.0,0.010148763656616211
442,1,Rows,Removal,443,DUPLICATED,1.0,1.0,1.0,1.0,1.0,0.010148763656616211
443,1,Rows,Removal,444,DUPLICATED,1.0,1.0,1.0,1.0,1.0,0.010148763656616211
444,1,Rows,Removal,445,DUPLICATED,1.0,1.0,1.0,1.0,1.0,0.010148763656616211
445,1,Rows,Removal,446,DUPLICATED,1.0,1.0,1.0,1.0,1.0,0.010148763656616211
446,1,Rows,Removal,447,DUPLICATED,1.0,1.0,1.0,1.0,1.0,0.010148763656616211
447,1,Rows,Removal,448,DUPLICATED,1.0,1.0,1.0,1.0,1.0,0.010148763656616211
448,1,Rows,Removal,449,DUPLICATED,1.0,1.0,1.0,1.0,1.0,0.010148763656616211
449,1,Rows,Removal,450,DUPLICATED,1.0,1.0,1.0,1.0,1.0,0.010148763656616211
450,1,Rows,Removal,451,DUPLICATED,1.0,1.0,1.0,1.0,1.0,0.010148763656616211
451,1,Rows,Removal,452,DUPLICATED,1.0,1.0,1.0,1.0,1.0,0.010148763656616211
452,1,Rows,Removal,453,DUPLICATED,1.0,1.0,1.0,1.0,1.0,0.010148763656616211
453,1,Rows,Removal,454,DUPLICATED,1.0,1.0,1.0,1.0,1.0,0.010148763656616211
454,1,Rows,Removal,455,DUPLICATED,1.0,1.0,1.0,1.0,1.0,0.010148763656616211
455,1,Rows,Removal,456,DUPLICATED,1.0,1.0,1.0,1.0,1.0,0.010148763656616211
456,1,Rows,Removal,457,DUPLICATED,1.0,1.0,1.0,1.0,1.0,0.010148763656616211
457,1,Rows,Removal,458,DUPLICATED,1.0,1.0,1.0,1.0,1.0,0.010148763656616211
458,1,Rows,Removal,459,DUPLICATED,1.0,1.0,1.0,1.0,1.0,0.010148763656616211
459,1,Rows,Removal,460,DUPLICATED,1.0,1.0,1.0,1.0,1.0,0.010148763656616211
460,1,Rows,Removal,461,DUPLICATED,1.0,1.0,1.0,1.0,1.0,0.010148763656616211
461,1,Rows,Removal,462,DUPLICATED,1.0,1.0,1.0,1.0,1.0,0.010148763656616211
462,1,Rows,Removal,463,DUPLICATED,1.0,1.0,1.0,1.0,1.0,0.010148763656616211
463,1,Rows,Removal,464,DUPLICATED,1.0,1.0,1.0,1.0,1.0,0.010148763656616211
464,1,Rows,Removal,465,DUPLICATED,1.0,1.0,1.0,1.0,1.0,0.010148763656616211
465,1,Rows,Removal,466,DUPLICATED,1.0,1.0,1.0,1.0,1.0,0.010148763656616211
466,1,Rows,Removal,467,DUPLICATED,1.0,1.0,1.0,1.0,1.0,0.010148763656616211
467,1,Rows,Removal,468,DUPLICATED,1.0,1.0,1.0,1.0,1.0,0.010148763656616211
468,1,Rows,Removal,469,DUPLICATED,1.0,1.0,1.0,1.0,1.0,0.010148763656616211
469,1,Rows,Removal,470,DUPLICATED,1.0,1.0,1.0,1.0,1.0,0.010148763656616211
470,1,Rows,Removal,471,DUPLICATED,1.0,1.0,1.0,1.0,1.0,0.010148763656616211
471,1,Rows,Removal,472,DUPLICATED,1.0,1.0,1.0,1.0,1.0,0.010148763656616211
472,1,Rows,Removal,473,DUPLICATED,1.0,1.0,1.0,1.0,1.0,0.010148763656616211
473,1,Rows,Removal,474,DUPLICATED,1.0,1.0,1.0,1.0,1.0,0.010148763656616211
474,1,Rows,Removal,475,DUPLICATED,1.0,1.0,1.0,1.0,1.0,0.010148763656616211
475,1,Rows,Removal,476,DUPLICATED,1.0,1.0,1.0,1.0,1.0,0.010148763656616211
476,1,Rows,Removal,477,DUPLICATED,1.0,1.0,1.0,1.0,1.0,0.010148763656616211
477,1,Rows,Removal,478,DUPLICATED,1.0,1.0,1.0,1.0,1.0,0.010148763656616211
478,1,Rows,Removal,479,DUPLICATED,1.0,1.0,1.0,1.0,1.0,0.010148763656616211
479,1,Rows,Removal,480,DUPLICATED,1.0,1.0,1.0,1.0,1.0,0.010148763656616211
480,1,Rows,Removal,481,DUPLICATED,1.0,1.0,1.0,1.0,1.0,0.010148763656616211
481,1,Rows,Removal,482,DUPLICATED,1.0,1.0,1.0,1.0,1.0,0.010148763656616211
482,1,Rows,Removal,483,DUPLICATED,1.0,1.0,1.0,1.0,1.0,0.010148763656616211
483,1,Rows,Removal,484,DUPLICATED,1.0,1.0,1.0,1.0,1.0,0.010148763656616211
484,1,Rows,Removal,485,DUPLICATED,1.0,1.0,1.0,1.0,1.0,0.010148763656616211
485,1,Rows,Removal,486,DUPLICATED,1.0,1.0,1.0,1.0,1.0,0.010148763656616211
486,1,Rows,Removal,487,DUPLICATED,1.0,1.0,1.0,1.0,1.0,0.010148763656616211
487,1,Rows,Removal,488,DUPLICATED,1.0,1.0,1.0,1.0,1.0,0.010148763656616211
488,1,Rows,Removal,489,DUPLICATED,1.0,1.0,1.0,1.0,1.0,0.010148763656616211
489,1,Rows,Removal,490,DUPLICATED,1.0,1.0,1.0,1.0,1.0,0.010148763656616211
490,1,Rows,Removal,491,DUPLICATED,1.0,1.0,1.0,1.0,1.0,0.010148763656616211
491,1,Rows,Removal,492,DUPLICATED,1.0,1.0,1.0,1.0,1.0,0.010148763656616211
492,1,Rows,Removal,493,DUPLICATED,1.0,1.0,1.0,1.0,1.0,0.010148763656616211
493,1,Rows,Removal,494,DUPLICATED,1.0,1.0,1.0,1.0,1.0,0.010148763656616211
494,1,Rows,Removal,495,DUPLICATED,1.0,1.0,1.0,1.0,1.0,0.010148763656616211
495,1,Rows,Removal,496,DUPLICATED,1.0,1.0,1.0,1.0,1.0,0.010148763656616211
496,1,Rows,Removal,497,DUPLICATED,1.0,1.0,1.0,1.0,1.0,0.010148763656616211
497,1,Rows,Removal,498,DUPLICATED,1.0,1.0,1.0,1.0,1.0,0.010148763656616211
498,1,Rows,Removal,499,DUPLICATED,1.0,1.0,1.0,1.0,1.0,0.010148763656616211
499,1,Rows,Removal,500,DUPLICATED,1.0,1.0,1.0,1.0,1.0,0.010148763656616211
500,1,Rows,Removal,501,DUPLICATED,1.0,1.0,1.0,1.0,1.0,0.010148763656616211
501,1,Rows,Removal,502,DUPLICATED,1.0,1.0,1.0,1.0,1.0,0.010148763656616211
502,1,Rows,Removal,503,DUPLICATED,1.0,1.0,1.0,1.0,1.0,0.010148763656616211
503,1,Rows,Removal,504,DUPLICATED,1.0,1.0,1.0,1.0,1.0,0.010148763656616211
504,1,Rows,Removal,505,DUPLICATED,1.0,1.0,1.0,1.0,1.0,0.010148763656616211
505,1,Rows,Removal,506,DUPLICATED,1.0,1.0,1.0,1.0,1.0,0.010148763656616211
506,1,Rows,Removal,507,DUPLICATED,1.0,1.0,1.0,1.0,1.0,0.010148763656616211
507,1,Rows,Removal,508,DUPLICATED,1.0,1.0,1.0,1.0,1.0,0.010148763656616211
508,1,Rows,Removal,509,DUPLICATED,1.0,1.0,1.0,1.0,1.0,0.010148763656616211
509,1,Rows,Removal,510,DUPLICATED,1.0,1.0,1.0,1.0,1.0,0.010148763656616211
510,1,Rows,Removal,511,DUPLICATED,1.0,1.0,1.0,1.0,1.0,0.010148763656616211
511,1,Rows,Removal,512,DUPLICATED,1.0,1.0,1.0,1.0,1.0,0.010148763656616211
512,1,Rows,Removal,513,DUPLICATED,1.0,1.0,1.0,1.0,1.0,0.010148763656616211
513,1,Rows,Removal,514,DUPLICATED,1.0,1.0,1.0,1.0,1.0,0.010148763656616211
514,1,Rows,Removal,515,DUPLICATED,1.0,1.0,1.0,1.0,1.0,0.010148763656616211
515,1,Rows,Removal,516,DUPLICATED,1.0,1.0,1.0,1.0,1.0,0.010148763656616211
516,1,Rows,Removal,517,DUPLICATED,1.0,1.0,1.0,1.0,1.0,0.010148763656616211
517,1,Rows,Removal,518,DUPLICATED,1.0,1.0,1.0,1.0,1.0,0.010148763656616211
518,1,Rows,Removal,519,DUPLICATED,1.0,1.0,1.0,1.0,1.0,0.010148763656616211
519,1,Rows,Removal,520,DUPLICATED,1.0,1.0,1.0,1.0,1.0,0.010148763656616211
520,1,Rows,Removal,521,DUPLICATED,1.0,1.0,1.0,1.0,1.0,0.010148763656616211
521,1,Rows,Removal,522,DUPLICATED,1.0,1.0,1.0,1.0,1.0,0.010148763656616211
522,1,Rows,Removal,523,DUPLICATED,1.0,1.0,1.0,1.0,1.0,0.010148763656616211
523,1,Rows,Removal,524,DUPLICATED,1.0,1.0,1.0,1.0,1.0,0.010148763656616211
524,1,Rows,Removal,525,DUPLICATED,1.0,1.0,1.0,1.0,1.0,0.010148763656616211
525,1,Rows,Removal,526,DUPLICATED,1.0,1.0,1.0,1.0,1.0,0.010148763656616211
526,1,Rows,Removal,527,DUPLICATED,1.0,1.0,1.0,1.0,1.0,0.010148763656616211
527,1,Rows,Removal,528,DUPLICATED,1.0,1.0,1.0,1.0,1.0,0.010148763656616211
528,1,Rows,Removal,529,DUPLICATED,1.0,1.0,1.0,1.0,1.0,0.010148763656616211
529,1,Rows,Removal,530,DUPLICATED,1.0,1.0,1.0,1.0,1.0,0.010148763656616211
530,1,Rows,Removal,531,DUPLICATED,1.0,1.0,1.0,1.0,1.0,0.010148763656616211
531,1,Rows,Removal,532,DUPLICATED,1.0,1.0,1.0,1.0,1.0,0.010148763656616211
532,1,Rows,Removal,533,DUPLICATED,1.0,1.0,1.0,1.0,1.0,0.010148763656616211
533,1,Rows,Removal,534,DUPLICATED,1.0,1.0,1.0,1.0,1.0,0.010148763656616211
534,1,Rows,Removal,535,DUPLICATED,1.0,1.0,1.0,1.0,1.0,0.010148763656616211
535,1,Rows,Removal,536,DUPLICATED,1.0,1.0,1.0,1.0,1.0,0.010148763656616211
536,1,Rows,Removal,537,DUPLICATED,1.0,1.0,1.0,1.0,1.0,0.010148763656616211
537,1,Rows,Removal,538,DUPLICATED,1.0,1.0,1.0,1.0,1.0,0.010148763656616211
538,1,Rows,Removal,539,DUPLICATED,1.0,1.0,1.0,1.0,1.0,0.010148763656616211
539,1,Rows,Removal,540,DUPLICATED,1.0,1.0,1.0,1.0,1.0,0.010148763656616211
540,1,Rows,Removal,541,DUPLICATED,1.0,1.0,1.0,1.0,1.0,0.010148763656616211
541,1,Rows,Removal,542,DUPLICATED,1.0,1.0,1.0,1.0,1.0,0.010148763656616211
542,1,Rows,Removal,543,DUPLICATED,1.0,1.0,1.0,1.0,1.0,0.010148763656616211
543,1,Rows,Removal,544,DUPLICATED,1.0,1.0,1.0,1.0,1.0,0.010148763656616211
544,1,Rows,Removal,545,DUPLICATED,1.0,1.0,1.0,1.0,1.0,0.010148763656616211
545,1,Rows,Removal,546,DUPLICATED,1.0,1.0,1.0,1.0,1.0,0.010148763656616211
546,1,Rows,Removal,547,DUPLICATED,1.0,1.0,1.0,1.0,1.0,0.010148763656616211
547,1,Rows,Removal,548,DUPLICATED,1.0,1.0,1.0,1.0,1.0,0.010148763656616211
548,1,Rows,Removal,549,DUPLICATED,1.0,1.0,1.0,1.0,1.0,0.010148763656616211
549,1,Rows,Removal,550,DUPLICATED,1.0,1.0,1.0,1.0,1.0,0.010148763656616211
550,1,Rows,Removal,551,DUPLICATED,1.0,1.0,1.0,1.0,1.0,0.010148763656616211
551,1,Rows,Removal,552,DUPLICATED,1.0,1.0,1.0,1.0,1.0,0.010148763656616211
552,1,Rows,Removal,553,DUPLICATED,1.0,1.0,1.0,1.0,1.0,0.010148763656616211
553,1,Rows,Removal,554,DUPLICATED,1.0,1.0,1.0,1.0,1.0,0.010148763656616211
554,1,Rows,Removal,555,DUPLICATED,1.0,1.0,1.0,1.0,1.0,0.010148763656616211
555,1,Rows,Removal,556,DUPLICATED,1.0,1.0,1.0,1.0,1.0,0.010148763656616211
556,1,Rows,Removal,557,DUPLICATED,1.0,1.0,1.0,1.0,1.0,0.010148763656616211
557,1,Rows,Removal,558,DUPLICATED,1.0,1.0,1.0,1.0,1.0,0.010148763656616211
558,1,Rows,Removal,559,DUPLICATED,1.0,1.0,1.0,1.0,1.0,0.010148763656616211
559,1,Rows,Removal,560,DUPLICATED,1.0,1.0,1.0,1.0,1.0,0.010148763656616211
560,1,Rows,Removal,561,DUPLICATED,1.0,1.0,1.0,1.0,1.0,0.010148763656616211
561,1,Rows,Removal,562,DUPLICATED,1.0,1.0,1.0,1.0,1.0,0.010148763656616211
562,1,Rows,Removal,563,DUPLICATED,1.0,1.0,1.0,1.0,1.0,0.010148763656616211
563,1,Rows,Removal,564,DUPLICATED,1.0,1.0,1.0,1.0,1.0,0.010148763656616211
564,1,Rows,Removal,565,DUPLICATED,1.0,1.0,1.0,1.0,1.0,0.010148763656616211
565,1,Rows,Removal,566,DUPLICATED,1.0,1.0,1.0,1.0,1.0,0.010148763656616211
566,1,Rows,Removal,567,DUPLICATED,1.0,1.0,1.0,1.0,1.0,0.010148763656616211
567,1,Rows,Removal,568,DUPLICATED,1.0,1.0,1.0,1.0,1.0,0.010148763656616211
568,1,Rows,Removal,569,DUPLICATED,1.0,1.0,1.0,1.0,1.0,0.010148763656616211
569,1,Rows,Removal,570,DUPLICATED,1.0,1.0,1.0,1.0,1.0,0.010148763656616211
570,1,Rows,Removal,571,DUPLICATED,1.0,1.0,1.0,1.0,1.0,0.010148763656616211
571,1,Rows,Removal,572,DUPLICATED,1.0,1.0,1.0,1.0,1.0,0.010148763656616211
572,1,Rows,Removal,573,DUPLICATED,1.0,1.0,1.0,1.0,1.0,0.010148763656616211
573,1,Rows,Removal,574,DUPLICATED,1.0,1.0,1.0,1.0,1.0,0.010148763656616211
574,1,Rows,Removal,575,DUPLICATED,1.0,1.0,1.0,1.0,1.0,0.010148763656616211
575,1,Rows,Removal,576,DUPLICATED,1.0,1.0,1.0,1.0,1.0,0.010148763656616211
576,1,Rows,Removal,577,DUPLICATED,1.0,1.0,1.0,1.0,1.0,0.010148763656616211
577,1,Rows,Removal,578,DUPLICATED,1.0,1.0,1.0,1.0,1.0,0.010148763656616211
578,1,Rows,Removal,579,DUPLICATED,1.0,1.0,1.0,1.0,1.0,0.010148763656616211
579,1,Rows,Removal,580,DUPLICATED,1.0,1.0,1.0,1.0,1.0,0.010148763656616211
580,1,Rows,Removal,581,DUPLICATED,1.0,1.0,1.0,1.0,1.0,0.010148763656616211
581,1,Rows,Removal,582,DUPLICATED,1.0,1.0,1.0,1.0,1.0,0.010148763656616211
582,1,Rows,Removal,583,DUPLICATED,1.0,1.0,1.0,1.0,1.0,0.010148763656616211
583,1,Rows,Removal,584,DUPLICATED,1.0,1.0,1.0,1.0,1.0,0.010148763656616211
584,1,Rows,Removal,585,DUPLICATED,1.0,1.0,1.0,1.0,1.0,0.010148763656616211
585,1,Rows,Removal,586,DUPLICATED,1.0,1.0,1.0,1.0,1.0,0.010148763656616211
586,1,Rows,Removal,587,DUPLICATED,1.0,1.0,1.0,1.0,1.0,0.010148763656616211
587,1,Rows,Removal,588,DUPLICATED,1.0,1.0,1.0,1.0,1.0,0.010148763656616211
588,1,Rows,Removal,589,DUPLICATED,1.0,1.0,1.0,1.0,1.0,0.010148763656616211
589,1,Rows,Removal,590,DUPLICATED,1.0,1.0,1.0,1.0,1.0,0.010148763656616211
590,1,Rows,Removal,591,DUPLICATED,1.0,1.0,1.0,1.0,1.0,0.010148763656616211
591,1,Rows,Removal,592,DUPLICATED,1.0,1.0,1.0,1.0,1.0,0.010148763656616211
592,1,Rows,Removal,593,DUPLICATED,1.0,1.0,1.0,1.0,1.0,0.010148763656616211
593,1,Rows,Removal,594,DUPLICATED,1.0,1.0,1.0,1.0,1.0,0.010148763656616211
594,1,Rows,Removal,595,DUPLICATED,1.0,1.0,1.0,1.0,1.0,0.010148763656616211
595,1,Rows,Removal,596,DUPLICATED,1.0,1.0,1.0,1.0,1.0,0.010148763656616211
596,1,Rows,Removal,597,DUPLICATED,1.0,1.0,1.0,1.0,1.0,0.010148763656616211
597,1,Rows,Removal,598,DUPLICATED,1.0,1.0,1.0,1.0,1.0,0.010148763656616211
598,1,Rows,Removal,599,DUPLICATED,1.0,1.0,1.0,1.0,1.0,0.010148763656616211
599,1,Rows,Removal,600,DUPLICATED,1.0,1.0,1.0,1.0,1.0,0.010148763656616211
600,1,Rows,Removal,601,DUPLICATED,1.0,1.0,1.0,1.0,1.0,0.010148763656616211
601,1,Rows,Removal,602,DUPLICATED,1.0,1.0,1.0,1.0,1.0,0.010148763656616211
602,1,Rows,Removal,603,DUPLICATED,1.0,1.0,1.0,1.0,1.0,0.010148763656616211
603,1,Rows,Removal,604,DUPLICATED,1.0,1.0,1.0,1.0,1.0,0.010148763656616211
604,1,Rows,Removal,605,DUPLICATED,1.0,1.0,1.0,1.0,1.0,0.010148763656616211
605,1,Rows,Removal,606,DUPLICATED,1.0,1.0,1.0,1.0,1.0,0.010148763656616211
606,1,Rows,Removal,607,DUPLICATED,1.0,1.0,1.0,1.0,1.0,0.010148763656616211
607,1,Rows,Removal,608,DUPLICATED,1.0,1.0,1.0,1.0,1.0,0.010148763656616211
608,1,Rows,Removal,609,DUPLICATED,1.0,1.0,1.0,1.0,1.0,0.010148763656616211
609,1,Rows,Removal,610,DUPLICATED,1.0,1.0,1.0,1.0,1.0,0.010148763656616211
610,1,Rows,Removal,611,DUPLICATED,1.0,1.0,1.0,1.0,1.0,0.010148763656616211
611,1,Rows,Removal,612,DUPLICATED,1.0,1.0,1.0,1.0,1.0,0.010148763656616211
612,1,Rows,Removal,613,DUPLICATED,1.0,1.0,1.0,1.0,1.0,0.010148763656616211
613,1,Rows,Removal,614,DUPLICATED,1.0,1.0,1.0,1.0,1.0,0.010148763656616211
614,1,Rows,Removal,615,DUPLICATED,1.0,1.0,1.0,1.0,1.0,0.010148763656616211
615,1,Rows,Removal,616,DUPLICATED,1.0,1.0,1.0,1.0,1.0,0.010148763656616211
616,1,Rows,Removal,617,DUPLICATED,1.0,1.0,1.0,1.0,1.0,0.010148763656616211
617,1,Rows,Removal,618,DUPLICATED,1.0,1.0,1.0,1.0,1.0,0.010148763656616211
618,1,Rows,Removal,619,DUPLICATED,1.0,1.0,1.0,1.0,1.0,0.010148763656616211
619,1,Rows,Removal,620,DUPLICATED,1.0,1.0,1.0,1.0,1.0,0.010148763656616211
620,1,Rows,Removal,621,DUPLICATED,1.0,1.0,1.0,1.0,1.0,0.010148763656616211
621,1,Rows,Removal,622,DUPLICATED,1.0,1.0,1.0,1.0,1.0,0.010148763656616211
622,1,Rows,Removal,623,DUPLICATED,1.0,1.0,1.0,1.0,1.0,0.010148763656616211
623,1,Rows,Removal,624,DUPLICATED,1.0,1.0,1.0,1.0,1.0,0.010148763656616211
624,1,Rows,Removal,625,DUPLICATED,1.0,1.0,1.0,1.0,1.0,0.010148763656616211
625,1,Rows,Removal,626,DUPLICATED,1.0,1.0,1.0,1.0,1.0,0.010148763656616211
626,1,Rows,Removal,627,DUPLICATED,1.0,1.0,1.0,1.0,1.0,0.010148763656616211
627,1,Rows,Removal,628,DUPLICATED,1.0,1.0,1.0,1.0,1.0,0.010148763656616211
628,1,Rows,Removal,629,DUPLICATED,1.0,1.0,1.0,1.0,1.0,0.010148763656616211
629,1,Rows,Removal,630,DUPLICATED,1.0,1.0,1.0,1.0,1.0,0.010148763656616211
630,1,Rows,Removal,631,DUPLICATED,1.0,1.0,1.0,1.0,1.0,0.010148763656616211
631,1,Rows,Removal,632,DUPLICATED,1.0,1.0,1.0,1.0,1.0,0.010148763656616211
632,1,Rows,Removal,633,DUPLICATED,1.0,1.0,1.0,1.0,1.0,0.010148763656616211
633,1,Rows,Removal,634,DUPLICATED,1.0,1.0,1.0,1.0,1.0,0.010148763656616211
634,1,Rows,Removal,635,DUPLICATED,1.0,1.0,1.0,1.0,1.0,0.010148763656616211
635,1,Rows,Removal,636,DUPLICATED,1.0,1.0,1.0,1.0,1.0,0.010148763656616211
636,1,Rows,Removal,637,DUPLICATED,1.0,1.0,1.0,1.0,1.0,0.010148763656616211
637,1,Rows,Removal,638,DUPLICATED,1.0,1.0,1.0,1.0,1.0,0.010148763656616211
638,1,Rows,Removal,639,DUPLICATED,1.0,1.0,1.0,1.0,1.0,0.010148763656616211
639,1,Rows,Removal,640,DUPLICATED,1.0,1.0,1.0,1.0,1.0,0.010148763656616211
640,1,Rows,Removal,641,DUPLICATED,1.0,1.0,1.0,1.0,1.0,0.010148763656616211
641,1,Rows,Removal,642,DUPLICATED,1.0,1.0,1.0,1.0,1.0,0.010148763656616211
642,1,Rows,Removal,643,DUPLICATED,1.0,1.0,1.0,1.0,1.0,0.010148763656616211
643,1,Rows,Removal,644,DUPLICATED,1.0,1.0,1.0,1.0,1.0,0.010148763656616211
644,1,Rows,Removal,645,DUPLICATED,1.0,1.0,1.0,1.0,1.0,0.010148763656616211
645,1,Rows,Removal,646,DUPLICATED,1.0,1.0,1.0,1.0,1.0,0.010148763656616211
646,1,Rows,Removal,647,DUPLICATED,1.0,1.0,1.0,1.0,1.0,0.010148763656616211
647,1,Rows,Removal,648,DUPLICATED,1.0,1.0,1.0,1.0,1.0,0.010148763656616211
648,1,Rows,Removal,649,DUPLICATED,1.0,1.0,1.0,1.0,1.0,0.010148763656616211
649,1,Rows,Removal,650,DUPLICATED,1.0,1.0,1.0,1.0,1.0,0.010148763656616211
650,1,Rows,Removal,651,DUPLICATED,1.0,1.0,1.0,1.0,1.0,0.010148763656616211
651,1,Rows,Removal,652,DUPLICATED,1.0,1.0,1.0,1.0,1.0,0.010148763656616211
652,1,Rows,Removal,653,DUPLICATED,1.0,1.0,1.0,1.0,1.0,0.010148763656616211
653,1,Rows,Removal,654,DUPLICATED,1.0,1.0,1.0,1.0,1.0,0.010148763656616211
654,1,Rows,Removal,655,DUPLICATED,1.0,1.0,1.0,1.0,1.0,0.010148763656616211
655,1,Rows,Removal,656,DUPLICATED,1.0,1.0,1.0,1.0,1.0,0.010148763656616211
656,1,Rows,Removal,657,DUPLICATED,1.0,1.0,1.0,1.0,1.0,0.010148763656616211
657,1,Rows,Removal,658,DUPLICATED,1.0,1.0,1.0,1.0,1.0,0.010148763656616211
658,1,Rows,Removal,659,DUPLICATED,1.0,1.0,1.0,1.0,1.0,0.010148763656616211
659,1,Rows,Removal,660,DUPLICATED,1.0,1.0,1.0,1.0,1.0,0.010148763656616211
660,1,Rows,Removal,661,DUPLICATED,1.0,1.0,1.0,1.0,1.0,0.010148763656616211
661,1,Rows,Removal,662,DUPLICATED,1.0,1.0,1.0,1.0,1.0,0.010148763656616211
662,1,Rows,Removal,663,DUPLICATED,1.0,1.0,1.0,1.0,1.0,0.010148763656616211
663,1,Rows,Removal,664,DUPLICATED,1.0,1.0,1.0,1.0,1.0,0.010148763656616211
664,1,Rows,Removal,665,DUPLICATED,1.0,1.0,1.0,1.0,1.0,0.010148763656616211
665,1,Rows,Removal,666,DUPLICATED,1.0,1.0,1.0,1.0,1.0,0.010148763656616211
666,1,Rows,Removal,667,DUPLICATED,1.0,1.0,1.0,1.0,1.0,0.010148763656616211
667,1,Rows,Removal,668,DUPLICATED,1.0,1.0,1.0,1.0,1.0,0.010148763656616211
668,1,Rows,Removal,669,DUPLICATED,1.0,1.0,1.0,1.0,1.0,0.010148763656616211
669,1,Rows,Removal,670,DUPLICATED,1.0,1.0,1.0,1.0,1.0,0.010148763656616211
670,1,Rows,Removal,671,DUPLICATED,1.0,1.0,1.0,1.0,1.0,0.010148763656616211
671,1,Rows,Removal,672,DUPLICATED,1.0,1.0,1.0,1.0,1.0,0.010148763656616211
672,1,Rows,Removal,673,DUPLICATED,1.0,1.0,1.0,1.0,1.0,0.010148763656616211
673,1,Rows,Removal,674,DUPLICATED,1.0,1.0,1.0,1.0,1.0,0.010148763656616211
674,1,Rows,Removal,675,DUPLICATED,1.0,1.0,1.0,1.0,1.0,0.010148763656616211
675,1,Rows,Removal,676,DUPLICATED,1.0,1.0,1.0,1.0,1.0,0.010148763656616211
676,1,Rows,Removal,677,DUPLICATED,1.0,1.0,1.0,1.0,1.0,0.010148763656616211
677,1,Rows,Removal,678,DUPLICATED,1.0,1.0,1.0,1.0,1.0,0.010148763656616211
678,1,Rows,Removal,679,DUPLICATED,1.0,1.0,1.0,1.0,1.0,0.010148763656616211
679,1,Rows,Removal,680,DUPLICATED,1.0,1.0,1.0,1.0,1.0,0.010148763656616211
680,1,Rows,Removal,681,DUPLICATED,1.0,1.0,1.0,1.0,1.0,0.010148763656616211
681,1,Rows,Removal,682,DUPLICATED,1.0,1.0,1.0,1.0,1.0,0.010148763656616211
682,1,Rows,Removal,683,DUPLICATED,1.0,1.0,1.0,1.0,1.0,0.010148763656616211
683,1,Rows,Removal,684,DUPLICATED,1.0,1.0,1.0,1.0,1.0,0.010148763656616211
684,1,Rows,Removal,685,DUPLICATED,1.0,1.0,1.0,1.0,1.0,0.010148763656616211
685,1,Rows,Removal,686,DUPLICATED,1.0,1.0,1.0,1.0,1.0,0.010148763656616211
686,1,Rows,Removal,687,DUPLICATED,1.0,1.0,1.0,1.0,1.0,0.010148763656616211
687,1,Rows,Removal,688,DUPLICATED,1.0,1.0,1.0,1.0,1.0,0.010148763656616211
688,1,Rows,Removal,689,DUPLICATED,1.0,1.0,1.0,1.0,1.0,0.010148763656616211
689,1,Rows,Removal,690,DUPLICATED,1.0,1.0,1.0,1.0,1.0,0.010148763656616211
690,1,Rows,Removal,691,DUPLICATED,1.0,1.0,1.0,1.0,1.0,0.010148763656616211
691,1,Rows,Removal,692,DUPLICATED,1.0,1.0,1.0,1.0,1.0,0.010148763656616211
692,1,Rows,Removal,693,DUPLICATED,1.0,1.0,1.0,1.0,1.0,0.010148763656616211
693,1,Rows,Removal,694,DUPLICATED,1.0,1.0,1.0,1.0,1.0,0.010148763656616211
694,1,Rows,Removal,695,DUPLICATED,1.0,1.0,1.0,1.0,1.0,0.010148763656616211
695,1,Rows,Removal,696,DUPLICATED,1.0,1.0,1.0,1.0,1.0,0.010148763656616211
696,1,Rows,Removal,697,DUPLICATED,1.0,1.0,1.0,1.0,1.0,0.010148763656616211
697,1,Rows,Removal,698,DUPLICATED,1.0,1.0,1.0,1.0,1.0,0.010148763656616211
698,1,Rows,Removal,699,DUPLICATED,1.0,1.0,1.0,1.0,1.0,0.010148763656616211
699,1,Rows,Removal,700,DUPLICATED,1.0,1.0,1.0,1.0,1.0,0.010148763656616211
700,1,Rows,Removal,701,DUPLICATED,1.0,1.0,1.0,1.0,1.0,0.010148763656616211
701,1,Rows,Removal,702,DUPLICATED,1.0,1.0,1.0,1.0,1.0,0.010148763656616211
702,1,Rows,Removal,703,DUPLICATED,1.0,1.0,1.0,1.0,1.0,0.010148763656616211
703,1,Rows,Removal,704,DUPLICATED,1.0,1.0,1.0,1.0,1.0,0.010148763656616211
704,1,Rows,Removal,705,DUPLICATED,1.0,1.0,1.0,1.0,1.0,0.010148763656616211
705,1,Rows,Removal,706,DUPLICATED,1.0,1.0,1.0,1.0,1.0,0.010148763656616211
706,1,Rows,Removal,707,DUPLICATED,1.0,1.0,1.0,1.0,1.0,0.010148763656616211
707,1,Rows,Removal,708,DUPLICATED,1.0,1.0,1.0,1.0,1.0,0.010148763656616211
708,1,Rows,Removal,709,DUPLICATED,1.0,1.0,1.0,1.0,1.0,0.010148763656616211
709,1,Rows,Removal,710,DUPLICATED,1.0,1.0,1.0,1.0,1.0,0.010148763656616211
710,1,Rows,Removal,711,DUPLICATED,1.0,1.0,1.0,1.0,1.0,0.010148763656616211
711,1,Rows,Removal,712,DUPLICATED,1.0,1.0,1.0,1.0,1.0,0.010148763656616211
712,1,Rows,Removal,713,DUPLICATED,1.0,1.0,1.0,1.0,1.0,0.010148763656616211
713,1,Rows,Removal,714,DUPLICATED,1.0,1.0,1.0,1.0,1.0,0.010148763656616211
714,1,Rows,Removal,715,DUPLICATED,1.0,1.0,1.0,1.0,1.0,0.010148763656616211
715,1,Rows,Removal,716,DUPLICATED,1.0,1.0,1.0,1.0,1.0,0.010148763656616211
716,1,Rows,Removal,717,DUPLICATED,1.0,1.0,1.0,1.0,1.0,0.010148763656616211
717,1,Rows,Removal,718,DUPLICATED,1.0,1.0,1.0,1.0,1.0,0.010148763656616211
718,1,Rows,Removal,719,DUPLICATED,1.0,1.0,1.0,1.0,1.0,0.010148763656616211
719,1,Rows,Removal,720,DUPLICATED,1.0,1.0,1.0,1.0,1.0,0.010148763656616211
720,1,Rows,Removal,721,DUPLICATED,1.0,1.0,1.0,1.0,1.0,0.010148763656616211
721,1,Rows,Removal,722,DUPLICATED,1.0,1.0,1.0,1.0,1.0,0.010148763656616211
722,1,Rows,Removal,723,DUPLICATED,1.0,1.0,1.0,1.0,1.0,0.010148763656616211
723,1,Rows,Removal,724,DUPLICATED,1.0,1.0,1.0,1.0,1.0,0.010148763656616211
724,1,Rows,Removal,725,DUPLICATED,1.0,1.0,1.0,1.0,1.0,0.010148763656616211
725,1,Rows,Removal,726,DUPLICATED,1.0,1.0,1.0,1.0,1.0,0.010148763656616211
726,1,Rows,Removal,727,DUPLICATED,1.0,1.0,1.0,1.0,1.0,0.010148763656616211
727,1,Rows,Removal,728,DUPLICATED,1.0,1.0,1.0,1.0,1.0,0.010148763656616211
728,1,Rows,Removal,729,DUPLICATED,1.0,1.0,1.0,1.0,1.0,0.010148763656616211
729,1,Rows,Removal,730,DUPLICATED,1.0,1.0,1.0,1.0,1.0,0.010148763656616211
730,1,Rows,Removal,731,DUPLICATED,1.0,1.0,1.0,1.0,1.0,0.010148763656616211
731,1,Rows,Removal,732,DUPLICATED,1.0,1.0,1.0,1.0,1.0,0.010148763656616211
732,1,Rows,Removal,733,DUPLICATED,1.0,1.0,1.0,1.0,1.0,0.010148763656616211
733,1,Rows,Removal,734,DUPLICATED,1.0,1.0,1.0,1.0,1.0,0.010148763656616211
734,1,Rows,Removal,735,DUPLICATED,1.0,1.0,1.0,1.0,1.0,0.010148763656616211
735,1,Rows,Removal,736,DUPLICATED,1.0,1.0,1.0,1.0,1.0,0.010148763656616211
736,1,Rows,Removal,737,DUPLICATED,1.0,1.0,1.0,1.0,1.0,0.010148763656616211
737,1,Rows,Removal,738,DUPLICATED,1.0,1.0,1.0,1.0,1.0,0.010148763656616211
738,1,Rows,Removal,739,DUPLICATED,1.0,1.0,1.0,1.0,1.0,0.010148763656616211
739,1,Rows,Removal,740,DUPLICATED,1.0,1.0,1.0,1.0,1.0,0.010148763656616211
740,1,Rows,Removal,741,DUPLICATED,1.0,1.0,1.0,1.0,1.0,0.010148763656616211
741,1,Rows,Removal,742,DUPLICATED,1.0,1.0,1.0,1.0,1.0,0.010148763656616211
742,1,Rows,Removal,743,DUPLICATED,1.0,1.0,1.0,1.0,1.0,0.010148763656616211
743,1,Rows,Removal,744,DUPLICATED,1.0,1.0,1.0,1.0,1.0,0.010148763656616211
744,1,Rows,Removal,745,DUPLICATED,1.0,1.0,1.0,1.0,1.0,0.010148763656616211
745,1,Rows,Removal,746,DUPLICATED,1.0,1.0,1.0,1.0,1.0,0.010148763656616211
746,1,Rows,Removal,747,DUPLICATED,1.0,1.0,1.0,1.0,1.0,0.010148763656616211
747,1,Rows,Removal,748,DUPLICATED,1.0,1.0,1.0,1.0,1.0,0.010148763656616211
748,1,Rows,Removal,749,DUPLICATED,1.0,1.0,1.0,1.0,1.0,0.010148763656616211
749,1,Rows,Removal,750,DUPLICATED,1.0,1.0,1.0,1.0,1.0,0.010148763656616211
750,1,Rows,Removal,751,DUPLICATED,1.0,1.0,1.0,1.0,1.0,0.010148763656616211
751,1,Rows,Removal,752,DUPLICATED,1.0,1.0,1.0,1.0,1.0,0.010148763656616211
752,1,Rows,Removal,753,DUPLICATED,1.0,1.0,1.0,1.0,1.0,0.010148763656616211
753,1,Rows,Removal,754,DUPLICATED,1.0,1.0,1.0,1.0,1.0,0.010148763656616211
754,1,Rows,Removal,755,DUPLICATED,1.0,1.0,1.0,1.0,1.0,0.010148763656616211
755,1,Rows,Removal,756,DUPLICATED,1.0,1.0,1.0,1.0,1.0,0.010148763656616211
756,1,Rows,Removal,757,DUPLICATED,1.0,1.0,1.0,1.0,1.0,0.010148763656616211
757,1,Rows,Removal,758,DUPLICATED,1.0,1.0,1.0,1.0,1.0,0.010148763656616211
758,1,Rows,Removal,759,DUPLICATED,1.0,1.0,1.0,1.0,1.0,0.010148763656616211
759,1,Rows,Removal,760,DUPLICATED,1.0,1.0,1.0,1.0,1.0,0.010148763656616211
760,1,Rows,Removal,761,DUPLICATED,1.0,1.0,1.0,1.0,1.0,0.010148763656616211
761,1,Rows,Removal,762,DUPLICATED,1.0,1.0,1.0,1.0,1.0,0.010148763656616211
762,1,Rows,Removal,763,DUPLICATED,1.0,1.0,1.0,1.0,1.0,0.010148763656616211
763,1,Rows,Removal,764,DUPLICATED,1.0,1.0,1.0,1.0,1.0,0.010148763656616211
764,1,Rows,Removal,765,DUPLICATED,1.0,1.0,1.0,1.0,1.0,0.010148763656616211
765,1,Rows,Removal,766,DUPLICATED,1.0,1.0,1.0,1.0,1.0,0.010148763656616211
766,1,Rows,Removal,767,DUPLICATED,1.0,1.0,1.0,1.0,1.0,0.010148763656616211
767,1,Rows,Removal,768,DUPLICATED,1.0,1.0,1.0,1.0,1.0,0.010148763656616211
768,1,Rows,Removal,769,DUPLICATED,1.0,1.0,1.0,1.0,1.0,0.010148763656616211
769,1,Rows,Removal,770,DUPLICATED,1.0,1.0,1.0,1.0,1.0,0.010148763656616211
770,1,Rows,Removal,771,DUPLICATED,1.0,1.0,1.0,1.0,1.0,0.010148763656616211
771,1,Rows,Removal,772,DUPLICATED,1.0,1.0,1.0,1.0,1.0,0.010148763656616211
772,1,Rows,Removal,773,DUPLICATED,1.0,1.0,1.0,1.0,1.0,0.010148763656616211
773,1,Rows,Removal,774,DUPLICATED,1.0,1.0,1.0,1.0,1.0,0.010148763656616211
774,1,Rows,Removal,775,DUPLICATED,1.0,1.0,1.0,1.0,1.0,0.010148763656616211
775,1,Rows,Removal,776,DUPLICATED,1.0,1.0,1.0,1.0,1.0,0.010148763656616211
776,1,Rows,Removal,777,DUPLICATED,1.0,1.0,1.0,1.0,1.0,0.010148763656616211
777,1,Rows,Removal,778,DUPLICATED,1.0,1.0,1.0,1.0,1.0,0.010148763656616211
778,1,Rows,Removal,779,DUPLICATED,1.0,1.0,1.0,1.0,1.0,0.010148763656616211
779,1,Rows,Removal,780,DUPLICATED,1.0,1.0,1.0,1.0,1.0,0.010148763656616211
780,1,Rows,Removal,781,DUPLICATED,1.0,1.0,1.0,1.0,1.0,0.010148763656616211
781,1,Rows,Removal,782,DUPLICATED,1.0,1.0,1.0,1.0,1.0,0.010148763656616211
782,1,Rows,Removal,783,DUPLICATED,1.0,1.0,1.0,1.0,1.0,0.010148763656616211
783,1,Rows,Removal,784,DUPLICATED,1.0,1.0,1.0,1.0,1.0,0.010148763656616211
784,1,Rows,Removal,785,DUPLICATED,1.0,1.0,1.0,1.0,1.0,0.010148763656616211
785,1,Rows,Removal,786,DUPLICATED,1.0,1.0,1.0,1.0,1.0,0.010148763656616211
786,1,Rows,Removal,787,DUPLICATED,1.0,1.0,1.0,1.0,1.0,0.010148763656616211
787,1,Rows,Removal,788,DUPLICATED,1.0,1.0,1.0,1.0,1.0,0.010148763656616211
788,1,Rows,Removal,789,DUPLICATED,1.0,1.0,1.0,1.0,1.0,0.010148763656616211
789,1,Rows,Removal,790,DUPLICATED,1.0,1.0,1.0,1.0,1.0,0.010148763656616211
790,1,Rows,Removal,791,DUPLICATED,1.0,1.0,1.0,1.0,1.0,0.010148763656616211
791,1,Rows,Removal,792,DUPLICATED,1.0,1.0,1.0,1.0,1.0,0.010148763656616211
792,1,Rows,Removal,793,DUPLICATED,1.0,1.0,1.0,1.0,1.0,0.010148763656616211
793,1,Rows,Removal,794,DUPLICATED,1.0,1.0,1.0,1.0,1.0,0.010148763656616211
794,1,Rows,Removal,795,DUPLICATED,1.0,1.0,1.0,1.0,1.0,0.010148763656616211
795,1,Rows,Removal,796,DUPLICATED,1.0,1.0,1.0,1.0,1.0,0.010148763656616211
796,1,Rows,Removal,797,DUPLICATED,1.0,1.0,1.0,1.0,1.0,0.010148763656616211
797,1,Rows,Removal,798,DUPLICATED,1.0,1.0,1.0,1.0,1.0,0.010148763656616211
798,1,Rows,Removal,799,DUPLICATED,1.0,1.0,1.0,1.0,1.0,0.010148763656616211
799,1,Rows,Removal,800,DUPLICATED,1.0,1.0,1.0,1.0,1.0,0.010148763656616211
800,1,Rows,Removal,801,DUPLICATED,1.0,1.0,1.0,1.0,1.0,0.010148763656616211
801,1,Rows,Removal,802,DUPLICATED,1.0,1.0,1.0,1.0,1.0,0.010148763656616211
802,1,Rows,Removal,803,DUPLICATED,1.0,1.0,1.0,1.0,1.0,0.010148763656616211
803,1,Rows,Removal,804,DUPLICATED,1.0,1.0,1.0,1.0,1.0,0.010148763656616211
804,1,Rows,Removal,805,DUPLICATED,1.0,1.0,1.0,1.0,1.0,0.010148763656616211
805,1,Rows,Removal,806,DUPLICATED,1.0,1.0,1.0,1.0,1.0,0.010148763656616211
806,1,Rows,Removal,807,DUPLICATED,1.0,1.0,1.0,1.0,1.0,0.010148763656616211
807,1,Rows,Removal,808,DUPLICATED,1.0,1.0,1.0,1.0,1.0,0.010148763656616211
808,1,Rows,Removal,809,DUPLICATED,1.0,1.0,1.0,1.0,1.0,0.010148763656616211
809,1,Rows,Removal,810,DUPLICATED,1.0,1.0,1.0,1.0,1.0,0.010148763656616211
810,1,Rows,Removal,811,DUPLICATED,1.0,1.0,1.0,1.0,1.0,0.010148763656616211
811,1,Rows,Removal,812,DUPLICATED,1.0,1.0,1.0,1.0,1.0,0.010148763656616211
812,1,Rows,Removal,813,DUPLICATED,1.0,1.0,1.0,1.0,1.0,0.010148763656616211
813,1,Rows,Removal,814,DUPLICATED,1.0,1.0,1.0,1.0,1.0,0.010148763656616211
814,1,Rows,Removal,815,DUPLICATED,1.0,1.0,1.0,1.0,1.0,0.010148763656616211
815,1,Rows,Removal,816,DUPLICATED,1.0,1.0,1.0,1.0,1.0,0.010148763656616211
816,1,Rows,Removal,817,DUPLICATED,1.0,1.0,1.0,1.0,1.0,0.010148763656616211
817,1,Rows,Removal,818,DUPLICATED,1.0,1.0,1.0,1.0,1.0,0.010148763656616211
818,1,Rows,Removal,819,DUPLICATED,1.0,1.0,1.0,1.0,1.0,0.010148763656616211
819,1,Rows,Removal,820,DUPLICATED,1.0,1.0,1.0,1.0,1.0,0.010148763656616211
820,1,Rows,Removal,821,DUPLICATED,1.0,1.0,1.0,1.0,1.0,0.010148763656616211
821,1,Rows,Removal,822,DUPLICATED,1.0,1.0,1.0,1.0,1.0,0.010148763656616211
822,1,Rows,Removal,823,DUPLICATED,1.0,1.0,1.0,1.0,1.0,0.010148763656616211
823,1,Rows,Removal,824,DUPLICATED,1.0,1.0,1.0,1.0,1.0,0.010148763656616211
824,1,Rows,Removal,825,DUPLICATED,1.0,1.0,1.0,1.0,1.0,0.010148763656616211
825,1,Rows,Removal,826,DUPLICATED,1.0,1.0,1.0,1.0,1.0,0.010148763656616211
826,1,Rows,Removal,827,DUPLICATED,1.0,1.0,1.0,1.0,1.0,0.010148763656616211
827,1,Rows,Removal,828,DUPLICATED,1.0,1.0,1.0,1.0,1.0,0.010148763656616211
828,1,Rows,Removal,829,DUPLICATED,1.0,1.0,1.0,1.0,1.0,0.010148763656616211
829,1,Rows,Removal,830,DUPLICATED,1.0,1.0,1.0,1.0,1.0,0.010148763656616211
830,1,Rows,Removal,831,DUPLICATED,1.0,1.0,1.0,1.0,1.0,0.010148763656616211
831,1,Rows,Removal,832,DUPLICATED,1.0,1.0,1.0,1.0,1.0,0.010148763656616211
832,1,Rows,Removal,833,DUPLICATED,1.0,1.0,1.0,1.0,1.0,0.010148763656616211
833,1,Rows,Removal,834,DUPLICATED,1.0,1.0,1.0,1.0,1.0,0.010148763656616211
834,1,Rows,Removal,835,DUPLICATED,1.0,1.0,1.0,1.0,1.0,0.010148763656616211
835,1,Rows,Removal,836,DUPLICATED,1.0,1.0,1.0,1.0,1.0,0.010148763656616211
836,1,Rows,Removal,837,DUPLICATED,1.0,1.0,1.0,1.0,1.0,0.010148763656616211
837,1,Rows,Removal,838,DUPLICATED,1.0,1.0,1.0,1.0,1.0,0.010148763656616211
838,1,Rows,Removal,839,DUPLICATED,1.0,1.0,1.0,1.0,1.0,0.010148763656616211
839,1,Rows,Removal,840,DUPLICATED,1.0,1.0,1.0,1.0,1.0,0.010148763656616211
840,1,Rows,Removal,841,DUPLICATED,1.0,1.0,1.0,1.0,1.0,0.010148763656616211
841,1,Rows,Removal,842,DUPLICATED,1.0,1.0,1.0,1.0,1.0,0.010148763656616211
842,1,Rows,Removal,843,DUPLICATED,1.0,1.0,1.0,1.0,1.0,0.010148763656616211
843,1,Rows,Removal,844,DUPLICATED,1.0,1.0,1.0,1.0,1.0,0.010148763656616211
844,1,Rows,Removal,845,DUPLICATED,1.0,1.0,1.0,1.0,1.0,0.010148763656616211
845,1,Rows,Removal,846,DUPLICATED,1.0,1.0,1.0,1.0,1.0,0.010148763656616211
846,1,Rows,Removal,847,DUPLICATED,1.0,1.0,1.0,1.0,1.0,0.010148763656616211
847,1,Rows,Removal,848,DUPLICATED,1.0,1.0,1.0,1.0,1.0,0.010148763656616211
848,1,Rows,Removal,849,DUPLICATED,1.0,1.0,1.0,1.0,1.0,0.010148763656616211
849,1,Rows,Removal,850,DUPLICATED,1.0,1.0,1.0,1.0,1.0,0.010148763656616211
850,1,Rows,Removal,851,DUPLICATED,1.0,1.0,1.0,1.0,1.0,0.010148763656616211
851,1,Rows,Removal,852,DUPLICATED,1.0,1.0,1.0,1.0,1.0,0.010148763656616211
852,1,Rows,Removal,853,DUPLICATED,1.0,1.0,1.0,1.0,1.0,0.010148763656616211
853,1,Rows,Removal,854,DUPLICATED,1.0,1.0,1.0,1.0,1.0,0.010148763656616211
854,1,Rows,Removal,855,DUPLICATED,1.0,1.0,1.0,1.0,1.0,0.010148763656616211
855,1,Rows,Removal,856,DUPLICATED,1.0,1.0,1.0,1.0,1.0,0.010148763656616211
856,1,Rows,Removal,857,DUPLICATED,1.0,1.0,1.0,1.0,1.0,0.010148763656616211
857,1,Rows,Removal,858,DUPLICATED,1.0,1.0,1.0,1.0,1.0,0.010148763656616211
858,1,Rows,Removal,859,DUPLICATED,1.0,1.0,1.0,1.0,1.0,0.010148763656616211
859,1,Rows,Removal,860,DUPLICATED,1.0,1.0,1.0,1.0,1.0,0.010148763656616211
860,1,Rows,Removal,861,DUPLICATED,1.0,1.0,1.0,1.0,1.0,0.010148763656616211
861,1,Rows,Removal,862,DUPLICATED,1.0,1.0,1.0,1.0,1.0,0.010148763656616211
862,1,Rows,Removal,863,DUPLICATED,1.0,1.0,1.0,1.0,1.0,0.010148763656616211
863,1,Rows,Removal,864,DUPLICATED,1.0,1.0,1.0,1.0,1.0,0.010148763656616211
864,1,Rows,Removal,865,DUPLICATED,1.0,1.0,1.0,1.0,1.0,0.010148763656616211
865,1,Rows,Removal,866,DUPLICATED,1.0,1.0,1.0,1.0,1.0,0.010148763656616211
866,1,Rows,Removal,867,DUPLICATED,1.0,1.0,1.0,1.0,1.0,0.010148763656616211
867,1,Rows,Removal,868,DUPLICATED,1.0,1.0,1.0,1.0,1.0,0.010148763656616211
868,1,Rows,Removal,869,DUPLICATED,1.0,1.0,1.0,1.0,1.0,0.010148763656616211
869,1,Rows,Removal,870,DUPLICATED,1.0,1.0,1.0,1.0,1.0,0.010148763656616211
870,1,Rows,Removal,871,DUPLICATED,1.0,1.0,1.0,1.0,1.0,0.010148763656616211
871,1,Rows,Removal,872,DUPLICATED,1.0,1.0,1.0,1.0,1.0,0.010148763656616211
872,1,Rows,Removal,873,DUPLICATED,1.0,1.0,1.0,1.0,1.0,0.010148763656616211
873,1,Rows,Removal,874,DUPLICATED,1.0,1.0,1.0,1.0,1.0,0.010148763656616211
874,1,Rows,Removal,875,DUPLICATED,1.0,1.0,1.0,1.0,1.0,0.010148763656616211
875,1,Rows,Removal,876,DUPLICATED,1.0,1.0,1.0,1.0,1.0,0.010148763656616211
876,1,Rows,Removal,877,DUPLICATED,1.0,1.0,1.0,1.0,1.0,0.010148763656616211
877,1,Rows,Removal,878,DUPLICATED,1.0,1.0,1.0,1.0,1.0,0.010148763656616211
878,1,Rows,Removal,879,DUPLICATED,1.0,1.0,1.0,1.0,1.0,0.010148763656616211
879,1,Rows,Removal,880,DUPLICATED,1.0,1.0,1.0,1.0,1.0,0.010148763656616211
880,1,Rows,Removal,881,DUPLICATED,1.0,1.0,1.0,1.0,1.0,0.010148763656616211
881,1,Rows,Removal,882,DUPLICATED,1.0,1.0,1.0,1.0,1.0,0.010148763656616211
882,1,Rows,Removal,883,DUPLICATED,1.0,1.0,1.0,1.0,1.0,0.010148763656616211
883,1,Rows,Removal,884,DUPLICATED,1.0,1.0,1.0,1.0,1.0,0.010148763656616211
884,1,Rows,Removal,885,DUPLICATED,1.0,1.0,1.0,1.0,1.0,0.010148763656616211
885,1,Rows,Removal,886,DUPLICATED,1.0,1.0,1.0,1.0,1.0,0.010148763656616211
886,1,Rows,Removal,887,DUPLICATED,1.0,1.0,1.0,1.0,1.0,0.010148763656616211
887,1,Rows,Removal,888,DUPLICATED,1.0,1.0,1.0,1.0,1.0,0.010148763656616211
888,1,Rows,Removal,889,DUPLICATED,1.0,1.0,1.0,1.0,1.0,0.010148763656616211
889,1,Rows,Removal,890,DUPLICATED,1.0,1.0,1.0,1.0,1.0,0.010148763656616211
890,1,Rows,Removal,891,DUPLICATED,1.0,1.0,1.0,1.0,1.0,0.010148763656616211
891,1,Rows,Removal,892,DUPLICATED,1.0,1.0,1.0,1.0,1.0,0.010148763656616211
892,1,Rows,Removal,893,DUPLICATED,1.0,1.0,1.0,1.0,1.0,0.010148763656616211
893,1,Rows,Removal,894,DUPLICATED,1.0,1.0,1.0,1.0,1.0,0.010148763656616211
894,1,Rows,Removal,895,DUPLICATED,1.0,1.0,1.0,1.0,1.0,0.010148763656616211
895,1,Rows,Removal,896,DUPLICATED,1.0,1.0,1.0,1.0,1.0,0.010148763656616211
896,1,Rows,Removal,897,DUPLICATED,1.0,1.0,1.0,1.0,1.0,0.010148763656616211
897,1,Rows,Removal,898,DUPLICATED,1.0,1.0,1.0,1.0,1.0,0.010148763656616211
898,1,Rows,Removal,899,DUPLICATED,1.0,1.0,1.0,1.0,1.0,0.010148763656616211
899,1,Rows,Removal,900,DUPLICATED,1.0,1.0,1.0,1.0,1.0,0.010148763656616211
900,1,Rows,Removal,901,DUPLICATED,1.0,1.0,1.0,1.0,1.0,0.010148763656616211
901,1,Rows,Removal,902,DUPLICATED,1.0,1.0,1.0,1.0,1.0,0.010148763656616211
902,1,Rows,Removal,903,DUPLICATED,1.0,1.0,1.0,1.0,1.0,0.010148763656616211
903,1,Rows,Removal,904,DUPLICATED,1.0,1.0,1.0,1.0,1.0,0.010148763656616211
904,1,Rows,Removal,905,DUPLICATED,1.0,1.0,1.0,1.0,1.0,0.010148763656616211
905,1,Rows,Removal,906,DUPLICATED,1.0,1.0,1.0,1.0,1.0,0.010148763656616211
906,1,Rows,Removal,907,DUPLICATED,1.0,1.0,1.0,1.0,1.0,0.010148763656616211
907,1,Rows,Removal,908,DUPLICATED,1.0,1.0,1.0,1.0,1.0,0.010148763656616211
908,1,Rows,Removal,909,DUPLICATED,1.0,1.0,1.0,1.0,1.0,0.010148763656616211
909,1,Rows,Removal,910,DUPLICATED,1.0,1.0,1.0,1.0,1.0,0.010148763656616211
910,1,Rows,Removal,911,DUPLICATED,1.0,1.0,1.0,1.0,1.0,0.010148763656616211
911,1,Rows,Removal,912,DUPLICATED,1.0,1.0,1.0,1.0,1.0,0.010148763656616211
912,1,Rows,Removal,913,DUPLICATED,1.0,1.0,1.0,1.0,1.0,0.010148763656616211
913,1,Rows,Removal,914,DUPLICATED,1.0,1.0,1.0,1.0,1.0,0.010148763656616211
914,1,Rows,Removal,915,DUPLICATED,1.0,1.0,1.0,1.0,1.0,0.010148763656616211
915,1,Rows,Removal,916,DUPLICATED,1.0,1.0,1.0,1.0,1.0,0.010148763656616211
916,1,Rows,Removal,917,DUPLICATED,1.0,1.0,1.0,1.0,1.0,0.010148763656616211
917,1,Rows,Removal,918,DUPLICATED,1.0,1.0,1.0,1.0,1.0,0.010148763656616211
918,1,Rows,Removal,919,DUPLICATED,1.0,1.0,1.0,1.0,1.0,0.010148763656616211
919,1,Rows,Removal,920,DUPLICATED,1.0,1.0,1.0,1.0,1.0,0.010148763656616211
920,1,Rows,Removal,921,DUPLICATED,1.0,1.0,1.0,1.0,1.0,0.010148763656616211
921,1,Rows,Removal,922,DUPLICATED,1.0,1.0,1.0,1.0,1.0,0.010148763656616211
922,1,Rows,Removal,923,DUPLICATED,1.0,1.0,1.0,1.0,1.0,0.010148763656616211
923,1,Rows,Removal,924,DUPLICATED,1.0,1.0,1.0,1.0,1.0,0.010148763656616211
924,1,Rows,Removal,925,DUPLICATED,1.0,1.0,1.0,1.0,1.0,0.010148763656616211
925,1,Rows,Removal,926,DUPLICATED,1.0,1.0,1.0,1.0,1.0,0.010148763656616211
926,1,Rows,Removal,927,DUPLICATED,1.0,1.0,1.0,1.0,1.0,0.010148763656616211
927,1,Rows,Removal,928,DUPLICATED,1.0,1.0,1.0,1.0,1.0,0.010148763656616211
928,1,Rows,Removal,929,DUPLICATED,1.0,1.0,1.0,1.0,1.0,0.010148763656616211
929,1,Rows,Removal,930,DUPLICATED,1.0,1.0,1.0,1.0,1.0,0.010148763656616211
930,1,Rows,Removal,931,DUPLICATED,1.0,1.0,1.0,1.0,1.0,0.010148763656616211
931,1,Rows,Removal,932,DUPLICATED,1.0,1.0,1.0,1.0,1.0,0.010148763656616211
932,1,Rows,Removal,933,DUPLICATED,1.0,1.0,1.0,1.0,1.0,0.010148763656616211
933,1,Rows,Removal,934,DUPLICATED,1.0,1.0,1.0,1.0,1.0,0.010148763656616211
934,1,Rows,Removal,935,DUPLICATED,1.0,1.0,1.0,1.0,1.0,0.010148763656616211
935,1,Rows,Removal,936,DUPLICATED,1.0,1.0,1.0,1.0,1.0,0.010148763656616211
936,1,Rows,Removal,937,DUPLICATED,1.0,1.0,1.0,1.0,1.0,0.010148763656616211
937,1,Rows,Removal,938,DUPLICATED,1.0,1.0,1.0,1.0,1.0,0.010148763656616211
938,1,Rows,Removal,939,DUPLICATED,1.0,1.0,1.0,1.0,1.0,0.010148763656616211
939,1,Rows,Removal,940,DUPLICATED,1.0,1.0,1.0,1.0,1.0,0.010148763656616211
940,1,Rows,Removal,941,DUPLICATED,1.0,1.0,1.0,1.0,1.0,0.010148763656616211
941,1,Rows,Removal,942,DUPLICATED,1.0,1.0,1.0,1.0,1.0,0.010148763656616211
942,1,Rows,Removal,943,DUPLICATED,1.0,1.0,1.0,1.0,1.0,0.010148763656616211
943,1,Rows,Removal,944,DUPLICATED,1.0,1.0,1.0,1.0,1.0,0.010148763656616211
944,1,Rows,Removal,945,DUPLICATED,1.0,1.0,1.0,1.0,1.0,0.010148763656616211
945,1,Rows,Removal,946,DUPLICATED,1.0,1.0,1.0,1.0,1.0,0.010148763656616211
946,1,Rows,Removal,947,DUPLICATED,1.0,1.0,1.0,1.0,1.0,0.010148763656616211
947,1,Rows,Removal,948,DUPLICATED,1.0,1.0,1.0,1.0,1.0,0.010148763656616211
948,1,Rows,Removal,949,DUPLICATED,1.0,1.0,1.0,1.0,1.0,0.010148763656616211
949,1,Rows,Removal,950,DUPLICATED,1.0,1.0,1.0,1.0,1.0,0.010148763656616211
950,1,Rows,Removal,951,DUPLICATED,1.0,1.0,1.0,1.0,1.0,0.010148763656616211
951,1,Rows,Removal,952,DUPLICATED,1.0,1.0,1.0,1.0,1.0,0.010148763656616211
952,1,Rows,Removal,953,DUPLICATED,1.0,1.0,1.0,1.0,1.0,0.010148763656616211
953,1,Rows,Removal,954,DUPLICATED,1.0,1.0,1.0,1.0,1.0,0.010148763656616211
954,1,Rows,Removal,955,DUPLICATED,1.0,1.0,1.0,1.0,1.0,0.010148763656616211
955,1,Rows,Removal,956,DUPLICATED,1.0,1.0,1.0,1.0,1.0,0.010148763656616211
956,1,Rows,Removal,957,DUPLICATED,1.0,1.0,1.0,1.0,1.0,0.010148763656616211
957,1,Rows,Removal,958,DUPLICATED,1.0,1.0,1.0,1.0,1.0,0.010148763656616211
958,1,Rows,Removal,959,DUPLICATED,1.0,1.0,1.0,1.0,1.0,0.010148763656616211
959,1,Rows,Removal,960,DUPLICATED,1.0,1.0,1.0,1.0,1.0,0.010148763656616211
960,1,Rows,Removal,961,DUPLICATED,1.0,1.0,1.0,1.0,1.0,0.010148763656616211
961,1,Rows,Removal,962,DUPLICATED,1.0,1.0,1.0,1.0,1.0,0.010148763656616211
962,1,Rows,Removal,963,DUPLICATED,1.0,1.0,1.0,1.0,1.0,0.010148763656616211
963,1,Rows,Removal,964,DUPLICATED,1.0,1.0,1.0,1.0,1.0,0.010148763656616211
964,1,Rows,Removal,965,DUPLICATED,1.0,1.0,1.0,1.0,1.0,0.010148763656616211
965,1,Rows,Removal,966,DUPLICATED,1.0,1.0,1.0,1.0,1.0,0.010148763656616211
966,1,Rows,Removal,967,DUPLICATED,1.0,1.0,1.0,1.0,1.0,0.010148763656616211
967,1,Rows,Removal,968,DUPLICATED,1.0,1.0,1.0,1.0,1.0,0.010148763656616211
968,1,Rows,Removal,969,DUPLICATED,1.0,1.0,1.0,1.0,1.0,0.010148763656616211
969,1,Rows,Removal,970,DUPLICATED,1.0,1.0,1.0,1.0,1.0,0.010148763656616211
970,1,Rows,Removal,971,DUPLICATED,1.0,1.0,1.0,1.0,1.0,0.010148763656616211
971,1,Rows,Removal,972,DUPLICATED,1.0,1.0,1.0,1.0,1.0,0.010148763656616211
972,1,Rows,Removal,973,DUPLICATED,1.0,1.0,1.0,1.0,1.0,0.010148763656616211
973,1,Rows,Removal,974,DUPLICATED,1.0,1.0,1.0,1.0,1.0,0.010148763656616211
974,1,Rows,Removal,975,DUPLICATED,1.0,1.0,1.0,1.0,1.0,0.010148763656616211
975,1,Rows,Removal,976,DUPLICATED,1.0,1.0,1.0,1.0,1.0,0.010148763656616211
976,1,Rows,Removal,977,DUPLICATED,1.0,1.0,1.0,1.0,1.0,0.010148763656616211
977,1,Rows,Removal,978,DUPLICATED,1.0,1.0,1.0,1.0,1.0,0.010148763656616211
978,1,Rows,Removal,979,DUPLICATED,1.0,1.0,1.0,1.0,1.0,0.010148763656616211
979,1,Rows,Removal,980,DUPLICATED,1.0,1.0,1.0,1.0,1.0,0.010148763656616211
980,1,Rows,Removal,981,DUPLICATED,1.0,1.0,1.0,1.0,1.0,0.010148763656616211
981,1,Rows,Removal,982,DUPLICATED,1.0,1.0,1.0,1.0,1.0,0.010148763656616211
982,1,Rows,Removal,983,DUPLICATED,1.0,1.0,1.0,1.0,1.0,0.010148763656616211
983,1,Rows,Removal,984,DUPLICATED,1.0,1.0,1.0,1.0,1.0,0.010148763656616211
984,1,Rows,Removal,985,DUPLICATED,1.0,1.0,1.0,1.0,1.0,0.010148763656616211
985,1,Rows,Removal,986,DUPLICATED,1.0,1.0,1.0,1.0,1.0,0.010148763656616211
986,1,Rows,Removal,987,DUPLICATED,1.0,1.0,1.0,1.0,1.0,0.010148763656616211
987,1,Rows,Removal,988,DUPLICATED,1.0,1.0,1.0,1.0,1.0,0.010148763656616211
988,1,Rows,Removal,989,DUPLICATED,1.0,1.0,1.0,1.0,1.0,0.010148763656616211
989,1,Rows,Removal,990,DUPLICATED,1.0,1.0,1.0,1.0,1.0,0.010148763656616211
990,1,Rows,Removal,991,DUPLICATED,1.0,1.0,1.0,1.0,1.0,0.010148763656616211
991,1,Rows,Removal,992,DUPLICATED,1.0,1.0,1.0,1.0,1.0,0.010148763656616211
992,1,Rows,Removal,993,DUPLICATED,1.0,1.0,1.0,1.0,1.0,0.010148763656616211
993,1,Rows,Removal,994,DUPLICATED,1.0,1.0,1.0,1.0,1.0,0.010148763656616211
994,1,Rows,Removal,995,DUPLICATED,1.0,1.0,1.0,1.0,1.0,0.010148763656616211
995,1,Rows,Removal,996,DUPLICATED,1.0,1.0,1.0,1.0,1.0,0.010148763656616211
996,1,Rows,Removal,997,DUPLICATED,1.0,1.0,1.0,1.0,1.0,0.010148763656616211
997,1,Rows,Removal,998,DUPLICATED,1.0,1.0,1.0,1.0,1.0,0.010148763656616211
998,1,Rows,Removal,999,DUPLICATED,1.0,1.0,1.0,1.0,1.0,0.010148763656616211
999,1,Rows,Removal,1000,DUPLICATED,1.0,1.0,1.0,1.0,1.0,0.010148763656616211
1000,1,Rows,Removal,1001,DUPLICATED,1.0,1.0,1.0,1.0,1.0,0.010148763656616211
1001,1,Rows,Removal,1002,DUPLICATED,1.0,1.0,1.0,1.0,1.0,0.010148763656616211
1002,1,Rows,Removal,1003,DUPLICATED,1.0,1.0,1.0,1.0,1.0,0.010148763656616211
1003,1,Rows,Removal,1004,DUPLICATED,1.0,1.0,1.0,1.0,1.0,0.010148763656616211
1004,1,Rows,Removal,1005,DUPLICATED,1.0,1.0,1.0,1.0,1.0,0.010148763656616211
1005,1,Rows,Removal,1006,DUPLICATED,1.0,1.0,1.0,1.0,1.0,0.010148763656616211
1006,1,Rows,Removal,1007,DUPLICATED,1.0,1.0,1.0,1.0,1.0,0.010148763656616211
1007,1,Rows,Removal,1008,DUPLICATED,1.0,1.0,1.0,1.0,1.0,0.010148763656616211
1008,1,Rows,Removal,1009,DUPLICATED,1.0,1.0,1.0,1.0,1.0,0.010148763656616211
1009,1,Rows,Removal,1010,DUPLICATED,1.0,1.0,1.0,1.0,1.0,0.010148763656616211
1010,1,Rows,Removal,1011,DUPLICATED,1.0,1.0,1.0,1.0,1.0,0.010148763656616211
1011,1,Rows,Removal,1012,DUPLICATED,1.0,1.0,1.0,1.0,1.0,0.010148763656616211
1012,1,Rows,Removal,1013,DUPLICATED,1.0,1.0,1.0,1.0,1.0,0.010148763656616211
1013,1,Rows,Removal,1014,DUPLICATED,1.0,1.0,1.0,1.0,1.0,0.010148763656616211
1014,1,Rows,Removal,1015,DUPLICATED,1.0,1.0,1.0,1.0,1.0,0.010148763656616211
1015,1,Rows,Removal,1016,DUPLICATED,1.0,1.0,1.0,1.0,1.0,0.010148763656616211
1016,1,Rows,Removal,1017,DUPLICATED,1.0,1.0,1.0,1.0,1.0,0.010148763656616211
1017,1,Rows,Removal,1018,DUPLICATED,1.0,1.0,1.0,1.0,1.0,0.010148763656616211
1018,1,Rows,Removal,1019,DUPLICATED,1.0,1.0,1.0,1.0,1.0,0.010148763656616211
1019,1,Rows,Removal,1020,DUPLICATED,1.0,1.0,1.0,1.0,1.0,0.010148763656616211
1020,1,Rows,Removal,1021,DUPLICATED,1.0,1.0,1.0,1.0,1.0,0.010148763656616211
1021,1,Rows,Removal,1022,DUPLICATED,1.0,1.0,1.0,1.0,1.0,0.010148763656616211
1022,1,Rows,Removal,1023,DUPLICATED,1.0,1.0,1.0,1.0,1.0,0.010148763656616211
1023,1,Rows,Removal,1024,DUPLICATED,1.0,1.0,1.0,1.0,1.0,0.010148763656616211
1024,1,Rows,Removal,1025,DUPLICATED,1.0,1.0,1.0,1.0,1.0,0.010148763656616211
1025,1,Rows,Removal,1026,DUPLICATED,1.0,1.0,1.0,1.0,1.0,0.010148763656616211
1026,1,Rows,Removal,1027,DUPLICATED,1.0,1.0,1.0,1.0,1.0,0.010148763656616211
1027,1,Rows,Removal,1028,DUPLICATED,1.0,1.0,1.0,1.0,1.0,0.010148763656616211
1028,1,Rows,Removal,1029,DUPLICATED,1.0,1.0,1.0,1.0,1.0,0.010148763656616211
1029,1,Rows,Removal,1030,DUPLICATED,1.0,1.0,1.0,1.0,1.0,0.010148763656616211
1030,1,Rows,Removal,1031,DUPLICATED,1.0,1.0,1.0,1.0,1.0,0.010148763656616211
1031,1,Rows,Removal,1032,DUPLICATED,1.0,1.0,1.0,1.0,1.0,0.010148763656616211
1032,1,Rows,Removal,1033,DUPLICATED,1.0,1.0,1.0,1.0,1.0,0.010148763656616211
1033,1,Rows,Removal,1034,DUPLICATED,1.0,1.0,1.0,1.0,1.0,0.010148763656616211
1034,1,Rows,Removal,1035,DUPLICATED,1.0,1.0,1.0,1.0,1.0,0.010148763656616211
1035,1,Rows,Removal,1036,DUPLICATED,1.0,1.0,1.0,1.0,1.0,0.010148763656616211
1036,1,Rows,Removal,1037,DUPLICATED,1.0,1.0,1.0,1.0,1.0,0.010148763656616211
1037,1,Rows,Removal,1038,DUPLICATED,1.0,1.0,1.0,1.0,1.0,0.010148763656616211
1038,1,Rows,Removal,1039,DUPLICATED,1.0,1.0,1.0,1.0,1.0,0.010148763656616211
1039,1,Rows,Removal,1040,DUPLICATED,1.0,1.0,1.0,1.0,1.0,0.010148763656616211
1040,1,Rows,Removal,1041,DUPLICATED,1.0,1.0,1.0,1.0,1.0,0.010148763656616211
1041,1,Rows,Removal,1042,DUPLICATED,1.0,1.0,1.0,1.0,1.0,0.010148763656616211
1042,1,Rows,Removal,1043,DUPLICATED,1.0,1.0,1.0,1.0,1.0,0.010148763656616211
1043,1,Rows,Removal,1044,DUPLICATED,1.0,1.0,1.0,1.0,1.0,0.010148763656616211
1044,1,Rows,Removal,1045,DUPLICATED,1.0,1.0,1.0,1.0,1.0,0.010148763656616211
1045,1,Rows,Removal,1046,DUPLICATED,1.0,1.0,1.0,1.0,1.0,0.010148763656616211
1046,1,Rows,Removal,1047,DUPLICATED,1.0,1.0,1.0,1.0,1.0,0.010148763656616211
1047,1,Rows,Removal,1048,DUPLICATED,1.0,1.0,1.0,1.0,1.0,0.010148763656616211
1048,1,Rows,Removal,1049,DUPLICATED,1.0,1.0,1.0,1.0,1.0,0.010148763656616211
1049,1,Rows,Removal,1050,DUPLICATED,1.0,1.0,1.0,1.0,1.0,0.010148763656616211
1050,1,Rows,Removal,1051,DUPLICATED,1.0,1.0,1.0,1.0,1.0,0.010148763656616211
1051,1,Rows,Removal,1052,DUPLICATED,1.0,1.0,1.0,1.0,1.0,0.010148763656616211
1052,1,Rows,Removal,1053,DUPLICATED,1.0,1.0,1.0,1.0,1.0,0.010148763656616211
1053,1,Rows,Removal,1054,DUPLICATED,1.0,1.0,1.0,1.0,1.0,0.010148763656616211
1054,1,Rows,Removal,1055,DUPLICATED,1.0,1.0,1.0,1.0,1.0,0.010148763656616211
1055,1,Rows,Removal,1056,DUPLICATED,1.0,1.0,1.0,1.0,1.0,0.010148763656616211
1056,1,Rows,Removal,1057,DUPLICATED,1.0,1.0,1.0,1.0,1.0,0.010148763656616211
1057,1,Rows,Removal,1058,DUPLICATED,1.0,1.0,1.0,1.0,1.0,0.010148763656616211
1058,1,Rows,Removal,1059,DUPLICATED,1.0,1.0,1.0,1.0,1.0,0.010148763656616211
1059,1,Rows,Removal,1060,DUPLICATED,1.0,1.0,1.0,1.0,1.0,0.010148763656616211
1060,1,Rows,Removal,1061,DUPLICATED,1.0,1.0,1.0,1.0,1.0,0.010148763656616211
1061,1,Rows,Removal,1062,DUPLICATED,1.0,1.0,1.0,1.0,1.0,0.010148763656616211
1062,1,Rows,Removal,1063,DUPLICATED,1.0,1.0,1.0,1.0,1.0,0.010148763656616211
1063,1,Rows,Removal,1064,DUPLICATED,1.0,1.0,1.0,1.0,1.0,0.010148763656616211
1064,1,Rows,Removal,1065,DUPLICATED,1.0,1.0,1.0,1.0,1.0,0.010148763656616211
1065,1,Rows,Removal,1066,DUPLICATED,1.0,1.0,1.0,1.0,1.0,0.010148763656616211
1066,1,Rows,Removal,1067,DUPLICATED,1.0,1.0,1.0,1.0,1.0,0.010148763656616211
1067,1,Rows,Removal,1068,DUPLICATED,1.0,1.0,1.0,1.0,1.0,0.010148763656616211
1068,1,Rows,Removal,1069,DUPLICATED,1.0,1.0,1.0,1.0,1.0,0.010148763656616211
1069,1,Rows,Removal,1070,DUPLICATED,1.0,1.0,1.0,1.0,1.0,0.010148763656616211
1070,1,Rows,Removal,1071,DUPLICATED,1.0,1.0,1.0,1.0,1.0,0.010148763656616211
1071,1,Rows,Removal,1072,DUPLICATED,1.0,1.0,1.0,1.0,1.0,0.010148763656616211
1072,1,Rows,Removal,1073,DUPLICATED,1.0,1.0,1.0,1.0,1.0,0.010148763656616211
1073,1,Rows,Removal,1074,DUPLICATED,1.0,1.0,1.0,1.0,1.0,0.010148763656616211
1074,1,Rows,Removal,1075,DUPLICATED,1.0,1.0,1.0,1.0,1.0,0.010148763656616211
1075,1,Rows,Removal,1076,DUPLICATED,1.0,1.0,1.0,1.0,1.0,0.010148763656616211
1076,1,Rows,Removal,1077,DUPLICATED,1.0,1.0,1.0,1.0,1.0,0.010148763656616211
1077,1,Rows,Removal,1078,DUPLICATED,1.0,1.0,1.0,1.0,1.0,0.010148763656616211
1078,1,Rows,Removal,1079,DUPLICATED,1.0,1.0,1.0,1.0,1.0,0.010148763656616211
1079,1,Rows,Removal,1080,DUPLICATED,1.0,1.0,1.0,1.0,1.0,0.010148763656616211
1080,1,Rows,Removal,1081,DUPLICATED,1.0,1.0,1.0,1.0,1.0,0.010148763656616211
1081,1,Rows,Removal,1082,DUPLICATED,1.0,1.0,1.0,1.0,1.0,0.010148763656616211
1082,1,Rows,Removal,1083,DUPLICATED,1.0,1.0,1.0,1.0,1.0,0.010148763656616211
1083,1,Rows,Removal,1084,DUPLICATED,1.0,1.0,1.0,1.0,1.0,0.010148763656616211
1084,1,Rows,Removal,1085,DUPLICATED,1.0,1.0,1.0,1.0,1.0,0.010148763656616211
1085,1,Rows,Removal,1086,DUPLICATED,1.0,1.0,1.0,1.0,1.0,0.010148763656616211
1086,1,Rows,Removal,1087,DUPLICATED,1.0,1.0,1.0,1.0,1.0,0.010148763656616211
1087,1,Rows,Removal,1088,DUPLICATED,1.0,1.0,1.0,1.0,1.0,0.010148763656616211
1088,1,Rows,Removal,1089,DUPLICATED,1.0,1.0,1.0,1.0,1.0,0.010148763656616211
1089,1,Rows,Removal,1090,DUPLICATED,1.0,1.0,1.0,1.0,1.0,0.010148763656616211
1090,1,Rows,Removal,1091,DUPLICATED,1.0,1.0,1.0,1.0,1.0,0.010148763656616211
1091,1,Rows,Removal,1092,DUPLICATED,1.0,1.0,1.0,1.0,1.0,0.010148763656616211
1092,1,Rows,Removal,1093,DUPLICATED,1.0,1.0,1.0,1.0,1.0,0.010148763656616211
1093,1,Rows,Removal,1094,DUPLICATED,1.0,1.0,1.0,1.0,1.0,0.010148763656616211
1094,1,Rows,Removal,1095,DUPLICATED,1.0,1.0,1.0,1.0,1.0,0.010148763656616211
1095,1,Rows,Removal,1096,DUPLICATED,1.0,1.0,1.0,1.0,1.0,0.010148763656616211
1096,1,Rows,Removal,1097,DUPLICATED,1.0,1.0,1.0,1.0,1.0,0.010148763656616211
1097,1,Rows,Removal,1098,DUPLICATED,1.0,1.0,1.0,1.0,1.0,0.010148763656616211
1098,1,Rows,Removal,1099,DUPLICATED,1.0,1.0,1.0,1.0,1.0,0.010148763656616211
1099,1,Rows,Removal,1100,DUPLICATED,1.0,1.0,1.0,1.0,1.0,0.010148763656616211
1100,1,Rows,Removal,1101,DUPLICATED,1.0,1.0,1.0,1.0,1.0,0.010148763656616211
1101,1,Rows,Removal,1102,DUPLICATED,1.0,1.0,1.0,1.0,1.0,0.010148763656616211
1102,1,Rows,Removal,1103,DUPLICATED,1.0,1.0,1.0,1.0,1.0,0.010148763656616211
1103,1,Rows,Removal,1104,DUPLICATED,1.0,1.0,1.0,1.0,1.0,0.010148763656616211
1104,1,Rows,Removal,1105,DUPLICATED,1.0,1.0,1.0,1.0,1.0,0.010148763656616211
1105,1,Rows,Removal,1106,DUPLICATED,1.0,1.0,1.0,1.0,1.0,0.010148763656616211
1106,1,Rows,Removal,1107,DUPLICATED,1.0,1.0,1.0,1.0,1.0,0.010148763656616211
1107,1,Rows,Removal,1108,DUPLICATED,1.0,1.0,1.0,1.0,1.0,0.010148763656616211
1108,1,Rows,Removal,1109,DUPLICATED,1.0,1.0,1.0,1.0,1.0,0.010148763656616211
1109,1,Rows,Removal,1110,DUPLICATED,1.0,1.0,1.0,1.0,1.0,0.010148763656616211
1110,1,Rows,Removal,1111,DUPLICATED,1.0,1.0,1.0,1.0,1.0,0.010148763656616211
1111,1,Rows,Removal,1112,DUPLICATED,1.0,1.0,1.0,1.0,1.0,0.010148763656616211
1112,1,Rows,Removal,1113,DUPLICATED,1.0,1.0,1.0,1.0,1.0,0.010148763656616211
1113,1,Rows,Removal,1114,DUPLICATED,1.0,1.0,1.0,1.0,1.0,0.010148763656616211
1114,1,Rows,Removal,1115,DUPLICATED,1.0,1.0,1.0,1.0,1.0,0.010148763656616211
1115,1,Rows,Removal,1116,DUPLICATED,1.0,1.0,1.0,1.0,1.0,0.010148763656616211
1116,1,Rows,Removal,1117,DUPLICATED,1.0,1.0,1.0,1.0,1.0,0.010148763656616211
1117,1,Rows,Removal,1118,DUPLICATED,1.0,1.0,1.0,1.0,1.0,0.010148763656616211
1118,1,Rows,Removal,1119,DUPLICATED,1.0,1.0,1.0,1.0,1.0,0.010148763656616211
1119,1,Rows,Removal,1120,DUPLICATED,1.0,1.0,1.0,1.0,1.0,0.010148763656616211
1120,1,Rows,Removal,1121,DUPLICATED,1.0,1.0,1.0,1.0,1.0,0.010148763656616211
1121,1,Rows,Removal,1122,DUPLICATED,1.0,1.0,1.0,1.0,1.0,0.010148763656616211
1122,1,Rows,Removal,1123,DUPLICATED,1.0,1.0,1.0,1.0,1.0,0.010148763656616211
1123,1,Rows,Removal,1124,DUPLICATED,1.0,1.0,1.0,1.0,1.0,0.010148763656616211
1124,1,Rows,Removal,1125,DUPLICATED,1.0,1.0,1.0,1.0,1.0,0.010148763656616211
1125,1,Rows,Removal,1126,DUPLICATED,1.0,1.0,1.0,1.0,1.0,0.010148763656616211
1126,1,Rows,Removal,1127,DUPLICATED,1.0,1.0,1.0,1.0,1.0,0.010148763656616211
1127,1,Rows,Removal,1128,DUPLICATED,1.0,1.0,1.0,1.0,1.0,0.010148763656616211
1128,1,Rows,Removal,1129,DUPLICATED,1.0,1.0,1.0,1.0,1.0,0.010148763656616211
1129,1,Rows,Removal,1130,DUPLICATED,1.0,1.0,1.0,1.0,1.0,0.010148763656616211
1130,1,Rows,Removal,1131,DUPLICATED,1.0,1.0,1.0,1.0,1.0,0.010148763656616211
1131,1,Rows,Removal,1132,DUPLICATED,1.0,1.0,1.0,1.0,1.0,0.010148763656616211
1132,1,Rows,Removal,1133,DUPLICATED,1.0,1.0,1.0,1.0,1.0,0.010148763656616211
1133,1,Rows,Removal,1134,DUPLICATED,1.0,1.0,1.0,1.0,1.0,0.010148763656616211
1134,1,Rows,Removal,1135,DUPLICATED,1.0,1.0,1.0,1.0,1.0,0.010148763656616211
1135,1,Rows,Removal,1136,DUPLICATED,1.0,1.0,1.0,1.0,1.0,0.010148763656616211
1136,1,Rows,Removal,1137,DUPLICATED,1.0,1.0,1.0,1.0,1.0,0.010148763656616211
1137,1,Rows,Removal,1138,DUPLICATED,1.0,1.0,1.0,1.0,1.0,0.010148763656616211
1138,1,Rows,Removal,1139,DUPLICATED,1.0,1.0,1.0,1.0,1.0,0.010148763656616211
1139,1,Rows,Removal,1140,DUPLICATED,1.0,1.0,1.0,1.0,1.0,0.010148763656616211
1140,1,Rows,Removal,1141,DUPLICATED,1.0,1.0,1.0,1.0,1.0,0.010148763656616211
1141,1,Rows,Removal,1142,DUPLICATED,1.0,1.0,1.0,1.0,1.0,0.010148763656616211
1142,1,Rows,Removal,1143,DUPLICATED,1.0,1.0,1.0,1.0,1.0,0.010148763656616211
1143,1,Rows,Removal,1144,DUPLICATED,1.0,1.0,1.0,1.0,1.0,0.010148763656616211
1144,1,Rows,Removal,1145,DUPLICATED,1.0,1.0,1.0,1.0,1.0,0.010148763656616211
1145,1,Rows,Removal,1146,DUPLICATED,1.0,1.0,1.0,1.0,1.0,0.010148763656616211
1146,1,Rows,Removal,1147,DUPLICATED,1.0,1.0,1.0,1.0,1.0,0.010148763656616211
1147,1,Rows,Removal,1148,DUPLICATED,1.0,1.0,1.0,1.0,1.0,0.010148763656616211
1148,1,Rows,Removal,1149,DUPLICATED,1.0,1.0,1.0,1.0,1.0,0.010148763656616211
1149,1,Rows,Removal,1150,DUPLICATED,1.0,1.0,1.0,1.0,1.0,0.010148763656616211
1150,1,Rows,Removal,1151,DUPLICATED,1.0,1.0,1.0,1.0,1.0,0.010148763656616211
1151,1,Rows,Removal,1152,DUPLICATED,1.0,1.0,1.0,1.0,1.0,0.010148763656616211
1152,1,Rows,Removal,1153,DUPLICATED,1.0,1.0,1.0,1.0,1.0,0.010148763656616211
1153,1,Rows,Removal,1154,DUPLICATED,1.0,1.0,1.0,1.0,1.0,0.010148763656616211
1154,1,Rows,Removal,1155,DUPLICATED,1.0,1.0,1.0,1.0,1.0,0.010148763656616211
1155,1,Rows,Removal,1156,DUPLICATED,1.0,1.0,1.0,1.0,1.0,0.010148763656616211
1156,1,Rows,Removal,1157,DUPLICATED,1.0,1.0,1.0,1.0,1.0,0.010148763656616211
1157,1,Rows,Removal,1158,DUPLICATED,1.0,1.0,1.0,1.0,1.0,0.010148763656616211
1158,1,Rows,Removal,1159,DUPLICATED,1.0,1.0,1.0,1.0,1.0,0.010148763656616211
1159,1,Rows,Removal,1160,DUPLICATED,1.0,1.0,1.0,1.0,1.0,0.010148763656616211
1160,1,Rows,Removal,1161,DUPLICATED,1.0,1.0,1.0,1.0,1.0,0.010148763656616211
1161,1,Rows,Removal,1162,DUPLICATED,1.0,1.0,1.0,1.0,1.0,0.010148763656616211
1162,1,Rows,Removal,1163,DUPLICATED,1.0,1.0,1.0,1.0,1.0,0.010148763656616211
1163,1,Rows,Removal,1164,DUPLICATED,1.0,1.0,1.0,1.0,1.0,0.010148763656616211
1164,1,Rows,Removal,1165,DUPLICATED,1.0,1.0,1.0,1.0,1.0,0.010148763656616211
1165,1,Rows,Removal,1166,DUPLICATED,1.0,1.0,1.0,1.0,1.0,0.010148763656616211
1166,1,Rows,Removal,1167,DUPLICATED,1.0,1.0,1.0,1.0,1.0,0.010148763656616211
1167,1,Rows,Removal,1168,DUPLICATED,1.0,1.0,1.0,1.0,1.0,0.010148763656616211
1168,1,Rows,Removal,1169,DUPLICATED,1.0,1.0,1.0,1.0,1.0,0.010148763656616211
1169,1,Rows,Removal,1170,DUPLICATED,1.0,1.0,1.0,1.0,1.0,0.010148763656616211
1170,1,Rows,Removal,1171,DUPLICATED,1.0,1.0,1.0,1.0,1.0,0.010148763656616211
1171,1,Rows,Removal,1172,DUPLICATED,1.0,1.0,1.0,1.0,1.0,0.010148763656616211
1172,1,Rows,Removal,1173,DUPLICATED,1.0,1.0,1.0,1.0,1.0,0.010148763656616211
1173,1,Rows,Removal,1174,DUPLICATED,1.0,1.0,1.0,1.0,1.0,0.010148763656616211
1174,1,Rows,Removal,1175,DUPLICATED,1.0,1.0,1.0,1.0,1.0,0.010148763656616211
1175,1,Rows,Removal,1176,DUPLICATED,1.0,1.0,1.0,1.0,1.0,0.010148763656616211
1176,1,Rows,Removal,1177,DUPLICATED,1.0,1.0,1.0,1.0,1.0,0.010148763656616211
1177,1,Rows,Removal,1178,DUPLICATED,1.0,1.0,1.0,1.0,1.0,0.010148763656616211
1178,1,Rows,Removal,1179,DUPLICATED,1.0,1.0,1.0,1.0,1.0,0.010148763656616211
1179,1,Rows,Removal,1180,DUPLICATED,1.0,1.0,1.0,1.0,1.0,0.010148763656616211
1180,1,Rows,Removal,1181,DUPLICATED,1.0,1.0,1.0,1.0,1.0,0.010148763656616211
1181,1,Rows,Removal,1182,DUPLICATED,1.0,1.0,1.0,1.0,1.0,0.010148763656616211
1182,1,Rows,Removal,1183,DUPLICATED,1.0,1.0,1.0,1.0,1.0,0.010148763656616211
1183,1,Rows,Removal,1184,DUPLICATED,1.0,1.0,1.0,1.0,1.0,0.010148763656616211
1184,1,Rows,Removal,1185,DUPLICATED,1.0,1.0,1.0,1.0,1.0,0.010148763656616211
1185,1,Rows,Removal,1186,DUPLICATED,1.0,1.0,1.0,1.0,1.0,0.010148763656616211
1186,1,Rows,Removal,1187,DUPLICATED,1.0,1.0,1.0,1.0,1.0,0.010148763656616211
1187,1,Rows,Removal,1188,DUPLICATED,1.0,1.0,1.0,1.0,1.0,0.010148763656616211
1188,1,Rows,Removal,1189,DUPLICATED,1.0,1.0,1.0,1.0,1.0,0.010148763656616211
1189,1,Rows,Removal,1190,DUPLICATED,1.0,1.0,1.0,1.0,1.0,0.010148763656616211
1190,1,Rows,Removal,1191,DUPLICATED,1.0,1.0,1.0,1.0,1.0,0.010148763656616211
1191,1,Rows,Removal,1192,DUPLICATED,1.0,1.0,1.0,1.0,1.0,0.010148763656616211
1192,1,Rows,Removal,1193,DUPLICATED,1.0,1.0,1.0,1.0,1.0,0.010148763656616211
1193,1,Rows,Removal,1194,DUPLICATED,1.0,1.0,1.0,1.0,1.0,0.010148763656616211
1194,1,Rows,Removal,1195,DUPLICATED,1.0,1.0,1.0,1.0,1.0,0.010148763656616211
1195,1,Rows,Removal,1196,DUPLICATED,1.0,1.0,1.0,1.0,1.0,0.010148763656616211
1196,1,Rows,Removal,1197,DUPLICATED,1.0,1.0,1.0,1.0,1.0,0.010148763656616211
1197,1,Rows,Removal,1198,DUPLICATED,1.0,1.0,1.0,1.0,1.0,0.010148763656616211
1198,1,Rows,Removal,1199,DUPLICATED,1.0,1.0,1.0,1.0,1.0,0.010148763656616211
1199,1,Rows,Removal,1200,DUPLICATED,1.0,1.0,1.0,1.0,1.0,0.010148763656616211
1200,1,Rows,Removal,1201,DUPLICATED,1.0,1.0,1.0,1.0,1.0,0.010148763656616211
1201,1,Rows,Removal,1202,DUPLICATED,1.0,1.0,1.0,1.0,1.0,0.010148763656616211
1202,1,Rows,Removal,1203,DUPLICATED,1.0,1.0,1.0,1.0,1.0,0.010148763656616211
1203,1,Rows,Removal,1204,DUPLICATED,1.0,1.0,1.0,1.0,1.0,0.010148763656616211
1204,1,Rows,Removal,1205,DUPLICATED,1.0,1.0,1.0,1.0,1.0,0.010148763656616211
1205,1,Rows,Removal,1206,DUPLICATED,1.0,1.0,1.0,1.0,1.0,0.010148763656616211
1206,1,Rows,Removal,1207,DUPLICATED,1.0,1.0,1.0,1.0,1.0,0.010148763656616211
1207,1,Rows,Removal,1208,DUPLICATED,1.0,1.0,1.0,1.0,1.0,0.010148763656616211
1208,1,Rows,Removal,1209,DUPLICATED,1.0,1.0,1.0,1.0,1.0,0.010148763656616211
1209,1,Rows,Removal,1210,DUPLICATED,1.0,1.0,1.0,1.0,1.0,0.010148763656616211
1210,1,Rows,Removal,1211,DUPLICATED,1.0,1.0,1.0,1.0,1.0,0.010148763656616211
1211,1,Rows,Removal,1212,DUPLICATED,1.0,1.0,1.0,1.0,1.0,0.010148763656616211
1212,1,Rows,Removal,1213,DUPLICATED,1.0,1.0,1.0,1.0,1.0,0.010148763656616211
1213,1,Rows,Removal,1214,DUPLICATED,1.0,1.0,1.0,1.0,1.0,0.010148763656616211
1214,1,Rows,Removal,1215,DUPLICATED,1.0,1.0,1.0,1.0,1.0,0.010148763656616211
1215,1,Rows,Removal,1216,DUPLICATED,1.0,1.0,1.0,1.0,1.0,0.010148763656616211
1216,1,Rows,Removal,1217,DUPLICATED,1.0,1.0,1.0,1.0,1.0,0.010148763656616211
1217,1,Rows,Removal,1218,DUPLICATED,1.0,1.0,1.0,1.0,1.0,0.010148763656616211
1218,1,Rows,Removal,1219,DUPLICATED,1.0,1.0,1.0,1.0,1.0,0.010148763656616211
1219,1,Rows,Removal,1220,DUPLICATED,1.0,1.0,1.0,1.0,1.0,0.010148763656616211
1220,1,Rows,Removal,1221,DUPLICATED,1.0,1.0,1.0,1.0,1.0,0.010148763656616211
1221,1,Rows,Removal,1222,DUPLICATED,1.0,1.0,1.0,1.0,1.0,0.010148763656616211
1222,1,Rows,Removal,1223,DUPLICATED,1.0,1.0,1.0,1.0,1.0,0.010148763656616211
1223,1,Rows,Removal,1224,DUPLICATED,1.0,1.0,1.0,1.0,1.0,0.010148763656616211
1224,1,Rows,Removal,1225,DUPLICATED,1.0,1.0,1.0,1.0,1.0,0.010148763656616211
1225,1,Rows,Removal,1226,DUPLICATED,1.0,1.0,1.0,1.0,1.0,0.010148763656616211
1226,1,Rows,Removal,1227,DUPLICATED,1.0,1.0,1.0,1.0,1.0,0.010148763656616211
1227,1,Rows,Removal,1228,DUPLICATED,1.0,1.0,1.0,1.0,1.0,0.010148763656616211
1228,1,Rows,Removal,1229,DUPLICATED,1.0,1.0,1.0,1.0,1.0,0.010148763656616211
1229,1,Rows,Removal,1230,DUPLICATED,1.0,1.0,1.0,1.0,1.0,0.010148763656616211
1230,1,Rows,Removal,1231,DUPLICATED,1.0,1.0,1.0,1.0,1.0,0.010148763656616211
1231,1,Rows,Removal,1232,DUPLICATED,1.0,1.0,1.0,1.0,1.0,0.010148763656616211
1232,1,Rows,Removal,1233,DUPLICATED,1.0,1.0,1.0,1.0,1.0,0.010148763656616211
1233,1,Rows,Removal,1234,DUPLICATED,1.0,1.0,1.0,1.0,1.0,0.010148763656616211
1234,1,Rows,Removal,1235,DUPLICATED,1.0,1.0,1.0,1.0,1.0,0.010148763656616211
1235,1,Rows,Removal,1236,DUPLICATED,1.0,1.0,1.0,1.0,1.0,0.010148763656616211
1236,1,Rows,Removal,1237,DUPLICATED,1.0,1.0,1.0,1.0,1.0,0.010148763656616211
1237,1,Rows,Removal,1238,DUPLICATED,1.0,1.0,1.0,1.0,1.0,0.010148763656616211
1238,1,Rows,Removal,1239,DUPLICATED,1.0,1.0,1.0,1.0,1.0,0.010148763656616211
1239,1,Rows,Removal,1240,DUPLICATED,1.0,1.0,1.0,1.0,1.0,0.010148763656616211
1240,1,Rows,Removal,1241,DUPLICATED,1.0,1.0,1.0,1.0,1.0,0.010148763656616211
1241,1,Rows,Removal,1242,DUPLICATED,1.0,1.0,1.0,1.0,1.0,0.010148763656616211
1242,1,Rows,Removal,1243,DUPLICATED,1.0,1.0,1.0,1.0,1.0,0.010148763656616211
1243,1,Rows,Removal,1244,DUPLICATED,1.0,1.0,1.0,1.0,1.0,0.010148763656616211
1244,1,Rows,Removal,1245,DUPLICATED,1.0,1.0,1.0,1.0,1.0,0.010148763656616211
1245,1,Rows,Removal,1246,DUPLICATED,1.0,1.0,1.0,1.0,1.0,0.010148763656616211
1246,1,Rows,Removal,1247,DUPLICATED,1.0,1.0,1.0,1.0,1.0,0.010148763656616211
1247,1,Rows,Removal,1248,DUPLICATED,1.0,1.0,1.0,1.0,1.0,0.010148763656616211
1248,1,Rows,Removal,1249,DUPLICATED,1.0,1.0,1.0,1.0,1.0,0.010148763656616211
1249,1,Rows,Removal,1250,DUPLICATED,1.0,1.0,1.0,1.0,1.0,0.010148763656616211
1250,1,Rows,Removal,1251,DUPLICATED,1.0,1.0,1.0,1.0,1.0,0.010148763656616211
1251,1,Rows,Removal,1252,DUPLICATED,1.0,1.0,1.0,1.0,1.0,0.010148763656616211
1252,1,Rows,Removal,1253,DUPLICATED,1.0,1.0,1.0,1.0,1.0,0.010148763656616211
1253,1,Rows,Removal,1254,DUPLICATED,1.0,1.0,1.0,1.0,1.0,0.010148763656616211
1254,1,Rows,Removal,1255,DUPLICATED,1.0,1.0,1.0,1.0,1.0,0.010148763656616211
1255,1,Rows,Removal,1256,DUPLICATED,1.0,1.0,1.0,1.0,1.0,0.010148763656616211
1256,1,Rows,Removal,1257,DUPLICATED,1.0,1.0,1.0,1.0,1.0,0.010148763656616211
1257,1,Rows,Removal,1258,DUPLICATED,1.0,1.0,1.0,1.0,1.0,0.010148763656616211
1258,1,Rows,Removal,1259,DUPLICATED,1.0,1.0,1.0,1.0,1.0,0.010148763656616211
1259,1,Rows,Removal,1260,DUPLICATED,1.0,1.0,1.0,1.0,1.0,0.010148763656616211
1260,1,Rows,Removal,1261,DUPLICATED,1.0,1.0,1.0,1.0,1.0,0.010148763656616211
1261,1,Rows,Removal,1262,DUPLICATED,1.0,1.0,1.0,1.0,1.0,0.010148763656616211
1262,1,Rows,Removal,1263,DUPLICATED,1.0,1.0,1.0,1.0,1.0,0.010148763656616211
1263,1,Rows,Removal,1264,DUPLICATED,1.0,1.0,1.0,1.0,1.0,0.010148763656616211
1264,1,Rows,Removal,1265,DUPLICATED,1.0,1.0,1.0,1.0,1.0,0.010148763656616211
1265,1,Rows,Removal,1266,DUPLICATED,1.0,1.0,1.0,1.0,1.0,0.010148763656616211
1266,1,Rows,Removal,1267,DUPLICATED,1.0,1.0,1.0,1.0,1.0,0.010148763656616211
1267,1,Rows,Removal,1268,DUPLICATED,1.0,1.0,1.0,1.0,1.0,0.010148763656616211
1268,1,Rows,Removal,1269,DUPLICATED,1.0,1.0,1.0,1.0,1.0,0.010148763656616211
1269,1,Rows,Removal,1270,DUPLICATED,1.0,1.0,1.0,1.0,1.0,0.010148763656616211
1270,1,Rows,Removal,1271,DUPLICATED,1.0,1.0,1.0,1.0,1.0,0.010148763656616211
1271,1,Rows,Removal,1272,DUPLICATED,1.0,1.0,1.0,1.0,1.0,0.010148763656616211
1272,1,Rows,Removal,1273,DUPLICATED,1.0,1.0,1.0,1.0,1.0,0.010148763656616211
1273,1,Rows,Removal,1274,DUPLICATED,1.0,1.0,1.0,1.0,1.0,0.010148763656616211
1274,1,Rows,Removal,1275,DUPLICATED,1.0,1.0,1.0,1.0,1.0,0.010148763656616211
1275,1,Rows,Removal,1276,DUPLICATED,1.0,1.0,1.0,1.0,1.0,0.010148763656616211
1276,1,Rows,Removal,1277,DUPLICATED,1.0,1.0,1.0,1.0,1.0,0.010148763656616211
1277,1,Rows,Removal,1278,DUPLICATED,1.0,1.0,1.0,1.0,1.0,0.010148763656616211
1278,1,Rows,Removal,1279,DUPLICATED,1.0,1.0,1.0,1.0,1.0,0.010148763656616211
1279,1,Rows,Removal,1280,DUPLICATED,1.0,1.0,1.0,1.0,1.0,0.010148763656616211
1280,1,Rows,Removal,1281,DUPLICATED,1.0,1.0,1.0,1.0,1.0,0.010148763656616211
1281,1,Rows,Removal,1282,DUPLICATED,1.0,1.0,1.0,1.0,1.0,0.010148763656616211
1282,1,Rows,Removal,1283,DUPLICATED,1.0,1.0,1.0,1.0,1.0,0.010148763656616211
1283,1,Rows,Removal,1284,DUPLICATED,1.0,1.0,1.0,1.0,1.0,0.010148763656616211
1284,1,Rows,Removal,1285,DUPLICATED,1.0,1.0,1.0,1.0,1.0,0.010148763656616211
1285,1,Rows,Removal,1286,DUPLICATED,1.0,1.0,1.0,1.0,1.0,0.010148763656616211
1286,1,Rows,Removal,1287,DUPLICATED,1.0,1.0,1.0,1.0,1.0,0.010148763656616211
1287,1,Rows,Removal,1288,DUPLICATED,1.0,1.0,1.0,1.0,1.0,0.010148763656616211
1288,1,Rows,Removal,1289,DUPLICATED,1.0,1.0,1.0,1.0,1.0,0.010148763656616211
1289,1,Rows,Removal,1290,DUPLICATED,1.0,1.0,1.0,1.0,1.0,0.010148763656616211
1290,1,Rows,Removal,1291,DUPLICATED,1.0,1.0,1.0,1.0,1.0,0.010148763656616211
1291,1,Rows,Removal,1292,DUPLICATED,1.0,1.0,1.0,1.0,1.0,0.010148763656616211
1292,1,Rows,Removal,1293,DUPLICATED,1.0,1.0,1.0,1.0,1.0,0.010148763656616211
1293,1,Rows,Removal,1294,DUPLICATED,1.0,1.0,1.0,1.0,1.0,0.010148763656616211
1294,1,Rows,Removal,1295,DUPLICATED,1.0,1.0,1.0,1.0,1.0,0.010148763656616211
1295,1,Rows,Removal,1296,DUPLICATED,1.0,1.0,1.0,1.0,1.0,0.010148763656616211
1296,1,Rows,Removal,1297,DUPLICATED,1.0,1.0,1.0,1.0,1.0,0.010148763656616211
1297,1,Rows,Removal,1298,DUPLICATED,1.0,1.0,1.0,1.0,1.0,0.010148763656616211
1298,1,Rows,Removal,1299,DUPLICATED,1.0,1.0,1.0,1.0,1.0,0.010148763656616211
1299,1,Rows,Removal,1300,DUPLICATED,1.0,1.0,1.0,1.0,1.0,0.010148763656616211
1300,1,Rows,Removal,1301,DUPLICATED,1.0,1.0,1.0,1.0,1.0,0.010148763656616211
1301,1,Rows,Removal,1302,DUPLICATED,1.0,1.0,1.0,1.0,1.0,0.010148763656616211
1302,1,Rows,Removal,1303,DUPLICATED,1.0,1.0,1.0,1.0,1.0,0.010148763656616211
1303,1,Rows,Removal,1304,DUPLICATED,1.0,1.0,1.0,1.0,1.0,0.010148763656616211
1304,1,Rows,Removal,1305,DUPLICATED,1.0,1.0,1.0,1.0,1.0,0.010148763656616211
1305,1,Rows,Removal,1306,DUPLICATED,1.0,1.0,1.0,1.0,1.0,0.010148763656616211
1306,1,Rows,Removal,1307,DUPLICATED,1.0,1.0,1.0,1.0,1.0,0.010148763656616211
1307,1,Rows,Removal,1308,DUPLICATED,1.0,1.0,1.0,1.0,1.0,0.010148763656616211
1308,1,Rows,Removal,1309,DUPLICATED,1.0,1.0,1.0,1.0,1.0,0.010148763656616211
1309,1,Rows,Removal,1310,DUPLICATED,1.0,1.0,1.0,1.0,1.0,0.010148763656616211
1310,1,Rows,Removal,1311,DUPLICATED,1.0,1.0,1.0,1.0,1.0,0.010148763656616211
1311,1,Rows,Removal,1312,DUPLICATED,1.0,1.0,1.0,1.0,1.0,0.010148763656616211
1312,1,Rows,Removal,1313,DUPLICATED,1.0,1.0,1.0,1.0,1.0,0.010148763656616211
1313,1,Rows,Removal,1314,DUPLICATED,1.0,1.0,1.0,1.0,1.0,0.010148763656616211
1314,1,Rows,Removal,1315,DUPLICATED,1.0,1.0,1.0,1.0,1.0,0.010148763656616211
1315,1,Rows,Removal,1316,DUPLICATED,1.0,1.0,1.0,1.0,1.0,0.010148763656616211
1316,1,Rows,Removal,1317,DUPLICATED,1.0,1.0,1.0,1.0,1.0,0.010148763656616211
1317,1,Rows,Removal,1318,DUPLICATED,1.0,1.0,1.0,1.0,1.0,0.010148763656616211
1318,1,Rows,Removal,1319,DUPLICATED,1.0,1.0,1.0,1.0,1.0,0.010148763656616211
1319,1,Rows,Removal,1320,DUPLICATED,1.0,1.0,1.0,1.0,1.0,0.010148763656616211
1320,1,Rows,Removal,1321,DUPLICATED,1.0,1.0,1.0,1.0,1.0,0.010148763656616211
1321,1,Rows,Removal,1322,DUPLICATED,1.0,1.0,1.0,1.0,1.0,0.010148763656616211
1322,1,Rows,Removal,1323,DUPLICATED,1.0,1.0,1.0,1.0,1.0,0.010148763656616211
1323,1,Rows,Removal,1324,DUPLICATED,1.0,1.0,1.0,1.0,1.0,0.010148763656616211
1324,1,Rows,Removal,1325,DUPLICATED,1.0,1.0,1.0,1.0,1.0,0.010148763656616211
1325,1,Rows,Removal,1326,DUPLICATED,1.0,1.0,1.0,1.0,1.0,0.010148763656616211
1326,1,Rows,Removal,1327,DUPLICATED,1.0,1.0,1.0,1.0,1.0,0.010148763656616211
1327,1,Rows,Removal,1328,DUPLICATED,1.0,1.0,1.0,1.0,1.0,0.010148763656616211
1328,1,Rows,Removal,1329,DUPLICATED,1.0,1.0,1.0,1.0,1.0,0.010148763656616211
1329,1,Rows,Removal,1330,DUPLICATED,1.0,1.0,1.0,1.0,1.0,0.010148763656616211
1330,1,Rows,Removal,1331,DUPLICATED,1.0,1.0,1.0,1.0,1.0,0.010148763656616211
1331,1,Rows,Removal,1332,DUPLICATED,1.0,1.0,1.0,1.0,1.0,0.010148763656616211
1332,1,Rows,Removal,1333,DUPLICATED,1.0,1.0,1.0,1.0,1.0,0.010148763656616211
1333,1,Rows,Removal,1334,DUPLICATED,1.0,1.0,1.0,1.0,1.0,0.010148763656616211
1334,1,Rows,Removal,1335,DUPLICATED,1.0,1.0,1.0,1.0,1.0,0.010148763656616211
1335,1,Rows,Removal,1336,DUPLICATED,1.0,1.0,1.0,1.0,1.0,0.010148763656616211
1336,1,Rows,Removal,1337,DUPLICATED,1.0,1.0,1.0,1.0,1.0,0.010148763656616211
1337,1,Rows,Removal,1338,DUPLICATED,1.0,1.0,1.0,1.0,1.0,0.010148763656616211
1338,1,Rows,Removal,1339,DUPLICATED,1.0,1.0,1.0,1.0,1.0,0.010148763656616211
1339,1,Rows,Removal,1340,DUPLICATED,1.0,1.0,1.0,1.0,1.0,0.010148763656616211
1340,1,Rows,Removal,1341,DUPLICATED,1.0,1.0,1.0,1.0,1.0,0.010148763656616211
1341,1,Rows,Removal,1342,DUPLICATED,1.0,1.0,1.0,1.0,1.0,0.010148763656616211
1342,1,Rows,Removal,1343,DUPLICATED,1.0,1.0,1.0,1.0,1.0,0.010148763656616211
1343,1,Rows,Removal,1344,DUPLICATED,1.0,1.0,1.0,1.0,1.0,0.010148763656616211
1344,1,Rows,Removal,1345,DUPLICATED,1.0,1.0,1.0,1.0,1.0,0.010148763656616211
1345,1,Rows,Removal,1346,DUPLICATED,1.0,1.0,1.0,1.0,1.0,0.010148763656616211
1346,1,Rows,Removal,1347,DUPLICATED,1.0,1.0,1.0,1.0,1.0,0.010148763656616211
1347,1,Rows,Removal,1348,DUPLICATED,1.0,1.0,1.0,1.0,1.0,0.010148763656616211
1348,1,Rows,Removal,1349,DUPLICATED,1.0,1.0,1.0,1.0,1.0,0.010148763656616211
1349,1,Rows,Removal,1350,DUPLICATED,1.0,1.0,1.0,1.0,1.0,0.010148763656616211
1350,1,Rows,Removal,1351,DUPLICATED,1.0,1.0,1.0,1.0,1.0,0.010148763656616211
1351,1,Rows,Removal,1352,DUPLICATED,1.0,1.0,1.0,1.0,1.0,0.010148763656616211
1352,1,Rows,Removal,1353,DUPLICATED,1.0,1.0,1.0,1.0,1.0,0.010148763656616211
1353,1,Rows,Removal,1354,DUPLICATED,1.0,1.0,1.0,1.0,1.0,0.010148763656616211
1354,1,Rows,Removal,1355,DUPLICATED,1.0,1.0,1.0,1.0,1.0,0.010148763656616211
1355,1,Rows,Removal,1356,DUPLICATED,1.0,1.0,1.0,1.0,1.0,0.010148763656616211
1356,1,Rows,Removal,1357,DUPLICATED,1.0,1.0,1.0,1.0,1.0,0.010148763656616211
1357,1,Rows,Removal,1358,DUPLICATED,1.0,1.0,1.0,1.0,1.0,0.010148763656616211
1358,1,Rows,Removal,1359,DUPLICATED,1.0,1.0,1.0,1.0,1.0,0.010148763656616211
1359,1,Rows,Removal,1360,DUPLICATED,1.0,1.0,1.0,1.0,1.0,0.010148763656616211
1360,1,Rows,Removal,1361,DUPLICATED,1.0,1.0,1.0,1.0,1.0,0.010148763656616211
1361,1,Rows,Removal,1362,DUPLICATED,1.0,1.0,1.0,1.0,1.0,0.010148763656616211
1362,1,Rows,Removal,1363,DUPLICATED,1.0,1.0,1.0,1.0,1.0,0.010148763656616211
1363,1,Rows,Removal,1364,DUPLICATED,1.0,1.0,1.0,1.0,1.0,0.010148763656616211
1364,1,Rows,Removal,1365,DUPLICATED,1.0,1.0,1.0,1.0,1.0,0.010148763656616211
1365,1,Rows,Removal,1366,DUPLICATED,1.0,1.0,1.0,1.0,1.0,0.010148763656616211
1366,1,Rows,Removal,1367,DUPLICATED,1.0,1.0,1.0,1.0,1.0,0.010148763656616211
1367,1,Rows,Removal,1368,DUPLICATED,1.0,1.0,1.0,1.0,1.0,0.010148763656616211
1368,1,Rows,Removal,1369,DUPLICATED,1.0,1.0,1.0,1.0,1.0,0.010148763656616211
1369,1,Rows,Removal,1370,DUPLICATED,1.0,1.0,1.0,1.0,1.0,0.010148763656616211
1370,1,Rows,Removal,1371,DUPLICATED,1.0,1.0,1.0,1.0,1.0,0.010148763656616211
1371,1,Rows,Removal,1372,DUPLICATED,1.0,1.0,1.0,1.0,1.0,0.010148763656616211
1372,1,Rows,Removal,1373,DUPLICATED,1.0,1.0,1.0,1.0,1.0,0.010148763656616211
1373,1,Rows,Removal,1374,DUPLICATED,1.0,1.0,1.0,1.0,1.0,0.010148763656616211
1374,1,Rows,Removal,1375,DUPLICATED,1.0,1.0,1.0,1.0,1.0,0.010148763656616211
1375,1,Rows,Removal,1376,DUPLICATED,1.0,1.0,1.0,1.0,1.0,0.010148763656616211
1376,1,Rows,Removal,1377,DUPLICATED,1.0,1.0,1.0,1.0,1.0,0.010148763656616211
1377,1,Rows,Removal,1378,DUPLICATED,1.0,1.0,1.0,1.0,1.0,0.010148763656616211
1378,1,Rows,Removal,1379,DUPLICATED,1.0,1.0,1.0,1.0,1.0,0.010148763656616211
1379,1,Rows,Removal,1380,DUPLICATED,1.0,1.0,1.0,1.0,1.0,0.010148763656616211
1380,1,Rows,Removal,1381,DUPLICATED,1.0,1.0,1.0,1.0,1.0,0.010148763656616211
1381,1,Rows,Removal,1382,DUPLICATED,1.0,1.0,1.0,1.0,1.0,0.010148763656616211
1382,1,Rows,Removal,1383,DUPLICATED,1.0,1.0,1.0,1.0,1.0,0.010148763656616211
1383,1,Rows,Removal,1384,DUPLICATED,1.0,1.0,1.0,1.0,1.0,0.010148763656616211
1384,1,Rows,Removal,1385,DUPLICATED,1.0,1.0,1.0,1.0,1.0,0.010148763656616211
1385,1,Rows,Removal,1386,DUPLICATED,1.0,1.0,1.0,1.0,1.0,0.010148763656616211
1386,1,Rows,Removal,1387,DUPLICATED,1.0,1.0,1.0,1.0,1.0,0.010148763656616211
1387,1,Rows,Removal,1388,DUPLICATED,1.0,1.0,1.0,1.0,1.0,0.010148763656616211
1388,1,Rows,Removal,1389,DUPLICATED,1.0,1.0,1.0,1.0,1.0,0.010148763656616211
1389,1,Rows,Removal,1390,DUPLICATED,1.0,1.0,1.0,1.0,1.0,0.010148763656616211
1390,1,Rows,Removal,1391,DUPLICATED,1.0,1.0,1.0,1.0,1.0,0.010148763656616211
1391,1,Rows,Removal,1392,DUPLICATED,1.0,1.0,1.0,1.0,1.0,0.010148763656616211
1392,1,Rows,Removal,1393,DUPLICATED,1.0,1.0,1.0,1.0,1.0,0.010148763656616211
1393,1,Rows,Removal,1394,DUPLICATED,1.0,1.0,1.0,1.0,1.0,0.010148763656616211
1394,1,Rows,Removal,1395,DUPLICATED,1.0,1.0,1.0,1.0,1.0,0.010148763656616211
1395,1,Rows,Removal,1396,DUPLICATED,1.0,1.0,1.0,1.0,1.0,0.010148763656616211
1396,1,Rows,Removal,1397,DUPLICATED,1.0,1.0,1.0,1.0,1.0,0.010148763656616211
1397,1,Rows,Removal,1398,DUPLICATED,1.0,1.0,1.0,1.0,1.0,0.010148763656616211
1398,1,Rows,Removal,1399,DUPLICATED,1.0,1.0,1.0,1.0,1.0,0.010148763656616211
1399,1,Rows,Removal,1400,DUPLICATED,1.0,1.0,1.0,1.0,1.0,0.010148763656616211
1400,1,Rows,Removal,1401,DUPLICATED,1.0,1.0,1.0,1.0,1.0,0.010148763656616211
1401,1,Rows,Removal,1402,DUPLICATED,1.0,1.0,1.0,1.0,1.0,0.010148763656616211
1402,1,Rows,Removal,1403,DUPLICATED,1.0,1.0,1.0,1.0,1.0,0.010148763656616211
1403,1,Rows,Removal,1404,DUPLICATED,1.0,1.0,1.0,1.0,1.0,0.010148763656616211
1404,1,Rows,Removal,1405,DUPLICATED,1.0,1.0,1.0,1.0,1.0,0.010148763656616211
1405,1,Rows,Removal,1406,DUPLICATED,1.0,1.0,1.0,1.0,1.0,0.010148763656616211
1406,1,Rows,Removal,1407,DUPLICATED,1.0,1.0,1.0,1.0,1.0,0.010148763656616211
1407,1,Rows,Removal,1408,DUPLICATED,1.0,1.0,1.0,1.0,1.0,0.010148763656616211
1408,1,Rows,Removal,1409,DUPLICATED,1.0,1.0,1.0,1.0,1.0,0.010148763656616211
1409,1,Rows,Removal,1410,DUPLICATED,1.0,1.0,1.0,1.0,1.0,0.010148763656616211
1410,1,Rows,Removal,1411,DUPLICATED,1.0,1.0,1.0,1.0,1.0,0.010148763656616211
1411,1,Rows,Removal,1412,DUPLICATED,1.0,1.0,1.0,1.0,1.0,0.010148763656616211
1412,1,Rows,Removal,1413,DUPLICATED,1.0,1.0,1.0,1.0,1.0,0.010148763656616211
1413,1,Rows,Removal,1414,DUPLICATED,1.0,1.0,1.0,1.0,1.0,0.010148763656616211
1414,1,Rows,Removal,1415,DUPLICATED,1.0,1.0,1.0,1.0,1.0,0.010148763656616211
1415,1,Rows,Removal,1416,DUPLICATED,1.0,1.0,1.0,1.0,1.0,0.010148763656616211
1416,1,Rows,Removal,1417,DUPLICATED,1.0,1.0,1.0,1.0,1.0,0.010148763656616211
1417,1,Rows,Removal,1418,DUPLICATED,1.0,1.0,1.0,1.0,1.0,0.010148763656616211
1418,1,Rows,Removal,1419,DUPLICATED,1.0,1.0,1.0,1.0,1.0,0.010148763656616211
1419,1,Rows,Removal,1420,DUPLICATED,1.0,1.0,1.0,1.0,1.0,0.010148763656616211
1420,1,Rows,Removal,1421,DUPLICATED,1.0,1.0,1.0,1.0,1.0,0.010148763656616211
1421,1,Rows,Removal,1422,DUPLICATED,1.0,1.0,1.0,1.0,1.0,0.010148763656616211
1422,1,Rows,Removal,1423,DUPLICATED,1.0,1.0,1.0,1.0,1.0,0.010148763656616211
1423,1,Rows,Removal,1424,DUPLICATED,1.0,1.0,1.0,1.0,1.0,0.010148763656616211
1424,1,Rows,Removal,1425,DUPLICATED,1.0,1.0,1.0,1.0,1.0,0.010148763656616211
1425,1,Rows,Removal,1426,DUPLICATED,1.0,1.0,1.0,1.0,1.0,0.010148763656616211
1426,1,Rows,Removal,1427,DUPLICATED,1.0,1.0,1.0,1.0,1.0,0.010148763656616211
1427,1,Rows,Removal,1428,DUPLICATED,1.0,1.0,1.0,1.0,1.0,0.010148763656616211
1428,1,Rows,Removal,1429,DUPLICATED,1.0,1.0,1.0,1.0,1.0,0.010148763656616211
1429,1,Rows,Removal,1430,DUPLICATED,1.0,1.0,1.0,1.0,1.0,0.010148763656616211
1430,1,Rows,Removal,1431,DUPLICATED,1.0,1.0,1.0,1.0,1.0,0.010148763656616211
1431,1,Rows,Removal,1432,DUPLICATED,1.0,1.0,1.0,1.0,1.0,0.010148763656616211
1432,1,Rows,Removal,1433,DUPLICATED,1.0,1.0,1.0,1.0,1.0,0.010148763656616211
1433,1,Rows,Removal,1434,DUPLICATED,1.0,1.0,1.0,1.0,1.0,0.010148763656616211
1434,1,Rows,Removal,1435,DUPLICATED,1.0,1.0,1.0,1.0,1.0,0.010148763656616211
1435,1,Rows,Removal,1436,DUPLICATED,1.0,1.0,1.0,1.0,1.0,0.010148763656616211
1436,1,Rows,Removal,1437,DUPLICATED,1.0,1.0,1.0,1.0,1.0,0.010148763656616211
1437,1,Rows,Removal,1438,DUPLICATED,1.0,1.0,1.0,1.0,1.0,0.010148763656616211
1438,1,Rows,Removal,1439,DUPLICATED,1.0,1.0,1.0,1.0,1.0,0.010148763656616211
1439,1,Rows,Removal,1440,DUPLICATED,1.0,1.0,1.0,1.0,1.0,0.010148763656616211
1440,1,Rows,Removal,1441,DUPLICATED,1.0,1.0,1.0,1.0,1.0,0.010148763656616211
1441,1,Rows,Removal,1442,DUPLICATED,1.0,1.0,1.0,1.0,1.0,0.010148763656616211
1442,1,Rows,Removal,1443,DUPLICATED,1.0,1.0,1.0,1.0,1.0,0.010148763656616211
1443,1,Rows,Removal,1444,DUPLICATED,1.0,1.0,1.0,1.0,1.0,0.010148763656616211
1444,1,Rows,Removal,1445,DUPLICATED,1.0,1.0,1.0,1.0,1.0,0.010148763656616211
1445,1,Rows,Removal,1446,DUPLICATED,1.0,1.0,1.0,1.0,1.0,0.010148763656616211
1446,1,Rows,Removal,1447,DUPLICATED,1.0,1.0,1.0,1.0,1.0,0.010148763656616211
1447,1,Rows,Removal,1448,DUPLICATED,1.0,1.0,1.0,1.0,1.0,0.010148763656616211
1448,1,Rows,Removal,1449,DUPLICATED,1.0,1.0,1.0,1.0,1.0,0.010148763656616211
1449,1,Rows,Removal,1450,DUPLICATED,1.0,1.0,1.0,1.0,1.0,0.010148763656616211
1450,1,Rows,Removal,1451,DUPLICATED,1.0,1.0,1.0,1.0,1.0,0.010148763656616211
1451,1,Rows,Removal,1452,DUPLICATED,1.0,1.0,1.0,1.0,1.0,0.010148763656616211
1452,1,Rows,Removal,1453,DUPLICATED,1.0,1.0,1.0,1.0,1.0,0.010148763656616211
1453,1,Rows,Removal,1454,DUPLICATED,1.0,1.0,1.0,1.0,1.0,0.010148763656616211
1454,1,Rows,Removal,1455,DUPLICATED,1.0,1.0,1.0,1.0,1.0,0.010148763656616211
1455,1,Rows,Removal,1456,DUPLICATED,1.0,1.0,1.0,1.0,1.0,0.010148763656616211
1456,1,Rows,Removal,1457,DUPLICATED,1.0,1.0,1.0,1.0,1.0,0.010148763656616211
1457,1,Rows,Removal,1458,DUPLICATED,1.0,1.0,1.0,1.0,1.0,0.010148763656616211
1458,1,Rows,Removal,1459,DUPLICATED,1.0,1.0,1.0,1.0,1.0,0.010148763656616211
1459,1,Rows,Removal,1460,DUPLICATED,1.0,1.0,1.0,1.0,1.0,0.010148763656616211
1460,1,Rows,Removal,1461,DUPLICATED,1.0,1.0,1.0,1.0,1.0,0.010148763656616211
1461,1,Rows,Removal,1462,DUPLICATED,1.0,1.0,1.0,1.0,1.0,0.010148763656616211
1462,1,Rows,Removal,1463,DUPLICATED,1.0,1.0,1.0,1.0,1.0,0.010148763656616211
1463,1,Rows,Removal,1464,DUPLICATED,1.0,1.0,1.0,1.0,1.0,0.010148763656616211
1464,1,Rows,Removal,1465,DUPLICATED,1.0,1.0,1.0,1.0,1.0,0.010148763656616211
1465,1,Rows,Removal,1466,DUPLICATED,1.0,1.0,1.0,1.0,1.0,0.010148763656616211
1466,1,Rows,Removal,1467,DUPLICATED,1.0,1.0,1.0,1.0,1.0,0.010148763656616211
1467,1,Rows,Removal,1468,DUPLICATED,1.0,1.0,1.0,1.0,1.0,0.010148763656616211
1468,1,Rows,Removal,1469,DUPLICATED,1.0,1.0,1.0,1.0,1.0,0.010148763656616211
1469,1,Rows,Removal,1470,DUPLICATED,1.0,1.0,1.0,1.0,1.0,0.010148763656616211
1470,1,Rows,Removal,1471,DUPLICATED,1.0,1.0,1.0,1.0,1.0,0.010148763656616211
1471,1,Rows,Removal,1472,DUPLICATED,1.0,1.0,1.0,1.0,1.0,0.010148763656616211
1472,1,Rows,Removal,1473,DUPLICATED,1.0,1.0,1.0,1.0,1.0,0.010148763656616211
1473,1,Rows,Removal,1474,DUPLICATED,1.0,1.0,1.0,1.0,1.0,0.010148763656616211
1474,1,Rows,Removal,1475,DUPLICATED,1.0,1.0,1.0,1.0,1.0,0.010148763656616211
1475,1,Rows,Removal,1476,DUPLICATED,1.0,1.0,1.0,1.0,1.0,0.010148763656616211
1476,1,Rows,Removal,1477,DUPLICATED,1.0,1.0,1.0,1.0,1.0,0.010148763656616211
1477,1,Rows,Removal,1478,DUPLICATED,1.0,1.0,1.0,1.0,1.0,0.010148763656616211
1478,1,Rows,Removal,1479,DUPLICATED,1.0,1.0,1.0,1.0,1.0,0.010148763656616211
1479,1,Rows,Removal,1480,DUPLICATED,1.0,1.0,1.0,1.0,1.0,0.010148763656616211
1480,1,Rows,Removal,1481,DUPLICATED,1.0,1.0,1.0,1.0,1.0,0.010148763656616211
1481,1,Rows,Removal,1482,DUPLICATED,1.0,1.0,1.0,1.0,1.0,0.010148763656616211
1482,1,Rows,Removal,1483,DUPLICATED,1.0,1.0,1.0,1.0,1.0,0.010148763656616211
1483,1,Rows,Removal,1484,DUPLICATED,1.0,1.0,1.0,1.0,1.0,0.010148763656616211
1484,1,Rows,Removal,1485,DUPLICATED,1.0,1.0,1.0,1.0,1.0,0.010148763656616211
1485,1,Rows,Removal,1486,DUPLICATED,1.0,1.0,1.0,1.0,1.0,0.010148763656616211
1486,1,Rows,Removal,1487,DUPLICATED,1.0,1.0,1.0,1.0,1.0,0.010148763656616211
1487,1,Rows,Removal,1488,DUPLICATED,1.0,1.0,1.0,1.0,1.0,0.010148763656616211
1488,1,Rows,Removal,1489,DUPLICATED,1.0,1.0,1.0,1.0,1.0,0.010148763656616211
1489,1,Rows,Removal,1490,DUPLICATED,1.0,1.0,1.0,1.0,1.0,0.010148763656616211
1490,1,Rows,Removal,1491,DUPLICATED,1.0,1.0,1.0,1.0,1.0,0.010148763656616211
1491,1,Rows,Removal,1492,DUPLICATED,1.0,1.0,1.0,1.0,1.0,0.010148763656616211
1492,1,Rows,Removal,1493,DUPLICATED,1.0,1.0,1.0,1.0,1.0,0.010148763656616211
1493,1,Rows,Removal,1494,DUPLICATED,1.0,1.0,1.0,1.0,1.0,0.010148763656616211
1494,1,Rows,Removal,1495,DUPLICATED,1.0,1.0,1.0,1.0,1.0,0.010148763656616211
1495,1,Rows,Removal,1496,DUPLICATED,1.0,1.0,1.0,1.0,1.0,0.010148763656616211
1496,1,Rows,Removal,1497,DUPLICATED,1.0,1.0,1.0,1.0,1.0,0.010148763656616211
1497,1,Rows,Removal,1498,DUPLICATED,1.0,1.0,1.0,1.0,1.0,0.010148763656616211
1498,1,Rows,Removal,1499,DUPLICATED,1.0,1.0,1.0,1.0,1.0,0.010148763656616211
1499,1,Rows,Removal,1500,DUPLICATED,1.0,1.0,1.0,1.0,1.0,0.010148763656616211
1500,1,Rows,Removal,1501,DUPLICATED,1.0,1.0,1.0,1.0,1.0,0.010148763656616211
1501,1,Rows,Removal,1502,DUPLICATED,1.0,1.0,1.0,1.0,1.0,0.010148763656616211
1502,1,Rows,Removal,1503,DUPLICATED,1.0,1.0,1.0,1.0,1.0,0.010148763656616211
1503,1,Rows,Removal,1504,DUPLICATED,1.0,1.0,1.0,1.0,1.0,0.010148763656616211
1504,1,Rows,Removal,1505,DUPLICATED,1.0,1.0,1.0,1.0,1.0,0.010148763656616211
1505,1,Rows,Removal,1506,DUPLICATED,1.0,1.0,1.0,1.0,1.0,0.010148763656616211
1506,1,Rows,Removal,1507,DUPLICATED,1.0,1.0,1.0,1.0,1.0,0.010148763656616211
1507,1,Rows,Removal,1508,DUPLICATED,1.0,1.0,1.0,1.0,1.0,0.010148763656616211
1508,1,Rows,Removal,1509,DUPLICATED,1.0,1.0,1.0,1.0,1.0,0.010148763656616211
1509,1,Rows,Removal,1510,DUPLICATED,1.0,1.0,1.0,1.0,1.0,0.010148763656616211
1510,1,Rows,Removal,1511,DUPLICATED,1.0,1.0,1.0,1.0,1.0,0.010148763656616211
1511,1,Rows,Removal,1512,DUPLICATED,1.0,1.0,1.0,1.0,1.0,0.010148763656616211
1512,1,Rows,Removal,1513,DUPLICATED,1.0,1.0,1.0,1.0,1.0,0.010148763656616211
1513,1,Rows,Removal,1514,DUPLICATED,1.0,1.0,1.0,1.0,1.0,0.010148763656616211
1514,1,Rows,Removal,1515,DUPLICATED,1.0,1.0,1.0,1.0,1.0,0.010148763656616211
1515,1,Rows,Removal,1516,DUPLICATED,1.0,1.0,1.0,1.0,1.0,0.010148763656616211
1516,1,Rows,Removal,1517,DUPLICATED,1.0,1.0,1.0,1.0,1.0,0.010148763656616211
1517,1,Rows,Removal,1518,DUPLICATED,1.0,1.0,1.0,1.0,1.0,0.010148763656616211
1518,1,Rows,Removal,1519,DUPLICATED,1.0,1.0,1.0,1.0,1.0,0.010148763656616211
1519,1,Rows,Removal,1520,DUPLICATED,1.0,1.0,1.0,1.0,1.0,0.010148763656616211
1520,1,Rows,Removal,1521,DUPLICATED,1.0,1.0,1.0,1.0,1.0,0.010148763656616211
1521,1,Rows,Removal,1522,DUPLICATED,1.0,1.0,1.0,1.0,1.0,0.010148763656616211
1522,1,Rows,Removal,1523,DUPLICATED,1.0,1.0,1.0,1.0,1.0,0.010148763656616211
1523,1,Rows,Removal,1524,DUPLICATED,1.0,1.0,1.0,1.0,1.0,0.010148763656616211
1524,1,Rows,Removal,1525,DUPLICATED,1.0,1.0,1.0,1.0,1.0,0.010148763656616211
1525,1,Rows,Removal,1526,DUPLICATED,1.0,1.0,1.0,1.0,1.0,0.010148763656616211
1526,1,Rows,Removal,1527,DUPLICATED,1.0,1.0,1.0,1.0,1.0,0.010148763656616211
1527,1,Rows,Removal,1528,DUPLICATED,1.0,1.0,1.0,1.0,1.0,0.010148763656616211
1528,1,Rows,Removal,1529,DUPLICATED,1.0,1.0,1.0,1.0,1.0,0.010148763656616211
1529,1,Rows,Removal,1530,DUPLICATED,1.0,1.0,1.0,1.0,1.0,0.010148763656616211
1530,1,Rows,Removal,1531,DUPLICATED,1.0,1.0,1.0,1.0,1.0,0.010148763656616211
1531,1,Rows,Removal,1532,DUPLICATED,1.0,1.0,1.0,1.0,1.0,0.010148763656616211
1532,1,Rows,Removal,1533,DUPLICATED,1.0,1.0,1.0,1.0,1.0,0.010148763656616211
1533,1,Rows,Removal,1534,DUPLICATED,1.0,1.0,1.0,1.0,1.0,0.010148763656616211
1534,1,Rows,Removal,1535,DUPLICATED,1.0,1.0,1.0,1.0,1.0,0.010148763656616211
1535,1,Rows,Removal,1536,DUPLICATED,1.0,1.0,1.0,1.0,1.0,0.010148763656616211
1536,1,Rows,Removal,1537,DUPLICATED,1.0,1.0,1.0,1.0,1.0,0.010148763656616211
1537,1,Rows,Removal,1538,DUPLICATED,1.0,1.0,1.0,1.0,1.0,0.010148763656616211
1538,1,Rows,Removal,1539,DUPLICATED,1.0,1.0,1.0,1.0,1.0,0.010148763656616211
1539,1,Rows,Removal,1540,DUPLICATED,1.0,1.0,1.0,1.0,1.0,0.010148763656616211
1540,1,Rows,Removal,1541,DUPLICATED,1.0,1.0,1.0,1.0,1.0,0.010148763656616211
1541,1,Rows,Removal,1542,DUPLICATED,1.0,1.0,1.0,1.0,1.0,0.010148763656616211
1542,1,Rows,Removal,1543,DUPLICATED,1.0,1.0,1.0,1.0,1.0,0.010148763656616211
1543,1,Rows,Removal,1544,DUPLICATED,1.0,1.0,1.0,1.0,1.0,0.010148763656616211
1544,1,Rows,Removal,1545,DUPLICATED,1.0,1.0,1.0,1.0,1.0,0.010148763656616211
1545,1,Rows,Removal,1546,DUPLICATED,1.0,1.0,1.0,1.0,1.0,0.010148763656616211
1546,1,Rows,Removal,1547,DUPLICATED,1.0,1.0,1.0,1.0,1.0,0.010148763656616211
1547,1,Rows,Removal,1548,DUPLICATED,1.0,1.0,1.0,1.0,1.0,0.010148763656616211
1548,1,Rows,Removal,1549,DUPLICATED,1.0,1.0,1.0,1.0,1.0,0.010148763656616211
1549,1,Rows,Removal,1550,DUPLICATED,1.0,1.0,1.0,1.0,1.0,0.010148763656616211
1550,1,Rows,Removal,1551,DUPLICATED,1.0,1.0,1.0,1.0,1.0,0.010148763656616211
1551,1,Rows,Removal,1552,DUPLICATED,1.0,1.0,1.0,1.0,1.0,0.010148763656616211
1552,1,Rows,Removal,1553,DUPLICATED,1.0,1.0,1.0,1.0,1.0,0.010148763656616211
1553,1,Rows,Removal,1554,DUPLICATED,1.0,1.0,1.0,1.0,1.0,0.010148763656616211
1554,1,Rows,Removal,1555,DUPLICATED,1.0,1.0,1.0,1.0,1.0,0.010148763656616211
1555,1,Rows,Removal,1556,DUPLICATED,1.0,1.0,1.0,1.0,1.0,0.010148763656616211
1556,1,Rows,Removal,1557,DUPLICATED,1.0,1.0,1.0,1.0,1.0,0.010148763656616211
1557,1,Rows,Removal,1558,DUPLICATED,1.0,1.0,1.0,1.0,1.0,0.010148763656616211
1558,1,Rows,Removal,1559,DUPLICATED,1.0,1.0,1.0,1.0,1.0,0.010148763656616211
1559,1,Rows,Removal,1560,DUPLICATED,1.0,1.0,1.0,1.0,1.0,0.010148763656616211
1560,1,Rows,Removal,1561,DUPLICATED,1.0,1.0,1.0,1.0,1.0,0.010148763656616211
1561,1,Rows,Removal,1562,DUPLICATED,1.0,1.0,1.0,1.0,1.0,0.010148763656616211
1562,1,Rows,Removal,1563,DUPLICATED,1.0,1.0,1.0,1.0,1.0,0.010148763656616211
1563,1,Rows,Removal,1564,DUPLICATED,1.0,1.0,1.0,1.0,1.0,0.010148763656616211
1564,1,Rows,Removal,1565,DUPLICATED,1.0,1.0,1.0,1.0,1.0,0.010148763656616211
1565,1,Rows,Removal,1566,DUPLICATED,1.0,1.0,1.0,1.0,1.0,0.010148763656616211
1566,1,Rows,Removal,1567,DUPLICATED,1.0,1.0,1.0,1.0,1.0,0.010148763656616211
1567,1,Rows,Removal,1568,DUPLICATED,1.0,1.0,1.0,1.0,1.0,0.010148763656616211
1568,1,Rows,Removal,1569,DUPLICATED,1.0,1.0,1.0,1.0,1.0,0.010148763656616211
1569,1,Rows,Removal,1570,DUPLICATED,1.0,1.0,1.0,1.0,1.0,0.010148763656616211
1570,1,Rows,Removal,1571,DUPLICATED,1.0,1.0,1.0,1.0,1.0,0.010148763656616211
1571,1,Rows,Removal,1572,DUPLICATED,1.0,1.0,1.0,1.0,1.0,0.010148763656616211
1572,1,Rows,Removal,1573,DUPLICATED,1.0,1.0,1.0,1.0,1.0,0.010148763656616211
1573,1,Rows,Removal,1574,DUPLICATED,1.0,1.0,1.0,1.0,1.0,0.010148763656616211
1574,1,Rows,Removal,1575,DUPLICATED,1.0,1.0,1.0,1.0,1.0,0.010148763656616211
1575,1,Rows,Removal,1576,DUPLICATED,1.0,1.0,1.0,1.0,1.0,0.010148763656616211
1576,1,Rows,Removal,1577,DUPLICATED,1.0,1.0,1.0,1.0,1.0,0.010148763656616211
1577,1,Rows,Removal,1578,DUPLICATED,1.0,1.0,1.0,1.0,1.0,0.010148763656616211
1578,1,Rows,Removal,1579,DUPLICATED,1.0,1.0,1.0,1.0,1.0,0.010148763656616211
1579,1,Rows,Removal,1580,DUPLICATED,1.0,1.0,1.0,1.0,1.0,0.010148763656616211
1580,1,Rows,Removal,1581,DUPLICATED,1.0,1.0,1.0,1.0,1.0,0.010148763656616211
1581,1,Rows,Removal,1582,DUPLICATED,1.0,1.0,1.0,1.0,1.0,0.010148763656616211
1582,1,Rows,Removal,1583,DUPLICATED,1.0,1.0,1.0,1.0,1.0,0.010148763656616211
1583,1,Rows,Removal,1584,DUPLICATED,1.0,1.0,1.0,1.0,1.0,0.010148763656616211
1584,1,Rows,Removal,1585,DUPLICATED,1.0,1.0,1.0,1.0,1.0,0.010148763656616211
1585,1,Rows,Removal,1586,DUPLICATED,1.0,1.0,1.0,1.0,1.0,0.010148763656616211
1586,1,Rows,Removal,1587,DUPLICATED,1.0,1.0,1.0,1.0,1.0,0.010148763656616211
1587,1,Rows,Removal,1588,DUPLICATED,1.0,1.0,1.0,1.0,1.0,0.010148763656616211
1588,1,Rows,Removal,1589,DUPLICATED,1.0,1.0,1.0,1.0,1.0,0.010148763656616211
1589,1,Rows,Removal,1590,DUPLICATED,1.0,1.0,1.0,1.0,1.0,0.010148763656616211
1590,1,Rows,Removal,1591,DUPLICATED,1.0,1.0,1.0,1.0,1.0,0.010148763656616211
1591,1,Rows,Removal,1592,DUPLICATED,1.0,1.0,1.0,1.0,1.0,0.010148763656616211
1592,1,Rows,Removal,1593,DUPLICATED,1.0,1.0,1.0,1.0,1.0,0.010148763656616211
1593,1,Rows,Removal,1594,DUPLICATED,1.0,1.0,1.0,1.0,1.0,0.010148763656616211
1594,1,Rows,Removal,1595,DUPLICATED,1.0,1.0,1.0,1.0,1.0,0.010148763656616211
1595,1,Rows,Removal,1596,DUPLICATED,1.0,1.0,1.0,1.0,1.0,0.010148763656616211
1596,1,Rows,Removal,1597,DUPLICATED,1.0,1.0,1.0,1.0,1.0,0.010148763656616211
1597,1,Rows,Removal,1598,DUPLICATED,1.0,1.0,1.0,1.0,1.0,0.010148763656616211
1598,1,Rows,Removal,1599,DUPLICATED,1.0,1.0,1.0,1.0,1.0,0.010148763656616211
1599,1,Rows,Removal,1600,DUPLICATED,1.0,1.0,1.0,1.0,1.0,0.010148763656616211
1600,1,Rows,Removal,1601,DUPLICATED,1.0,1.0,1.0,1.0,1.0,0.010148763656616211
1601,1,Rows,Removal,1602,DUPLICATED,1.0,1.0,1.0,1.0,1.0,0.010148763656616211
1602,1,Rows,Removal,1603,DUPLICATED,1.0,1.0,1.0,1.0,1.0,0.010148763656616211
1603,1,Rows,Removal,1604,DUPLICATED,1.0,1.0,1.0,1.0,1.0,0.010148763656616211
1604,1,Rows,Removal,1605,DUPLICATED,1.0,1.0,1.0,1.0,1.0,0.010148763656616211
1605,1,Rows,Removal,1606,DUPLICATED,1.0,1.0,1.0,1.0,1.0,0.010148763656616211
1606,1,Rows,Removal,1607,DUPLICATED,1.0,1.0,1.0,1.0,1.0,0.010148763656616211
1607,1,Rows,Removal,1608,DUPLICATED,1.0,1.0,1.0,1.0,1.0,0.010148763656616211
1608,1,Rows,Removal,1609,DUPLICATED,1.0,1.0,1.0,1.0,1.0,0.010148763656616211
1609,1,Rows,Removal,1610,DUPLICATED,1.0,1.0,1.0,1.0,1.0,0.010148763656616211
1610,1,Rows,Removal,1611,DUPLICATED,1.0,1.0,1.0,1.0,1.0,0.010148763656616211
1611,1,Rows,Removal,1612,DUPLICATED,1.0,1.0,1.0,1.0,1.0,0.010148763656616211
1612,1,Rows,Removal,1613,DUPLICATED,1.0,1.0,1.0,1.0,1.0,0.010148763656616211
1613,1,Rows,Removal,1614,DUPLICATED,1.0,1.0,1.0,1.0,1.0,0.010148763656616211
1614,1,Rows,Removal,1615,DUPLICATED,1.0,1.0,1.0,1.0,1.0,0.010148763656616211
1615,1,Rows,Removal,1616,DUPLICATED,1.0,1.0,1.0,1.0,1.0,0.010148763656616211
1616,1,Rows,Removal,1617,DUPLICATED,1.0,1.0,1.0,1.0,1.0,0.010148763656616211
1617,1,Rows,Removal,1618,DUPLICATED,1.0,1.0,1.0,1.0,1.0,0.010148763656616211
1618,1,Rows,Removal,1619,DUPLICATED,1.0,1.0,1.0,1.0,1.0,0.010148763656616211
1619,1,Rows,Removal,1620,DUPLICATED,1.0,1.0,1.0,1.0,1.0,0.010148763656616211
1620,1,Rows,Removal,1621,DUPLICATED,1.0,1.0,1.0,1.0,1.0,0.010148763656616211
1621,1,Rows,Removal,1622,DUPLICATED,1.0,1.0,1.0,1.0,1.0,0.010148763656616211
1622,1,Rows,Removal,1623,DUPLICATED,1.0,1.0,1.0,1.0,1.0,0.010148763656616211
1623,1,Rows,Removal,1624,DUPLICATED,1.0,1.0,1.0,1.0,1.0,0.010148763656616211
1624,1,Rows,Removal,1625,DUPLICATED,1.0,1.0,1.0,1.0,1.0,0.010148763656616211
1625,1,Rows,Removal,1626,DUPLICATED,1.0,1.0,1.0,1.0,1.0,0.010148763656616211
1626,1,Rows,Removal,1627,DUPLICATED,1.0,1.0,1.0,1.0,1.0,0.010148763656616211
1627,1,Rows,Removal,1628,DUPLICATED,1.0,1.0,1.0,1.0,1.0,0.010148763656616211
1628,1,Rows,Removal,1629,DUPLICATED,1.0,1.0,1.0,1.0,1.0,0.010148763656616211
1629,1,Rows,Removal,1630,DUPLICATED,1.0,1.0,1.0,1.0,1.0,0.010148763656616211
1630,1,Rows,Removal,1631,DUPLICATED,1.0,1.0,1.0,1.0,1.0,0.010148763656616211
1631,1,Rows,Removal,1632,DUPLICATED,1.0,1.0,1.0,1.0,1.0,0.010148763656616211
1632,1,Rows,Removal,1633,DUPLICATED,1.0,1.0,1.0,1.0,1.0,0.010148763656616211
1633,1,Rows,Removal,1634,DUPLICATED,1.0,1.0,1.0,1.0,1.0,0.010148763656616211
1634,1,Rows,Removal,1635,DUPLICATED,1.0,1.0,1.0,1.0,1.0,0.010148763656616211
1635,1,Rows,Removal,1636,DUPLICATED,1.0,1.0,1.0,1.0,1.0,0.010148763656616211
1636,1,Rows,Removal,1637,DUPLICATED,1.0,1.0,1.0,1.0,1.0,0.010148763656616211
1637,1,Rows,Removal,1638,DUPLICATED,1.0,1.0,1.0,1.0,1.0,0.010148763656616211
1638,1,Rows,Removal,1639,DUPLICATED,1.0,1.0,1.0,1.0,1.0,0.010148763656616211
1639,1,Rows,Removal,1640,DUPLICATED,1.0,1.0,1.0,1.0,1.0,0.010148763656616211
1640,1,Rows,Removal,1641,DUPLICATED,1.0,1.0,1.0,1.0,1.0,0.010148763656616211
1641,1,Rows,Removal,1642,DUPLICATED,1.0,1.0,1.0,1.0,1.0,0.010148763656616211
1642,1,Rows,Removal,1643,DUPLICATED,1.0,1.0,1.0,1.0,1.0,0.010148763656616211
1643,1,Rows,Removal,1644,DUPLICATED,1.0,1.0,1.0,1.0,1.0,0.010148763656616211
1644,1,Rows,Removal,1645,DUPLICATED,1.0,1.0,1.0,1.0,1.0,0.010148763656616211
1645,1,Rows,Removal,1646,DUPLICATED,1.0,1.0,1.0,1.0,1.0,0.010148763656616211
1646,1,Rows,Removal,1647,DUPLICATED,1.0,1.0,1.0,1.0,1.0,0.010148763656616211
1647,1,Rows,Removal,1648,DUPLICATED,1.0,1.0,1.0,1.0,1.0,0.010148763656616211
1648,1,Rows,Removal,1649,DUPLICATED,1.0,1.0,1.0,1.0,1.0,0.010148763656616211
1649,1,Rows,Removal,1650,DUPLICATED,1.0,1.0,1.0,1.0,1.0,0.010148763656616211
1650,1,Rows,Removal,1651,DUPLICATED,1.0,1.0,1.0,1.0,1.0,0.010148763656616211
1651,1,Rows,Removal,1652,DUPLICATED,1.0,1.0,1.0,1.0,1.0,0.010148763656616211
1652,1,Rows,Removal,1653,DUPLICATED,1.0,1.0,1.0,1.0,1.0,0.010148763656616211
1653,1,Rows,Removal,1654,DUPLICATED,1.0,1.0,1.0,1.0,1.0,0.010148763656616211
1654,1,Rows,Removal,1655,DUPLICATED,1.0,1.0,1.0,1.0,1.0,0.010148763656616211
1655,1,Rows,Removal,1656,DUPLICATED,1.0,1.0,1.0,1.0,1.0,0.010148763656616211
1656,1,Rows,Removal,1657,DUPLICATED,1.0,1.0,1.0,1.0,1.0,0.010148763656616211
1657,1,Rows,Removal,1658,DUPLICATED,1.0,1.0,1.0,1.0,1.0,0.010148763656616211
1658,1,Rows,Removal,1659,DUPLICATED,1.0,1.0,1.0,1.0,1.0,0.010148763656616211
1659,1,Rows,Removal,1660,DUPLICATED,1.0,1.0,1.0,1.0,1.0,0.010148763656616211
1660,1,Rows,Removal,1661,DUPLICATED,1.0,1.0,1.0,1.0,1.0,0.010148763656616211
1661,1,Rows,Removal,1662,DUPLICATED,1.0,1.0,1.0,1.0,1.0,0.010148763656616211
1662,1,Rows,Removal,1663,DUPLICATED,1.0,1.0,1.0,1.0,1.0,0.010148763656616211
1663,1,Rows,Removal,1664,DUPLICATED,1.0,1.0,1.0,1.0,1.0,0.010148763656616211
1664,1,Rows,Removal,1665,DUPLICATED,1.0,1.0,1.0,1.0,1.0,0.010148763656616211
1665,1,Rows,Removal,1666,DUPLICATED,1.0,1.0,1.0,1.0,1.0,0.010148763656616211
1666,1,Rows,Removal,1667,DUPLICATED,1.0,1.0,1.0,1.0,1.0,0.010148763656616211
1667,1,Rows,Removal,1668,DUPLICATED,1.0,1.0,1.0,1.0,1.0,0.010148763656616211
1668,1,Rows,Removal,1669,DUPLICATED,1.0,1.0,1.0,1.0,1.0,0.010148763656616211
1669,1,Rows,Removal,1670,DUPLICATED,1.0,1.0,1.0,1.0,1.0,0.010148763656616211
1670,1,Rows,Removal,1671,DUPLICATED,1.0,1.0,1.0,1.0,1.0,0.010148763656616211
1671,1,Rows,Removal,1672,DUPLICATED,1.0,1.0,1.0,1.0,1.0,0.010148763656616211
1672,1,Rows,Removal,1673,DUPLICATED,1.0,1.0,1.0,1.0,1.0,0.010148763656616211
1673,1,Rows,Removal,1674,DUPLICATED,1.0,1.0,1.0,1.0,1.0,0.010148763656616211
1674,1,Rows,Removal,1675,DUPLICATED,1.0,1.0,1.0,1.0,1.0,0.010148763656616211
1675,1,Rows,Removal,1676,DUPLICATED,1.0,1.0,1.0,1.0,1.0,0.010148763656616211
1676,1,Rows,Removal,1677,DUPLICATED,1.0,1.0,1.0,1.0,1.0,0.010148763656616211
1677,1,Rows,Removal,1678,DUPLICATED,1.0,1.0,1.0,1.0,1.0,0.010148763656616211
1678,1,Rows,Removal,1679,DUPLICATED,1.0,1.0,1.0,1.0,1.0,0.010148763656616211
1679,1,Rows,Removal,1680,DUPLICATED,1.0,1.0,1.0,1.0,1.0,0.010148763656616211
1680,1,Rows,Removal,1681,DUPLICATED,1.0,1.0,1.0,1.0,1.0,0.010148763656616211
1681,1,Rows,Removal,1682,DUPLICATED,1.0,1.0,1.0,1.0,1.0,0.010148763656616211
1682,1,Rows,Removal,1683,DUPLICATED,1.0,1.0,1.0,1.0,1.0,0.010148763656616211
1683,1,Rows,Removal,1684,DUPLICATED,1.0,1.0,1.0,1.0,1.0,0.010148763656616211
1684,1,Rows,Removal,1685,DUPLICATED,1.0,1.0,1.0,1.0,1.0,0.010148763656616211
1685,1,Rows,Removal,1686,DUPLICATED,1.0,1.0,1.0,1.0,1.0,0.010148763656616211
1686,1,Rows,Removal,1687,DUPLICATED,1.0,1.0,1.0,1.0,1.0,0.010148763656616211
1687,1,Rows,Removal,1688,DUPLICATED,1.0,1.0,1.0,1.0,1.0,0.010148763656616211
1688,1,Rows,Removal,1689,DUPLICATED,1.0,1.0,1.0,1.0,1.0,0.010148763656616211
1689,1,Rows,Removal,1690,DUPLICATED,1.0,1.0,1.0,1.0,1.0,0.010148763656616211
1690,1,Rows,Removal,1691,DUPLICATED,1.0,1.0,1.0,1.0,1.0,0.010148763656616211
1691,1,Rows,Removal,1692,DUPLICATED,1.0,1.0,1.0,1.0,1.0,0.010148763656616211
1692,1,Rows,Removal,1693,DUPLICATED,1.0,1.0,1.0,1.0,1.0,0.010148763656616211
1693,1,Rows,Removal,1694,DUPLICATED,1.0,1.0,1.0,1.0,1.0,0.010148763656616211
1694,1,Rows,Removal,1695,DUPLICATED,1.0,1.0,1.0,1.0,1.0,0.010148763656616211
1695,1,Rows,Removal,1696,DUPLICATED,1.0,1.0,1.0,1.0,1.0,0.010148763656616211
1696,1,Rows,Removal,1697,DUPLICATED,1.0,1.0,1.0,1.0,1.0,0.010148763656616211
1697,1,Rows,Removal,1698,DUPLICATED,1.0,1.0,1.0,1.0,1.0,0.010148763656616211
1698,1,Rows,Removal,1699,DUPLICATED,1.0,1.0,1.0,1.0,1.0,0.010148763656616211
1699,1,Rows,Removal,1700,DUPLICATED,1.0,1.0,1.0,1.0,1.0,0.010148763656616211
1700,1,Rows,Removal,1701,DUPLICATED,1.0,1.0,1.0,1.0,1.0,0.010148763656616211
1701,1,Rows,Removal,1702,DUPLICATED,1.0,1.0,1.0,1.0,1.0,0.010148763656616211
1702,1,Rows,Removal,1703,DUPLICATED,1.0,1.0,1.0,1.0,1.0,0.010148763656616211
1703,1,Rows,Removal,1704,DUPLICATED,1.0,1.0,1.0,1.0,1.0,0.010148763656616211
1704,1,Rows,Removal,1705,DUPLICATED,1.0,1.0,1.0,1.0,1.0,0.010148763656616211
1705,1,Rows,Removal,1706,DUPLICATED,1.0,1.0,1.0,1.0,1.0,0.010148763656616211
1706,1,Rows,Removal,1707,DUPLICATED,1.0,1.0,1.0,1.0,1.0,0.010148763656616211
1707,1,Rows,Removal,1708,DUPLICATED,1.0,1.0,1.0,1.0,1.0,0.010148763656616211
1708,1,Rows,Removal,1709,DUPLICATED,1.0,1.0,1.0,1.0,1.0,0.010148763656616211
1709,1,Rows,Removal,1710,DUPLICATED,1.0,1.0,1.0,1.0,1.0,0.010148763656616211
1710,1,Rows,Removal,1711,DUPLICATED,1.0,1.0,1.0,1.0,1.0,0.010148763656616211
1711,1,Rows,Removal,1712,DUPLICATED,1.0,1.0,1.0,1.0,1.0,0.010148763656616211
1712,1,Rows,Removal,1713,DUPLICATED,1.0,1.0,1.0,1.0,1.0,0.010148763656616211
1713,1,Rows,Removal,1714,DUPLICATED,1.0,1.0,1.0,1.0,1.0,0.010148763656616211
1714,1,Rows,Removal,1715,DUPLICATED,1.0,1.0,1.0,1.0,1.0,0.010148763656616211
1715,1,Rows,Removal,1716,DUPLICATED,1.0,1.0,1.0,1.0,1.0,0.010148763656616211
1716,1,Rows,Removal,1717,DUPLICATED,1.0,1.0,1.0,1.0,1.0,0.010148763656616211
1717,1,Rows,Removal,1718,DUPLICATED,1.0,1.0,1.0,1.0,1.0,0.010148763656616211
1718,1,Rows,Removal,1719,DUPLICATED,1.0,1.0,1.0,1.0,1.0,0.010148763656616211
1719,1,Rows,Removal,1720,DUPLICATED,1.0,1.0,1.0,1.0,1.0,0.010148763656616211
1720,1,Rows,Removal,1721,DUPLICATED,1.0,1.0,1.0,1.0,1.0,0.010148763656616211
1721,1,Rows,Removal,1722,DUPLICATED,1.0,1.0,1.0,1.0,1.0,0.010148763656616211
1722,1,Rows,Removal,1723,DUPLICATED,1.0,1.0,1.0,1.0,1.0,0.010148763656616211
1723,1,Rows,Removal,1724,DUPLICATED,1.0,1.0,1.0,1.0,1.0,0.010148763656616211
1724,1,Rows,Removal,1725,DUPLICATED,1.0,1.0,1.0,1.0,1.0,0.010148763656616211
1725,1,Rows,Removal,1726,DUPLICATED,1.0,1.0,1.0,1.0,1.0,0.010148763656616211
1726,1,Rows,Removal,1727,DUPLICATED,1.0,1.0,1.0,1.0,1.0,0.010148763656616211
1727,1,Rows,Removal,1728,DUPLICATED,1.0,1.0,1.0,1.0,1.0,0.010148763656616211
1728,1,Rows,Removal,1729,DUPLICATED,1.0,1.0,1.0,1.0,1.0,0.010148763656616211
1729,1,Rows,Removal,1730,DUPLICATED,1.0,1.0,1.0,1.0,1.0,0.010148763656616211
1730,1,Rows,Removal,1731,DUPLICATED,1.0,1.0,1.0,1.0,1.0,0.010148763656616211
1731,1,Rows,Removal,1732,DUPLICATED,1.0,1.0,1.0,1.0,1.0,0.010148763656616211
1732,1,Rows,Removal,1733,DUPLICATED,1.0,1.0,1.0,1.0,1.0,0.010148763656616211
1733,1,Rows,Removal,1734,DUPLICATED,1.0,1.0,1.0,1.0,1.0,0.010148763656616211
1734,1,Rows,Removal,1735,DUPLICATED,1.0,1.0,1.0,1.0,1.0,0.010148763656616211
1735,1,Rows,Removal,1736,DUPLICATED,1.0,1.0,1.0,1.0,1.0,0.010148763656616211
1736,1,Rows,Removal,1737,DUPLICATED,1.0,1.0,1.0,1.0,1.0,0.010148763656616211
1737,1,Rows,Removal,1738,DUPLICATED,1.0,1.0,1.0,1.0,1.0,0.010148763656616211
1738,1,Rows,Removal,1739,DUPLICATED,1.0,1.0,1.0,1.0,1.0,0.010148763656616211
1739,1,Rows,Removal,1740,DUPLICATED,1.0,1.0,1.0,1.0,1.0,0.010148763656616211
1740,1,Rows,Removal,1741,DUPLICATED,1.0,1.0,1.0,1.0,1.0,0.010148763656616211
1741,1,Rows,Removal,1742,DUPLICATED,1.0,1.0,1.0,1.0,1.0,0.010148763656616211
1742,1,Rows,Removal,1743,DUPLICATED,1.0,1.0,1.0,1.0,1.0,0.010148763656616211
1743,1,Rows,Removal,1744,DUPLICATED,1.0,1.0,1.0,1.0,1.0,0.010148763656616211
1744,1,Rows,Removal,1745,DUPLICATED,1.0,1.0,1.0,1.0,1.0,0.010148763656616211
1745,1,Rows,Removal,1746,DUPLICATED,1.0,1.0,1.0,1.0,1.0,0.010148763656616211
1746,1,Rows,Removal,1747,DUPLICATED,1.0,1.0,1.0,1.0,1.0,0.010148763656616211
1747,1,Rows,Removal,1748,DUPLICATED,1.0,1.0,1.0,1.0,1.0,0.010148763656616211
1748,1,Rows,Removal,1749,DUPLICATED,1.0,1.0,1.0,1.0,1.0,0.010148763656616211
1749,1,Rows,Removal,1750,DUPLICATED,1.0,1.0,1.0,1.0,1.0,0.010148763656616211
1750,1,Rows,Removal,1751,DUPLICATED,1.0,1.0,1.0,1.0,1.0,0.010148763656616211
1751,1,Rows,Removal,1752,DUPLICATED,1.0,1.0,1.0,1.0,1.0,0.010148763656616211
1752,1,Rows,Removal,1753,DUPLICATED,1.0,1.0,1.0,1.0,1.0,0.010148763656616211
1753,1,Rows,Removal,1754,DUPLICATED,1.0,1.0,1.0,1.0,1.0,0.010148763656616211
1754,1,Rows,Removal,1755,DUPLICATED,1.0,1.0,1.0,1.0,1.0,0.010148763656616211
1755,1,Rows,Removal,1756,DUPLICATED,1.0,1.0,1.0,1.0,1.0,0.010148763656616211
1756,1,Rows,Removal,1757,DUPLICATED,1.0,1.0,1.0,1.0,1.0,0.010148763656616211
1757,1,Rows,Removal,1758,DUPLICATED,1.0,1.0,1.0,1.0,1.0,0.010148763656616211
1758,1,Rows,Removal,1759,DUPLICATED,1.0,1.0,1.0,1.0,1.0,0.010148763656616211
1759,1,Rows,Removal,1760,DUPLICATED,1.0,1.0,1.0,1.0,1.0,0.010148763656616211
1760,1,Rows,Removal,1761,DUPLICATED,1.0,1.0,1.0,1.0,1.0,0.010148763656616211
1761,1,Rows,Removal,1762,DUPLICATED,1.0,1.0,1.0,1.0,1.0,0.010148763656616211
1762,1,Rows,Removal,1763,DUPLICATED,1.0,1.0,1.0,1.0,1.0,0.010148763656616211
1763,1,Rows,Removal,1764,DUPLICATED,1.0,1.0,1.0,1.0,1.0,0.010148763656616211
1764,1,Rows,Removal,1765,DUPLICATED,1.0,1.0,1.0,1.0,1.0,0.010148763656616211
1765,1,Rows,Removal,1766,DUPLICATED,1.0,1.0,1.0,1.0,1.0,0.010148763656616211
1766,1,Rows,Removal,1767,DUPLICATED,1.0,1.0,1.0,1.0,1.0,0.010148763656616211
1767,1,Rows,Removal,1768,DUPLICATED,1.0,1.0,1.0,1.0,1.0,0.010148763656616211
1768,1,Rows,Removal,1769,DUPLICATED,1.0,1.0,1.0,1.0,1.0,0.010148763656616211
1769,1,Rows,Removal,1770,DUPLICATED,1.0,1.0,1.0,1.0,1.0,0.010148763656616211
1770,1,Rows,Removal,1771,DUPLICATED,1.0,1.0,1.0,1.0,1.0,0.010148763656616211
1771,1,Rows,Removal,1772,DUPLICATED,1.0,1.0,1.0,1.0,1.0,0.010148763656616211
1772,1,Rows,Removal,1773,DUPLICATED,1.0,1.0,1.0,1.0,1.0,0.010148763656616211
1773,1,Rows,Removal,1774,DUPLICATED,1.0,1.0,1.0,1.0,1.0,0.010148763656616211
1774,1,Rows,Removal,1775,DUPLICATED,1.0,1.0,1.0,1.0,1.0,0.010148763656616211
1775,1,Rows,Removal,1776,DUPLICATED,1.0,1.0,1.0,1.0,1.0,0.010148763656616211
1776,1,Rows,Removal,1777,DUPLICATED,1.0,1.0,1.0,1.0,1.0,0.010148763656616211
1777,1,Rows,Removal,1778,DUPLICATED,1.0,1.0,1.0,1.0,1.0,0.010148763656616211
1778,1,Rows,Removal,1779,DUPLICATED,1.0,1.0,1.0,1.0,1.0,0.010148763656616211
1779,1,Rows,Removal,1780,DUPLICATED,1.0,1.0,1.0,1.0,1.0,0.010148763656616211
1780,1,Rows,Removal,1781,DUPLICATED,1.0,1.0,1.0,1.0,1.0,0.010148763656616211
1781,1,Rows,Removal,1782,DUPLICATED,1.0,1.0,1.0,1.0,1.0,0.010148763656616211
1782,1,Rows,Removal,1783,DUPLICATED,1.0,1.0,1.0,1.0,1.0,0.010148763656616211
1783,1,Rows,Removal,1784,DUPLICATED,1.0,1.0,1.0,1.0,1.0,0.010148763656616211
1784,1,Rows,Removal,1785,DUPLICATED,1.0,1.0,1.0,1.0,1.0,0.010148763656616211
1785,1,Rows,Removal,1786,DUPLICATED,1.0,1.0,1.0,1.0,1.0,0.010148763656616211
1786,1,Rows,Removal,1787,DUPLICATED,1.0,1.0,1.0,1.0,1.0,0.010148763656616211
1787,1,Rows,Removal,1788,DUPLICATED,1.0,1.0,1.0,1.0,1.0,0.010148763656616211
1788,1,Rows,Removal,1789,DUPLICATED,1.0,1.0,1.0,1.0,1.0,0.010148763656616211
1789,1,Rows,Removal,1790,DUPLICATED,1.0,1.0,1.0,1.0,1.0,0.010148763656616211
1790,1,Rows,Removal,1791,DUPLICATED,1.0,1.0,1.0,1.0,1.0,0.010148763656616211
1791,1,Rows,Removal,1792,DUPLICATED,1.0,1.0,1.0,1.0,1.0,0.010148763656616211
1792,1,Rows,Removal,1793,DUPLICATED,1.0,1.0,1.0,1.0,1.0,0.010148763656616211
1793,1,Rows,Removal,1794,DUPLICATED,1.0,1.0,1.0,1.0,1.0,0.010148763656616211
1794,1,Rows,Removal,1795,DUPLICATED,1.0,1.0,1.0,1.0,1.0,0.010148763656616211
1795,1,Rows,Removal,1796,DUPLICATED,1.0,1.0,1.0,1.0,1.0,0.010148763656616211
1796,1,Rows,Removal,1797,DUPLICATED,1.0,1.0,1.0,1.0,1.0,0.010148763656616211
1797,1,Rows,Removal,1798,DUPLICATED,1.0,1.0,1.0,1.0,1.0,0.010148763656616211
1798,1,Rows,Removal,1799,DUPLICATED,1.0,1.0,1.0,1.0,1.0,0.010148763656616211
1799,1,Rows,Removal,1800,DUPLICATED,1.0,1.0,1.0,1.0,1.0,0.010148763656616211
1800,1,Rows,Removal,1801,DUPLICATED,1.0,1.0,1.0,1.0,1.0,0.010148763656616211
1801,1,Rows,Removal,1802,DUPLICATED,1.0,1.0,1.0,1.0,1.0,0.010148763656616211
1802,1,Rows,Removal,1803,DUPLICATED,1.0,1.0,1.0,1.0,1.0,0.010148763656616211
1803,1,Rows,Removal,1804,DUPLICATED,1.0,1.0,1.0,1.0,1.0,0.010148763656616211
1804,1,Rows,Removal,1805,DUPLICATED,1.0,1.0,1.0,1.0,1.0,0.010148763656616211
1805,1,Rows,Removal,1806,DUPLICATED,1.0,1.0,1.0,1.0,1.0,0.010148763656616211
1806,1,Rows,Removal,1807,DUPLICATED,1.0,1.0,1.0,1.0,1.0,0.010148763656616211
1807,1,Rows,Removal,1808,DUPLICATED,1.0,1.0,1.0,1.0,1.0,0.010148763656616211
1808,1,Rows,Removal,1809,DUPLICATED,1.0,1.0,1.0,1.0,1.0,0.010148763656616211
1809,1,Rows,Removal,1810,DUPLICATED,1.0,1.0,1.0,1.0,1.0,0.010148763656616211
1810,1,Rows,Removal,1811,DUPLICATED,1.0,1.0,1.0,1.0,1.0,0.010148763656616211
1811,1,Rows,Removal,1812,DUPLICATED,1.0,1.0,1.0,1.0,1.0,0.010148763656616211
1812,1,Rows,Removal,1813,DUPLICATED,1.0,1.0,1.0,1.0,1.0,0.010148763656616211
1813,1,Rows,Removal,1814,DUPLICATED,1.0,1.0,1.0,1.0,1.0,0.010148763656616211
1814,1,Rows,Removal,1815,DUPLICATED,1.0,1.0,1.0,1.0,1.0,0.010148763656616211
1815,1,Rows,Removal,1816,DUPLICATED,1.0,1.0,1.0,1.0,1.0,0.010148763656616211
1816,1,Rows,Removal,1817,DUPLICATED,1.0,1.0,1.0,1.0,1.0,0.010148763656616211
1817,1,Rows,Removal,1818,DUPLICATED,1.0,1.0,1.0,1.0,1.0,0.010148763656616211
1818,1,Rows,Removal,1819,DUPLICATED,1.0,1.0,1.0,1.0,1.0,0.010148763656616211
1819,1,Rows,Removal,1820,DUPLICATED,1.0,1.0,1.0,1.0,1.0,0.010148763656616211
1820,1,Rows,Removal,1821,DUPLICATED,1.0,1.0,1.0,1.0,1.0,0.010148763656616211
1821,1,Rows,Removal,1822,DUPLICATED,1.0,1.0,1.0,1.0,1.0,0.010148763656616211
1822,1,Rows,Removal,1823,DUPLICATED,1.0,1.0,1.0,1.0,1.0,0.010148763656616211
1823,1,Rows,Removal,1824,DUPLICATED,1.0,1.0,1.0,1.0,1.0,0.010148763656616211
1824,1,Rows,Removal,1825,DUPLICATED,1.0,1.0,1.0,1.0,1.0,0.010148763656616211
1825,1,Rows,Removal,1826,DUPLICATED,1.0,1.0,1.0,1.0,1.0,0.010148763656616211
1826,1,Rows,Removal,1827,DUPLICATED,1.0,1.0,1.0,1.0,1.0,0.010148763656616211
1827,1,Rows,Removal,1828,DUPLICATED,1.0,1.0,1.0,1.0,1.0,0.010148763656616211
1828,1,Rows,Removal,1829,DUPLICATED,1.0,1.0,1.0,1.0,1.0,0.010148763656616211
1829,1,Rows,Removal,1830,DUPLICATED,1.0,1.0,1.0,1.0,1.0,0.010148763656616211
1830,1,Rows,Removal,1831,DUPLICATED,1.0,1.0,1.0,1.0,1.0,0.010148763656616211
1831,1,Rows,Removal,1832,DUPLICATED,1.0,1.0,1.0,1.0,1.0,0.010148763656616211
1832,1,Rows,Removal,1833,DUPLICATED,1.0,1.0,1.0,1.0,1.0,0.010148763656616211
1833,1,Rows,Removal,1834,DUPLICATED,1.0,1.0,1.0,1.0,1.0,0.010148763656616211
1834,1,Rows,Removal,1835,DUPLICATED,1.0,1.0,1.0,1.0,1.0,0.010148763656616211
1835,1,Rows,Removal,1836,DUPLICATED,1.0,1.0,1.0,1.0,1.0,0.010148763656616211
1836,1,Rows,Removal,1837,DUPLICATED,1.0,1.0,1.0,1.0,1.0,0.010148763656616211
1837,1,Rows,Removal,1838,DUPLICATED,1.0,1.0,1.0,1.0,1.0,0.010148763656616211
1838,1,Rows,Removal,1839,DUPLICATED,1.0,1.0,1.0,1.0,1.0,0.010148763656616211
1839,1,Rows,Removal,1840,DUPLICATED,1.0,1.0,1.0,1.0,1.0,0.010148763656616211
1840,1,Rows,Removal,1841,DUPLICATED,1.0,1.0,1.0,1.0,1.0,0.010148763656616211
1841,1,Rows,Removal,1842,DUPLICATED,1.0,1.0,1.0,1.0,1.0,0.010148763656616211
1842,1,Rows,Removal,1843,DUPLICATED,1.0,1.0,1.0,1.0,1.0,0.010148763656616211
1843,1,Rows,Removal,1844,DUPLICATED,1.0,1.0,1.0,1.0,1.0,0.010148763656616211
1844,1,Rows,Removal,1845,DUPLICATED,1.0,1.0,1.0,1.0,1.0,0.010148763656616211
1845,1,Rows,Removal,1846,DUPLICATED,1.0,1.0,1.0,1.0,1.0,0.010148763656616211
1846,1,Rows,Removal,1847,DUPLICATED,1.0,1.0,1.0,1.0,1.0,0.010148763656616211
1847,1,Rows,Removal,1848,DUPLICATED,1.0,1.0,1.0,1.0,1.0,0.010148763656616211
1848,1,Rows,Removal,1849,DUPLICATED,1.0,1.0,1.0,1.0,1.0,0.010148763656616211
1849,1,Rows,Removal,1850,DUPLICATED,1.0,1.0,1.0,1.0,1.0,0.010148763656616211
1850,1,Rows,Removal,1851,DUPLICATED,1.0,1.0,1.0,1.0,1.0,0.010148763656616211
1851,1,Rows,Removal,1852,DUPLICATED,1.0,1.0,1.0,1.0,1.0,0.010148763656616211
1852,1,Rows,Removal,1853,DUPLICATED,1.0,1.0,1.0,1.0,1.0,0.010148763656616211
1853,1,Rows,Removal,1854,DUPLICATED,1.0,1.0,1.0,1.0,1.0,0.010148763656616211
1854,1,Rows,Removal,1855,DUPLICATED,1.0,1.0,1.0,1.0,1.0,0.010148763656616211
1855,1,Rows,Removal,1856,DUPLICATED,1.0,1.0,1.0,1.0,1.0,0.010148763656616211
1856,1,Rows,Removal,1857,DUPLICATED,1.0,1.0,1.0,1.0,1.0,0.010148763656616211
1857,1,Rows,Removal,1858,DUPLICATED,1.0,1.0,1.0,1.0,1.0,0.010148763656616211
1858,1,Rows,Removal,1859,DUPLICATED,1.0,1.0,1.0,1.0,1.0,0.010148763656616211
1859,1,Rows,Removal,1860,DUPLICATED,1.0,1.0,1.0,1.0,1.0,0.010148763656616211
1860,1,Rows,Removal,1861,DUPLICATED,1.0,1.0,1.0,1.0,1.0,0.010148763656616211
1861,1,Rows,Removal,1862,DUPLICATED,1.0,1.0,1.0,1.0,1.0,0.010148763656616211
1862,1,Rows,Removal,1863,DUPLICATED,1.0,1.0,1.0,1.0,1.0,0.010148763656616211
1863,1,Rows,Removal,1864,DUPLICATED,1.0,1.0,1.0,1.0,1.0,0.010148763656616211
1864,1,Rows,Removal,1865,DUPLICATED,1.0,1.0,1.0,1.0,1.0,0.010148763656616211
1865,1,Rows,Removal,1866,DUPLICATED,1.0,1.0,1.0,1.0,1.0,0.010148763656616211
1866,1,Rows,Removal,1867,DUPLICATED,1.0,1.0,1.0,1.0,1.0,0.010148763656616211
1867,1,Rows,Removal,1868,DUPLICATED,1.0,1.0,1.0,1.0,1.0,0.010148763656616211
1868,1,Rows,Removal,1869,DUPLICATED,1.0,1.0,1.0,1.0,1.0,0.010148763656616211
1869,1,Rows,Removal,1870,DUPLICATED,1.0,1.0,1.0,1.0,1.0,0.010148763656616211
1870,1,Rows,Removal,1871,DUPLICATED,1.0,1.0,1.0,1.0,1.0,0.010148763656616211
1871,1,Rows,Removal,1872,DUPLICATED,1.0,1.0,1.0,1.0,1.0,0.010148763656616211
1872,1,Rows,Removal,1873,DUPLICATED,1.0,1.0,1.0,1.0,1.0,0.010148763656616211
1873,1,Rows,Removal,1874,DUPLICATED,1.0,1.0,1.0,1.0,1.0,0.010148763656616211
1874,1,Rows,Removal,1875,DUPLICATED,1.0,1.0,1.0,1.0,1.0,0.010148763656616211
1875,1,Rows,Removal,1876,DUPLICATED,1.0,1.0,1.0,1.0,1.0,0.010148763656616211
1876,1,Rows,Removal,1877,DUPLICATED,1.0,1.0,1.0,1.0,1.0,0.010148763656616211
1877,1,Rows,Removal,1878,DUPLICATED,1.0,1.0,1.0,1.0,1.0,0.010148763656616211
1878,1,Rows,Removal,1879,DUPLICATED,1.0,1.0,1.0,1.0,1.0,0.010148763656616211
1879,1,Rows,Removal,1880,DUPLICATED,1.0,1.0,1.0,1.0,1.0,0.010148763656616211
1880,1,Rows,Removal,1881,DUPLICATED,1.0,1.0,1.0,1.0,1.0,0.010148763656616211
1881,1,Rows,Removal,1882,DUPLICATED,1.0,1.0,1.0,1.0,1.0,0.010148763656616211
1882,1,Rows,Removal,1883,DUPLICATED,1.0,1.0,1.0,1.0,1.0,0.010148763656616211
1883,1,Rows,Removal,1884,DUPLICATED,1.0,1.0,1.0,1.0,1.0,0.010148763656616211
1884,1,Rows,Removal,1885,DUPLICATED,1.0,1.0,1.0,1.0,1.0,0.010148763656616211
1885,1,Rows,Removal,1886,DUPLICATED,1.0,1.0,1.0,1.0,1.0,0.010148763656616211
1886,1,Rows,Removal,1887,DUPLICATED,1.0,1.0,1.0,1.0,1.0,0.010148763656616211
1887,1,Rows,Removal,1888,DUPLICATED,1.0,1.0,1.0,1.0,1.0,0.010148763656616211
1888,1,Rows,Removal,1889,DUPLICATED,1.0,1.0,1.0,1.0,1.0,0.010148763656616211
1889,1,Rows,Removal,1890,DUPLICATED,1.0,1.0,1.0,1.0,1.0,0.010148763656616211
1890,1,Rows,Removal,1891,DUPLICATED,1.0,1.0,1.0,1.0,1.0,0.010148763656616211
1891,1,Rows,Removal,1892,DUPLICATED,1.0,1.0,1.0,1.0,1.0,0.010148763656616211
1892,1,Rows,Removal,1893,DUPLICATED,1.0,1.0,1.0,1.0,1.0,0.010148763656616211
1893,1,Rows,Removal,1894,DUPLICATED,1.0,1.0,1.0,1.0,1.0,0.010148763656616211
1894,1,Rows,Removal,1895,DUPLICATED,1.0,1.0,1.0,1.0,1.0,0.010148763656616211
1895,1,Rows,Removal,1896,DUPLICATED,1.0,1.0,1.0,1.0,1.0,0.010148763656616211
1896,1,Rows,Removal,1897,DUPLICATED,1.0,1.0,1.0,1.0,1.0,0.010148763656616211
1897,1,Rows,Removal,1898,DUPLICATED,1.0,1.0,1.0,1.0,1.0,0.010148763656616211
1898,1,Rows,Removal,1899,DUPLICATED,1.0,1.0,1.0,1.0,1.0,0.010148763656616211
1899,1,Rows,Removal,1900,DUPLICATED,1.0,1.0,1.0,1.0,1.0,0.010148763656616211
1900,1,Rows,Removal,1901,DUPLICATED,1.0,1.0,1.0,1.0,1.0,0.010148763656616211
1901,1,Rows,Removal,1902,DUPLICATED,1.0,1.0,1.0,1.0,1.0,0.010148763656616211
1902,1,Rows,Removal,1903,DUPLICATED,1.0,1.0,1.0,1.0,1.0,0.010148763656616211
1903,1,Rows,Removal,1904,DUPLICATED,1.0,1.0,1.0,1.0,1.0,0.010148763656616211
1904,1,Rows,Removal,1905,DUPLICATED,1.0,1.0,1.0,1.0,1.0,0.010148763656616211
1905,1,Rows,Removal,1906,DUPLICATED,1.0,1.0,1.0,1.0,1.0,0.010148763656616211
1906,1,Rows,Removal,1907,DUPLICATED,1.0,1.0,1.0,1.0,1.0,0.010148763656616211
1907,1,Rows,Removal,1908,DUPLICATED,1.0,1.0,1.0,1.0,1.0,0.010148763656616211
1908,1,Rows,Removal,1909,DUPLICATED,1.0,1.0,1.0,1.0,1.0,0.010148763656616211
1909,1,Rows,Removal,1910,DUPLICATED,1.0,1.0,1.0,1.0,1.0,0.010148763656616211
1910,1,Rows,Removal,1911,DUPLICATED,1.0,1.0,1.0,1.0,1.0,0.010148763656616211
1911,1,Rows,Removal,1912,DUPLICATED,1.0,1.0,1.0,1.0,1.0,0.010148763656616211
1912,1,Rows,Removal,1913,DUPLICATED,1.0,1.0,1.0,1.0,1.0,0.010148763656616211
1913,1,Rows,Removal,1914,DUPLICATED,1.0,1.0,1.0,1.0,1.0,0.010148763656616211
1914,1,Rows,Removal,1915,DUPLICATED,1.0,1.0,1.0,1.0,1.0,0.010148763656616211
1915,1,Rows,Removal,1916,DUPLICATED,1.0,1.0,1.0,1.0,1.0,0.010148763656616211
1916,1,Rows,Removal,1917,DUPLICATED,1.0,1.0,1.0,1.0,1.0,0.010148763656616211
1917,1,Rows,Removal,1918,DUPLICATED,1.0,1.0,1.0,1.0,1.0,0.010148763656616211
1918,1,Rows,Removal,1919,DUPLICATED,1.0,1.0,1.0,1.0,1.0,0.010148763656616211
1919,1,Rows,Removal,1920,DUPLICATED,1.0,1.0,1.0,1.0,1.0,0.010148763656616211
1920,1,Rows,Removal,1921,DUPLICATED,1.0,1.0,1.0,1.0,1.0,0.010148763656616211
1921,1,Rows,Removal,1922,DUPLICATED,1.0,1.0,1.0,1.0,1.0,0.010148763656616211
1922,1,Rows,Removal,1923,DUPLICATED,1.0,1.0,1.0,1.0,1.0,0.010148763656616211
1923,1,Rows,Removal,1924,DUPLICATED,1.0,1.0,1.0,1.0,1.0,0.010148763656616211
1924,1,Rows,Removal,1925,DUPLICATED,1.0,1.0,1.0,1.0,1.0,0.010148763656616211
1925,1,Rows,Removal,1926,DUPLICATED,1.0,1.0,1.0,1.0,1.0,0.010148763656616211
1926,1,Rows,Removal,1927,DUPLICATED,1.0,1.0,1.0,1.0,1.0,0.010148763656616211
1927,1,Rows,Removal,1928,DUPLICATED,1.0,1.0,1.0,1.0,1.0,0.010148763656616211
1928,1,Rows,Removal,1929,DUPLICATED,1.0,1.0,1.0,1.0,1.0,0.010148763656616211
1929,1,Rows,Removal,1930,DUPLICATED,1.0,1.0,1.0,1.0,1.0,0.010148763656616211
1930,1,Rows,Removal,1931,DUPLICATED,1.0,1.0,1.0,1.0,1.0,0.010148763656616211
1931,1,Rows,Removal,1932,DUPLICATED,1.0,1.0,1.0,1.0,1.0,0.010148763656616211
1932,1,Rows,Removal,1933,DUPLICATED,1.0,1.0,1.0,1.0,1.0,0.010148763656616211
1933,1,Rows,Removal,1934,DUPLICATED,1.0,1.0,1.0,1.0,1.0,0.010148763656616211
1934,1,Rows,Removal,1935,DUPLICATED,1.0,1.0,1.0,1.0,1.0,0.010148763656616211
1935,1,Rows,Removal,1936,DUPLICATED,1.0,1.0,1.0,1.0,1.0,0.010148763656616211
1936,1,Rows,Removal,1937,DUPLICATED,1.0,1.0,1.0,1.0,1.0,0.010148763656616211
1937,1,Rows,Removal,1938,DUPLICATED,1.0,1.0,1.0,1.0,1.0,0.010148763656616211
1938,1,Rows,Removal,1939,DUPLICATED,1.0,1.0,1.0,1.0,1.0,0.010148763656616211
1939,1,Rows,Removal,1940,DUPLICATED,1.0,1.0,1.0,1.0,1.0,0.010148763656616211
1940,1,Rows,Removal,1941,DUPLICATED,1.0,1.0,1.0,1.0,1.0,0.010148763656616211
1941,1,Rows,Removal,1942,DUPLICATED,1.0,1.0,1.0,1.0,1.0,0.010148763656616211
1942,1,Rows,Removal,1943,DUPLICATED,1.0,1.0,1.0,1.0,1.0,0.010148763656616211
1943,1,Rows,Removal,1944,DUPLICATED,1.0,1.0,1.0,1.0,1.0,0.010148763656616211
1944,1,Rows,Removal,1945,DUPLICATED,1.0,1.0,1.0,1.0,1.0,0.010148763656616211
1945,1,Rows,Removal,1946,DUPLICATED,1.0,1.0,1.0,1.0,1.0,0.010148763656616211
1946,1,Rows,Removal,1947,DUPLICATED,1.0,1.0,1.0,1.0,1.0,0.010148763656616211
1947,1,Rows,Removal,1948,DUPLICATED,1.0,1.0,1.0,1.0,1.0,0.010148763656616211
1948,1,Rows,Removal,1949,DUPLICATED,1.0,1.0,1.0,1.0,1.0,0.010148763656616211
1949,1,Rows,Removal,1950,DUPLICATED,1.0,1.0,1.0,1.0,1.0,0.010148763656616211
1950,1,Rows,Removal,1951,DUPLICATED,1.0,1.0,1.0,1.0,1.0,0.010148763656616211
1951,1,Rows,Removal,1952,DUPLICATED,1.0,1.0,1.0,1.0,1.0,0.010148763656616211
1952,1,Rows,Removal,1953,DUPLICATED,1.0,1.0,1.0,1.0,1.0,0.010148763656616211
1953,1,Rows,Removal,1954,DUPLICATED,1.0,1.0,1.0,1.0,1.0,0.010148763656616211
1954,1,Rows,Removal,1955,DUPLICATED,1.0,1.0,1.0,1.0,1.0,0.010148763656616211
1955,1,Rows,Removal,1956,DUPLICATED,1.0,1.0,1.0,1.0,1.0,0.010148763656616211
1956,1,Rows,Removal,1957,DUPLICATED,1.0,1.0,1.0,1.0,1.0,0.010148763656616211
1957,1,Rows,Removal,1958,DUPLICATED,1.0,1.0,1.0,1.0,1.0,0.010148763656616211
1958,1,Rows,Removal,1959,DUPLICATED,1.0,1.0,1.0,1.0,1.0,0.010148763656616211
1959,1,Rows,Removal,1960,DUPLICATED,1.0,1.0,1.0,1.0,1.0,0.010148763656616211
1960,1,Rows,Removal,1961,DUPLICATED,1.0,1.0,1.0,1.0,1.0,0.010148763656616211
1961,1,Rows,Removal,1962,DUPLICATED,1.0,1.0,1.0,1.0,1.0,0.010148763656616211
1962,1,Rows,Removal,1963,DUPLICATED,1.0,1.0,1.0,1.0,1.0,0.010148763656616211
1963,1,Rows,Removal,1964,DUPLICATED,1.0,1.0,1.0,1.0,1.0,0.010148763656616211
1964,1,Rows,Removal,1965,DUPLICATED,1.0,1.0,1.0,1.0,1.0,0.010148763656616211
1965,1,Rows,Removal,1966,DUPLICATED,1.0,1.0,1.0,1.0,1.0,0.010148763656616211
1966,1,Rows,Removal,1967,DUPLICATED,1.0,1.0,1.0,1.0,1.0,0.010148763656616211
1967,1,Rows,Removal,1968,DUPLICATED,1.0,1.0,1.0,1.0,1.0,0.010148763656616211
1968,1,Rows,Removal,1969,DUPLICATED,1.0,1.0,1.0,1.0,1.0,0.010148763656616211
1969,1,Rows,Removal,1970,DUPLICATED,1.0,1.0,1.0,1.0,1.0,0.010148763656616211
1970,1,Rows,Removal,1971,DUPLICATED,1.0,1.0,1.0,1.0,1.0,0.010148763656616211
1971,1,Rows,Removal,1972,DUPLICATED,1.0,1.0,1.0,1.0,1.0,0.010148763656616211
1972,1,Rows,Removal,1973,DUPLICATED,1.0,1.0,1.0,1.0,1.0,0.010148763656616211
1973,1,Rows,Removal,1974,DUPLICATED,1.0,1.0,1.0,1.0,1.0,0.010148763656616211
1974,1,Rows,Removal,1975,DUPLICATED,1.0,1.0,1.0,1.0,1.0,0.010148763656616211
1975,1,Rows,Removal,1976,DUPLICATED,1.0,1.0,1.0,1.0,1.0,0.010148763656616211
1976,1,Rows,Removal,1977,DUPLICATED,1.0,1.0,1.0,1.0,1.0,0.010148763656616211
1977,1,Rows,Removal,1978,DUPLICATED,1.0,1.0,1.0,1.0,1.0,0.010148763656616211
1978,1,Rows,Removal,1979,DUPLICATED,1.0,1.0,1.0,1.0,1.0,0.010148763656616211
1979,1,Rows,Removal,1980,DUPLICATED,1.0,1.0,1.0,1.0,1.0,0.010148763656616211
1980,1,Rows,Removal,1981,DUPLICATED,1.0,1.0,1.0,1.0,1.0,0.010148763656616211
1981,1,Rows,Removal,1982,DUPLICATED,1.0,1.0,1.0,1.0,1.0,0.010148763656616211
1982,1,Rows,Removal,1983,DUPLICATED,1.0,1.0,1.0,1.0,1.0,0.010148763656616211
1983,1,Rows,Removal,1984,DUPLICATED,1.0,1.0,1.0,1.0,1.0,0.010148763656616211
1984,1,Rows,Removal,1985,DUPLICATED,1.0,1.0,1.0,1.0,1.0,0.010148763656616211
1985,1,Rows,Removal,1986,DUPLICATED,1.0,1.0,1.0,1.0,1.0,0.010148763656616211
1986,1,Rows,Removal,1987,DUPLICATED,1.0,1.0,1.0,1.0,1.0,0.010148763656616211
1987,1,Rows,Removal,1988,DUPLICATED,1.0,1.0,1.0,1.0,1.0,0.010148763656616211
1988,1,Rows,Removal,1989,DUPLICATED,1.0,1.0,1.0,1.0,1.0,0.010148763656616211
1989,1,Rows,Removal,1990,DUPLICATED,1.0,1.0,1.0,1.0,1.0,0.010148763656616211
1990,1,Rows,Removal,1991,DUPLICATED,1.0,1.0,1.0,1.0,1.0,0.010148763656616211
1991,1,Rows,Removal,1992,DUPLICATED,1.0,1.0,1.0,1.0,1.0,0.010148763656616211
1992,1,Rows,Removal,1993,DUPLICATED,1.0,1.0,1.0,1.0,1.0,0.010148763656616211
1993,1,Rows,Removal,1994,DUPLICATED,1.0,1.0,1.0,1.0,1.0,0.010148763656616211
1994,1,Rows,Removal,1995,DUPLICATED,1.0,1.0,1.0,1.0,1.0,0.010148763656616211
1995,1,Rows,Removal,1996,DUPLICATED,1.0,1.0,1.0,1.0,1.0,0.010148763656616211
1996,1,Rows,Removal,1997,DUPLICATED,1.0,1.0,1.0,1.0,1.0,0.010148763656616211
1997,1,Rows,Removal,1998,DUPLICATED,1.0,1.0,1.0,1.0,1.0,0.010148763656616211
1998,1,Rows,Removal,1999,DUPLICATED,1.0,1.0,1.0,1.0,1.0,0.010148763656616211
1999,1,Rows,Removal,2000,DUPLICATED,1.0,1.0,1.0,1.0,1.0,0.010148763656616211
2000,1,Rows,Removal,2001,DUPLICATED,1.0,1.0,1.0,1.0,1.0,0.010148763656616211
2001,1,Rows,Removal,2002,DUPLICATED,1.0,1.0,1.0,1.0,1.0,0.010148763656616211
2002,1,Rows,Removal,2003,DUPLICATED,1.0,1.0,1.0,1.0,1.0,0.010148763656616211
2003,1,Rows,Removal,2004,DUPLICATED,1.0,1.0,1.0,1.0,1.0,0.010148763656616211
2004,1,Rows,Removal,2005,DUPLICATED,1.0,1.0,1.0,1.0,1.0,0.010148763656616211
2005,1,Rows,Removal,2006,DUPLICATED,1.0,1.0,1.0,1.0,1.0,0.010148763656616211
2006,1,Rows,Removal,2007,DUPLICATED,1.0,1.0,1.0,1.0,1.0,0.010148763656616211
2007,1,Rows,Removal,2008,DUPLICATED,1.0,1.0,1.0,1.0,1.0,0.010148763656616211
2008,1,Rows,Removal,2009,DUPLICATED,1.0,1.0,1.0,1.0,1.0,0.010148763656616211
2009,1,Rows,Removal,2010,DUPLICATED,1.0,1.0,1.0,1.0,1.0,0.010148763656616211
2010,1,Rows,Removal,2011,DUPLICATED,1.0,1.0,1.0,1.0,1.0,0.010148763656616211
2011,1,Rows,Removal,2012,DUPLICATED,1.0,1.0,1.0,1.0,1.0,0.010148763656616211
2012,1,Rows,Removal,2013,DUPLICATED,1.0,1.0,1.0,1.0,1.0,0.010148763656616211
2013,1,Rows,Removal,2014,DUPLICATED,1.0,1.0,1.0,1.0,1.0,0.010148763656616211
2014,1,Rows,Removal,2015,DUPLICATED,1.0,1.0,1.0,1.0,1.0,0.010148763656616211
2015,1,Rows,Removal,2016,DUPLICATED,1.0,1.0,1.0,1.0,1.0,0.010148763656616211
2016,1,Rows,Removal,2017,DUPLICATED,1.0,1.0,1.0,1.0,1.0,0.010148763656616211
2017,1,Rows,Removal,2018,DUPLICATED,1.0,1.0,1.0,1.0,1.0,0.010148763656616211
2018,1,Rows,Removal,2019,DUPLICATED,1.0,1.0,1.0,1.0,1.0,0.010148763656616211
2019,1,Rows,Removal,2020,DUPLICATED,1.0,1.0,1.0,1.0,1.0,0.010148763656616211
2020,1,Rows,Removal,2021,DUPLICATED,1.0,1.0,1.0,1.0,1.0,0.010148763656616211
2021,1,Rows,Removal,2022,DUPLICATED,1.0,1.0,1.0,1.0,1.0,0.010148763656616211
2022,1,Rows,Removal,2023,DUPLICATED,1.0,1.0,1.0,1.0,1.0,0.010148763656616211
2023,1,Rows,Removal,2024,DUPLICATED,1.0,1.0,1.0,1.0,1.0,0.010148763656616211
2024,1,Rows,Removal,2025,DUPLICATED,1.0,1.0,1.0,1.0,1.0,0.010148763656616211
2025,1,Rows,Removal,2026,DUPLICATED,1.0,1.0,1.0,1.0,1.0,0.010148763656616211
2026,1,Rows,Removal,2027,DUPLICATED,1.0,1.0,1.0,1.0,1.0,0.010148763656616211
2027,1,Rows,Removal,2028,DUPLICATED,1.0,1.0,1.0,1.0,1.0,0.010148763656616211
2028,1,Rows,Removal,2029,DUPLICATED,1.0,1.0,1.0,1.0,1.0,0.010148763656616211
2029,1,Rows,Removal,2030,DUPLICATED,1.0,1.0,1.0,1.0,1.0,0.010148763656616211
2030,1,Rows,Removal,2031,DUPLICATED,1.0,1.0,1.0,1.0,1.0,0.010148763656616211
2031,1,Rows,Removal,2032,DUPLICATED,1.0,1.0,1.0,1.0,1.0,0.010148763656616211
2032,1,Rows,Removal,2033,DUPLICATED,1.0,1.0,1.0,1.0,1.0,0.010148763656616211
2033,1,Rows,Removal,2034,DUPLICATED,1.0,1.0,1.0,1.0,1.0,0.010148763656616211
2034,1,Rows,Removal,2035,DUPLICATED,1.0,1.0,1.0,1.0,1.0,0.010148763656616211
2035,1,Rows,Removal,2036,DUPLICATED,1.0,1.0,1.0,1.0,1.0,0.010148763656616211
2036,1,Rows,Removal,2037,DUPLICATED,1.0,1.0,1.0,1.0,1.0,0.010148763656616211
2037,1,Rows,Removal,2038,DUPLICATED,1.0,1.0,1.0,1.0,1.0,0.010148763656616211
2038,1,Rows,Removal,2039,DUPLICATED,1.0,1.0,1.0,1.0,1.0,0.010148763656616211
2039,1,Rows,Removal,2040,DUPLICATED,1.0,1.0,1.0,1.0,1.0,0.010148763656616211
2040,1,Rows,Removal,2041,DUPLICATED,1.0,1.0,1.0,1.0,1.0,0.010148763656616211
2041,1,Rows,Removal,2042,DUPLICATED,1.0,1.0,1.0,1.0,1.0,0.010148763656616211
2042,1,Rows,Removal,2043,DUPLICATED,1.0,1.0,1.0,1.0,1.0,0.010148763656616211
2043,1,Rows,Removal,2044,DUPLICATED,1.0,1.0,1.0,1.0,1.0,0.010148763656616211
2044,1,Rows,Removal,2045,DUPLICATED,1.0,1.0,1.0,1.0,1.0,0.010148763656616211
2045,1,Rows,Removal,2046,DUPLICATED,1.0,1.0,1.0,1.0,1.0,0.010148763656616211
2046,1,Rows,Removal,2047,DUPLICATED,1.0,1.0,1.0,1.0,1.0,0.010148763656616211
2047,1,Rows,Removal,2048,DUPLICATED,1.0,1.0,1.0,1.0,1.0,0.010148763656616211
2048,1,Rows,Removal,2049,DUPLICATED,1.0,1.0,1.0,1.0,1.0,0.010148763656616211
2049,1,Rows,Removal,2050,DUPLICATED,1.0,1.0,1.0,1.0,1.0,0.010148763656616211
2050,1,Rows,Removal,2051,DUPLICATED,1.0,1.0,1.0,1.0,1.0,0.010148763656616211
2051,1,Rows,Removal,2052,DUPLICATED,1.0,1.0,1.0,1.0,1.0,0.010148763656616211
2052,1,Rows,Removal,2053,DUPLICATED,1.0,1.0,1.0,1.0,1.0,0.010148763656616211
2053,1,Rows,Removal,2054,DUPLICATED,1.0,1.0,1.0,1.0,1.0,0.010148763656616211
2054,1,Rows,Removal,2055,DUPLICATED,1.0,1.0,1.0,1.0,1.0,0.010148763656616211
2055,1,Rows,Removal,2056,DUPLICATED,1.0,1.0,1.0,1.0,1.0,0.010148763656616211
2056,1,Rows,Removal,2057,DUPLICATED,1.0,1.0,1.0,1.0,1.0,0.010148763656616211
2057,1,Rows,Removal,2058,DUPLICATED,1.0,1.0,1.0,1.0,1.0,0.010148763656616211
2058,1,Rows,Removal,2059,DUPLICATED,1.0,1.0,1.0,1.0,1.0,0.010148763656616211
2059,1,Rows,Removal,2060,DUPLICATED,1.0,1.0,1.0,1.0,1.0,0.010148763656616211
2060,1,Rows,Removal,2061,DUPLICATED,1.0,1.0,1.0,1.0,1.0,0.010148763656616211
2061,1,Rows,Removal,2062,DUPLICATED,1.0,1.0,1.0,1.0,1.0,0.010148763656616211
2062,1,Rows,Removal,2063,DUPLICATED,1.0,1.0,1.0,1.0,1.0,0.010148763656616211
2063,1,Rows,Removal,2064,DUPLICATED,1.0,1.0,1.0,1.0,1.0,0.010148763656616211
2064,1,Rows,Removal,2065,DUPLICATED,1.0,1.0,1.0,1.0,1.0,0.010148763656616211
2065,1,Rows,Removal,2066,DUPLICATED,1.0,1.0,1.0,1.0,1.0,0.010148763656616211
2066,1,Rows,Removal,2067,DUPLICATED,1.0,1.0,1.0,1.0,1.0,0.010148763656616211
2067,1,Rows,Removal,2068,DUPLICATED,1.0,1.0,1.0,1.0,1.0,0.010148763656616211
2068,1,Rows,Removal,2069,DUPLICATED,1.0,1.0,1.0,1.0,1.0,0.010148763656616211
2069,1,Rows,Removal,2070,DUPLICATED,1.0,1.0,1.0,1.0,1.0,0.010148763656616211
2070,1,Rows,Removal,2071,DUPLICATED,1.0,1.0,1.0,1.0,1.0,0.010148763656616211
2071,1,Rows,Removal,2072,DUPLICATED,1.0,1.0,1.0,1.0,1.0,0.010148763656616211
2072,1,Rows,Removal,2073,DUPLICATED,1.0,1.0,1.0,1.0,1.0,0.010148763656616211
2073,1,Rows,Removal,2074,DUPLICATED,1.0,1.0,1.0,1.0,1.0,0.010148763656616211
2074,1,Rows,Removal,2075,DUPLICATED,1.0,1.0,1.0,1.0,1.0,0.010148763656616211
2075,1,Rows,Removal,2076,DUPLICATED,1.0,1.0,1.0,1.0,1.0,0.010148763656616211
2076,1,Rows,Removal,2077,DUPLICATED,1.0,1.0,1.0,1.0,1.0,0.010148763656616211
2077,1,Rows,Removal,2078,DUPLICATED,1.0,1.0,1.0,1.0,1.0,0.010148763656616211
2078,1,Rows,Removal,2079,DUPLICATED,1.0,1.0,1.0,1.0,1.0,0.010148763656616211
2079,1,Rows,Removal,2080,DUPLICATED,1.0,1.0,1.0,1.0,1.0,0.010148763656616211
2080,1,Rows,Removal,2081,DUPLICATED,1.0,1.0,1.0,1.0,1.0,0.010148763656616211
2081,1,Rows,Removal,2082,DUPLICATED,1.0,1.0,1.0,1.0,1.0,0.010148763656616211
2082,1,Rows,Removal,2083,DUPLICATED,1.0,1.0,1.0,1.0,1.0,0.010148763656616211
2083,1,Rows,Removal,2084,DUPLICATED,1.0,1.0,1.0,1.0,1.0,0.010148763656616211
2084,1,Rows,Removal,2085,DUPLICATED,1.0,1.0,1.0,1.0,1.0,0.010148763656616211
2085,1,Rows,Removal,2086,DUPLICATED,1.0,1.0,1.0,1.0,1.0,0.010148763656616211
2086,1,Rows,Removal,2087,DUPLICATED,1.0,1.0,1.0,1.0,1.0,0.010148763656616211
2087,1,Rows,Removal,2088,DUPLICATED,1.0,1.0,1.0,1.0,1.0,0.010148763656616211
2088,1,Rows,Removal,2089,DUPLICATED,1.0,1.0,1.0,1.0,1.0,0.010148763656616211
2089,1,Rows,Removal,2090,DUPLICATED,1.0,1.0,1.0,1.0,1.0,0.010148763656616211
2090,1,Rows,Removal,2091,DUPLICATED,1.0,1.0,1.0,1.0,1.0,0.010148763656616211
2091,1,Rows,Removal,2092,DUPLICATED,1.0,1.0,1.0,1.0,1.0,0.010148763656616211
2092,1,Rows,Removal,2093,DUPLICATED,1.0,1.0,1.0,1.0,1.0,0.010148763656616211
2093,1,Rows,Removal,2094,DUPLICATED,1.0,1.0,1.0,1.0,1.0,0.010148763656616211
2094,1,Rows,Removal,2095,DUPLICATED,1.0,1.0,1.0,1.0,1.0,0.010148763656616211
2095,1,Rows,Removal,2096,DUPLICATED,1.0,1.0,1.0,1.0,1.0,0.010148763656616211
2096,1,Rows,Removal,2097,DUPLICATED,1.0,1.0,1.0,1.0,1.0,0.010148763656616211
2097,1,Rows,Removal,2098,DUPLICATED,1.0,1.0,1.0,1.0,1.0,0.010148763656616211
2098,1,Rows,Removal,2099,DUPLICATED,1.0,1.0,1.0,1.0,1.0,0.010148763656616211
2099,1,Rows,Removal,2100,DUPLICATED,1.0,1.0,1.0,1.0,1.0,0.010148763656616211
2100,1,Rows,Removal,2101,DUPLICATED,1.0,1.0,1.0,1.0,1.0,0.010148763656616211
2101,1,Rows,Removal,2102,DUPLICATED,1.0,1.0,1.0,1.0,1.0,0.010148763656616211
2102,1,Rows,Removal,2103,DUPLICATED,1.0,1.0,1.0,1.0,1.0,0.010148763656616211
2103,1,Rows,Removal,2104,DUPLICATED,1.0,1.0,1.0,1.0,1.0,0.010148763656616211
2104,1,Rows,Removal,2105,DUPLICATED,1.0,1.0,1.0,1.0,1.0,0.010148763656616211
2105,1,Rows,Removal,2106,DUPLICATED,1.0,1.0,1.0,1.0,1.0,0.010148763656616211
2106,1,Rows,Removal,2107,DUPLICATED,1.0,1.0,1.0,1.0,1.0,0.010148763656616211
2107,1,Rows,Removal,2108,DUPLICATED,1.0,1.0,1.0,1.0,1.0,0.010148763656616211
2108,1,Rows,Removal,2109,DUPLICATED,1.0,1.0,1.0,1.0,1.0,0.010148763656616211
2109,1,Rows,Removal,2110,DUPLICATED,1.0,1.0,1.0,1.0,1.0,0.010148763656616211
2110,1,Rows,Removal,2111,DUPLICATED,1.0,1.0,1.0,1.0,1.0,0.010148763656616211
2111,1,Rows,Removal,2112,DUPLICATED,1.0,1.0,1.0,1.0,1.0,0.010148763656616211
2112,1,Rows,Removal,2113,DUPLICATED,1.0,1.0,1.0,1.0,1.0,0.010148763656616211
2113,1,Rows,Removal,2114,DUPLICATED,1.0,1.0,1.0,1.0,1.0,0.010148763656616211
2114,1,Rows,Removal,2115,DUPLICATED,1.0,1.0,1.0,1.0,1.0,0.010148763656616211
2115,1,Rows,Removal,2116,DUPLICATED,1.0,1.0,1.0,1.0,1.0,0.010148763656616211
2116,1,Rows,Removal,2117,DUPLICATED,1.0,1.0,1.0,1.0,1.0,0.010148763656616211
2117,1,Rows,Removal,2118,DUPLICATED,1.0,1.0,1.0,1.0,1.0,0.010148763656616211
2118,1,Rows,Removal,2119,DUPLICATED,1.0,1.0,1.0,1.0,1.0,0.010148763656616211
2119,1,Rows,Removal,2120,DUPLICATED,1.0,1.0,1.0,1.0,1.0,0.010148763656616211
2120,1,Rows,Removal,2121,DUPLICATED,1.0,1.0,1.0,1.0,1.0,0.010148763656616211
2121,1,Rows,Removal,2122,DUPLICATED,1.0,1.0,1.0,1.0,1.0,0.010148763656616211
2122,1,Rows,Removal,2123,DUPLICATED,1.0,1.0,1.0,1.0,1.0,0.010148763656616211
2123,1,Rows,Removal,2124,DUPLICATED,1.0,1.0,1.0,1.0,1.0,0.010148763656616211
2124,1,Rows,Removal,2125,DUPLICATED,1.0,1.0,1.0,1.0,1.0,0.010148763656616211
2125,1,Rows,Removal,2126,DUPLICATED,1.0,1.0,1.0,1.0,1.0,0.010148763656616211
2126,1,Rows,Removal,2127,DUPLICATED,1.0,1.0,1.0,1.0,1.0,0.010148763656616211
2127,1,Rows,Removal,2128,DUPLICATED,1.0,1.0,1.0,1.0,1.0,0.010148763656616211
2128,1,Rows,Removal,2129,DUPLICATED,1.0,1.0,1.0,1.0,1.0,0.010148763656616211
2129,1,Rows,Removal,2130,DUPLICATED,1.0,1.0,1.0,1.0,1.0,0.010148763656616211
2130,1,Rows,Removal,2131,DUPLICATED,1.0,1.0,1.0,1.0,1.0,0.010148763656616211
2131,1,Rows,Removal,2132,DUPLICATED,1.0,1.0,1.0,1.0,1.0,0.010148763656616211
2132,1,Rows,Removal,2133,DUPLICATED,1.0,1.0,1.0,1.0,1.0,0.010148763656616211
2133,1,Rows,Removal,2134,DUPLICATED,1.0,1.0,1.0,1.0,1.0,0.010148763656616211
2134,1,Rows,Removal,2135,DUPLICATED,1.0,1.0,1.0,1.0,1.0,0.010148763656616211
2135,1,Rows,Removal,2136,DUPLICATED,1.0,1.0,1.0,1.0,1.0,0.010148763656616211
2136,1,Rows,Removal,2137,DUPLICATED,1.0,1.0,1.0,1.0,1.0,0.010148763656616211
2137,1,Rows,Removal,2138,DUPLICATED,1.0,1.0,1.0,1.0,1.0,0.010148763656616211
2138,1,Rows,Removal,2139,DUPLICATED,1.0,1.0,1.0,1.0,1.0,0.010148763656616211
2139,1,Rows,Removal,2140,DUPLICATED,1.0,1.0,1.0,1.0,1.0,0.010148763656616211
2140,1,Rows,Removal,2141,DUPLICATED,1.0,1.0,1.0,1.0,1.0,0.010148763656616211
2141,1,Rows,Removal,2142,DUPLICATED,1.0,1.0,1.0,1.0,1.0,0.010148763656616211
2142,1,Rows,Removal,2143,DUPLICATED,1.0,1.0,1.0,1.0,1.0,0.010148763656616211
2143,1,Rows,Removal,2144,DUPLICATED,1.0,1.0,1.0,1.0,1.0,0.010148763656616211
2144,1,Rows,Removal,2145,DUPLICATED,1.0,1.0,1.0,1.0,1.0,0.010148763656616211
2145,1,Rows,Removal,2146,DUPLICATED,1.0,1.0,1.0,1.0,1.0,0.010148763656616211
2146,1,Rows,Removal,2147,DUPLICATED,1.0,1.0,1.0,1.0,1.0,0.010148763656616211
2147,1,Rows,Removal,2148,DUPLICATED,1.0,1.0,1.0,1.0,1.0,0.010148763656616211
2148,1,Rows,Removal,2149,DUPLICATED,1.0,1.0,1.0,1.0,1.0,0.010148763656616211
2149,1,Rows,Removal,2150,DUPLICATED,1.0,1.0,1.0,1.0,1.0,0.010148763656616211
2150,1,Rows,Removal,2151,DUPLICATED,1.0,1.0,1.0,1.0,1.0,0.010148763656616211
2151,1,Rows,Removal,2152,DUPLICATED,1.0,1.0,1.0,1.0,1.0,0.010148763656616211
2152,1,Rows,Removal,2153,DUPLICATED,1.0,1.0,1.0,1.0,1.0,0.010148763656616211
2153,1,Rows,Removal,2154,DUPLICATED,1.0,1.0,1.0,1.0,1.0,0.010148763656616211
2154,1,Rows,Removal,2155,DUPLICATED,1.0,1.0,1.0,1.0,1.0,0.010148763656616211
2155,1,Rows,Removal,2156,DUPLICATED,1.0,1.0,1.0,1.0,1.0,0.010148763656616211
2156,1,Rows,Removal,2157,DUPLICATED,1.0,1.0,1.0,1.0,1.0,0.010148763656616211
2157,1,Rows,Removal,2158,DUPLICATED,1.0,1.0,1.0,1.0,1.0,0.010148763656616211
2158,1,Rows,Removal,2159,DUPLICATED,1.0,1.0,1.0,1.0,1.0,0.010148763656616211
2159,1,Rows,Removal,2160,DUPLICATED,1.0,1.0,1.0,1.0,1.0,0.010148763656616211
2160,1,Rows,Removal,2161,DUPLICATED,1.0,1.0,1.0,1.0,1.0,0.010148763656616211
2161,1,Rows,Removal,2162,DUPLICATED,1.0,1.0,1.0,1.0,1.0,0.010148763656616211
2162,1,Rows,Removal,2163,DUPLICATED,1.0,1.0,1.0,1.0,1.0,0.010148763656616211
2163,1,Rows,Removal,2164,DUPLICATED,1.0,1.0,1.0,1.0,1.0,0.010148763656616211
2164,1,Rows,Removal,2165,DUPLICATED,1.0,1.0,1.0,1.0,1.0,0.010148763656616211
2165,1,Rows,Removal,2166,DUPLICATED,1.0,1.0,1.0,1.0,1.0,0.010148763656616211
2166,1,Rows,Removal,2167,DUPLICATED,1.0,1.0,1.0,1.0,1.0,0.010148763656616211
2167,1,Rows,Removal,2168,DUPLICATED,1.0,1.0,1.0,1.0,1.0,0.010148763656616211
2168,1,Rows,Removal,2169,DUPLICATED,1.0,1.0,1.0,1.0,1.0,0.010148763656616211
2169,1,Rows,Removal,2170,DUPLICATED,1.0,1.0,1.0,1.0,1.0,0.010148763656616211
2170,1,Rows,Removal,2171,DUPLICATED,1.0,1.0,1.0,1.0,1.0,0.010148763656616211
2171,1,Rows,Removal,2172,DUPLICATED,1.0,1.0,1.0,1.0,1.0,0.010148763656616211
2172,1,Rows,Removal,2173,DUPLICATED,1.0,1.0,1.0,1.0,1.0,0.010148763656616211
2173,1,Rows,Removal,2174,DUPLICATED,1.0,1.0,1.0,1.0,1.0,0.010148763656616211
2174,1,Rows,Removal,2175,DUPLICATED,1.0,1.0,1.0,1.0,1.0,0.010148763656616211
2175,1,Rows,Removal,2176,DUPLICATED,1.0,1.0,1.0,1.0,1.0,0.010148763656616211
2176,1,Rows,Removal,2177,DUPLICATED,1.0,1.0,1.0,1.0,1.0,0.010148763656616211
2177,1,Rows,Removal,2178,DUPLICATED,1.0,1.0,1.0,1.0,1.0,0.010148763656616211
2178,1,Rows,Removal,2179,DUPLICATED,1.0,1.0,1.0,1.0,1.0,0.010148763656616211
2179,1,Rows,Removal,2180,DUPLICATED,1.0,1.0,1.0,1.0,1.0,0.010148763656616211
2180,1,Rows,Removal,2181,DUPLICATED,1.0,1.0,1.0,1.0,1.0,0.010148763656616211
2181,1,Rows,Removal,2182,DUPLICATED,1.0,1.0,1.0,1.0,1.0,0.010148763656616211
2182,1,Rows,Removal,2183,DUPLICATED,1.0,1.0,1.0,1.0,1.0,0.010148763656616211
2183,1,Rows,Removal,2184,DUPLICATED,1.0,1.0,1.0,1.0,1.0,0.010148763656616211
2184,1,Rows,Removal,2185,DUPLICATED,1.0,1.0,1.0,1.0,1.0,0.010148763656616211
2185,1,Rows,Removal,2186,DUPLICATED,1.0,1.0,1.0,1.0,1.0,0.010148763656616211
2186,1,Rows,Removal,2187,DUPLICATED,1.0,1.0,1.0,1.0,1.0,0.010148763656616211
2187,1,Rows,Removal,2188,DUPLICATED,1.0,1.0,1.0,1.0,1.0,0.010148763656616211
2188,1,Rows,Removal,2189,DUPLICATED,1.0,1.0,1.0,1.0,1.0,0.010148763656616211
2189,1,Rows,Removal,2190,DUPLICATED,1.0,1.0,1.0,1.0,1.0,0.010148763656616211
2190,1,Rows,Removal,2191,DUPLICATED,1.0,1.0,1.0,1.0,1.0,0.010148763656616211
2191,1,Rows,Removal,2192,DUPLICATED,1.0,1.0,1.0,1.0,1.0,0.010148763656616211
2192,1,Rows,Removal,2193,DUPLICATED,1.0,1.0,1.0,1.0,1.0,0.010148763656616211
2193,1,Rows,Removal,2194,DUPLICATED,1.0,1.0,1.0,1.0,1.0,0.010148763656616211
2194,1,Rows,Removal,2195,DUPLICATED,1.0,1.0,1.0,1.0,1.0,0.010148763656616211
2195,1,Rows,Removal,2196,DUPLICATED,1.0,1.0,1.0,1.0,1.0,0.010148763656616211
2196,1,Rows,Removal,2197,DUPLICATED,1.0,1.0,1.0,1.0,1.0,0.010148763656616211
2197,1,Rows,Removal,2198,DUPLICATED,1.0,1.0,1.0,1.0,1.0,0.010148763656616211
2198,1,Rows,Removal,2199,DUPLICATED,1.0,1.0,1.0,1.0,1.0,0.010148763656616211
2199,1,Rows,Removal,2200,DUPLICATED,1.0,1.0,1.0,1.0,1.0,0.010148763656616211
2200,1,Rows,Removal,2201,DUPLICATED,1.0,1.0,1.0,1.0,1.0,0.010148763656616211
2201,1,Rows,Removal,2202,DUPLICATED,1.0,1.0,1.0,1.0,1.0,0.010148763656616211
2202,1,Rows,Removal,2203,DUPLICATED,1.0,1.0,1.0,1.0,1.0,0.010148763656616211
2203,1,Rows,Removal,2204,DUPLICATED,1.0,1.0,1.0,1.0,1.0,0.010148763656616211
2204,1,Rows,Removal,2205,DUPLICATED,1.0,1.0,1.0,1.0,1.0,0.010148763656616211
2205,1,Rows,Removal,2206,DUPLICATED,1.0,1.0,1.0,1.0,1.0,0.010148763656616211
2206,1,Rows,Removal,2207,DUPLICATED,1.0,1.0,1.0,1.0,1.0,0.010148763656616211
2207,1,Rows,Removal,2208,DUPLICATED,1.0,1.0,1.0,1.0,1.0,0.010148763656616211
2208,1,Rows,Removal,2209,DUPLICATED,1.0,1.0,1.0,1.0,1.0,0.010148763656616211
2209,1,Rows,Removal,2210,DUPLICATED,1.0,1.0,1.0,1.0,1.0,0.010148763656616211
2210,1,Rows,Removal,2211,DUPLICATED,1.0,1.0,1.0,1.0,1.0,0.010148763656616211
2211,1,Rows,Removal,2212,DUPLICATED,1.0,1.0,1.0,1.0,1.0,0.010148763656616211
2212,1,Rows,Removal,2213,DUPLICATED,1.0,1.0,1.0,1.0,1.0,0.010148763656616211
2213,1,Rows,Removal,2214,DUPLICATED,1.0,1.0,1.0,1.0,1.0,0.010148763656616211
2214,1,Rows,Removal,2215,DUPLICATED,1.0,1.0,1.0,1.0,1.0,0.010148763656616211
2215,1,Rows,Removal,2216,DUPLICATED,1.0,1.0,1.0,1.0,1.0,0.010148763656616211
2216,1,Rows,Removal,2217,DUPLICATED,1.0,1.0,1.0,1.0,1.0,0.010148763656616211
2217,1,Rows,Removal,2218,DUPLICATED,1.0,1.0,1.0,1.0,1.0,0.010148763656616211
2218,1,Rows,Removal,2219,DUPLICATED,1.0,1.0,1.0,1.0,1.0,0.010148763656616211
2219,1,Rows,Removal,2220,DUPLICATED,1.0,1.0,1.0,1.0,1.0,0.010148763656616211
2220,1,Rows,Removal,2221,DUPLICATED,1.0,1.0,1.0,1.0,1.0,0.010148763656616211
2221,1,Rows,Removal,2222,DUPLICATED,1.0,1.0,1.0,1.0,1.0,0.010148763656616211
2222,1,Rows,Removal,2223,DUPLICATED,1.0,1.0,1.0,1.0,1.0,0.010148763656616211
2223,1,Rows,Removal,2224,DUPLICATED,1.0,1.0,1.0,1.0,1.0,0.010148763656616211
2224,1,Rows,Removal,2225,DUPLICATED,1.0,1.0,1.0,1.0,1.0,0.010148763656616211
2225,1,Rows,Removal,2226,DUPLICATED,1.0,1.0,1.0,1.0,1.0,0.010148763656616211
2226,1,Rows,Removal,2227,DUPLICATED,1.0,1.0,1.0,1.0,1.0,0.010148763656616211
2227,1,Rows,Removal,2228,DUPLICATED,1.0,1.0,1.0,1.0,1.0,0.010148763656616211
2228,1,Rows,Removal,2229,DUPLICATED,1.0,1.0,1.0,1.0,1.0,0.010148763656616211
2229,1,Rows,Removal,2230,DUPLICATED,1.0,1.0,1.0,1.0,1.0,0.010148763656616211
2230,1,Rows,Removal,2231,DUPLICATED,1.0,1.0,1.0,1.0,1.0,0.010148763656616211
2231,1,Rows,Removal,2232,DUPLICATED,1.0,1.0,1.0,1.0,1.0,0.010148763656616211
2232,1,Rows,Removal,2233,DUPLICATED,1.0,1.0,1.0,1.0,1.0,0.010148763656616211
2233,1,Rows,Removal,2234,DUPLICATED,1.0,1.0,1.0,1.0,1.0,0.010148763656616211
2234,1,Rows,Removal,2235,DUPLICATED,1.0,1.0,1.0,1.0,1.0,0.010148763656616211
2235,1,Rows,Removal,2236,DUPLICATED,1.0,1.0,1.0,1.0,1.0,0.010148763656616211
2236,1,Rows,Removal,2237,DUPLICATED,1.0,1.0,1.0,1.0,1.0,0.010148763656616211
2237,1,Rows,Removal,2238,DUPLICATED,1.0,1.0,1.0,1.0,1.0,0.010148763656616211
2238,1,Rows,Removal,2239,DUPLICATED,1.0,1.0,1.0,1.0,1.0,0.010148763656616211
2239,1,Rows,Removal,2240,DUPLICATED,1.0,1.0,1.0,1.0,1.0,0.010148763656616211
2240,1,Rows,Removal,2241,DUPLICATED,1.0,1.0,1.0,1.0,1.0,0.010148763656616211
2241,1,Rows,Removal,2242,DUPLICATED,1.0,1.0,1.0,1.0,1.0,0.010148763656616211
2242,1,Rows,Removal,2243,DUPLICATED,1.0,1.0,1.0,1.0,1.0,0.010148763656616211
2243,1,Rows,Removal,2244,DUPLICATED,1.0,1.0,1.0,1.0,1.0,0.010148763656616211
2244,1,Rows,Removal,2245,DUPLICATED,1.0,1.0,1.0,1.0,1.0,0.010148763656616211
2245,1,Rows,Removal,2246,DUPLICATED,1.0,1.0,1.0,1.0,1.0,0.010148763656616211
2246,1,Rows,Removal,2247,DUPLICATED,1.0,1.0,1.0,1.0,1.0,0.010148763656616211
2247,1,Rows,Removal,2248,DUPLICATED,1.0,1.0,1.0,1.0,1.0,0.010148763656616211
2248,1,Rows,Removal,2249,DUPLICATED,1.0,1.0,1.0,1.0,1.0,0.010148763656616211
2249,1,Rows,Removal,2250,DUPLICATED,1.0,1.0,1.0,1.0,1.0,0.010148763656616211
2250,1,Rows,Removal,2251,DUPLICATED,1.0,1.0,1.0,1.0,1.0,0.010148763656616211
2251,1,Rows,Removal,2252,DUPLICATED,1.0,1.0,1.0,1.0,1.0,0.010148763656616211
2252,1,Rows,Removal,2253,DUPLICATED,1.0,1.0,1.0,1.0,1.0,0.010148763656616211
2253,1,Rows,Removal,2254,DUPLICATED,1.0,1.0,1.0,1.0,1.0,0.010148763656616211
2254,1,Rows,Removal,2255,DUPLICATED,1.0,1.0,1.0,1.0,1.0,0.010148763656616211
2255,1,Rows,Removal,2256,DUPLICATED,1.0,1.0,1.0,1.0,1.0,0.010148763656616211
2256,1,Rows,Removal,2257,DUPLICATED,1.0,1.0,1.0,1.0,1.0,0.010148763656616211
2257,1,Rows,Removal,2258,DUPLICATED,1.0,1.0,1.0,1.0,1.0,0.010148763656616211
2258,1,Rows,Removal,2259,DUPLICATED,1.0,1.0,1.0,1.0,1.0,0.010148763656616211
2259,1,Rows,Removal,2260,DUPLICATED,1.0,1.0,1.0,1.0,1.0,0.010148763656616211
2260,1,Rows,Removal,2261,DUPLICATED,1.0,1.0,1.0,1.0,1.0,0.010148763656616211
2261,1,Rows,Removal,2262,DUPLICATED,1.0,1.0,1.0,1.0,1.0,0.010148763656616211
2262,1,Rows,Removal,2263,DUPLICATED,1.0,1.0,1.0,1.0,1.0,0.010148763656616211
2263,1,Rows,Removal,2264,DUPLICATED,1.0,1.0,1.0,1.0,1.0,0.010148763656616211
2264,1,Rows,Removal,2265,DUPLICATED,1.0,1.0,1.0,1.0,1.0,0.010148763656616211
2265,1,Rows,Removal,2266,DUPLICATED,1.0,1.0,1.0,1.0,1.0,0.010148763656616211
2266,1,Rows,Removal,2267,DUPLICATED,1.0,1.0,1.0,1.0,1.0,0.010148763656616211
2267,1,Rows,Removal,2268,DUPLICATED,1.0,1.0,1.0,1.0,1.0,0.010148763656616211
2268,1,Rows,Removal,2269,DUPLICATED,1.0,1.0,1.0,1.0,1.0,0.010148763656616211
2269,1,Rows,Removal,2270,DUPLICATED,1.0,1.0,1.0,1.0,1.0,0.010148763656616211
2270,1,Rows,Removal,2271,DUPLICATED,1.0,1.0,1.0,1.0,1.0,0.010148763656616211
2271,1,Rows,Removal,2272,DUPLICATED,1.0,1.0,1.0,1.0,1.0,0.010148763656616211
2272,1,Rows,Removal,2273,DUPLICATED,1.0,1.0,1.0,1.0,1.0,0.010148763656616211
2273,1,Rows,Removal,2274,DUPLICATED,1.0,1.0,1.0,1.0,1.0,0.010148763656616211
2274,1,Rows,Removal,2275,DUPLICATED,1.0,1.0,1.0,1.0,1.0,0.010148763656616211
2275,1,Rows,Removal,2276,DUPLICATED,1.0,1.0,1.0,1.0,1.0,0.010148763656616211
2276,1,Rows,Removal,2277,DUPLICATED,1.0,1.0,1.0,1.0,1.0,0.010148763656616211
2277,1,Rows,Removal,2278,DUPLICATED,1.0,1.0,1.0,1.0,1.0,0.010148763656616211
2278,1,Rows,Removal,2279,DUPLICATED,1.0,1.0,1.0,1.0,1.0,0.010148763656616211
2279,1,Rows,Removal,2280,DUPLICATED,1.0,1.0,1.0,1.0,1.0,0.010148763656616211
2280,1,Rows,Removal,2281,DUPLICATED,1.0,1.0,1.0,1.0,1.0,0.010148763656616211
2281,1,Rows,Removal,2282,DUPLICATED,1.0,1.0,1.0,1.0,1.0,0.010148763656616211
2282,1,Rows,Removal,2283,DUPLICATED,1.0,1.0,1.0,1.0,1.0,0.010148763656616211
2283,1,Rows,Removal,2284,DUPLICATED,1.0,1.0,1.0,1.0,1.0,0.010148763656616211
2284,1,Rows,Removal,2285,DUPLICATED,1.0,1.0,1.0,1.0,1.0,0.010148763656616211
2285,1,Rows,Removal,2286,DUPLICATED,1.0,1.0,1.0,1.0,1.0,0.010148763656616211
2286,1,Rows,Removal,2287,DUPLICATED,1.0,1.0,1.0,1.0,1.0,0.010148763656616211
2287,1,Rows,Removal,2288,DUPLICATED,1.0,1.0,1.0,1.0,1.0,0.010148763656616211
2288,1,Rows,Removal,2289,DUPLICATED,1.0,1.0,1.0,1.0,1.0,0.010148763656616211
2289,1,Rows,Removal,2290,DUPLICATED,1.0,1.0,1.0,1.0,1.0,0.010148763656616211
2290,1,Rows,Removal,2291,DUPLICATED,1.0,1.0,1.0,1.0,1.0,0.010148763656616211
2291,1,Rows,Removal,2292,DUPLICATED,1.0,1.0,1.0,1.0,1.0,0.010148763656616211
2292,1,Rows,Removal,2293,DUPLICATED,1.0,1.0,1.0,1.0,1.0,0.010148763656616211
2293,1,Rows,Removal,2294,DUPLICATED,1.0,1.0,1.0,1.0,1.0,0.010148763656616211
2294,1,Rows,Removal,2295,DUPLICATED,1.0,1.0,1.0,1.0,1.0,0.010148763656616211
2295,1,Rows,Removal,2296,DUPLICATED,1.0,1.0,1.0,1.0,1.0,0.010148763656616211
2296,1,Rows,Removal,2297,DUPLICATED,1.0,1.0,1.0,1.0,1.0,0.010148763656616211
2297,1,Rows,Removal,2298,DUPLICATED,1.0,1.0,1.0,1.0,1.0,0.010148763656616211
2298,1,Rows,Removal,2299,DUPLICATED,1.0,1.0,1.0,1.0,1.0,0.010148763656616211
2299,1,Rows,Removal,2300,DUPLICATED,1.0,1.0,1.0,1.0,1.0,0.010148763656616211
2300,1,Rows,Removal,2301,DUPLICATED,1.0,1.0,1.0,1.0,1.0,0.010148763656616211
2301,1,Rows,Removal,2302,DUPLICATED,1.0,1.0,1.0,1.0,1.0,0.010148763656616211
2302,1,Rows,Removal,2303,DUPLICATED,1.0,1.0,1.0,1.0,1.0,0.010148763656616211
2303,1,Rows,Removal,2304,DUPLICATED,1.0,1.0,1.0,1.0,1.0,0.010148763656616211
2304,1,Rows,Removal,2305,DUPLICATED,1.0,1.0,1.0,1.0,1.0,0.010148763656616211
2305,1,Rows,Removal,2306,DUPLICATED,1.0,1.0,1.0,1.0,1.0,0.010148763656616211
2306,1,Rows,Removal,2307,DUPLICATED,1.0,1.0,1.0,1.0,1.0,0.010148763656616211
2307,1,Rows,Removal,2308,DUPLICATED,1.0,1.0,1.0,1.0,1.0,0.010148763656616211
2308,1,Rows,Removal,2309,DUPLICATED,1.0,1.0,1.0,1.0,1.0,0.010148763656616211
2309,1,Rows,Removal,2310,DUPLICATED,1.0,1.0,1.0,1.0,1.0,0.010148763656616211
2310,1,Rows,Removal,2311,DUPLICATED,1.0,1.0,1.0,1.0,1.0,0.010148763656616211
2311,1,Rows,Removal,2312,DUPLICATED,1.0,1.0,1.0,1.0,1.0,0.010148763656616211
2312,1,Rows,Removal,2313,DUPLICATED,1.0,1.0,1.0,1.0,1.0,0.010148763656616211
2313,1,Rows,Removal,2314,DUPLICATED,1.0,1.0,1.0,1.0,1.0,0.010148763656616211
2314,1,Rows,Removal,2315,DUPLICATED,1.0,1.0,1.0,1.0,1.0,0.010148763656616211
2315,1,Rows,Removal,2316,DUPLICATED,1.0,1.0,1.0,1.0,1.0,0.010148763656616211
2316,1,Rows,Removal,2317,DUPLICATED,1.0,1.0,1.0,1.0,1.0,0.010148763656616211
2317,1,Rows,Removal,2318,DUPLICATED,1.0,1.0,1.0,1.0,1.0,0.010148763656616211
2318,1,Rows,Removal,2319,DUPLICATED,1.0,1.0,1.0,1.0,1.0,0.010148763656616211
2319,1,Rows,Removal,2320,DUPLICATED,1.0,1.0,1.0,1.0,1.0,0.010148763656616211
2320,1,Rows,Removal,2321,DUPLICATED,1.0,1.0,1.0,1.0,1.0,0.010148763656616211
2321,1,Rows,Removal,2322,DUPLICATED,1.0,1.0,1.0,1.0,1.0,0.010148763656616211
2322,1,Rows,Removal,2323,DUPLICATED,1.0,1.0,1.0,1.0,1.0,0.010148763656616211
2323,1,Rows,Removal,2324,DUPLICATED,1.0,1.0,1.0,1.0,1.0,0.010148763656616211
2324,1,Rows,Removal,2325,DUPLICATED,1.0,1.0,1.0,1.0,1.0,0.010148763656616211
2325,1,Rows,Removal,2326,DUPLICATED,1.0,1.0,1.0,1.0,1.0,0.010148763656616211
2326,1,Rows,Removal,2327,DUPLICATED,1.0,1.0,1.0,1.0,1.0,0.010148763656616211
2327,1,Rows,Removal,2328,DUPLICATED,1.0,1.0,1.0,1.0,1.0,0.010148763656616211
2328,1,Rows,Removal,2329,DUPLICATED,1.0,1.0,1.0,1.0,1.0,0.010148763656616211
2329,1,Rows,Removal,2330,DUPLICATED,1.0,1.0,1.0,1.0,1.0,0.010148763656616211
2330,1,Rows,Removal,2331,DUPLICATED,1.0,1.0,1.0,1.0,1.0,0.010148763656616211
2331,1,Rows,Removal,2332,DUPLICATED,1.0,1.0,1.0,1.0,1.0,0.010148763656616211
2332,1,Rows,Removal,2333,DUPLICATED,1.0,1.0,1.0,1.0,1.0,0.010148763656616211
2333,1,Rows,Removal,2334,DUPLICATED,1.0,1.0,1.0,1.0,1.0,0.010148763656616211
2334,1,Rows,Removal,2335,DUPLICATED,1.0,1.0,1.0,1.0,1.0,0.010148763656616211
2335,1,Rows,Removal,2336,DUPLICATED,1.0,1.0,1.0,1.0,1.0,0.010148763656616211
2336,1,Rows,Removal,2337,DUPLICATED,1.0,1.0,1.0,1.0,1.0,0.010148763656616211
2337,1,Rows,Removal,2338,DUPLICATED,1.0,1.0,1.0,1.0,1.0,0.010148763656616211
2338,1,Rows,Removal,2339,DUPLICATED,1.0,1.0,1.0,1.0,1.0,0.010148763656616211
2339,1,Rows,Removal,2340,DUPLICATED,1.0,1.0,1.0,1.0,1.0,0.010148763656616211
2340,1,Rows,Removal,2341,DUPLICATED,1.0,1.0,1.0,1.0,1.0,0.010148763656616211
2341,1,Rows,Removal,2342,DUPLICATED,1.0,1.0,1.0,1.0,1.0,0.010148763656616211
2342,1,Rows,Removal,2343,DUPLICATED,1.0,1.0,1.0,1.0,1.0,0.010148763656616211
2343,1,Rows,Removal,2344,DUPLICATED,1.0,1.0,1.0,1.0,1.0,0.010148763656616211
2344,1,Rows,Removal,2345,DUPLICATED,1.0,1.0,1.0,1.0,1.0,0.010148763656616211
2345,1,Rows,Removal,2346,DUPLICATED,1.0,1.0,1.0,1.0,1.0,0.010148763656616211
2346,1,Rows,Removal,2347,DUPLICATED,1.0,1.0,1.0,1.0,1.0,0.010148763656616211
2347,1,Rows,Removal,2348,DUPLICATED,1.0,1.0,1.0,1.0,1.0,0.010148763656616211
2348,1,Rows,Removal,2349,DUPLICATED,1.0,1.0,1.0,1.0,1.0,0.010148763656616211
2349,1,Rows,Removal,2350,DUPLICATED,1.0,1.0,1.0,1.0,1.0,0.010148763656616211
2350,1,Rows,Removal,2351,DUPLICATED,1.0,1.0,1.0,1.0,1.0,0.010148763656616211
2351,1,Rows,Removal,2352,DUPLICATED,1.0,1.0,1.0,1.0,1.0,0.010148763656616211
2352,1,Rows,Removal,2353,DUPLICATED,1.0,1.0,1.0,1.0,1.0,0.010148763656616211
2353,1,Rows,Removal,2354,DUPLICATED,1.0,1.0,1.0,1.0,1.0,0.010148763656616211
2354,1,Rows,Removal,2355,DUPLICATED,1.0,1.0,1.0,1.0,1.0,0.010148763656616211
2355,1,Rows,Removal,2356,DUPLICATED,1.0,1.0,1.0,1.0,1.0,0.010148763656616211
2356,1,Rows,Removal,2357,DUPLICATED,1.0,1.0,1.0,1.0,1.0,0.010148763656616211
2357,1,Rows,Removal,2358,DUPLICATED,1.0,1.0,1.0,1.0,1.0,0.010148763656616211
2358,1,Rows,Removal,2359,DUPLICATED,1.0,1.0,1.0,1.0,1.0,0.010148763656616211
2359,1,Rows,Removal,2360,DUPLICATED,1.0,1.0,1.0,1.0,1.0,0.010148763656616211
2360,1,Rows,Removal,2361,DUPLICATED,1.0,1.0,1.0,1.0,1.0,0.010148763656616211
2361,1,Rows,Removal,2362,DUPLICATED,1.0,1.0,1.0,1.0,1.0,0.010148763656616211
2362,1,Rows,Removal,2363,DUPLICATED,1.0,1.0,1.0,1.0,1.0,0.010148763656616211
2363,1,Rows,Removal,2364,DUPLICATED,1.0,1.0,1.0,1.0,1.0,0.010148763656616211
2364,1,Rows,Removal,2365,DUPLICATED,1.0,1.0,1.0,1.0,1.0,0.010148763656616211
2365,1,Rows,Removal,2366,DUPLICATED,1.0,1.0,1.0,1.0,1.0,0.010148763656616211
2366,1,Rows,Removal,2367,DUPLICATED,1.0,1.0,1.0,1.0,1.0,0.010148763656616211
2367,1,Rows,Removal,2368,DUPLICATED,1.0,1.0,1.0,1.0,1.0,0.010148763656616211
2368,1,Rows,Removal,2369,DUPLICATED,1.0,1.0,1.0,1.0,1.0,0.010148763656616211
2369,1,Rows,Removal,2370,DUPLICATED,1.0,1.0,1.0,1.0,1.0,0.010148763656616211
2370,1,Rows,Removal,2371,DUPLICATED,1.0,1.0,1.0,1.0,1.0,0.010148763656616211
2371,1,Rows,Removal,2372,DUPLICATED,1.0,1.0,1.0,1.0,1.0,0.010148763656616211
2372,1,Rows,Removal,2373,DUPLICATED,1.0,1.0,1.0,1.0,1.0,0.010148763656616211
2373,1,Rows,Removal,2374,DUPLICATED,1.0,1.0,1.0,1.0,1.0,0.010148763656616211
2374,1,Rows,Removal,2375,DUPLICATED,1.0,1.0,1.0,1.0,1.0,0.010148763656616211
2375,1,Rows,Removal,2376,DUPLICATED,1.0,1.0,1.0,1.0,1.0,0.010148763656616211
2376,1,Rows,Removal,2377,DUPLICATED,1.0,1.0,1.0,1.0,1.0,0.010148763656616211
2377,1,Rows,Removal,2378,DUPLICATED,1.0,1.0,1.0,1.0,1.0,0.010148763656616211
2378,1,Rows,Removal,2379,DUPLICATED,1.0,1.0,1.0,1.0,1.0,0.010148763656616211
2379,1,Rows,Removal,2380,DUPLICATED,1.0,1.0,1.0,1.0,1.0,0.010148763656616211
2380,1,Rows,Removal,2381,DUPLICATED,1.0,1.0,1.0,1.0,1.0,0.010148763656616211
2381,1,Rows,Removal,2382,DUPLICATED,1.0,1.0,1.0,1.0,1.0,0.010148763656616211
2382,1,Rows,Removal,2383,DUPLICATED,1.0,1.0,1.0,1.0,1.0,0.010148763656616211
2383,1,Rows,Removal,2384,DUPLICATED,1.0,1.0,1.0,1.0,1.0,0.010148763656616211
2384,1,Rows,Removal,2385,DUPLICATED,1.0,1.0,1.0,1.0,1.0,0.010148763656616211
2385,1,Rows,Removal,2386,DUPLICATED,1.0,1.0,1.0,1.0,1.0,0.010148763656616211
2386,1,Rows,Removal,2387,DUPLICATED,1.0,1.0,1.0,1.0,1.0,0.010148763656616211
2387,1,Rows,Removal,2388,DUPLICATED,1.0,1.0,1.0,1.0,1.0,0.010148763656616211
2388,1,Rows,Removal,2389,DUPLICATED,1.0,1.0,1.0,1.0,1.0,0.010148763656616211
2389,1,Rows,Removal,2390,DUPLICATED,1.0,1.0,1.0,1.0,1.0,0.010148763656616211
2390,1,Rows,Removal,2391,DUPLICATED,1.0,1.0,1.0,1.0,1.0,0.010148763656616211
2391,1,Rows,Removal,2392,DUPLICATED,1.0,1.0,1.0,1.0,1.0,0.010148763656616211
2392,1,Rows,Removal,2393,DUPLICATED,1.0,1.0,1.0,1.0,1.0,0.010148763656616211
2393,1,Rows,Removal,2394,DUPLICATED,1.0,1.0,1.0,1.0,1.0,0.010148763656616211
2394,1,Rows,Removal,2395,DUPLICATED,1.0,1.0,1.0,1.0,1.0,0.010148763656616211
2395,1,Rows,Removal,2396,DUPLICATED,1.0,1.0,1.0,1.0,1.0,0.010148763656616211
2396,1,Rows,Removal,2397,DUPLICATED,1.0,1.0,1.0,1.0,1.0,0.010148763656616211
2397,1,Rows,Removal,2398,DUPLICATED,1.0,1.0,1.0,1.0,1.0,0.010148763656616211
2398,1,Rows,Removal,2399,DUPLICATED,1.0,1.0,1.0,1.0,1.0,0.010148763656616211
2399,1,Rows,Removal,2400,DUPLICATED,1.0,1.0,1.0,1.0,1.0,0.010148763656616211
2400,1,Rows,Removal,2401,DUPLICATED,1.0,1.0,1.0,1.0,1.0,0.010148763656616211
2401,1,Rows,Removal,2402,DUPLICATED,1.0,1.0,1.0,1.0,1.0,0.010148763656616211
2402,1,Rows,Removal,2403,DUPLICATED,1.0,1.0,1.0,1.0,1.0,0.010148763656616211
2403,1,Rows,Removal,2404,DUPLICATED,1.0,1.0,1.0,1.0,1.0,0.010148763656616211
2404,1,Rows,Removal,2405,DUPLICATED,1.0,1.0,1.0,1.0,1.0,0.010148763656616211
2405,1,Rows,Removal,2406,DUPLICATED,1.0,1.0,1.0,1.0,1.0,0.010148763656616211
2406,1,Rows,Removal,2407,DUPLICATED,1.0,1.0,1.0,1.0,1.0,0.010148763656616211
2407,1,Rows,Removal,2408,DUPLICATED,1.0,1.0,1.0,1.0,1.0,0.010148763656616211
2408,1,Rows,Removal,2409,DUPLICATED,1.0,1.0,1.0,1.0,1.0,0.010148763656616211
2409,1,Rows,Removal,2410,DUPLICATED,1.0,1.0,1.0,1.0,1.0,0.010148763656616211
2410,1,Rows,Removal,2411,DUPLICATED,1.0,1.0,1.0,1.0,1.0,0.010148763656616211
2411,1,Rows,Removal,2412,DUPLICATED,1.0,1.0,1.0,1.0,1.0,0.010148763656616211
2412,1,Rows,Removal,2413,DUPLICATED,1.0,1.0,1.0,1.0,1.0,0.010148763656616211
2413,1,Rows,Removal,2414,DUPLICATED,1.0,1.0,1.0,1.0,1.0,0.010148763656616211
2414,1,Rows,Removal,2415,DUPLICATED,1.0,1.0,1.0,1.0,1.0,0.010148763656616211
2415,1,Rows,Removal,2416,DUPLICATED,1.0,1.0,1.0,1.0,1.0,0.010148763656616211
2416,1,Rows,Removal,2417,DUPLICATED,1.0,1.0,1.0,1.0,1.0,0.010148763656616211
2417,1,Rows,Removal,2418,DUPLICATED,1.0,1.0,1.0,1.0,1.0,0.010148763656616211
2418,1,Rows,Removal,2419,DUPLICATED,1.0,1.0,1.0,1.0,1.0,0.010148763656616211
2419,1,Rows,Removal,2420,DUPLICATED,1.0,1.0,1.0,1.0,1.0,0.010148763656616211
2420,1,Rows,Removal,2421,DUPLICATED,1.0,1.0,1.0,1.0,1.0,0.010148763656616211
2421,1,Rows,Removal,2422,DUPLICATED,1.0,1.0,1.0,1.0,1.0,0.010148763656616211
2422,1,Rows,Removal,2423,DUPLICATED,1.0,1.0,1.0,1.0,1.0,0.010148763656616211
2423,1,Rows,Removal,2424,DUPLICATED,1.0,1.0,1.0,1.0,1.0,0.010148763656616211
2424,1,Rows,Removal,2425,DUPLICATED,1.0,1.0,1.0,1.0,1.0,0.010148763656616211
2425,1,Rows,Removal,2426,DUPLICATED,1.0,1.0,1.0,1.0,1.0,0.010148763656616211
2426,1,Rows,Removal,2427,DUPLICATED,1.0,1.0,1.0,1.0,1.0,0.010148763656616211
2427,1,Rows,Removal,2428,DUPLICATED,1.0,1.0,1.0,1.0,1.0,0.010148763656616211
2428,1,Rows,Removal,2429,DUPLICATED,1.0,1.0,1.0,1.0,1.0,0.010148763656616211
2429,1,Rows,Removal,2430,DUPLICATED,1.0,1.0,1.0,1.0,1.0,0.010148763656616211
2430,1,Rows,Removal,2431,DUPLICATED,1.0,1.0,1.0,1.0,1.0,0.010148763656616211
2431,1,Rows,Removal,2432,DUPLICATED,1.0,1.0,1.0,1.0,1.0,0.010148763656616211
2432,1,Rows,Removal,2433,DUPLICATED,1.0,1.0,1.0,1.0,1.0,0.010148763656616211
2433,1,Rows,Removal,2434,DUPLICATED,1.0,1.0,1.0,1.0,1.0,0.010148763656616211
2434,1,Rows,Removal,2435,DUPLICATED,1.0,1.0,1.0,1.0,1.0,0.010148763656616211
2435,1,Rows,Removal,2436,DUPLICATED,1.0,1.0,1.0,1.0,1.0,0.010148763656616211
2436,1,Rows,Removal,2437,DUPLICATED,1.0,1.0,1.0,1.0,1.0,0.010148763656616211
2437,1,Rows,Removal,2438,DUPLICATED,1.0,1.0,1.0,1.0,1.0,0.010148763656616211
2438,1,Rows,Removal,2439,DUPLICATED,1.0,1.0,1.0,1.0,1.0,0.010148763656616211
2439,1,Rows,Removal,2440,DUPLICATED,1.0,1.0,1.0,1.0,1.0,0.010148763656616211
2440,1,Rows,Removal,2441,DUPLICATED,1.0,1.0,1.0,1.0,1.0,0.010148763656616211
2441,1,Rows,Removal,2442,DUPLICATED,1.0,1.0,1.0,1.0,1.0,0.010148763656616211
2442,1,Rows,Removal,2443,DUPLICATED,1.0,1.0,1.0,1.0,1.0,0.010148763656616211
2443,1,Rows,Removal,2444,DUPLICATED,1.0,1.0,1.0,1.0,1.0,0.010148763656616211
2444,1,Rows,Removal,2445,DUPLICATED,1.0,1.0,1.0,1.0,1.0,0.010148763656616211
2445,1,Rows,Removal,2446,DUPLICATED,1.0,1.0,1.0,1.0,1.0,0.010148763656616211
2446,1,Rows,Removal,2447,DUPLICATED,1.0,1.0,1.0,1.0,1.0,0.010148763656616211
2447,1,Rows,Removal,2448,DUPLICATED,1.0,1.0,1.0,1.0,1.0,0.010148763656616211
2448,1,Rows,Removal,2449,DUPLICATED,1.0,1.0,1.0,1.0,1.0,0.010148763656616211
2449,1,Rows,Removal,2450,DUPLICATED,1.0,1.0,1.0,1.0,1.0,0.010148763656616211
0,1,Rows,Addition,0,BOOTSTRAPPED,1.0,1.0,1,1,1,0.003927707672119141
0,1,Rows,Addition,1,BOOTSTRAPPED,1.0,1.0,1,1,1,0.003940105438232422
0,1,Rows,Addition,2,BOOTSTRAPPED,1.0,1.0,1,1,1,0.0036182403564453125
0,1,Rows,Addition,3,BOOTSTRAPPED,1.0,1.0,1,1,1,0.0036411285400390625
0,1,Rows,Addition,4,BOOTSTRAPPED,1.0,1.0,1,1,1,0.003713846206665039
0,1,Rows,Addition,5,BOOTSTRAPPED,1.0,1.0,1,1,1,0.003665924072265625
0,1,Rows,Addition,6,BOOTSTRAPPED,1.0,1.0,1,1,1,0.0036919116973876953
0,1,Rows,Addition,7,BOOTSTRAPPED,1.0,1.0,1,1,1,0.003664731979370117
0,1,Rows,Addition,8,BOOTSTRAPPED,1.0,1.0,1,1,1,0.0036001205444335938
0,1,Rows,Addition,9,BOOTSTRAPPED,1.0,1.0,1,1,1,0.003550291061401367
0,1,Rows,Addition,10,BOOTSTRAPPED,1.0,1.0,1,1,1,0.003673076629638672
0,1,Rows,Addition,11,BOOTSTRAPPED,1.0,1.0,1,1,1,0.0034487247467041016
0,1,Rows,Addition,12,BOOTSTRAPPED,1.0,1.0,1,1,1,0.0036149024963378906
0,1,Rows,Addition,13,BOOTSTRAPPED,1.0,1.0,1,1,1,0.003555774688720703
0,1,Rows,Addition,14,BOOTSTRAPPED,1.0,1.0,1,1,1,0.003572225570678711
0,1,Rows,Addition,15,BOOTSTRAPPED,1.0,1.0,1,1,1,0.00360107421875
0,1,Rows,Addition,16,BOOTSTRAPPED,1.0,1.0,1,1,1,0.0037140846252441406
0,1,Rows,Addition,17,BOOTSTRAPPED,1.0,1.0,1,1,1,0.0036661624908447266
0,1,Rows,Addition,18,BOOTSTRAPPED,1.0,1.0,1,1,1,0.0036170482635498047
0,1,Rows,Addition,19,BOOTSTRAPPED,1.0,1.0,1,1,1,0.003451108932495117
0,1,Rows,Addition,20,BOOTSTRAPPED,1.0,1.0,1,1,1,0.0035309791564941406
0,1,Rows,Addition,21,BOOTSTRAPPED,1.0,1.0,1,1,1,0.0034079551696777344
0,1,Rows,Addition,22,BOOTSTRAPPED,1.0,1.0,1,1,1,0.0037670135498046875
0,1,Rows,Addition,23,BOOTSTRAPPED,1.0,1.0,1,1,1,0.003576993942260742
0,1,Rows,Addition,24,BOOTSTRAPPED,1.0,1.0,1,1,1,0.0035927295684814453
0,1,Rows,Addition,25,BOOTSTRAPPED,1.0,1.0,1,1,1,0.003731966018676758
0,1,Rows,Addition,26,BOOTSTRAPPED,1.0,1.0,1,1,1,0.0035712718963623047
0,1,Rows,Addition,27,BOOTSTRAPPED,1.0,1.0,1,1,1,0.0035619735717773438
0,1,Rows,Addition,28,BOOTSTRAPPED,1.0,1.0,1,1,1,0.0034928321838378906
0,1,Rows,Addition,29,BOOTSTRAPPED,1.0,1.0,1,1,1,0.0035550594329833984
0,1,Rows,Addition,30,BOOTSTRAPPED,1.0,1.0,1,1,1,0.003576993942260742
0,1,Rows,Addition,31,BOOTSTRAPPED,1.0,1.0,1,1,1,0.0036492347717285156
0,1,Rows,Addition,32,BOOTSTRAPPED,1.0,1.0,1,1,1,0.0037081241607666016
0,1,Rows,Addition,33,BOOTSTRAPPED,1.0,1.0,1,1,1,0.0036039352416992188
0,1,Rows,Addition,34,BOOTSTRAPPED,1.0,1.0,1,1,1,0.0035631656646728516
0,1,Rows,Addition,35,BOOTSTRAPPED,1.0,1.0,1,1,1,0.0036258697509765625
0,1,Rows,Addition,36,BOOTSTRAPPED,1.0,1.0,1,1,1,0.003673076629638672
0,1,Rows,Addition,37,BOOTSTRAPPED,1.0,1.0,1,1,1,0.003542661666870117
0,1,Rows,Addition,38,BOOTSTRAPPED,1.0,1.0,1,1,1,0.0035729408264160156
0,1,Rows,Addition,39,BOOTSTRAPPED,1.0,1.0,1,1,1,0.003526926040649414
0,1,Rows,Addition,40,BOOTSTRAPPED,1.0,1.0,1,1,1,0.0034530162811279297
0,1,Rows,Addition,41,BOOTSTRAPPED,1.0,1.0,1,1,1,0.0034837722778320312
0,1,Rows,Addition,42,BOOTSTRAPPED,1.0,1.0,1,1,1,0.0035181045532226562
0,1,Rows,Addition,43,BOOTSTRAPPED,1.0,1.0,1,1,1,0.0034792423248291016
0,1,Rows,Addition,44,BOOTSTRAPPED,1.0,1.0,1,1,1,0.0035331249237060547
0,1,Rows,Addition,45,BOOTSTRAPPED,1.0,1.0,1,1,1,0.0037450790405273438
0,1,Rows,Addition,46,BOOTSTRAPPED,1.0,1.0,1,1,1,0.003599882125854492
0,1,Rows,Addition,47,BOOTSTRAPPED,1.0,1.0,1,1,1,0.0036308765411376953
0,1,Rows,Addition,48,BOOTSTRAPPED,1.0,1.0,1,1,1,0.0036039352416992188
0,1,Rows,Addition,49,BOOTSTRAPPED,1.0,1.0,1,1,1,0.003509998321533203
0,1,Rows,Addition,50,BOOTSTRAPPED,1.0,1.0,1,1,1,0.0035419464111328125
0,1,Rows,Addition,51,BOOTSTRAPPED,1.0,1.0,1,1,1,0.003566741943359375
0,1,Rows,Addition,52,BOOTSTRAPPED,1.0,1.0,1,1,1,0.003444194793701172
0,1,Rows,Addition,53,BOOTSTRAPPED,1.0,1.0,1,1,1,0.003515005111694336
0,1,Rows,Addition,54,BOOTSTRAPPED,1.0,1.0,1,1,1,0.0035240650177001953
0,1,Rows,Addition,55,BOOTSTRAPPED,1.0,1.0,1,1,1,0.00347900390625
0,1,Rows,Addition,56,BOOTSTRAPPED,1.0,1.0,1,1,1,0.003592252731323242
0,1,Rows,Addition,57,BOOTSTRAPPED,1.0,1.0,1,1,1,0.0035037994384765625
0,1,Rows,Addition,58,BOOTSTRAPPED,1.0,1.0,1,1,1,0.0035469532012939453
0,1,Rows,Addition,59,BOOTSTRAPPED,1.0,1.0,1,1,1,0.0035500526428222656
0,1,Rows,Addition,60,BOOTSTRAPPED,1.0,1.0,1,1,1,0.003690958023071289
0,1,Rows,Addition,61,BOOTSTRAPPED,1.0,1.0,1,1,1,0.0035829544067382812
0,1,Rows,Addition,62,BOOTSTRAPPED,1.0,1.0,1,1,1,0.003579854965209961
0,1,Rows,Addition,63,BOOTSTRAPPED,1.0,1.0,1,1,1,0.0035903453826904297
0,1,Rows,Addition,64,BOOTSTRAPPED,1.0,1.0,1,1,1,0.003699064254760742
0,1,Rows,Addition,65,BOOTSTRAPPED,1.0,1.0,1,1,1,0.0035448074340820312
0,1,Rows,Addition,66,BOOTSTRAPPED,1.0,1.0,1,1,1,0.0035986900329589844
0,1,Rows,Addition,67,BOOTSTRAPPED,1.0,1.0,1,1,1,0.003635883331298828
0,1,Rows,Addition,68,BOOTSTRAPPED,1.0,1.0,1,1,1,0.003612041473388672
0,1,Rows,Addition,69,BOOTSTRAPPED,1.0,1.0,1,1,1,0.003577709197998047
0,1,Rows,Addition,70,BOOTSTRAPPED,1.0,1.0,1,1,1,0.003657817840576172
0,1,Rows,Addition,71,BOOTSTRAPPED,1.0,1.0,1,1,1,0.003567934036254883
0,1,Rows,Addition,72,BOOTSTRAPPED,1.0,1.0,1,1,1,0.003523111343383789
0,1,Rows,Addition,73,BOOTSTRAPPED,1.0,1.0,1,1,1,0.0035791397094726562
0,1,Rows,Addition,74,BOOTSTRAPPED,1.0,1.0,1,1,1,0.0036187171936035156
0,1,Rows,Addition,75,BOOTSTRAPPED,1.0,1.0,1,1,1,0.003635883331298828
0,1,Rows,Addition,76,BOOTSTRAPPED,1.0,1.0,1,1,1,0.0035037994384765625
0,1,Rows,Addition,77,BOOTSTRAPPED,1.0,1.0,1,1,1,0.0035398006439208984
0,1,Rows,Addition,78,BOOTSTRAPPED,1.0,1.0,1,1,1,0.0036001205444335938
0,1,Rows,Addition,79,BOOTSTRAPPED,1.0,1.0,1,1,1,0.003631114959716797
0,1,Rows,Addition,80,BOOTSTRAPPED,1.0,1.0,1,1,1,0.003576993942260742
0,1,Rows,Addition,81,BOOTSTRAPPED,1.0,1.0,1,1,1,0.003576993942260742
0,1,Rows,Addition,82,BOOTSTRAPPED,1.0,1.0,1,1,1,0.003610849380493164
0,1,Rows,Addition,83,BOOTSTRAPPED,1.0,1.0,1,1,1,0.0035789012908935547
0,1,Rows,Addition,84,BOOTSTRAPPED,1.0,1.0,1,1,1,0.003607034683227539
0,1,Rows,Addition,85,BOOTSTRAPPED,1.0,1.0,1,1,1,0.0035648345947265625
0,1,Rows,Addition,86,BOOTSTRAPPED,1.0,1.0,1,1,1,0.003651857376098633
0,1,Rows,Addition,87,BOOTSTRAPPED,1.0,1.0,1,1,1,0.003628969192504883
0,1,Rows,Addition,88,BOOTSTRAPPED,1.0,1.0,1,1,1,0.0035762786865234375
0,1,Rows,Addition,89,BOOTSTRAPPED,1.0,1.0,1,1,1,0.0036039352416992188
0,1,Rows,Addition,90,BOOTSTRAPPED,1.0,1.0,1,1,1,0.003571033477783203
0,1,Rows,Addition,91,BOOTSTRAPPED,1.0,1.0,1,1,1,0.0036399364471435547
0,1,Rows,Addition,92,BOOTSTRAPPED,1.0,1.0,1,1,1,0.003595113754272461
0,1,Rows,Addition,93,BOOTSTRAPPED,1.0,1.0,1,1,1,0.0035991668701171875
0,1,Rows,Addition,94,BOOTSTRAPPED,1.0,1.0,1,1,1,0.003607034683227539
0,1,Rows,Addition,95,BOOTSTRAPPED,1.0,1.0,1,1,1,0.003631114959716797
0,1,Rows,Addition,96,BOOTSTRAPPED,1.0,1.0,1,1,1,0.003618001937866211
0,1,Rows,Addition,97,BOOTSTRAPPED,1.0,1.0,1,1,1,0.0035669803619384766
0,1,Rows,Addition,98,BOOTSTRAPPED,1.0,1.0,1,1,1,0.0035860538482666016
0,1,Rows,Addition,99,BOOTSTRAPPED,1.0,1.0,1,1,1,0.0035431385040283203
0,1,Rows,Addition,100,BOOTSTRAPPED,1.0,1.0,1,1,1,0.0035169124603271484
0,1,Rows,Addition,101,BOOTSTRAPPED,1.0,1.0,1,1,1,0.003568887710571289
0,1,Rows,Addition,102,BOOTSTRAPPED,1.0,1.0,1,1,1,0.0035860538482666016
0,1,Rows,Addition,103,BOOTSTRAPPED,1.0,1.0,1,1,1,0.0036339759826660156
0,1,Rows,Addition,104,BOOTSTRAPPED,1.0,1.0,1,1,1,0.0036318302154541016
0,1,Rows,Addition,105,BOOTSTRAPPED,1.0,1.0,1,1,1,0.0036149024963378906
0,1,Rows,Addition,106,BOOTSTRAPPED,1.0,1.0,1,1,1,0.0035462379455566406
0,1,Rows,Addition,107,BOOTSTRAPPED,1.0,1.0,1,1,1,0.003619670867919922
0,1,Rows,Addition,108,BOOTSTRAPPED,1.0,1.0,1,1,1,0.003556966781616211
0,1,Rows,Addition,109,BOOTSTRAPPED,1.0,1.0,1,1,1,0.003675222396850586
0,1,Rows,Addition,110,BOOTSTRAPPED,1.0,1.0,1,1,1,0.003593921661376953
0,1,Rows,Addition,111,BOOTSTRAPPED,1.0,1.0,1,1,1,0.0035791397094726562
0,1,Rows,Addition,112,BOOTSTRAPPED,1.0,1.0,1,1,1,0.0035142898559570312
0,1,Rows,Addition,113,BOOTSTRAPPED,1.0,1.0,1,1,1,0.003526926040649414
0,1,Rows,Addition,114,BOOTSTRAPPED,1.0,1.0,1,1,1,0.003570079803466797
0,1,Rows,Addition,115,BOOTSTRAPPED,1.0,1.0,1,1,1,0.003754854202270508
0,1,Rows,Addition,116,BOOTSTRAPPED,1.0,1.0,1,1,1,0.003515005111694336
0,1,Rows,Addition,117,BOOTSTRAPPED,1.0,1.0,1,1,1,0.0036191940307617188
0,1,Rows,Addition,118,BOOTSTRAPPED,1.0,1.0,1,1,1,0.003686189651489258
0,1,Rows,Addition,119,BOOTSTRAPPED,1.0,1.0,1,1,1,0.0035028457641601562
0,1,Rows,Addition,120,BOOTSTRAPPED,1.0,1.0,1,1,1,0.003512859344482422
0,1,Rows,Addition,121,BOOTSTRAPPED,1.0,1.0,1,1,1,0.003571748733520508
0,1,Rows,Addition,122,BOOTSTRAPPED,1.0,1.0,1,1,1,0.0036263465881347656
0,1,Rows,Addition,123,BOOTSTRAPPED,1.0,1.0,1,1,1,0.00360870361328125
0,1,Rows,Addition,124,BOOTSTRAPPED,1.0,1.0,1,1,1,0.0036878585815429688
0,1,Rows,Addition,125,BOOTSTRAPPED,1.0,1.0,1,1,1,0.0036580562591552734
0,1,Rows,Addition,126,BOOTSTRAPPED,1.0,1.0,1,1,1,0.003615140914916992
0,1,Rows,Addition,127,BOOTSTRAPPED,1.0,1.0,1,1,1,0.0034999847412109375
0,1,Rows,Addition,128,BOOTSTRAPPED,1.0,1.0,1,1,1,0.0035321712493896484
0,1,Rows,Addition,129,BOOTSTRAPPED,1.0,1.0,1,1,1,0.0036101341247558594
0,1,Rows,Addition,130,BOOTSTRAPPED,1.0,1.0,1,1,1,0.0035660266876220703
0,1,Rows,Addition,131,BOOTSTRAPPED,1.0,1.0,1,1,1,0.003470182418823242
0,1,Rows,Addition,132,BOOTSTRAPPED,1.0,1.0,1,1,1,0.0035848617553710938
0,1,Rows,Addition,133,BOOTSTRAPPED,1.0,1.0,1,1,1,0.0036017894744873047
0,1,Rows,Addition,134,BOOTSTRAPPED,1.0,1.0,1,1,1,0.0035779476165771484
0,1,Rows,Addition,135,BOOTSTRAPPED,1.0,1.0,1,1,1,0.0035359859466552734
0,1,Rows,Addition,136,BOOTSTRAPPED,1.0,1.0,1,1,1,0.0034809112548828125
0,1,Rows,Addition,137,BOOTSTRAPPED,1.0,1.0,1,1,1,0.0036270618438720703
0,1,Rows,Addition,138,BOOTSTRAPPED,1.0,1.0,1,1,1,0.0035741329193115234
0,1,Rows,Addition,139,BOOTSTRAPPED,1.0,1.0,1,1,1,0.0036258697509765625
0,1,Rows,Addition,140,BOOTSTRAPPED,1.0,1.0,1,1,1,0.003659963607788086
0,1,Rows,Addition,141,BOOTSTRAPPED,1.0,1.0,1,1,1,0.003638029098510742
0,1,Rows,Addition,142,BOOTSTRAPPED,1.0,1.0,1,1,1,0.0036013126373291016
0,1,Rows,Addition,143,BOOTSTRAPPED,1.0,1.0,1,1,1,0.0035219192504882812
0,1,Rows,Addition,144,BOOTSTRAPPED,1.0,1.0,1,1,1,0.0035839080810546875
0,1,Rows,Addition,145,BOOTSTRAPPED,1.0,1.0,1,1,1,0.0036041736602783203
0,1,Rows,Addition,146,BOOTSTRAPPED,1.0,1.0,1,1,1,0.003641843795776367
0,1,Rows,Addition,147,BOOTSTRAPPED,1.0,1.0,1,1,1,0.0035190582275390625
0,1,Rows,Addition,148,BOOTSTRAPPED,1.0,1.0,1,1,1,0.0034780502319335938
0,1,Rows,Addition,149,BOOTSTRAPPED,1.0,1.0,1,1,1,0.0035719871520996094
0,1,Rows,Addition,150,BOOTSTRAPPED,1.0,1.0,1,1,1,0.003524303436279297
0,1,Rows,Addition,151,BOOTSTRAPPED,1.0,1.0,1,1,1,0.0034770965576171875
0,1,Rows,Addition,152,BOOTSTRAPPED,1.0,1.0,1,1,1,0.0034902095794677734
0,1,Rows,Addition,153,BOOTSTRAPPED,1.0,1.0,1,1,1,0.003612995147705078
0,1,Rows,Addition,154,BOOTSTRAPPED,1.0,1.0,1,1,1,0.003554821014404297
0,1,Rows,Addition,155,BOOTSTRAPPED,1.0,1.0,1,1,1,0.0035851001739501953
0,1,Rows,Addition,156,BOOTSTRAPPED,1.0,1.0,1,1,1,0.0036611557006835938
0,1,Rows,Addition,157,BOOTSTRAPPED,1.0,1.0,1,1,1,0.0035979747772216797
0,1,Rows,Addition,158,BOOTSTRAPPED,1.0,1.0,1,1,1,0.003583192825317383
0,1,Rows,Addition,159,BOOTSTRAPPED,1.0,1.0,1,1,1,0.0035390853881835938
0,1,Rows,Addition,160,BOOTSTRAPPED,1.0,1.0,1,1,1,0.0036361217498779297
0,1,Rows,Addition,161,BOOTSTRAPPED,1.0,1.0,1,1,1,0.003587007522583008
0,1,Rows,Addition,162,BOOTSTRAPPED,1.0,1.0,1,1,1,0.003576040267944336
0,1,Rows,Addition,163,BOOTSTRAPPED,1.0,1.0,1,1,1,0.003468036651611328
0,1,Rows,Addition,164,BOOTSTRAPPED,1.0,1.0,1,1,1,0.003429889678955078
0,1,Rows,Addition,165,BOOTSTRAPPED,1.0,1.0,1,1,1,0.003503084182739258
0,1,Rows,Addition,166,BOOTSTRAPPED,1.0,1.0,1,1,1,0.0035889148712158203
0,1,Rows,Addition,167,BOOTSTRAPPED,1.0,1.0,1,1,1,0.0035660266876220703
0,1,Rows,Addition,168,BOOTSTRAPPED,1.0,1.0,1,1,1,0.003567934036254883
0,1,Rows,Addition,169,BOOTSTRAPPED,1.0,1.0,1,1,1,0.0035779476165771484
0,1,Rows,Addition,170,BOOTSTRAPPED,1.0,1.0,1,1,1,0.0035657882690429688
0,1,Rows,Addition,171,BOOTSTRAPPED,1.0,1.0,1,1,1,0.0035877227783203125
0,1,Rows,Addition,172,BOOTSTRAPPED,1.0,1.0,1,1,1,0.0036530494689941406
0,1,Rows,Addition,173,BOOTSTRAPPED,1.0,1.0,1,1,1,0.003592252731323242
0,1,Rows,Addition,174,BOOTSTRAPPED,1.0,1.0,1,1,1,0.0036096572875976562
0,1,Rows,Addition,175,BOOTSTRAPPED,1.0,1.0,1,1,1,0.0036058425903320312
0,1,Rows,Addition,176,BOOTSTRAPPED,1.0,1.0,1,1,1,0.0033948421478271484
0,1,Rows,Addition,177,BOOTSTRAPPED,1.0,1.0,1,1,1,0.0035250186920166016
0,1,Rows,Addition,178,BOOTSTRAPPED,1.0,1.0,1,1,1,0.0035479068756103516
0,1,Rows,Addition,179,BOOTSTRAPPED,1.0,1.0,1,1,1,0.0035550594329833984
0,1,Rows,Addition,180,BOOTSTRAPPED,1.0,1.0,1,1,1,0.0035741329193115234
0,1,Rows,Addition,181,BOOTSTRAPPED,1.0,1.0,1,1,1,0.0035851001739501953
0,1,Rows,Addition,182,BOOTSTRAPPED,1.0,1.0,1,1,1,0.0035877227783203125
0,1,Rows,Addition,183,BOOTSTRAPPED,1.0,1.0,1,1,1,0.0035619735717773438
0,1,Rows,Addition,184,BOOTSTRAPPED,1.0,1.0,1,1,1,0.003573894500732422
0,1,Rows,Addition,185,BOOTSTRAPPED,1.0,1.0,1,1,1,0.0036787986755371094
0,1,Rows,Addition,186,BOOTSTRAPPED,1.0,1.0,1,1,1,0.0035812854766845703
0,1,Rows,Addition,187,BOOTSTRAPPED,1.0,1.0,1,1,1,0.0035469532012939453
0,1,Rows,Addition,188,BOOTSTRAPPED,1.0,1.0,1,1,1,0.0036420822143554688
0,1,Rows,Addition,189,BOOTSTRAPPED,1.0,1.0,1,1,1,0.003571033477783203
0,1,Rows,Addition,190,BOOTSTRAPPED,1.0,1.0,1,1,1,0.003591775894165039
0,1,Rows,Addition,191,BOOTSTRAPPED,1.0,1.0,1,1,1,0.0036208629608154297
0,1,Rows,Addition,192,BOOTSTRAPPED,1.0,1.0,1,1,1,0.003582000732421875
0,1,Rows,Addition,193,BOOTSTRAPPED,1.0,1.0,1,1,1,0.003593921661376953
0,1,Rows,Addition,194,BOOTSTRAPPED,1.0,1.0,1,1,1,0.0036139488220214844
0,1,Rows,Addition,195,BOOTSTRAPPED,1.0,1.0,1,1,1,0.003612995147705078
0,1,Rows,Addition,196,BOOTSTRAPPED,1.0,1.0,1,1,1,0.003398895263671875
0,1,Rows,Addition,197,BOOTSTRAPPED,1.0,1.0,1,1,1,0.0035278797149658203
0,1,Rows,Addition,198,BOOTSTRAPPED,1.0,1.0,1,1,1,0.003559112548828125
0,1,Rows,Addition,199,BOOTSTRAPPED,1.0,1.0,1,1,1,0.0035529136657714844
0,1,Rows,Addition,200,BOOTSTRAPPED,1.0,1.0,1,1,1,0.0035331249237060547
0,1,Rows,Addition,201,BOOTSTRAPPED,1.0,1.0,1,1,1,0.0035400390625
0,1,Rows,Addition,202,BOOTSTRAPPED,1.0,1.0,1,1,1,0.0036058425903320312
0,1,Rows,Addition,203,BOOTSTRAPPED,1.0,1.0,1,1,1,0.0035829544067382812
0,1,Rows,Addition,204,BOOTSTRAPPED,1.0,1.0,1,1,1,0.003454923629760742
0,1,Rows,Addition,205,BOOTSTRAPPED,1.0,1.0,1,1,1,0.003518819808959961
0,1,Rows,Addition,206,BOOTSTRAPPED,1.0,1.0,1,1,1,0.0035448074340820312
0,1,Rows,Addition,207,BOOTSTRAPPED,1.0,1.0,1,1,1,0.003573894500732422
0,1,Rows,Addition,208,BOOTSTRAPPED,1.0,1.0,1,1,1,0.003573894500732422
0,1,Rows,Addition,209,BOOTSTRAPPED,1.0,1.0,1,1,1,0.0035791397094726562
0,1,Rows,Addition,210,BOOTSTRAPPED,1.0,1.0,1,1,1,0.003584146499633789
0,1,Rows,Addition,211,BOOTSTRAPPED,1.0,1.0,1,1,1,0.0035848617553710938
0,1,Rows,Addition,212,BOOTSTRAPPED,1.0,1.0,1,1,1,0.0035707950592041016
0,1,Rows,Addition,213,BOOTSTRAPPED,1.0,1.0,1,1,1,0.0035772323608398438
0,1,Rows,Addition,214,BOOTSTRAPPED,1.0,1.0,1,1,1,0.0035698413848876953
0,1,Rows,Addition,215,BOOTSTRAPPED,1.0,1.0,1,1,1,0.003597736358642578
0,1,Rows,Addition,216,BOOTSTRAPPED,1.0,1.0,1,1,1,0.003406047821044922
0,1,Rows,Addition,217,BOOTSTRAPPED,1.0,1.0,1,1,1,0.0035400390625
0,1,Rows,Addition,218,BOOTSTRAPPED,1.0,1.0,1,1,1,0.003531932830810547
0,1,Rows,Addition,219,BOOTSTRAPPED,1.0,1.0,1,1,1,0.003529071807861328
0,1,Rows,Addition,220,BOOTSTRAPPED,1.0,1.0,1,1,1,0.003564119338989258
0,1,Rows,Addition,221,BOOTSTRAPPED,1.0,1.0,1,1,1,0.0035200119018554688
0,1,Rows,Addition,222,BOOTSTRAPPED,1.0,1.0,1,1,1,0.003597259521484375
0,1,Rows,Addition,223,BOOTSTRAPPED,1.0,1.0,1,1,1,0.0035920143127441406
0,1,Rows,Addition,224,BOOTSTRAPPED,1.0,1.0,1,1,1,0.0036058425903320312
0,1,Rows,Addition,225,BOOTSTRAPPED,1.0,1.0,1,1,1,0.003602743148803711
0,1,Rows,Addition,226,BOOTSTRAPPED,1.0,1.0,1,1,1,0.0036127567291259766
0,1,Rows,Addition,227,BOOTSTRAPPED,1.0,1.0,1,1,1,0.003654956817626953
0,1,Rows,Addition,228,BOOTSTRAPPED,1.0,1.0,1,1,1,0.003317117691040039
0,1,Rows,Addition,229,BOOTSTRAPPED,1.0,1.0,1,1,1,0.0035247802734375
0,1,Rows,Addition,230,BOOTSTRAPPED,1.0,1.0,1,1,1,0.0034818649291992188
0,1,Rows,Addition,231,BOOTSTRAPPED,1.0,1.0,1,1,1,0.0034780502319335938
0,1,Rows,Addition,232,BOOTSTRAPPED,1.0,1.0,1,1,1,0.003453969955444336
0,1,Rows,Addition,233,BOOTSTRAPPED,1.0,1.0,1,1,1,0.003698110580444336
0,1,Rows,Addition,234,BOOTSTRAPPED,1.0,1.0,1,1,1,0.003548860549926758
0,1,Rows,Addition,235,BOOTSTRAPPED,1.0,1.0,1,1,1,0.0035560131072998047
0,1,Rows,Addition,236,BOOTSTRAPPED,1.0,1.0,1,1,1,0.0034291744232177734
0,1,Rows,Addition,237,BOOTSTRAPPED,1.0,1.0,1,1,1,0.0035161972045898438
0,1,Rows,Addition,238,BOOTSTRAPPED,1.0,1.0,1,1,1,0.003520965576171875
0,1,Rows,Addition,239,BOOTSTRAPPED,1.0,1.0,1,1,1,0.003529071807861328
0,1,Rows,Addition,240,BOOTSTRAPPED,1.0,1.0,1,1,1,0.0037088394165039062
0,1,Rows,Addition,241,BOOTSTRAPPED,1.0,1.0,1,1,1,0.0035810470581054688
0,1,Rows,Addition,242,BOOTSTRAPPED,1.0,1.0,1,1,1,0.003582000732421875
0,1,Rows,Addition,243,BOOTSTRAPPED,1.0,1.0,1,1,1,0.0034749507904052734
0,1,Rows,Addition,244,BOOTSTRAPPED,1.0,1.0,1,1,1,0.003676891326904297
0,1,Rows,Addition,245,BOOTSTRAPPED,1.0,1.0,1,1,1,0.0037157535552978516
0,1,Rows,Addition,246,BOOTSTRAPPED,1.0,1.0,1,1,1,0.0036771297454833984
0,1,Rows,Addition,247,BOOTSTRAPPED,1.0,1.0,1,1,1,0.0036880970001220703
0,1,Rows,Addition,248,BOOTSTRAPPED,1.0,1.0,1,1,1,0.003535032272338867
0,1,Rows,Addition,249,BOOTSTRAPPED,1.0,1.0,1,1,1,0.0037560462951660156
0,1,Rows,Addition,250,BOOTSTRAPPED,1.0,1.0,1,1,1,0.003596067428588867
0,1,Rows,Addition,251,BOOTSTRAPPED,1.0,1.0,1,1,1,0.0036077499389648438
0,1,Rows,Addition,252,BOOTSTRAPPED,1.0,1.0,1,1,1,0.003582000732421875
0,1,Rows,Addition,253,BOOTSTRAPPED,1.0,1.0,1,1,1,0.0035660266876220703
0,1,Rows,Addition,254,BOOTSTRAPPED,1.0,1.0,1,1,1,0.0035848617553710938
0,1,Rows,Addition,255,BOOTSTRAPPED,1.0,1.0,1,1,1,0.003634214401245117
0,1,Rows,Addition,256,BOOTSTRAPPED,1.0,1.0,1,1,1,0.0036072731018066406
0,1,Rows,Addition,257,BOOTSTRAPPED,1.0,1.0,1,1,1,0.004250049591064453
0,1,Rows,Addition,258,BOOTSTRAPPED,1.0,1.0,1,1,1,0.003638029098510742
0,1,Rows,Addition,259,BOOTSTRAPPED,1.0,1.0,1,1,1,0.003632783889770508
0,1,Rows,Addition,260,BOOTSTRAPPED,1.0,1.0,1,1,1,0.0038208961486816406
0,1,Rows,Addition,261,BOOTSTRAPPED,1.0,1.0,1,1,1,0.003667116165161133
0,1,Rows,Addition,262,BOOTSTRAPPED,1.0,1.0,1,1,1,0.003535032272338867
0,1,Rows,Addition,263,BOOTSTRAPPED,1.0,1.0,1,1,1,0.0037682056427001953
0,1,Rows,Addition,264,BOOTSTRAPPED,1.0,1.0,1,1,1,0.003795146942138672
0,1,Rows,Addition,265,BOOTSTRAPPED,1.0,1.0,1,1,1,0.003554105758666992
0,1,Rows,Addition,266,BOOTSTRAPPED,1.0,1.0,1,1,1,0.0035262107849121094
0,1,Rows,Addition,267,BOOTSTRAPPED,1.0,1.0,1,1,1,0.0036039352416992188
0,1,Rows,Addition,268,BOOTSTRAPPED,1.0,1.0,1,1,1,0.003582000732421875
0,1,Rows,Addition,269,BOOTSTRAPPED,1.0,1.0,1,1,1,0.003545999526977539
0,1,Rows,Addition,270,BOOTSTRAPPED,1.0,1.0,1,1,1,0.003506898880004883
0,1,Rows,Addition,271,BOOTSTRAPPED,1.0,1.0,1,1,1,0.003735065460205078
0,1,Rows,Addition,272,BOOTSTRAPPED,1.0,1.0,1,1,1,0.0035369396209716797
0,1,Rows,Addition,273,BOOTSTRAPPED,1.0,1.0,1,1,1,0.003587961196899414
0,1,Rows,Addition,274,BOOTSTRAPPED,1.0,1.0,1,1,1,0.003604888916015625
0,1,Rows,Addition,275,BOOTSTRAPPED,1.0,1.0,1,1,1,0.003679037094116211
0,1,Rows,Addition,276,BOOTSTRAPPED,1.0,1.0,1,1,1,0.0035588741302490234
0,1,Rows,Addition,277,BOOTSTRAPPED,1.0,1.0,1,1,1,0.003576040267944336
0,1,Rows,Addition,278,BOOTSTRAPPED,1.0,1.0,1,1,1,0.0035736560821533203
0,1,Rows,Addition,279,BOOTSTRAPPED,1.0,1.0,1,1,1,0.0038101673126220703
0,1,Rows,Addition,280,BOOTSTRAPPED,1.0,1.0,1,1,1,0.003657102584838867
0,1,Rows,Addition,281,BOOTSTRAPPED,1.0,1.0,1,1,1,0.0036389827728271484
0,1,Rows,Addition,282,BOOTSTRAPPED,1.0,1.0,1,1,1,0.003576993942260742
0,1,Rows,Addition,283,BOOTSTRAPPED,1.0,1.0,1,1,1,0.003804922103881836
0,1,Rows,Addition,284,BOOTSTRAPPED,1.0,1.0,1,1,1,0.003442049026489258
0,1,Rows,Addition,285,BOOTSTRAPPED,1.0,1.0,1,1,1,0.0035669803619384766
0,1,Rows,Addition,286,BOOTSTRAPPED,1.0,1.0,1,1,1,0.0036759376525878906
0,1,Rows,Addition,287,BOOTSTRAPPED,1.0,1.0,1,1,1,0.003554105758666992
0,1,Rows,Addition,288,BOOTSTRAPPED,1.0,1.0,1,1,1,0.0038938522338867188
0,1,Rows,Addition,289,BOOTSTRAPPED,1.0,1.0,1,1,1,0.003673076629638672
0,1,Rows,Addition,290,BOOTSTRAPPED,1.0,1.0,1,1,1,0.0036821365356445312
0,1,Rows,Addition,291,BOOTSTRAPPED,1.0,1.0,1,1,1,0.003573894500732422
0,1,Rows,Addition,292,BOOTSTRAPPED,1.0,1.0,1,1,1,0.003650665283203125
0,1,Rows,Addition,293,BOOTSTRAPPED,1.0,1.0,1,1,1,0.0036611557006835938
0,1,Rows,Addition,294,BOOTSTRAPPED,1.0,1.0,1,1,1,0.0036940574645996094
0,1,Rows,Addition,295,BOOTSTRAPPED,1.0,1.0,1,1,1,0.003587961196899414
0,1,Rows,Addition,296,BOOTSTRAPPED,1.0,1.0,1,1,1,0.0035991668701171875
0,1,Rows,Addition,297,BOOTSTRAPPED,1.0,1.0,1,1,1,0.003590106964111328
0,1,Rows,Addition,298,BOOTSTRAPPED,1.0,1.0,1,1,1,0.003648042678833008
0,1,Rows,Addition,299,BOOTSTRAPPED,1.0,1.0,1,1,1,0.003597736358642578
0,1,Rows,Addition,300,BOOTSTRAPPED,1.0,1.0,1,1,1,0.00357818603515625
0,1,Rows,Addition,301,BOOTSTRAPPED,1.0,1.0,1,1,1,0.0035910606384277344
0,1,Rows,Addition,302,BOOTSTRAPPED,1.0,1.0,1,1,1,0.003814220428466797
0,1,Rows,Addition,303,BOOTSTRAPPED,1.0,1.0,1,1,1,0.0035309791564941406
0,1,Rows,Addition,304,BOOTSTRAPPED,1.0,1.0,1,1,1,0.0036160945892333984
0,1,Rows,Addition,305,BOOTSTRAPPED,1.0,1.0,1,1,1,0.0034759044647216797
0,1,Rows,Addition,306,BOOTSTRAPPED,1.0,1.0,1,1,1,0.0035979747772216797
0,1,Rows,Addition,307,BOOTSTRAPPED,1.0,1.0,1,1,1,0.0035440921783447266
0,1,Rows,Addition,308,BOOTSTRAPPED,1.0,1.0,1,1,1,0.0036008358001708984
0,1,Rows,Addition,309,BOOTSTRAPPED,1.0,1.0,1,1,1,0.0035848617553710938
0,1,Rows,Addition,310,BOOTSTRAPPED,1.0,1.0,1,1,1,0.0037012100219726562
0,1,Rows,Addition,311,BOOTSTRAPPED,1.0,1.0,1,1,1,0.003609180450439453
0,1,Rows,Addition,312,BOOTSTRAPPED,1.0,1.0,1,1,1,0.003599882125854492
0,1,Rows,Addition,313,BOOTSTRAPPED,1.0,1.0,1,1,1,0.0035810470581054688
0,1,Rows,Addition,314,BOOTSTRAPPED,1.0,1.0,1,1,1,0.00362396240234375
0,1,Rows,Addition,315,BOOTSTRAPPED,1.0,1.0,1,1,1,0.0035479068756103516
0,1,Rows,Addition,316,BOOTSTRAPPED,1.0,1.0,1,1,1,0.0035660266876220703
0,1,Rows,Addition,317,BOOTSTRAPPED,1.0,1.0,1,1,1,0.0036318302154541016
0,1,Rows,Addition,318,BOOTSTRAPPED,1.0,1.0,1,1,1,0.0033919811248779297
0,1,Rows,Addition,319,BOOTSTRAPPED,1.0,1.0,1,1,1,0.003551959991455078
0,1,Rows,Addition,320,BOOTSTRAPPED,1.0,1.0,1,1,1,0.0035817623138427734
0,1,Rows,Addition,321,BOOTSTRAPPED,1.0,1.0,1,1,1,0.0037689208984375
0,1,Rows,Addition,322,BOOTSTRAPPED,1.0,1.0,1,1,1,0.0035500526428222656
0,1,Rows,Addition,323,BOOTSTRAPPED,1.0,1.0,1,1,1,0.0035600662231445312
0,1,Rows,Addition,324,BOOTSTRAPPED,1.0,1.0,1,1,1,0.003674030303955078
0,1,Rows,Addition,325,BOOTSTRAPPED,1.0,1.0,1,1,1,0.0038237571716308594
0,1,Rows,Addition,326,BOOTSTRAPPED,1.0,1.0,1,1,1,0.0034971237182617188
0,1,Rows,Addition,327,BOOTSTRAPPED,1.0,1.0,1,1,1,0.0035600662231445312
0,1,Rows,Addition,328,BOOTSTRAPPED,1.0,1.0,1,1,1,0.0035829544067382812
0,1,Rows,Addition,329,BOOTSTRAPPED,1.0,1.0,1,1,1,0.003653287887573242
0,1,Rows,Addition,330,BOOTSTRAPPED,1.0,1.0,1,1,1,0.0034461021423339844
0,1,Rows,Addition,331,BOOTSTRAPPED,1.0,1.0,1,1,1,0.0035562515258789062
0,1,Rows,Addition,332,BOOTSTRAPPED,1.0,1.0,1,1,1,0.003587961196899414
0,1,Rows,Addition,333,BOOTSTRAPPED,1.0,1.0,1,1,1,0.0036759376525878906
0,1,Rows,Addition,334,BOOTSTRAPPED,1.0,1.0,1,1,1,0.0036852359771728516
0,1,Rows,Addition,335,BOOTSTRAPPED,1.0,1.0,1,1,1,0.003592967987060547
0,1,Rows,Addition,336,BOOTSTRAPPED,1.0,1.0,1,1,1,0.0035948753356933594
0,1,Rows,Addition,337,BOOTSTRAPPED,1.0,1.0,1,1,1,0.003668069839477539
0,1,Rows,Addition,338,BOOTSTRAPPED,1.0,1.0,1,1,1,0.003573179244995117
0,1,Rows,Addition,339,BOOTSTRAPPED,1.0,1.0,1,1,1,0.0036020278930664062
0,1,Rows,Addition,340,BOOTSTRAPPED,1.0,1.0,1,1,1,0.0035660266876220703
0,1,Rows,Addition,341,BOOTSTRAPPED,1.0,1.0,1,1,1,0.003598928451538086
0,1,Rows,Addition,342,BOOTSTRAPPED,1.0,1.0,1,1,1,0.0036127567291259766
0,1,Rows,Addition,343,BOOTSTRAPPED,1.0,1.0,1,1,1,0.003615856170654297
0,1,Rows,Addition,344,BOOTSTRAPPED,1.0,1.0,1,1,1,0.0035789012908935547
0,1,Rows,Addition,345,BOOTSTRAPPED,1.0,1.0,1,1,1,0.003626108169555664
0,1,Rows,Addition,346,BOOTSTRAPPED,1.0,1.0,1,1,1,0.003554105758666992
0,1,Rows,Addition,347,BOOTSTRAPPED,1.0,1.0,1,1,1,0.0035886764526367188
0,1,Rows,Addition,348,BOOTSTRAPPED,1.0,1.0,1,1,1,0.0036220550537109375
0,1,Rows,Addition,349,BOOTSTRAPPED,1.0,1.0,1,1,1,0.0039060115814208984
0,1,Rows,Addition,350,BOOTSTRAPPED,1.0,1.0,1,1,1,0.003564119338989258
0,1,Rows,Addition,351,BOOTSTRAPPED,1.0,1.0,1,1,1,0.0035848617553710938
0,1,Rows,Addition,352,BOOTSTRAPPED,1.0,1.0,1,1,1,0.0036427974700927734
0,1,Rows,Addition,353,BOOTSTRAPPED,1.0,1.0,1,1,1,0.0036821365356445312
0,1,Rows,Addition,354,BOOTSTRAPPED,1.0,1.0,1,1,1,0.0035359859466552734
0,1,Rows,Addition,355,BOOTSTRAPPED,1.0,1.0,1,1,1,0.0036427974700927734
0,1,Rows,Addition,356,BOOTSTRAPPED,1.0,1.0,1,1,1,0.003535747528076172
0,1,Rows,Addition,357,BOOTSTRAPPED,1.0,1.0,1,1,1,0.0037119388580322266
0,1,Rows,Addition,358,BOOTSTRAPPED,1.0,1.0,1,1,1,0.003589153289794922
0,1,Rows,Addition,359,BOOTSTRAPPED,1.0,1.0,1,1,1,0.00356292724609375
0,1,Rows,Addition,360,BOOTSTRAPPED,1.0,1.0,1,1,1,0.0036020278930664062
0,1,Rows,Addition,361,BOOTSTRAPPED,1.0,1.0,1,1,1,0.003935813903808594
0,1,Rows,Addition,362,BOOTSTRAPPED,1.0,1.0,1,1,1,0.003995180130004883
0,1,Rows,Addition,363,BOOTSTRAPPED,1.0,1.0,1,1,1,0.003780841827392578
0,1,Rows,Addition,364,BOOTSTRAPPED,1.0,1.0,1,1,1,0.003729104995727539
0,1,Rows,Addition,365,BOOTSTRAPPED,1.0,1.0,1,1,1,0.0037031173706054688
0,1,Rows,Addition,366,BOOTSTRAPPED,1.0,1.0,1,1,1,0.0036079883575439453
0,1,Rows,Addition,367,BOOTSTRAPPED,1.0,1.0,1,1,1,0.003637075424194336
0,1,Rows,Addition,368,BOOTSTRAPPED,1.0,1.0,1,1,1,0.0035860538482666016
0,1,Rows,Addition,369,BOOTSTRAPPED,1.0,1.0,1,1,1,0.003584146499633789
0,1,Rows,Addition,370,BOOTSTRAPPED,1.0,1.0,1,1,1,0.0036249160766601562
0,1,Rows,Addition,371,BOOTSTRAPPED,1.0,1.0,1,1,1,0.0036182403564453125
0,1,Rows,Addition,372,BOOTSTRAPPED,1.0,1.0,1,1,1,0.0036690235137939453
0,1,Rows,Addition,373,BOOTSTRAPPED,1.0,1.0,1,1,1,0.003589153289794922
0,1,Rows,Addition,374,BOOTSTRAPPED,1.0,1.0,1,1,1,0.0036118030548095703
0,1,Rows,Addition,375,BOOTSTRAPPED,1.0,1.0,1,1,1,0.003612041473388672
0,1,Rows,Addition,376,BOOTSTRAPPED,1.0,1.0,1,1,1,0.0037949085235595703
0,1,Rows,Addition,377,BOOTSTRAPPED,1.0,1.0,1,1,1,0.0036220550537109375
0,1,Rows,Addition,378,BOOTSTRAPPED,1.0,1.0,1,1,1,0.003513813018798828
0,1,Rows,Addition,379,BOOTSTRAPPED,1.0,1.0,1,1,1,0.0035550594329833984
0,1,Rows,Addition,380,BOOTSTRAPPED,1.0,1.0,1,1,1,0.003810882568359375
0,1,Rows,Addition,381,BOOTSTRAPPED,1.0,1.0,1,1,1,0.0037169456481933594
0,1,Rows,Addition,382,BOOTSTRAPPED,1.0,1.0,1,1,1,0.0036492347717285156
0,1,Rows,Addition,383,BOOTSTRAPPED,1.0,1.0,1,1,1,0.003676176071166992
0,1,Rows,Addition,384,BOOTSTRAPPED,1.0,1.0,1,1,1,0.003831148147583008
0,1,Rows,Addition,385,BOOTSTRAPPED,1.0,1.0,1,1,1,0.003910064697265625
0,1,Rows,Addition,386,BOOTSTRAPPED,1.0,1.0,1,1,1,0.0035810470581054688
0,1,Rows,Addition,387,BOOTSTRAPPED,1.0,1.0,1,1,1,0.003719329833984375
0,1,Rows,Addition,388,BOOTSTRAPPED,1.0,1.0,1,1,1,0.0035729408264160156
0,1,Rows,Addition,389,BOOTSTRAPPED,1.0,1.0,1,1,1,0.003677845001220703
0,1,Rows,Addition,390,BOOTSTRAPPED,1.0,1.0,1,1,1,0.003589153289794922
0,1,Rows,Addition,391,BOOTSTRAPPED,1.0,1.0,1,1,1,0.0036199092864990234
0,1,Rows,Addition,392,BOOTSTRAPPED,1.0,1.0,1,1,1,0.0034918785095214844
0,1,Rows,Addition,393,BOOTSTRAPPED,1.0,1.0,1,1,1,0.0034999847412109375
0,1,Rows,Addition,394,BOOTSTRAPPED,1.0,1.0,1,1,1,0.003535032272338867
0,1,Rows,Addition,395,BOOTSTRAPPED,1.0,1.0,1,1,1,0.003556966781616211
0,1,Rows,Addition,396,BOOTSTRAPPED,1.0,1.0,1,1,1,0.0034339427947998047
0,1,Rows,Addition,397,BOOTSTRAPPED,1.0,1.0,1,1,1,0.0035200119018554688
0,1,Rows,Addition,398,BOOTSTRAPPED,1.0,1.0,1,1,1,0.003564119338989258
0,1,Rows,Addition,399,BOOTSTRAPPED,1.0,1.0,1,1,1,0.0035867691040039062
0,1,Rows,Addition,400,BOOTSTRAPPED,1.0,1.0,1,1,1,0.00360107421875
0,1,Rows,Addition,401,BOOTSTRAPPED,1.0,1.0,1,1,1,0.0035572052001953125
0,1,Rows,Addition,402,BOOTSTRAPPED,1.0,1.0,1,1,1,0.0036139488220214844
0,1,Rows,Addition,403,BOOTSTRAPPED,1.0,1.0,1,1,1,0.0037322044372558594
0,1,Rows,Addition,404,BOOTSTRAPPED,1.0,1.0,1,1,1,0.0037069320678710938
0,1,Rows,Addition,405,BOOTSTRAPPED,1.0,1.0,1,1,1,0.0036699771881103516
0,1,Rows,Addition,406,BOOTSTRAPPED,1.0,1.0,1,1,1,0.0035707950592041016
0,1,Rows,Addition,407,BOOTSTRAPPED,1.0,1.0,1,1,1,0.0035910606384277344
0,1,Rows,Addition,408,BOOTSTRAPPED,1.0,1.0,1,1,1,0.003634214401245117
0,1,Rows,Addition,409,BOOTSTRAPPED,1.0,1.0,1,1,1,0.003599882125854492
0,1,Rows,Addition,410,BOOTSTRAPPED,1.0,1.0,1,1,1,0.003597259521484375
0,1,Rows,Addition,411,BOOTSTRAPPED,1.0,1.0,1,1,1,0.003683805465698242
0,1,Rows,Addition,412,BOOTSTRAPPED,1.0,1.0,1,1,1,0.0036041736602783203
0,1,Rows,Addition,413,BOOTSTRAPPED,1.0,1.0,1,1,1,0.0036721229553222656
0,1,Rows,Addition,414,BOOTSTRAPPED,1.0,1.0,1,1,1,0.003596067428588867
0,1,Rows,Addition,415,BOOTSTRAPPED,1.0,1.0,1,1,1,0.0037500858306884766
0,1,Rows,Addition,416,BOOTSTRAPPED,1.0,1.0,1,1,1,0.003493785858154297
0,1,Rows,Addition,417,BOOTSTRAPPED,1.0,1.0,1,1,1,0.0036020278930664062
0,1,Rows,Addition,418,BOOTSTRAPPED,1.0,1.0,1,1,1,0.003515958786010742
0,1,Rows,Addition,419,BOOTSTRAPPED,1.0,1.0,1,1,1,0.00356292724609375
0,1,Rows,Addition,420,BOOTSTRAPPED,1.0,1.0,1,1,1,0.003612995147705078
0,1,Rows,Addition,421,BOOTSTRAPPED,1.0,1.0,1,1,1,0.003626108169555664
0,1,Rows,Addition,422,BOOTSTRAPPED,1.0,1.0,1,1,1,0.003571033477783203
0,1,Rows,Addition,423,BOOTSTRAPPED,1.0,1.0,1,1,1,0.003568887710571289
0,1,Rows,Addition,424,BOOTSTRAPPED,1.0,1.0,1,1,1,0.003547191619873047
0,1,Rows,Addition,425,BOOTSTRAPPED,1.0,1.0,1,1,1,0.003592967987060547
0,1,Rows,Addition,426,BOOTSTRAPPED,1.0,1.0,1,1,1,0.0035779476165771484
0,1,Rows,Addition,427,BOOTSTRAPPED,1.0,1.0,1,1,1,0.0036330223083496094
0,1,Rows,Addition,428,BOOTSTRAPPED,1.0,1.0,1,1,1,0.0035049915313720703
0,1,Rows,Addition,429,BOOTSTRAPPED,1.0,1.0,1,1,1,0.003559112548828125
0,1,Rows,Addition,430,BOOTSTRAPPED,1.0,1.0,1,1,1,0.003625154495239258
0,1,Rows,Addition,431,BOOTSTRAPPED,1.0,1.0,1,1,1,0.0036118030548095703
0,1,Rows,Addition,432,BOOTSTRAPPED,1.0,1.0,1,1,1,0.0037190914154052734
0,1,Rows,Addition,433,BOOTSTRAPPED,1.0,1.0,1,1,1,0.0035839080810546875
0,1,Rows,Addition,434,BOOTSTRAPPED,1.0,1.0,1,1,1,0.0035669803619384766
0,1,Rows,Addition,435,BOOTSTRAPPED,1.0,1.0,1,1,1,0.0035729408264160156
0,1,Rows,Addition,436,BOOTSTRAPPED,1.0,1.0,1,1,1,0.003668069839477539
0,1,Rows,Addition,437,BOOTSTRAPPED,1.0,1.0,1,1,1,0.003607034683227539
0,1,Rows,Addition,438,BOOTSTRAPPED,1.0,1.0,1,1,1,0.003598928451538086
0,1,Rows,Addition,439,BOOTSTRAPPED,1.0,1.0,1,1,1,0.0035572052001953125
0,1,Rows,Addition,440,BOOTSTRAPPED,1.0,1.0,1,1,1,0.0035130977630615234
0,1,Rows,Addition,441,BOOTSTRAPPED,1.0,1.0,1,1,1,0.003557920455932617
0,1,Rows,Addition,442,BOOTSTRAPPED,1.0,1.0,1,1,1,0.0035550594329833984
0,1,Rows,Addition,443,BOOTSTRAPPED,1.0,1.0,1,1,1,0.003693819046020508
0,1,Rows,Addition,444,BOOTSTRAPPED,1.0,1.0,1,1,1,0.0035059452056884766
0,1,Rows,Addition,445,BOOTSTRAPPED,1.0,1.0,1,1,1,0.003633737564086914
0,1,Rows,Addition,446,BOOTSTRAPPED,1.0,1.0,1,1,1,0.00356292724609375
0,1,Rows,Addition,447,BOOTSTRAPPED,1.0,1.0,1,1,1,0.003463268280029297
0,1,Rows,Addition,448,BOOTSTRAPPED,1.0,1.0,1,1,1,0.003506898880004883
0,1,Rows,Addition,449,BOOTSTRAPPED,1.0,1.0,1,1,1,0.003560304641723633
0,1,Rows,Addition,450,BOOTSTRAPPED,1.0,1.0,1,1,1,0.0035500526428222656
0,1,Rows,Addition,451,BOOTSTRAPPED,1.0,1.0,1,1,1,0.0035948753356933594
0,1,Rows,Addition,452,BOOTSTRAPPED,1.0,1.0,1,1,1,0.0036058425903320312
0,1,Rows,Addition,453,BOOTSTRAPPED,1.0,1.0,1,1,1,0.003593921661376953
0,1,Rows,Addition,454,BOOTSTRAPPED,1.0,1.0,1,1,1,0.0035750865936279297
0,1,Rows,Addition,455,BOOTSTRAPPED,1.0,1.0,1,1,1,0.0035419464111328125
0,1,Rows,Addition,456,BOOTSTRAPPED,1.0,1.0,1,1,1,0.0035619735717773438
0,1,Rows,Addition,457,BOOTSTRAPPED,1.0,1.0,1,1,1,0.0035881996154785156
0,1,Rows,Addition,458,BOOTSTRAPPED,1.0,1.0,1,1,1,0.0035562515258789062
0,1,Rows,Addition,459,BOOTSTRAPPED,1.0,1.0,1,1,1,0.0035359859466552734
0,1,Rows,Addition,460,BOOTSTRAPPED,1.0,1.0,1,1,1,0.00350189208984375
0,1,Rows,Addition,461,BOOTSTRAPPED,1.0,1.0,1,1,1,0.003515958786010742
0,1,Rows,Addition,462,BOOTSTRAPPED,1.0,1.0,1,1,1,0.0035851001739501953
0,1,Rows,Addition,463,BOOTSTRAPPED,1.0,1.0,1,1,1,0.003535032272338867
0,1,Rows,Addition,464,BOOTSTRAPPED,1.0,1.0,1,1,1,0.003511190414428711
0,1,Rows,Addition,465,BOOTSTRAPPED,1.0,1.0,1,1,1,0.003582000732421875
0,1,Rows,Addition,466,BOOTSTRAPPED,1.0,1.0,1,1,1,0.003526926040649414
0,1,Rows,Addition,467,BOOTSTRAPPED,1.0,1.0,1,1,1,0.0035860538482666016
0,1,Rows,Addition,468,BOOTSTRAPPED,1.0,1.0,1,1,1,0.003589153289794922
0,1,Rows,Addition,469,BOOTSTRAPPED,1.0,1.0,1,1,1,0.0035779476165771484
0,1,Rows,Addition,470,BOOTSTRAPPED,1.0,1.0,1,1,1,0.003591775894165039
0,1,Rows,Addition,471,BOOTSTRAPPED,1.0,1.0,1,1,1,0.0037381649017333984
0,1,Rows,Addition,472,BOOTSTRAPPED,1.0,1.0,1,1,1,0.003570079803466797
0,1,Rows,Addition,473,BOOTSTRAPPED,1.0,1.0,1,1,1,0.0035762786865234375
0,1,Rows,Addition,474,BOOTSTRAPPED,1.0,1.0,1,1,1,0.003597736358642578
0,1,Rows,Addition,475,BOOTSTRAPPED,1.0,1.0,1,1,1,0.003695964813232422
0,1,Rows,Addition,476,BOOTSTRAPPED,1.0,1.0,1,1,1,0.0035588741302490234
0,1,Rows,Addition,477,BOOTSTRAPPED,1.0,1.0,1,1,1,0.003648996353149414
0,1,Rows,Addition,478,BOOTSTRAPPED,1.0,1.0,1,1,1,0.0036029815673828125
0,1,Rows,Addition,479,BOOTSTRAPPED,1.0,1.0,1,1,1,0.0035958290100097656
0,1,Rows,Addition,480,BOOTSTRAPPED,1.0,1.0,1,1,1,0.0036008358001708984
0,1,Rows,Addition,481,BOOTSTRAPPED,1.0,1.0,1,1,1,0.003670930862426758
0,1,Rows,Addition,482,BOOTSTRAPPED,1.0,1.0,1,1,1,0.003615140914916992
0,1,Rows,Addition,483,BOOTSTRAPPED,1.0,1.0,1,1,1,0.0035240650177001953
0,1,Rows,Addition,484,BOOTSTRAPPED,1.0,1.0,1,1,1,0.0036058425903320312
0,1,Rows,Addition,485,BOOTSTRAPPED,1.0,1.0,1,1,1,0.0035970211029052734
0,1,Rows,Addition,486,BOOTSTRAPPED,1.0,1.0,1,1,1,0.003627777099609375
0,1,Rows,Addition,487,BOOTSTRAPPED,1.0,1.0,1,1,1,0.0033941268920898438
0,1,Rows,Addition,488,BOOTSTRAPPED,1.0,1.0,1,1,1,0.0035309791564941406
0,1,Rows,Addition,489,BOOTSTRAPPED,1.0,1.0,1,1,1,0.003557920455932617
0,1,Rows,Addition,490,BOOTSTRAPPED,1.0,1.0,1,1,1,0.0036191940307617188
0,1,Rows,Addition,491,BOOTSTRAPPED,1.0,1.0,1,1,1,0.003584146499633789
0,1,Rows,Addition,492,BOOTSTRAPPED,1.0,1.0,1,1,1,0.0037908554077148438
0,1,Rows,Addition,493,BOOTSTRAPPED,1.0,1.0,1,1,1,0.0034890174865722656
0,1,Rows,Addition,494,BOOTSTRAPPED,1.0,1.0,1,1,1,0.0037221908569335938
0,1,Rows,Addition,495,BOOTSTRAPPED,1.0,1.0,1,1,1,0.003595113754272461
0,1,Rows,Addition,496,BOOTSTRAPPED,1.0,1.0,1,1,1,0.003618001937866211
0,1,Rows,Addition,497,BOOTSTRAPPED,1.0,1.0,1,1,1,0.006293058395385742
0,1,Rows,Addition,498,BOOTSTRAPPED,1.0,1.0,1,1,1,0.0046880245208740234
0,1,Rows,Addition,499,BOOTSTRAPPED,1.0,1.0,1,1,1,0.0038728713989257812
0,1,Rows,Addition,500,BOOTSTRAPPED,1.0,1.0,1,1,1,0.0037698745727539062
0,1,Rows,Addition,501,BOOTSTRAPPED,1.0,1.0,1,1,1,0.003704071044921875
0,1,Rows,Addition,502,BOOTSTRAPPED,1.0,1.0,1,1,1,0.003571033477783203
0,1,Rows,Addition,503,BOOTSTRAPPED,1.0,1.0,1,1,1,0.003620147705078125
0,1,Rows,Addition,504,BOOTSTRAPPED,1.0,1.0,1,1,1,0.0036978721618652344
0,1,Rows,Addition,505,BOOTSTRAPPED,1.0,1.0,1,1,1,0.003634214401245117
0,1,Rows,Addition,506,BOOTSTRAPPED,1.0,1.0,1,1,1,0.0035741329193115234
0,1,Rows,Addition,507,BOOTSTRAPPED,1.0,1.0,1,1,1,0.0038299560546875
0,1,Rows,Addition,508,BOOTSTRAPPED,1.0,1.0,1,1,1,0.0038619041442871094
0,1,Rows,Addition,509,BOOTSTRAPPED,1.0,1.0,1,1,1,0.003560781478881836
0,1,Rows,Addition,510,BOOTSTRAPPED,1.0,1.0,1,1,1,0.0035636425018310547
0,1,Rows,Addition,511,BOOTSTRAPPED,1.0,1.0,1,1,1,0.0036041736602783203
0,1,Rows,Addition,512,BOOTSTRAPPED,1.0,1.0,1,1,1,0.0036988258361816406
0,1,Rows,Addition,513,BOOTSTRAPPED,1.0,1.0,1,1,1,0.0037949085235595703
0,1,Rows,Addition,514,BOOTSTRAPPED,1.0,1.0,1,1,1,0.0035979747772216797
0,1,Rows,Addition,515,BOOTSTRAPPED,1.0,1.0,1,1,1,0.0036249160766601562
0,1,Rows,Addition,516,BOOTSTRAPPED,1.0,1.0,1,1,1,0.0036017894744873047
0,1,Rows,Addition,517,BOOTSTRAPPED,1.0,1.0,1,1,1,0.003504037857055664
0,1,Rows,Addition,518,BOOTSTRAPPED,1.0,1.0,1,1,1,0.0035822391510009766
0,1,Rows,Addition,519,BOOTSTRAPPED,1.0,1.0,1,1,1,0.0035419464111328125
0,1,Rows,Addition,520,BOOTSTRAPPED,1.0,1.0,1,1,1,0.00372314453125
0,1,Rows,Addition,521,BOOTSTRAPPED,1.0,1.0,1,1,1,0.0036461353302001953
0,1,Rows,Addition,522,BOOTSTRAPPED,1.0,1.0,1,1,1,0.003695249557495117
0,1,Rows,Addition,523,BOOTSTRAPPED,1.0,1.0,1,1,1,0.003643035888671875
0,1,Rows,Addition,524,BOOTSTRAPPED,1.0,1.0,1,1,1,0.003515958786010742
0,1,Rows,Addition,525,BOOTSTRAPPED,1.0,1.0,1,1,1,0.0035729408264160156
0,1,Rows,Addition,526,BOOTSTRAPPED,1.0,1.0,1,1,1,0.003604888916015625
0,1,Rows,Addition,527,BOOTSTRAPPED,1.0,1.0,1,1,1,0.0036187171936035156
0,1,Rows,Addition,528,BOOTSTRAPPED,1.0,1.0,1,1,1,0.0034618377685546875
0,1,Rows,Addition,529,BOOTSTRAPPED,1.0,1.0,1,1,1,0.003579854965209961
0,1,Rows,Addition,530,BOOTSTRAPPED,1.0,1.0,1,1,1,0.003618001937866211
0,1,Rows,Addition,531,BOOTSTRAPPED,1.0,1.0,1,1,1,0.0035789012908935547
0,1,Rows,Addition,532,BOOTSTRAPPED,1.0,1.0,1,1,1,0.0036427974700927734
0,1,Rows,Addition,533,BOOTSTRAPPED,1.0,1.0,1,1,1,0.003599882125854492
0,1,Rows,Addition,534,BOOTSTRAPPED,1.0,1.0,1,1,1,0.0036051273345947266
0,1,Rows,Addition,535,BOOTSTRAPPED,1.0,1.0,1,1,1,0.003587007522583008
0,1,Rows,Addition,536,BOOTSTRAPPED,1.0,1.0,1,1,1,0.003505706787109375
0,1,Rows,Addition,537,BOOTSTRAPPED,1.0,1.0,1,1,1,0.0034961700439453125
0,1,Rows,Addition,538,BOOTSTRAPPED,1.0,1.0,1,1,1,0.003604888916015625
0,1,Rows,Addition,539,BOOTSTRAPPED,1.0,1.0,1,1,1,0.0036597251892089844
0,1,Rows,Addition,540,BOOTSTRAPPED,1.0,1.0,1,1,1,0.003487110137939453
0,1,Rows,Addition,541,BOOTSTRAPPED,1.0,1.0,1,1,1,0.0035419464111328125
0,1,Rows,Addition,542,BOOTSTRAPPED,1.0,1.0,1,1,1,0.0036211013793945312
0,1,Rows,Addition,543,BOOTSTRAPPED,1.0,1.0,1,1,1,0.003606081008911133
0,1,Rows,Addition,544,BOOTSTRAPPED,1.0,1.0,1,1,1,0.003648996353149414
0,1,Rows,Addition,545,BOOTSTRAPPED,1.0,1.0,1,1,1,0.0036652088165283203
0,1,Rows,Addition,546,BOOTSTRAPPED,1.0,1.0,1,1,1,0.003607034683227539
0,1,Rows,Addition,547,BOOTSTRAPPED,1.0,1.0,1,1,1,0.003593921661376953
0,1,Rows,Addition,548,BOOTSTRAPPED,1.0,1.0,1,1,1,0.0036699771881103516
0,1,Rows,Addition,549,BOOTSTRAPPED,1.0,1.0,1,1,1,0.003604888916015625
0,1,Rows,Addition,550,BOOTSTRAPPED,1.0,1.0,1,1,1,0.0036249160766601562
0,1,Rows,Addition,551,BOOTSTRAPPED,1.0,1.0,1,1,1,0.003595113754272461
0,1,Rows,Addition,552,BOOTSTRAPPED,1.0,1.0,1,1,1,0.0036270618438720703
0,1,Rows,Addition,553,BOOTSTRAPPED,1.0,1.0,1,1,1,0.003622293472290039
0,1,Rows,Addition,554,BOOTSTRAPPED,1.0,1.0,1,1,1,0.0036280155181884766
0,1,Rows,Addition,555,BOOTSTRAPPED,1.0,1.0,1,1,1,0.0036020278930664062
0,1,Rows,Addition,556,BOOTSTRAPPED,1.0,1.0,1,1,1,0.0036160945892333984
0,1,Rows,Addition,557,BOOTSTRAPPED,1.0,1.0,1,1,1,0.00362396240234375
0,1,Rows,Addition,558,BOOTSTRAPPED,1.0,1.0,1,1,1,0.003646373748779297
0,1,Rows,Addition,559,BOOTSTRAPPED,1.0,1.0,1,1,1,0.0036020278930664062
0,1,Rows,Addition,560,BOOTSTRAPPED,1.0,1.0,1,1,1,0.003520965576171875
0,1,Rows,Addition,561,BOOTSTRAPPED,1.0,1.0,1,1,1,0.0036029815673828125
0,1,Rows,Addition,562,BOOTSTRAPPED,1.0,1.0,1,1,1,0.0035479068756103516
0,1,Rows,Addition,563,BOOTSTRAPPED,1.0,1.0,1,1,1,0.0035619735717773438
0,1,Rows,Addition,564,BOOTSTRAPPED,1.0,1.0,1,1,1,0.0035409927368164062
0,1,Rows,Addition,565,BOOTSTRAPPED,1.0,1.0,1,1,1,0.0034439563751220703
0,1,Rows,Addition,566,BOOTSTRAPPED,1.0,1.0,1,1,1,0.003551006317138672
0,1,Rows,Addition,567,BOOTSTRAPPED,1.0,1.0,1,1,1,0.0035398006439208984
0,1,Rows,Addition,568,BOOTSTRAPPED,1.0,1.0,1,1,1,0.00357818603515625
0,1,Rows,Addition,569,BOOTSTRAPPED,1.0,1.0,1,1,1,0.003531932830810547
0,1,Rows,Addition,570,BOOTSTRAPPED,1.0,1.0,1,1,1,0.0035707950592041016
0,1,Rows,Addition,571,BOOTSTRAPPED,1.0,1.0,1,1,1,0.0036640167236328125
0,1,Rows,Addition,572,BOOTSTRAPPED,1.0,1.0,1,1,1,0.00345611572265625
0,1,Rows,Addition,573,BOOTSTRAPPED,1.0,1.0,1,1,1,0.0035247802734375
0,1,Rows,Addition,574,BOOTSTRAPPED,1.0,1.0,1,1,1,0.0035490989685058594
0,1,Rows,Addition,575,BOOTSTRAPPED,1.0,1.0,1,1,1,0.0035169124603271484
0,1,Rows,Addition,576,BOOTSTRAPPED,1.0,1.0,1,1,1,0.003484010696411133
0,1,Rows,Addition,577,BOOTSTRAPPED,1.0,1.0,1,1,1,0.0034990310668945312
0,1,Rows,Addition,578,BOOTSTRAPPED,1.0,1.0,1,1,1,0.003565073013305664
0,1,Rows,Addition,579,BOOTSTRAPPED,1.0,1.0,1,1,1,0.003566265106201172
0,1,Rows,Addition,580,BOOTSTRAPPED,1.0,1.0,1,1,1,0.0036139488220214844
0,1,Rows,Addition,581,BOOTSTRAPPED,1.0,1.0,1,1,1,0.0036780834197998047
0,1,Rows,Addition,582,BOOTSTRAPPED,1.0,1.0,1,1,1,0.003659963607788086
0,1,Rows,Addition,583,BOOTSTRAPPED,1.0,1.0,1,1,1,0.0035560131072998047
0,1,Rows,Addition,584,BOOTSTRAPPED,1.0,1.0,1,1,1,0.003358125686645508
0,1,Rows,Addition,585,BOOTSTRAPPED,1.0,1.0,1,1,1,0.003446817398071289
0,1,Rows,Addition,586,BOOTSTRAPPED,1.0,1.0,1,1,1,0.0035278797149658203
0,1,Rows,Addition,587,BOOTSTRAPPED,1.0,1.0,1,1,1,0.003590822219848633
0,1,Rows,Addition,588,BOOTSTRAPPED,1.0,1.0,1,1,1,0.0034410953521728516
0,1,Rows,Addition,589,BOOTSTRAPPED,1.0,1.0,1,1,1,0.0035169124603271484
0,1,Rows,Addition,590,BOOTSTRAPPED,1.0,1.0,1,1,1,0.0035400390625
0,1,Rows,Addition,591,BOOTSTRAPPED,1.0,1.0,1,1,1,0.003551959991455078
0,1,Rows,Addition,592,BOOTSTRAPPED,1.0,1.0,1,1,1,0.0035920143127441406
0,1,Rows,Addition,593,BOOTSTRAPPED,1.0,1.0,1,1,1,0.0036611557006835938
0,1,Rows,Addition,594,BOOTSTRAPPED,1.0,1.0,1,1,1,0.0036039352416992188
0,1,Rows,Addition,595,BOOTSTRAPPED,1.0,1.0,1,1,1,0.0035660266876220703
0,1,Rows,Addition,596,BOOTSTRAPPED,1.0,1.0,1,1,1,0.0033659934997558594
0,1,Rows,Addition,597,BOOTSTRAPPED,1.0,1.0,1,1,1,0.0034627914428710938
0,1,Rows,Addition,598,BOOTSTRAPPED,1.0,1.0,1,1,1,0.0035326480865478516
0,1,Rows,Addition,599,BOOTSTRAPPED,1.0,1.0,1,1,1,0.003500223159790039
0,1,Rows,Addition,600,BOOTSTRAPPED,1.0,1.0,1,1,1,0.0035610198974609375
0,1,Rows,Addition,601,BOOTSTRAPPED,1.0,1.0,1,1,1,0.003506898880004883
0,1,Rows,Addition,602,BOOTSTRAPPED,1.0,1.0,1,1,1,0.00357818603515625
0,1,Rows,Addition,603,BOOTSTRAPPED,1.0,1.0,1,1,1,0.0035610198974609375
0,1,Rows,Addition,604,BOOTSTRAPPED,1.0,1.0,1,1,1,0.0035600662231445312
0,1,Rows,Addition,605,BOOTSTRAPPED,1.0,1.0,1,1,1,0.003595113754272461
0,1,Rows,Addition,606,BOOTSTRAPPED,1.0,1.0,1,1,1,0.0036039352416992188
0,1,Rows,Addition,607,BOOTSTRAPPED,1.0,1.0,1,1,1,0.003570079803466797
0,1,Rows,Addition,608,BOOTSTRAPPED,1.0,1.0,1,1,1,0.003606081008911133
0,1,Rows,Addition,609,BOOTSTRAPPED,1.0,1.0,1,1,1,0.003634929656982422
0,1,Rows,Addition,610,BOOTSTRAPPED,1.0,1.0,1,1,1,0.003392934799194336
0,1,Rows,Addition,611,BOOTSTRAPPED,1.0,1.0,1,1,1,0.003471851348876953
0,1,Rows,Addition,612,BOOTSTRAPPED,1.0,1.0,1,1,1,0.0037369728088378906
0,1,Rows,Addition,613,BOOTSTRAPPED,1.0,1.0,1,1,1,0.0035829544067382812
0,1,Rows,Addition,614,BOOTSTRAPPED,1.0,1.0,1,1,1,0.0036132335662841797
0,1,Rows,Addition,615,BOOTSTRAPPED,1.0,1.0,1,1,1,0.003592967987060547
0,1,Rows,Addition,616,BOOTSTRAPPED,1.0,1.0,1,1,1,0.003604888916015625
0,1,Rows,Addition,617,BOOTSTRAPPED,1.0,1.0,1,1,1,0.003754138946533203
0,1,Rows,Addition,618,BOOTSTRAPPED,1.0,1.0,1,1,1,0.003551006317138672
0,1,Rows,Addition,619,BOOTSTRAPPED,1.0,1.0,1,1,1,0.0035431385040283203
0,1,Rows,Addition,620,BOOTSTRAPPED,1.0,1.0,1,1,1,0.003470897674560547
0,1,Rows,Addition,621,BOOTSTRAPPED,1.0,1.0,1,1,1,0.0035469532012939453
0,1,Rows,Addition,622,BOOTSTRAPPED,1.0,1.0,1,1,1,0.0036039352416992188
0,1,Rows,Addition,623,BOOTSTRAPPED,1.0,1.0,1,1,1,0.0035858154296875
0,1,Rows,Addition,624,BOOTSTRAPPED,1.0,1.0,1,1,1,0.003631114959716797
0,1,Rows,Addition,625,BOOTSTRAPPED,1.0,1.0,1,1,1,0.0035049915313720703
0,1,Rows,Addition,626,BOOTSTRAPPED,1.0,1.0,1,1,1,0.0035588741302490234
0,1,Rows,Addition,627,BOOTSTRAPPED,1.0,1.0,1,1,1,0.0035347938537597656
0,1,Rows,Addition,628,BOOTSTRAPPED,1.0,1.0,1,1,1,0.003522157669067383
0,1,Rows,Addition,629,BOOTSTRAPPED,1.0,1.0,1,1,1,0.003551006317138672
0,1,Rows,Addition,630,BOOTSTRAPPED,1.0,1.0,1,1,1,0.003561258316040039
0,1,Rows,Addition,631,BOOTSTRAPPED,1.0,1.0,1,1,1,0.0035800933837890625
0,1,Rows,Addition,632,BOOTSTRAPPED,1.0,1.0,1,1,1,0.003899812698364258
0,1,Rows,Addition,633,BOOTSTRAPPED,1.0,1.0,1,1,1,0.013415813446044922
0,1,Rows,Addition,634,BOOTSTRAPPED,1.0,1.0,1,1,1,0.005535125732421875
0,1,Rows,Addition,635,BOOTSTRAPPED,1.0,1.0,1,1,1,0.0037899017333984375
0,1,Rows,Addition,636,BOOTSTRAPPED,1.0,1.0,1,1,1,0.0037529468536376953
0,1,Rows,Addition,637,BOOTSTRAPPED,1.0,1.0,1,1,1,0.003680706024169922
0,1,Rows,Addition,638,BOOTSTRAPPED,1.0,1.0,1,1,1,0.004256010055541992
0,1,Rows,Addition,639,BOOTSTRAPPED,1.0,1.0,1,1,1,0.0035500526428222656
0,1,Rows,Addition,640,BOOTSTRAPPED,1.0,1.0,1,1,1,0.003756999969482422
0,1,Rows,Addition,641,BOOTSTRAPPED,1.0,1.0,1,1,1,0.0035130977630615234
0,1,Rows,Addition,642,BOOTSTRAPPED,1.0,1.0,1,1,1,0.0035448074340820312
0,1,Rows,Addition,643,BOOTSTRAPPED,1.0,1.0,1,1,1,0.003944873809814453
0,1,Rows,Addition,644,BOOTSTRAPPED,1.0,1.0,1,1,1,0.0040130615234375
0,1,Rows,Addition,645,BOOTSTRAPPED,1.0,1.0,1,1,1,0.0038809776306152344
0,1,Rows,Addition,646,BOOTSTRAPPED,1.0,1.0,1,1,1,0.003778219223022461
0,1,Rows,Addition,647,BOOTSTRAPPED,1.0,1.0,1,1,1,0.0037841796875
0,1,Rows,Addition,648,BOOTSTRAPPED,1.0,1.0,1,1,1,0.003571033477783203
0,1,Rows,Addition,649,BOOTSTRAPPED,1.0,1.0,1,1,1,0.003606081008911133
0,1,Rows,Addition,650,BOOTSTRAPPED,1.0,1.0,1,1,1,0.003770112991333008
0,1,Rows,Addition,651,BOOTSTRAPPED,1.0,1.0,1,1,1,0.0036199092864990234
0,1,Rows,Addition,652,BOOTSTRAPPED,1.0,1.0,1,1,1,0.003644227981567383
0,1,Rows,Addition,653,BOOTSTRAPPED,1.0,1.0,1,1,1,0.0036432743072509766
0,1,Rows,Addition,654,BOOTSTRAPPED,1.0,1.0,1,1,1,0.003663778305053711
0,1,Rows,Addition,655,BOOTSTRAPPED,1.0,1.0,1,1,1,0.003643035888671875
0,1,Rows,Addition,656,BOOTSTRAPPED,1.0,1.0,1,1,1,0.0036270618438720703
0,1,Rows,Addition,657,BOOTSTRAPPED,1.0,1.0,1,1,1,0.0036170482635498047
0,1,Rows,Addition,658,BOOTSTRAPPED,1.0,1.0,1,1,1,0.003614187240600586
0,1,Rows,Addition,659,BOOTSTRAPPED,1.0,1.0,1,1,1,0.0037908554077148438
0,1,Rows,Addition,660,BOOTSTRAPPED,1.0,1.0,1,1,1,0.0035829544067382812
0,1,Rows,Addition,661,BOOTSTRAPPED,1.0,1.0,1,1,1,0.003604888916015625
0,1,Rows,Addition,662,BOOTSTRAPPED,1.0,1.0,1,1,1,0.003638029098510742
0,1,Rows,Addition,663,BOOTSTRAPPED,1.0,1.0,1,1,1,0.003690958023071289
0,1,Rows,Addition,664,BOOTSTRAPPED,1.0,1.0,1,1,1,0.0036323070526123047
0,1,Rows,Addition,665,BOOTSTRAPPED,1.0,1.0,1,1,1,0.003703594207763672
0,1,Rows,Addition,666,BOOTSTRAPPED,1.0,1.0,1,1,1,0.0036330223083496094
0,1,Rows,Addition,667,BOOTSTRAPPED,1.0,1.0,1,1,1,0.003577709197998047
0,1,Rows,Addition,668,BOOTSTRAPPED,1.0,1.0,1,1,1,0.003702878952026367
0,1,Rows,Addition,669,BOOTSTRAPPED,1.0,1.0,1,1,1,0.003568887710571289
0,1,Rows,Addition,670,BOOTSTRAPPED,1.0,1.0,1,1,1,0.003564119338989258
0,1,Rows,Addition,671,BOOTSTRAPPED,1.0,1.0,1,1,1,0.003828287124633789
0,1,Rows,Addition,672,BOOTSTRAPPED,1.0,1.0,1,1,1,0.0033540725708007812
0,1,Rows,Addition,673,BOOTSTRAPPED,1.0,1.0,1,1,1,0.003607034683227539
0,1,Rows,Addition,674,BOOTSTRAPPED,1.0,1.0,1,1,1,0.003648996353149414
0,1,Rows,Addition,675,BOOTSTRAPPED,1.0,1.0,1,1,1,0.003704071044921875
0,1,Rows,Addition,676,BOOTSTRAPPED,1.0,1.0,1,1,1,0.0035910606384277344
0,1,Rows,Addition,677,BOOTSTRAPPED,1.0,1.0,1,1,1,0.003634929656982422
0,1,Rows,Addition,678,BOOTSTRAPPED,1.0,1.0,1,1,1,0.0036268234252929688
0,1,Rows,Addition,679,BOOTSTRAPPED,1.0,1.0,1,1,1,0.003532886505126953
0,1,Rows,Addition,680,BOOTSTRAPPED,1.0,1.0,1,1,1,0.0037550926208496094
0,1,Rows,Addition,681,BOOTSTRAPPED,1.0,1.0,1,1,1,0.003551006317138672
0,1,Rows,Addition,682,BOOTSTRAPPED,1.0,1.0,1,1,1,0.0035648345947265625
0,1,Rows,Addition,683,BOOTSTRAPPED,1.0,1.0,1,1,1,0.0033693313598632812
0,1,Rows,Addition,684,BOOTSTRAPPED,1.0,1.0,1,1,1,0.0035228729248046875
0,1,Rows,Addition,685,BOOTSTRAPPED,1.0,1.0,1,1,1,0.0037779808044433594
0,1,Rows,Addition,686,BOOTSTRAPPED,1.0,1.0,1,1,1,0.003765106201171875
0,1,Rows,Addition,687,BOOTSTRAPPED,1.0,1.0,1,1,1,0.0037920475006103516
0,1,Rows,Addition,688,BOOTSTRAPPED,1.0,1.0,1,1,1,0.003632068634033203
0,1,Rows,Addition,689,BOOTSTRAPPED,1.0,1.0,1,1,1,0.003634929656982422
0,1,Rows,Addition,690,BOOTSTRAPPED,1.0,1.0,1,1,1,0.0037512779235839844
0,1,Rows,Addition,691,BOOTSTRAPPED,1.0,1.0,1,1,1,0.003626108169555664
0,1,Rows,Addition,692,BOOTSTRAPPED,1.0,1.0,1,1,1,0.003654003143310547
0,1,Rows,Addition,693,BOOTSTRAPPED,1.0,1.0,1,1,1,0.0035970211029052734
0,1,Rows,Addition,694,BOOTSTRAPPED,1.0,1.0,1,1,1,0.0037021636962890625
0,1,Rows,Addition,695,BOOTSTRAPPED,1.0,1.0,1,1,1,0.003664255142211914
0,1,Rows,Addition,696,BOOTSTRAPPED,1.0,1.0,1,1,1,0.0036771297454833984
0,1,Rows,Addition,697,BOOTSTRAPPED,1.0,1.0,1,1,1,0.003670930862426758
0,1,Rows,Addition,698,BOOTSTRAPPED,1.0,1.0,1,1,1,0.0035610198974609375
0,1,Rows,Addition,699,BOOTSTRAPPED,1.0,1.0,1,1,1,0.0035161972045898438
0,1,Rows,Addition,700,BOOTSTRAPPED,1.0,1.0,1,1,1,0.003503084182739258
0,1,Rows,Addition,701,BOOTSTRAPPED,1.0,1.0,1,1,1,0.0035779476165771484
0,1,Rows,Addition,702,BOOTSTRAPPED,1.0,1.0,1,1,1,0.003577709197998047
0,1,Rows,Addition,703,BOOTSTRAPPED,1.0,1.0,1,1,1,0.003596782684326172
0,1,Rows,Addition,704,BOOTSTRAPPED,1.0,1.0,1,1,1,0.0035881996154785156
0,1,Rows,Addition,705,BOOTSTRAPPED,1.0,1.0,1,1,1,0.003580808639526367
0,1,Rows,Addition,706,BOOTSTRAPPED,1.0,1.0,1,1,1,0.0036270618438720703
0,1,Rows,Addition,707,BOOTSTRAPPED,1.0,1.0,1,1,1,0.0036821365356445312
0,1,Rows,Addition,708,BOOTSTRAPPED,1.0,1.0,1,1,1,0.003590822219848633
0,1,Rows,Addition,709,BOOTSTRAPPED,1.0,1.0,1,1,1,0.003608226776123047
0,1,Rows,Addition,710,BOOTSTRAPPED,1.0,1.0,1,1,1,0.0035352706909179688
0,1,Rows,Addition,711,BOOTSTRAPPED,1.0,1.0,1,1,1,0.0035469532012939453
0,1,Rows,Addition,712,BOOTSTRAPPED,1.0,1.0,1,1,1,0.0036339759826660156
0,1,Rows,Addition,713,BOOTSTRAPPED,1.0,1.0,1,1,1,0.0035970211029052734
0,1,Rows,Addition,714,BOOTSTRAPPED,1.0,1.0,1,1,1,0.0035152435302734375
0,1,Rows,Addition,715,BOOTSTRAPPED,1.0,1.0,1,1,1,0.0035560131072998047
0,1,Rows,Addition,716,BOOTSTRAPPED,1.0,1.0,1,1,1,0.003573179244995117
0,1,Rows,Addition,717,BOOTSTRAPPED,1.0,1.0,1,1,1,0.0035610198974609375
0,1,Rows,Addition,718,BOOTSTRAPPED,1.0,1.0,1,1,1,0.003607034683227539
0,1,Rows,Addition,719,BOOTSTRAPPED,1.0,1.0,1,1,1,0.0035047531127929688
0,1,Rows,Addition,720,BOOTSTRAPPED,1.0,1.0,1,1,1,0.003572225570678711
0,1,Rows,Addition,721,BOOTSTRAPPED,1.0,1.0,1,1,1,0.003557920455932617
0,1,Rows,Addition,722,BOOTSTRAPPED,1.0,1.0,1,1,1,0.0035467147827148438
0,1,Rows,Addition,723,BOOTSTRAPPED,1.0,1.0,1,1,1,0.0034351348876953125
0,1,Rows,Addition,724,BOOTSTRAPPED,1.0,1.0,1,1,1,0.003498077392578125
0,1,Rows,Addition,725,BOOTSTRAPPED,1.0,1.0,1,1,1,0.003526926040649414
0,1,Rows,Addition,726,BOOTSTRAPPED,1.0,1.0,1,1,1,0.0035860538482666016
0,1,Rows,Addition,727,BOOTSTRAPPED,1.0,1.0,1,1,1,0.0035560131072998047
0,1,Rows,Addition,728,BOOTSTRAPPED,1.0,1.0,1,1,1,0.0036127567291259766
0,1,Rows,Addition,729,BOOTSTRAPPED,1.0,1.0,1,1,1,0.0035619735717773438
0,1,Rows,Addition,730,BOOTSTRAPPED,1.0,1.0,1,1,1,0.003564119338989258
0,1,Rows,Addition,731,BOOTSTRAPPED,1.0,1.0,1,1,1,0.003543853759765625
0,1,Rows,Addition,732,BOOTSTRAPPED,1.0,1.0,1,1,1,0.003579854965209961
0,1,Rows,Addition,733,BOOTSTRAPPED,1.0,1.0,1,1,1,0.0035767555236816406
0,1,Rows,Addition,734,BOOTSTRAPPED,1.0,1.0,1,1,1,0.003628969192504883
0,1,Rows,Addition,735,BOOTSTRAPPED,1.0,1.0,1,1,1,0.003566741943359375
0,1,Rows,Addition,736,BOOTSTRAPPED,1.0,1.0,1,1,1,0.0035610198974609375
0,1,Rows,Addition,737,BOOTSTRAPPED,1.0,1.0,1,1,1,0.003704071044921875
0,1,Rows,Addition,738,BOOTSTRAPPED,1.0,1.0,1,1,1,0.0034530162811279297
0,1,Rows,Addition,739,BOOTSTRAPPED,1.0,1.0,1,1,1,0.0035991668701171875
0,1,Rows,Addition,740,BOOTSTRAPPED,1.0,1.0,1,1,1,0.003573894500732422
0,1,Rows,Addition,741,BOOTSTRAPPED,1.0,1.0,1,1,1,0.0035979747772216797
0,1,Rows,Addition,742,BOOTSTRAPPED,1.0,1.0,1,1,1,0.0035300254821777344
0,1,Rows,Addition,743,BOOTSTRAPPED,1.0,1.0,1,1,1,0.003500223159790039
0,1,Rows,Addition,744,BOOTSTRAPPED,1.0,1.0,1,1,1,0.0035479068756103516
0,1,Rows,Addition,745,BOOTSTRAPPED,1.0,1.0,1,1,1,0.0035698413848876953
0,1,Rows,Addition,746,BOOTSTRAPPED,1.0,1.0,1,1,1,0.0038030147552490234
0,1,Rows,Addition,747,BOOTSTRAPPED,1.0,1.0,1,1,1,0.003608226776123047
0,1,Rows,Addition,748,BOOTSTRAPPED,1.0,1.0,1,1,1,0.0035810470581054688
0,1,Rows,Addition,749,BOOTSTRAPPED,1.0,1.0,1,1,1,0.0035572052001953125
0,1,Rows,Addition,750,BOOTSTRAPPED,1.0,1.0,1,1,1,0.003593921661376953
0,1,Rows,Addition,751,BOOTSTRAPPED,1.0,1.0,1,1,1,0.0034990310668945312
0,1,Rows,Addition,752,BOOTSTRAPPED,1.0,1.0,1,1,1,0.0035371780395507812
0,1,Rows,Addition,753,BOOTSTRAPPED,1.0,1.0,1,1,1,0.003611326217651367
0,1,Rows,Addition,754,BOOTSTRAPPED,1.0,1.0,1,1,1,0.003595113754272461
0,1,Rows,Addition,755,BOOTSTRAPPED,1.0,1.0,1,1,1,0.003448963165283203
0,1,Rows,Addition,756,BOOTSTRAPPED,1.0,1.0,1,1,1,0.003567218780517578
0,1,Rows,Addition,757,BOOTSTRAPPED,1.0,1.0,1,1,1,0.003580808639526367
0,1,Rows,Addition,758,BOOTSTRAPPED,1.0,1.0,1,1,1,0.0035860538482666016
0,1,Rows,Addition,759,BOOTSTRAPPED,1.0,1.0,1,1,1,0.003590106964111328
0,1,Rows,Addition,760,BOOTSTRAPPED,1.0,1.0,1,1,1,0.003468036651611328
0,1,Rows,Addition,761,BOOTSTRAPPED,1.0,1.0,1,1,1,0.003556966781616211
0,1,Rows,Addition,762,BOOTSTRAPPED,1.0,1.0,1,1,1,0.0035881996154785156
0,1,Rows,Addition,763,BOOTSTRAPPED,1.0,1.0,1,1,1,0.0036809444427490234
0,1,Rows,Addition,764,BOOTSTRAPPED,1.0,1.0,1,1,1,0.003654956817626953
0,1,Rows,Addition,765,BOOTSTRAPPED,1.0,1.0,1,1,1,0.0035860538482666016
0,1,Rows,Addition,766,BOOTSTRAPPED,1.0,1.0,1,1,1,0.0037937164306640625
0,1,Rows,Addition,767,BOOTSTRAPPED,1.0,1.0,1,1,1,0.003577709197998047
0,1,Rows,Addition,768,BOOTSTRAPPED,1.0,1.0,1,1,1,0.003637075424194336
0,1,Rows,Addition,769,BOOTSTRAPPED,1.0,1.0,1,1,1,0.0036258697509765625
0,1,Rows,Addition,770,BOOTSTRAPPED,1.0,1.0,1,1,1,0.003632068634033203
0,1,Rows,Addition,771,BOOTSTRAPPED,1.0,1.0,1,1,1,0.003604888916015625
0,1,Rows,Addition,772,BOOTSTRAPPED,1.0,1.0,1,1,1,0.0036470890045166016
0,1,Rows,Addition,773,BOOTSTRAPPED,1.0,1.0,1,1,1,0.0034918785095214844
0,1,Rows,Addition,774,BOOTSTRAPPED,1.0,1.0,1,1,1,0.0035440921783447266
0,1,Rows,Addition,775,BOOTSTRAPPED,1.0,1.0,1,1,1,0.003648042678833008
0,1,Rows,Addition,776,BOOTSTRAPPED,1.0,1.0,1,1,1,0.004332065582275391
0,1,Rows,Addition,777,BOOTSTRAPPED,1.0,1.0,1,1,1,0.003780841827392578
0,1,Rows,Addition,778,BOOTSTRAPPED,1.0,1.0,1,1,1,0.003660917282104492
0,1,Rows,Addition,779,BOOTSTRAPPED,1.0,1.0,1,1,1,0.0036988258361816406
0,1,Rows,Addition,780,BOOTSTRAPPED,1.0,1.0,1,1,1,0.0038299560546875
0,1,Rows,Addition,781,BOOTSTRAPPED,1.0,1.0,1,1,1,0.004054069519042969
0,1,Rows,Addition,782,BOOTSTRAPPED,1.0,1.0,1,1,1,0.003721952438354492
0,1,Rows,Addition,783,BOOTSTRAPPED,1.0,1.0,1,1,1,0.003690004348754883
0,1,Rows,Addition,784,BOOTSTRAPPED,1.0,1.0,1,1,1,0.0036711692810058594
0,1,Rows,Addition,785,BOOTSTRAPPED,1.0,1.0,1,1,1,0.003644227981567383
0,1,Rows,Addition,786,BOOTSTRAPPED,1.0,1.0,1,1,1,0.0036368370056152344
0,1,Rows,Addition,787,BOOTSTRAPPED,1.0,1.0,1,1,1,0.003628969192504883
0,1,Rows,Addition,788,BOOTSTRAPPED,1.0,1.0,1,1,1,0.003548145294189453
0,1,Rows,Addition,789,BOOTSTRAPPED,1.0,1.0,1,1,1,0.003652811050415039
0,1,Rows,Addition,790,BOOTSTRAPPED,1.0,1.0,1,1,1,0.0035810470581054688
0,1,Rows,Addition,791,BOOTSTRAPPED,1.0,1.0,1,1,1,0.0035698413848876953
0,1,Rows,Addition,792,BOOTSTRAPPED,1.0,1.0,1,1,1,0.003555774688720703
0,1,Rows,Addition,793,BOOTSTRAPPED,1.0,1.0,1,1,1,0.003759145736694336
0,1,Rows,Addition,794,BOOTSTRAPPED,1.0,1.0,1,1,1,0.0038259029388427734
0,1,Rows,Addition,795,BOOTSTRAPPED,1.0,1.0,1,1,1,0.0037078857421875
0,1,Rows,Addition,796,BOOTSTRAPPED,1.0,1.0,1,1,1,0.0035169124603271484
0,1,Rows,Addition,797,BOOTSTRAPPED,1.0,1.0,1,1,1,0.003670930862426758
0,1,Rows,Addition,798,BOOTSTRAPPED,1.0,1.0,1,1,1,0.003610849380493164
0,1,Rows,Addition,799,BOOTSTRAPPED,1.0,1.0,1,1,1,0.003648996353149414
0,1,Rows,Addition,800,BOOTSTRAPPED,1.0,1.0,1,1,1,0.003507852554321289
0,1,Rows,Addition,801,BOOTSTRAPPED,1.0,1.0,1,1,1,0.003690004348754883
0,1,Rows,Addition,802,BOOTSTRAPPED,1.0,1.0,1,1,1,0.0035440921783447266
0,1,Rows,Addition,803,BOOTSTRAPPED,1.0,1.0,1,1,1,0.003538846969604492
0,1,Rows,Addition,804,BOOTSTRAPPED,1.0,1.0,1,1,1,0.0036139488220214844
0,1,Rows,Addition,805,BOOTSTRAPPED,1.0,1.0,1,1,1,0.0035660266876220703
0,1,Rows,Addition,806,BOOTSTRAPPED,1.0,1.0,1,1,1,0.0036988258361816406
0,1,Rows,Addition,807,BOOTSTRAPPED,1.0,1.0,1,1,1,0.0036749839782714844
0,1,Rows,Addition,808,BOOTSTRAPPED,1.0,1.0,1,1,1,0.0035359859466552734
0,1,Rows,Addition,809,BOOTSTRAPPED,1.0,1.0,1,1,1,0.0036630630493164062
0,1,Rows,Addition,810,BOOTSTRAPPED,1.0,1.0,1,1,1,0.00362396240234375
0,1,Rows,Addition,811,BOOTSTRAPPED,1.0,1.0,1,1,1,0.0037078857421875
0,1,Rows,Addition,812,BOOTSTRAPPED,1.0,1.0,1,1,1,0.0036001205444335938
0,1,Rows,Addition,813,BOOTSTRAPPED,1.0,1.0,1,1,1,0.003592252731323242
0,1,Rows,Addition,814,BOOTSTRAPPED,1.0,1.0,1,1,1,0.0036020278930664062
0,1,Rows,Addition,815,BOOTSTRAPPED,1.0,1.0,1,1,1,0.003650188446044922
0,1,Rows,Addition,816,BOOTSTRAPPED,1.0,1.0,1,1,1,0.0034592151641845703
0,1,Rows,Addition,817,BOOTSTRAPPED,1.0,1.0,1,1,1,0.0036270618438720703
0,1,Rows,Addition,818,BOOTSTRAPPED,1.0,1.0,1,1,1,0.0037140846252441406
0,1,Rows,Addition,819,BOOTSTRAPPED,1.0,1.0,1,1,1,0.003732919692993164
0,1,Rows,Addition,820,BOOTSTRAPPED,1.0,1.0,1,1,1,0.003465890884399414
0,1,Rows,Addition,821,BOOTSTRAPPED,1.0,1.0,1,1,1,0.0034770965576171875
0,1,Rows,Addition,822,BOOTSTRAPPED,1.0,1.0,1,1,1,0.003638029098510742
0,1,Rows,Addition,823,BOOTSTRAPPED,1.0,1.0,1,1,1,0.003525257110595703
0,1,Rows,Addition,824,BOOTSTRAPPED,1.0,1.0,1,1,1,0.003512144088745117
0,1,Rows,Addition,825,BOOTSTRAPPED,1.0,1.0,1,1,1,0.003531932830810547
0,1,Rows,Addition,826,BOOTSTRAPPED,1.0,1.0,1,1,1,0.003551959991455078
0,1,Rows,Addition,827,BOOTSTRAPPED,1.0,1.0,1,1,1,0.003520965576171875
0,1,Rows,Addition,828,BOOTSTRAPPED,1.0,1.0,1,1,1,0.003484964370727539
0,1,Rows,Addition,829,BOOTSTRAPPED,1.0,1.0,1,1,1,0.0035490989685058594
0,1,Rows,Addition,830,BOOTSTRAPPED,1.0,1.0,1,1,1,0.0036187171936035156
0,1,Rows,Addition,831,BOOTSTRAPPED,1.0,1.0,1,1,1,0.0036530494689941406
0,1,Rows,Addition,832,BOOTSTRAPPED,1.0,1.0,1,1,1,0.003486156463623047
0,1,Rows,Addition,833,BOOTSTRAPPED,1.0,1.0,1,1,1,0.0035178661346435547
0,1,Rows,Addition,834,BOOTSTRAPPED,1.0,1.0,1,1,1,0.0035648345947265625
0,1,Rows,Addition,835,BOOTSTRAPPED,1.0,1.0,1,1,1,0.0035431385040283203
0,1,Rows,Addition,836,BOOTSTRAPPED,1.0,1.0,1,1,1,0.0034868717193603516
0,1,Rows,Addition,837,BOOTSTRAPPED,1.0,1.0,1,1,1,0.003571033477783203
0,1,Rows,Addition,838,BOOTSTRAPPED,1.0,1.0,1,1,1,0.003618955612182617
0,1,Rows,Addition,839,BOOTSTRAPPED,1.0,1.0,1,1,1,0.0036118030548095703
0,1,Rows,Addition,840,BOOTSTRAPPED,1.0,1.0,1,1,1,0.0033698081970214844
0,1,Rows,Addition,841,BOOTSTRAPPED,1.0,1.0,1,1,1,0.0035381317138671875
0,1,Rows,Addition,842,BOOTSTRAPPED,1.0,1.0,1,1,1,0.0035500526428222656
0,1,Rows,Addition,843,BOOTSTRAPPED,1.0,1.0,1,1,1,0.0035219192504882812
0,1,Rows,Addition,844,BOOTSTRAPPED,1.0,1.0,1,1,1,0.0034270286560058594
0,1,Rows,Addition,845,BOOTSTRAPPED,1.0,1.0,1,1,1,0.0035181045532226562
0,1,Rows,Addition,846,BOOTSTRAPPED,1.0,1.0,1,1,1,0.0035529136657714844
0,1,Rows,Addition,847,BOOTSTRAPPED,1.0,1.0,1,1,1,0.0035848617553710938
0,1,Rows,Addition,848,BOOTSTRAPPED,1.0,1.0,1,1,1,0.003367185592651367
0,1,Rows,Addition,849,BOOTSTRAPPED,1.0,1.0,1,1,1,0.0034897327423095703
0,1,Rows,Addition,850,BOOTSTRAPPED,1.0,1.0,1,1,1,0.0035288333892822266
0,1,Rows,Addition,851,BOOTSTRAPPED,1.0,1.0,1,1,1,0.0035848617553710938
0,1,Rows,Addition,852,BOOTSTRAPPED,1.0,1.0,1,1,1,0.0033788681030273438
0,1,Rows,Addition,853,BOOTSTRAPPED,1.0,1.0,1,1,1,0.003564119338989258
0,1,Rows,Addition,854,BOOTSTRAPPED,1.0,1.0,1,1,1,0.0036330223083496094
0,1,Rows,Addition,855,BOOTSTRAPPED,1.0,1.0,1,1,1,0.003548145294189453
0,1,Rows,Addition,856,BOOTSTRAPPED,1.0,1.0,1,1,1,0.0034999847412109375
0,1,Rows,Addition,857,BOOTSTRAPPED,1.0,1.0,1,1,1,0.0034449100494384766
0,1,Rows,Addition,858,BOOTSTRAPPED,1.0,1.0,1,1,1,0.0035452842712402344
0,1,Rows,Addition,859,BOOTSTRAPPED,1.0,1.0,1,1,1,0.003534078598022461
0,1,Rows,Addition,860,BOOTSTRAPPED,1.0,1.0,1,1,1,0.0035619735717773438
0,1,Rows,Addition,861,BOOTSTRAPPED,1.0,1.0,1,1,1,0.0035829544067382812
0,1,Rows,Addition,862,BOOTSTRAPPED,1.0,1.0,1,1,1,0.0035741329193115234
0,1,Rows,Addition,863,BOOTSTRAPPED,1.0,1.0,1,1,1,0.0035767555236816406
0,1,Rows,Addition,864,BOOTSTRAPPED,1.0,1.0,1,1,1,0.003589153289794922
0,1,Rows,Addition,865,BOOTSTRAPPED,1.0,1.0,1,1,1,0.0035810470581054688
0,1,Rows,Addition,866,BOOTSTRAPPED,1.0,1.0,1,1,1,0.0035657882690429688
0,1,Rows,Addition,867,BOOTSTRAPPED,1.0,1.0,1,1,1,0.0035758018493652344
0,1,Rows,Addition,868,BOOTSTRAPPED,1.0,1.0,1,1,1,0.0035881996154785156
0,1,Rows,Addition,869,BOOTSTRAPPED,1.0,1.0,1,1,1,0.003571033477783203
0,1,Rows,Addition,870,BOOTSTRAPPED,1.0,1.0,1,1,1,0.0036759376525878906
0,1,Rows,Addition,871,BOOTSTRAPPED,1.0,1.0,1,1,1,0.0035789012908935547
0,1,Rows,Addition,872,BOOTSTRAPPED,1.0,1.0,1,1,1,0.0036001205444335938
0,1,Rows,Addition,873,BOOTSTRAPPED,1.0,1.0,1,1,1,0.0036101341247558594
0,1,Rows,Addition,874,BOOTSTRAPPED,1.0,1.0,1,1,1,0.0035822391510009766
0,1,Rows,Addition,875,BOOTSTRAPPED,1.0,1.0,1,1,1,0.0036468505859375
0,1,Rows,Addition,876,BOOTSTRAPPED,1.0,1.0,1,1,1,0.0036721229553222656
0,1,Rows,Addition,877,BOOTSTRAPPED,1.0,1.0,1,1,1,0.003816366195678711
0,1,Rows,Addition,878,BOOTSTRAPPED,1.0,1.0,1,1,1,0.0034170150756835938
0,1,Rows,Addition,879,BOOTSTRAPPED,1.0,1.0,1,1,1,0.0036377906799316406
0,1,Rows,Addition,880,BOOTSTRAPPED,1.0,1.0,1,1,1,0.0035660266876220703
0,1,Rows,Addition,881,BOOTSTRAPPED,1.0,1.0,1,1,1,0.0035772323608398438
0,1,Rows,Addition,882,BOOTSTRAPPED,1.0,1.0,1,1,1,0.003593921661376953
0,1,Rows,Addition,883,BOOTSTRAPPED,1.0,1.0,1,1,1,0.003612041473388672
0,1,Rows,Addition,884,BOOTSTRAPPED,1.0,1.0,1,1,1,0.0038199424743652344
0,1,Rows,Addition,885,BOOTSTRAPPED,1.0,1.0,1,1,1,0.0036449432373046875
0,1,Rows,Addition,886,BOOTSTRAPPED,1.0,1.0,1,1,1,0.0036110877990722656
0,1,Rows,Addition,887,BOOTSTRAPPED,1.0,1.0,1,1,1,0.0036859512329101562
0,1,Rows,Addition,888,BOOTSTRAPPED,1.0,1.0,1,1,1,0.0034880638122558594
0,1,Rows,Addition,889,BOOTSTRAPPED,1.0,1.0,1,1,1,0.003599882125854492
0,1,Rows,Addition,890,BOOTSTRAPPED,1.0,1.0,1,1,1,0.003573179244995117
0,1,Rows,Addition,891,BOOTSTRAPPED,1.0,1.0,1,1,1,0.0036890506744384766
0,1,Rows,Addition,892,BOOTSTRAPPED,1.0,1.0,1,1,1,0.003909111022949219
0,1,Rows,Addition,893,BOOTSTRAPPED,1.0,1.0,1,1,1,0.0035529136657714844
0,1,Rows,Addition,894,BOOTSTRAPPED,1.0,1.0,1,1,1,0.0035140514373779297
0,1,Rows,Addition,895,BOOTSTRAPPED,1.0,1.0,1,1,1,0.0035409927368164062
0,1,Rows,Addition,896,BOOTSTRAPPED,1.0,1.0,1,1,1,0.003728151321411133
0,1,Rows,Addition,897,BOOTSTRAPPED,1.0,1.0,1,1,1,0.003573894500732422
0,1,Rows,Addition,898,BOOTSTRAPPED,1.0,1.0,1,1,1,0.003565073013305664
0,1,Rows,Addition,899,BOOTSTRAPPED,1.0,1.0,1,1,1,0.0036242008209228516
0,1,Rows,Addition,900,BOOTSTRAPPED,1.0,1.0,1,1,1,0.003616809844970703
0,1,Rows,Addition,901,BOOTSTRAPPED,1.0,1.0,1,1,1,0.0036928653717041016
0,1,Rows,Addition,902,BOOTSTRAPPED,1.0,1.0,1,1,1,0.003598928451538086
0,1,Rows,Addition,903,BOOTSTRAPPED,1.0,1.0,1,1,1,0.003612995147705078
0,1,Rows,Addition,904,BOOTSTRAPPED,1.0,1.0,1,1,1,0.0036373138427734375
0,1,Rows,Addition,905,BOOTSTRAPPED,1.0,1.0,1,1,1,0.003406047821044922
0,1,Rows,Addition,906,BOOTSTRAPPED,1.0,1.0,1,1,1,0.003512144088745117
0,1,Rows,Addition,907,BOOTSTRAPPED,1.0,1.0,1,1,1,0.003451108932495117
0,1,Rows,Addition,908,BOOTSTRAPPED,1.0,1.0,1,1,1,0.0035109519958496094
0,1,Rows,Addition,909,BOOTSTRAPPED,1.0,1.0,1,1,1,0.0035600662231445312
0,1,Rows,Addition,910,BOOTSTRAPPED,1.0,1.0,1,1,1,0.003565073013305664
0,1,Rows,Addition,911,BOOTSTRAPPED,1.0,1.0,1,1,1,0.003560304641723633
0,1,Rows,Addition,912,BOOTSTRAPPED,1.0,1.0,1,1,1,0.00347900390625
0,1,Rows,Addition,913,BOOTSTRAPPED,1.0,1.0,1,1,1,0.003555774688720703
0,1,Rows,Addition,914,BOOTSTRAPPED,1.0,1.0,1,1,1,0.0035309791564941406
0,1,Rows,Addition,915,BOOTSTRAPPED,1.0,1.0,1,1,1,0.0034492015838623047
0,1,Rows,Addition,916,BOOTSTRAPPED,1.0,1.0,1,1,1,0.0035431385040283203
0,1,Rows,Addition,917,BOOTSTRAPPED,1.0,1.0,1,1,1,0.0035681724548339844
0,1,Rows,Addition,918,BOOTSTRAPPED,1.0,1.0,1,1,1,0.0036110877990722656
0,1,Rows,Addition,919,BOOTSTRAPPED,1.0,1.0,1,1,1,0.0035791397094726562
0,1,Rows,Addition,920,BOOTSTRAPPED,1.0,1.0,1,1,1,0.0036077499389648438
0,1,Rows,Addition,921,BOOTSTRAPPED,1.0,1.0,1,1,1,0.0036017894744873047
0,1,Rows,Addition,922,BOOTSTRAPPED,1.0,1.0,1,1,1,0.003597259521484375
0,1,Rows,Addition,923,BOOTSTRAPPED,1.0,1.0,1,1,1,0.003582000732421875
0,1,Rows,Addition,924,BOOTSTRAPPED,1.0,1.0,1,1,1,0.003704071044921875
0,1,Rows,Addition,925,BOOTSTRAPPED,1.0,1.0,1,1,1,0.0036139488220214844
0,1,Rows,Addition,926,BOOTSTRAPPED,1.0,1.0,1,1,1,0.0035829544067382812
0,1,Rows,Addition,927,BOOTSTRAPPED,1.0,1.0,1,1,1,0.0036869049072265625
0,1,Rows,Addition,928,BOOTSTRAPPED,1.0,1.0,1,1,1,0.0034079551696777344
0,1,Rows,Addition,929,BOOTSTRAPPED,1.0,1.0,1,1,1,0.0035278797149658203
0,1,Rows,Addition,930,BOOTSTRAPPED,1.0,1.0,1,1,1,0.003469705581665039
0,1,Rows,Addition,931,BOOTSTRAPPED,1.0,1.0,1,1,1,0.0035278797149658203
0,1,Rows,Addition,932,BOOTSTRAPPED,1.0,1.0,1,1,1,0.0035910606384277344
0,1,Rows,Addition,933,BOOTSTRAPPED,1.0,1.0,1,1,1,0.003560781478881836
0,1,Rows,Addition,934,BOOTSTRAPPED,1.0,1.0,1,1,1,0.0035300254821777344
0,1,Rows,Addition,935,BOOTSTRAPPED,1.0,1.0,1,1,1,0.0036001205444335938
0,1,Rows,Addition,936,BOOTSTRAPPED,1.0,1.0,1,1,1,0.004007816314697266
0,1,Rows,Addition,937,BOOTSTRAPPED,1.0,1.0,1,1,1,0.0036499500274658203
0,1,Rows,Addition,938,BOOTSTRAPPED,1.0,1.0,1,1,1,0.0035746097564697266
0,1,Rows,Addition,939,BOOTSTRAPPED,1.0,1.0,1,1,1,0.003607034683227539
0,1,Rows,Addition,940,BOOTSTRAPPED,1.0,1.0,1,1,1,0.003565073013305664
0,1,Rows,Addition,941,BOOTSTRAPPED,1.0,1.0,1,1,1,0.0035698413848876953
0,1,Rows,Addition,942,BOOTSTRAPPED,1.0,1.0,1,1,1,0.0036783218383789062
0,1,Rows,Addition,943,BOOTSTRAPPED,1.0,1.0,1,1,1,0.0037047863006591797
0,1,Rows,Addition,944,BOOTSTRAPPED,1.0,1.0,1,1,1,0.003534078598022461
0,1,Rows,Addition,945,BOOTSTRAPPED,1.0,1.0,1,1,1,0.0036039352416992188
0,1,Rows,Addition,946,BOOTSTRAPPED,1.0,1.0,1,1,1,0.003520965576171875
0,1,Rows,Addition,947,BOOTSTRAPPED,1.0,1.0,1,1,1,0.00345611572265625
0,1,Rows,Addition,948,BOOTSTRAPPED,1.0,1.0,1,1,1,0.003513813018798828
0,1,Rows,Addition,949,BOOTSTRAPPED,1.0,1.0,1,1,1,0.0036220550537109375
0,1,Rows,Addition,950,BOOTSTRAPPED,1.0,1.0,1,1,1,0.0035500526428222656
0,1,Rows,Addition,951,BOOTSTRAPPED,1.0,1.0,1,1,1,0.0034291744232177734
0,1,Rows,Addition,952,BOOTSTRAPPED,1.0,1.0,1,1,1,0.0035028457641601562
0,1,Rows,Addition,953,BOOTSTRAPPED,1.0,1.0,1,1,1,0.0035598278045654297
0,1,Rows,Addition,954,BOOTSTRAPPED,1.0,1.0,1,1,1,0.003542184829711914
0,1,Rows,Addition,955,BOOTSTRAPPED,1.0,1.0,1,1,1,0.0034220218658447266
0,1,Rows,Addition,956,BOOTSTRAPPED,1.0,1.0,1,1,1,0.0035500526428222656
0,1,Rows,Addition,957,BOOTSTRAPPED,1.0,1.0,1,1,1,0.003554105758666992
0,1,Rows,Addition,958,BOOTSTRAPPED,1.0,1.0,1,1,1,0.003520965576171875
0,1,Rows,Addition,959,BOOTSTRAPPED,1.0,1.0,1,1,1,0.0035009384155273438
0,1,Rows,Addition,960,BOOTSTRAPPED,1.0,1.0,1,1,1,0.003451108932495117
0,1,Rows,Addition,961,BOOTSTRAPPED,1.0,1.0,1,1,1,0.0035262107849121094
0,1,Rows,Addition,962,BOOTSTRAPPED,1.0,1.0,1,1,1,0.0035669803619384766
0,1,Rows,Addition,963,BOOTSTRAPPED,1.0,1.0,1,1,1,0.0035021305084228516
0,1,Rows,Addition,964,BOOTSTRAPPED,1.0,1.0,1,1,1,0.00350189208984375
0,1,Rows,Addition,965,BOOTSTRAPPED,1.0,1.0,1,1,1,0.003612995147705078
0,1,Rows,Addition,966,BOOTSTRAPPED,1.0,1.0,1,1,1,0.003570079803466797
0,1,Rows,Addition,967,BOOTSTRAPPED,1.0,1.0,1,1,1,0.0035829544067382812
0,1,Rows,Addition,968,BOOTSTRAPPED,1.0,1.0,1,1,1,0.0035719871520996094
0,1,Rows,Addition,969,BOOTSTRAPPED,1.0,1.0,1,1,1,0.003648042678833008
0,1,Rows,Addition,970,BOOTSTRAPPED,1.0,1.0,1,1,1,0.0035610198974609375
0,1,Rows,Addition,971,BOOTSTRAPPED,1.0,1.0,1,1,1,0.0035238265991210938
0,1,Rows,Addition,972,BOOTSTRAPPED,1.0,1.0,1,1,1,0.003566741943359375
0,1,Rows,Addition,973,BOOTSTRAPPED,1.0,1.0,1,1,1,0.0035550594329833984
0,1,Rows,Addition,974,BOOTSTRAPPED,1.0,1.0,1,1,1,0.0035839080810546875
0,1,Rows,Addition,975,BOOTSTRAPPED,1.0,1.0,1,1,1,0.003676891326904297
0,1,Rows,Addition,976,BOOTSTRAPPED,1.0,1.0,1,1,1,0.0035851001739501953
0,1,Rows,Addition,977,BOOTSTRAPPED,1.0,1.0,1,1,1,0.0036590099334716797
0,1,Rows,Addition,978,BOOTSTRAPPED,1.0,1.0,1,1,1,0.003670215606689453
0,1,Rows,Addition,979,BOOTSTRAPPED,1.0,1.0,1,1,1,0.0036249160766601562
0,1,Rows,Addition,980,BOOTSTRAPPED,1.0,1.0,1,1,1,0.003610849380493164
0,1,Rows,Addition,981,BOOTSTRAPPED,1.0,1.0,1,1,1,0.003592967987060547
0,1,Rows,Addition,982,BOOTSTRAPPED,1.0,1.0,1,1,1,0.0036389827728271484
0,1,Rows,Addition,983,BOOTSTRAPPED,1.0,1.0,1,1,1,0.003523111343383789
0,1,Rows,Addition,984,BOOTSTRAPPED,1.0,1.0,1,1,1,0.0035200119018554688
0,1,Rows,Addition,985,BOOTSTRAPPED,1.0,1.0,1,1,1,0.003534078598022461
0,1,Rows,Addition,986,BOOTSTRAPPED,1.0,1.0,1,1,1,0.003538370132446289
0,1,Rows,Addition,987,BOOTSTRAPPED,1.0,1.0,1,1,1,0.003653287887573242
0,1,Rows,Addition,988,BOOTSTRAPPED,1.0,1.0,1,1,1,0.003618001937866211
0,1,Rows,Addition,989,BOOTSTRAPPED,1.0,1.0,1,1,1,0.0035400390625
0,1,Rows,Addition,990,BOOTSTRAPPED,1.0,1.0,1,1,1,0.003570079803466797
0,1,Rows,Addition,991,BOOTSTRAPPED,1.0,1.0,1,1,1,0.0036249160766601562
0,1,Rows,Addition,992,BOOTSTRAPPED,1.0,1.0,1,1,1,0.0034868717193603516
0,1,Rows,Addition,993,BOOTSTRAPPED,1.0,1.0,1,1,1,0.003568887710571289
0,1,Rows,Addition,994,BOOTSTRAPPED,1.0,1.0,1,1,1,0.003652811050415039
0,1,Rows,Addition,995,BOOTSTRAPPED,1.0,1.0,1,1,1,0.0035898685455322266
0,1,Rows,Addition,996,BOOTSTRAPPED,1.0,1.0,1,1,1,0.003620147705078125
0,1,Rows,Addition,997,BOOTSTRAPPED,1.0,1.0,1,1,1,0.003635883331298828
0,1,Rows,Addition,998,BOOTSTRAPPED,1.0,1.0,1,1,1,0.003612995147705078
0,1,Rows,Addition,999,BOOTSTRAPPED,1.0,1.0,1,1,1,0.0036029815673828125
0,1,Rows,Addition,1000,BOOTSTRAPPED,1.0,1.0,1,1,1,0.0036170482635498047
0,1,Rows,Addition,1001,BOOTSTRAPPED,1.0,1.0,1,1,1,0.003692150115966797
0,1,Rows,Addition,1002,BOOTSTRAPPED,1.0,1.0,1,1,1,0.0035979747772216797
0,1,Rows,Addition,1003,BOOTSTRAPPED,1.0,1.0,1,1,1,0.0036139488220214844
0,1,Rows,Addition,1004,BOOTSTRAPPED,1.0,1.0,1,1,1,0.003584146499633789
0,1,Rows,Addition,1005,BOOTSTRAPPED,1.0,1.0,1,1,1,0.003595113754272461
0,1,Rows,Addition,1006,BOOTSTRAPPED,1.0,1.0,1,1,1,0.003409862518310547
0,1,Rows,Addition,1007,BOOTSTRAPPED,1.0,1.0,1,1,1,0.00360870361328125
0,1,Rows,Addition,1008,BOOTSTRAPPED,1.0,1.0,1,1,1,0.0035347938537597656
0,1,Rows,Addition,1009,BOOTSTRAPPED,1.0,1.0,1,1,1,0.003565073013305664
0,1,Rows,Addition,1010,BOOTSTRAPPED,1.0,1.0,1,1,1,0.0035789012908935547
0,1,Rows,Addition,1011,BOOTSTRAPPED,1.0,1.0,1,1,1,0.0036191940307617188
0,1,Rows,Addition,1012,BOOTSTRAPPED,1.0,1.0,1,1,1,0.003557920455932617
0,1,Rows,Addition,1013,BOOTSTRAPPED,1.0,1.0,1,1,1,0.003576040267944336
0,1,Rows,Addition,1014,BOOTSTRAPPED,1.0,1.0,1,1,1,0.0035309791564941406
0,1,Rows,Addition,1015,BOOTSTRAPPED,1.0,1.0,1,1,1,0.003494739532470703
0,1,Rows,Addition,1016,BOOTSTRAPPED,1.0,1.0,1,1,1,0.0035800933837890625
0,1,Rows,Addition,1017,BOOTSTRAPPED,1.0,1.0,1,1,1,0.003482818603515625
0,1,Rows,Addition,1018,BOOTSTRAPPED,1.0,1.0,1,1,1,0.003477811813354492
0,1,Rows,Addition,1019,BOOTSTRAPPED,1.0,1.0,1,1,1,0.003593921661376953
0,1,Rows,Addition,1020,BOOTSTRAPPED,1.0,1.0,1,1,1,0.0035369396209716797
0,1,Rows,Addition,1021,BOOTSTRAPPED,1.0,1.0,1,1,1,0.0035681724548339844
0,1,Rows,Addition,1022,BOOTSTRAPPED,1.0,1.0,1,1,1,0.0036351680755615234
0,1,Rows,Addition,1023,BOOTSTRAPPED,1.0,1.0,1,1,1,0.0035331249237060547
0,1,Rows,Addition,1024,BOOTSTRAPPED,1.0,1.0,1,1,1,0.0035288333892822266
0,1,Rows,Addition,1025,BOOTSTRAPPED,1.0,1.0,1,1,1,0.003548145294189453
0,1,Rows,Addition,1026,BOOTSTRAPPED,1.0,1.0,1,1,1,0.0036270618438720703
0,1,Rows,Addition,1027,BOOTSTRAPPED,1.0,1.0,1,1,1,0.003609180450439453
0,1,Rows,Addition,1028,BOOTSTRAPPED,1.0,1.0,1,1,1,0.0035881996154785156
0,1,Rows,Addition,1029,BOOTSTRAPPED,1.0,1.0,1,1,1,0.0034418106079101562
0,1,Rows,Addition,1030,BOOTSTRAPPED,1.0,1.0,1,1,1,0.0035309791564941406
0,1,Rows,Addition,1031,BOOTSTRAPPED,1.0,1.0,1,1,1,0.0034651756286621094
0,1,Rows,Addition,1032,BOOTSTRAPPED,1.0,1.0,1,1,1,0.0034949779510498047
0,1,Rows,Addition,1033,BOOTSTRAPPED,1.0,1.0,1,1,1,0.0035371780395507812
0,1,Rows,Addition,1034,BOOTSTRAPPED,1.0,1.0,1,1,1,0.0034341812133789062
0,1,Rows,Addition,1035,BOOTSTRAPPED,1.0,1.0,1,1,1,0.0035970211029052734
0,1,Rows,Addition,1036,BOOTSTRAPPED,1.0,1.0,1,1,1,0.0036542415618896484
0,1,Rows,Addition,1037,BOOTSTRAPPED,1.0,1.0,1,1,1,0.0035338401794433594
0,1,Rows,Addition,1038,BOOTSTRAPPED,1.0,1.0,1,1,1,0.003590822219848633
0,1,Rows,Addition,1039,BOOTSTRAPPED,1.0,1.0,1,1,1,0.003448963165283203
0,1,Rows,Addition,1040,BOOTSTRAPPED,1.0,1.0,1,1,1,0.0035691261291503906
0,1,Rows,Addition,1041,BOOTSTRAPPED,1.0,1.0,1,1,1,0.003576993942260742
0,1,Rows,Addition,1042,BOOTSTRAPPED,1.0,1.0,1,1,1,0.0036220550537109375
0,1,Rows,Addition,1043,BOOTSTRAPPED,1.0,1.0,1,1,1,0.0038521289825439453
0,1,Rows,Addition,1044,BOOTSTRAPPED,1.0,1.0,1,1,1,0.0033850669860839844
0,1,Rows,Addition,1045,BOOTSTRAPPED,1.0,1.0,1,1,1,0.0034859180450439453
0,1,Rows,Addition,1046,BOOTSTRAPPED,1.0,1.0,1,1,1,0.0035657882690429688
0,1,Rows,Addition,1047,BOOTSTRAPPED,1.0,1.0,1,1,1,0.00362396240234375
0,1,Rows,Addition,1048,BOOTSTRAPPED,1.0,1.0,1,1,1,0.003537893295288086
0,1,Rows,Addition,1049,BOOTSTRAPPED,1.0,1.0,1,1,1,0.0036039352416992188
0,1,Rows,Addition,1050,BOOTSTRAPPED,1.0,1.0,1,1,1,0.0035707950592041016
0,1,Rows,Addition,1051,BOOTSTRAPPED,1.0,1.0,1,1,1,0.0036170482635498047
0,1,Rows,Addition,1052,BOOTSTRAPPED,1.0,1.0,1,1,1,0.0038030147552490234
0,1,Rows,Addition,1053,BOOTSTRAPPED,1.0,1.0,1,1,1,0.003634929656982422
0,1,Rows,Addition,1054,BOOTSTRAPPED,1.0,1.0,1,1,1,0.0034427642822265625
0,1,Rows,Addition,1055,BOOTSTRAPPED,1.0,1.0,1,1,1,0.0035750865936279297
0,1,Rows,Addition,1056,BOOTSTRAPPED,1.0,1.0,1,1,1,0.0035948753356933594
0,1,Rows,Addition,1057,BOOTSTRAPPED,1.0,1.0,1,1,1,0.00362396240234375
0,1,Rows,Addition,1058,BOOTSTRAPPED,1.0,1.0,1,1,1,0.0035851001739501953
0,1,Rows,Addition,1059,BOOTSTRAPPED,1.0,1.0,1,1,1,0.003736734390258789
0,1,Rows,Addition,1060,BOOTSTRAPPED,1.0,1.0,1,1,1,0.003574848175048828
0,1,Rows,Addition,1061,BOOTSTRAPPED,1.0,1.0,1,1,1,0.003568887710571289
0,1,Rows,Addition,1062,BOOTSTRAPPED,1.0,1.0,1,1,1,0.0035791397094726562
0,1,Rows,Addition,1063,BOOTSTRAPPED,1.0,1.0,1,1,1,0.003515958786010742
0,1,Rows,Addition,1064,BOOTSTRAPPED,1.0,1.0,1,1,1,0.003537893295288086
0,1,Rows,Addition,1065,BOOTSTRAPPED,1.0,1.0,1,1,1,0.003554105758666992
0,1,Rows,Addition,1066,BOOTSTRAPPED,1.0,1.0,1,1,1,0.0034258365631103516
0,1,Rows,Addition,1067,BOOTSTRAPPED,1.0,1.0,1,1,1,0.003482818603515625
0,1,Rows,Addition,1068,BOOTSTRAPPED,1.0,1.0,1,1,1,0.003638029098510742
0,1,Rows,Addition,1069,BOOTSTRAPPED,1.0,1.0,1,1,1,0.003599882125854492
0,1,Rows,Addition,1070,BOOTSTRAPPED,1.0,1.0,1,1,1,0.0035970211029052734
0,1,Rows,Addition,1071,BOOTSTRAPPED,1.0,1.0,1,1,1,0.0036749839782714844
0,1,Rows,Addition,1072,BOOTSTRAPPED,1.0,1.0,1,1,1,0.003598928451538086
0,1,Rows,Addition,1073,BOOTSTRAPPED,1.0,1.0,1,1,1,0.003590106964111328
0,1,Rows,Addition,1074,BOOTSTRAPPED,1.0,1.0,1,1,1,0.003593921661376953
0,1,Rows,Addition,1075,BOOTSTRAPPED,1.0,1.0,1,1,1,0.003484964370727539
0,1,Rows,Addition,1076,BOOTSTRAPPED,1.0,1.0,1,1,1,0.003498077392578125
0,1,Rows,Addition,1077,BOOTSTRAPPED,1.0,1.0,1,1,1,0.0036110877990722656
0,1,Rows,Addition,1078,BOOTSTRAPPED,1.0,1.0,1,1,1,0.0034148693084716797
0,1,Rows,Addition,1079,BOOTSTRAPPED,1.0,1.0,1,1,1,0.0036690235137939453
0,1,Rows,Addition,1080,BOOTSTRAPPED,1.0,1.0,1,1,1,0.0035309791564941406
0,1,Rows,Addition,1081,BOOTSTRAPPED,1.0,1.0,1,1,1,0.003573894500732422
0,1,Rows,Addition,1082,BOOTSTRAPPED,1.0,1.0,1,1,1,0.003537893295288086
0,1,Rows,Addition,1083,BOOTSTRAPPED,1.0,1.0,1,1,1,0.0034952163696289062
0,1,Rows,Addition,1084,BOOTSTRAPPED,1.0,1.0,1,1,1,0.003708362579345703
0,1,Rows,Addition,1085,BOOTSTRAPPED,1.0,1.0,1,1,1,0.0035538673400878906
0,1,Rows,Addition,1086,BOOTSTRAPPED,1.0,1.0,1,1,1,0.0035369396209716797
0,1,Rows,Addition,1087,BOOTSTRAPPED,1.0,1.0,1,1,1,0.003431081771850586
0,1,Rows,Addition,1088,BOOTSTRAPPED,1.0,1.0,1,1,1,0.0034399032592773438
0,1,Rows,Addition,1089,BOOTSTRAPPED,1.0,1.0,1,1,1,0.0035431385040283203
0,1,Rows,Addition,1090,BOOTSTRAPPED,1.0,1.0,1,1,1,0.003554821014404297
0,1,Rows,Addition,1091,BOOTSTRAPPED,1.0,1.0,1,1,1,0.003484964370727539
0,1,Rows,Addition,1092,BOOTSTRAPPED,1.0,1.0,1,1,1,0.0036017894744873047
0,1,Rows,Addition,1093,BOOTSTRAPPED,1.0,1.0,1,1,1,0.003597736358642578
0,1,Rows,Addition,1094,BOOTSTRAPPED,1.0,1.0,1,1,1,0.003573894500732422
0,1,Rows,Addition,1095,BOOTSTRAPPED,1.0,1.0,1,1,1,0.0034279823303222656
0,1,Rows,Addition,1096,BOOTSTRAPPED,1.0,1.0,1,1,1,0.0034341812133789062
0,1,Rows,Addition,1097,BOOTSTRAPPED,1.0,1.0,1,1,1,0.003518819808959961
0,1,Rows,Addition,1098,BOOTSTRAPPED,1.0,1.0,1,1,1,0.0035169124603271484
0,1,Rows,Addition,1099,BOOTSTRAPPED,1.0,1.0,1,1,1,0.0035660266876220703
0,1,Rows,Addition,1100,BOOTSTRAPPED,1.0,1.0,1,1,1,0.003598928451538086
0,1,Rows,Addition,1101,BOOTSTRAPPED,1.0,1.0,1,1,1,0.003548145294189453
0,1,Rows,Addition,1102,BOOTSTRAPPED,1.0,1.0,1,1,1,0.0035469532012939453
0,1,Rows,Addition,1103,BOOTSTRAPPED,1.0,1.0,1,1,1,0.0035707950592041016
0,1,Rows,Addition,1104,BOOTSTRAPPED,1.0,1.0,1,1,1,0.0034890174865722656
0,1,Rows,Addition,1105,BOOTSTRAPPED,1.0,1.0,1,1,1,0.0035588741302490234
0,1,Rows,Addition,1106,BOOTSTRAPPED,1.0,1.0,1,1,1,0.0035848617553710938
0,1,Rows,Addition,1107,BOOTSTRAPPED,1.0,1.0,1,1,1,0.0035867691040039062
0,1,Rows,Addition,1108,BOOTSTRAPPED,1.0,1.0,1,1,1,0.003618955612182617
0,1,Rows,Addition,1109,BOOTSTRAPPED,1.0,1.0,1,1,1,0.0036101341247558594
0,1,Rows,Addition,1110,BOOTSTRAPPED,1.0,1.0,1,1,1,0.003646373748779297
0,1,Rows,Addition,1111,BOOTSTRAPPED,1.0,1.0,1,1,1,0.0035293102264404297
0,1,Rows,Addition,1112,BOOTSTRAPPED,1.0,1.0,1,1,1,0.003529787063598633
0,1,Rows,Addition,1113,BOOTSTRAPPED,1.0,1.0,1,1,1,0.0034978389739990234
0,1,Rows,Addition,1114,BOOTSTRAPPED,1.0,1.0,1,1,1,0.0035257339477539062
0,1,Rows,Addition,1115,BOOTSTRAPPED,1.0,1.0,1,1,1,0.003511190414428711
0,1,Rows,Addition,1116,BOOTSTRAPPED,1.0,1.0,1,1,1,0.0034608840942382812
0,1,Rows,Addition,1117,BOOTSTRAPPED,1.0,1.0,1,1,1,0.0035619735717773438
0,1,Rows,Addition,1118,BOOTSTRAPPED,1.0,1.0,1,1,1,0.0036001205444335938
0,1,Rows,Addition,1119,BOOTSTRAPPED,1.0,1.0,1,1,1,0.0036458969116210938
0,1,Rows,Addition,1120,BOOTSTRAPPED,1.0,1.0,1,1,1,0.0035331249237060547
0,1,Rows,Addition,1121,BOOTSTRAPPED,1.0,1.0,1,1,1,0.0035200119018554688
0,1,Rows,Addition,1122,BOOTSTRAPPED,1.0,1.0,1,1,1,0.003564596176147461
0,1,Rows,Addition,1123,BOOTSTRAPPED,1.0,1.0,1,1,1,0.003595113754272461
0,1,Rows,Addition,1124,BOOTSTRAPPED,1.0,1.0,1,1,1,0.00356292724609375
0,1,Rows,Addition,1125,BOOTSTRAPPED,1.0,1.0,1,1,1,0.0036759376525878906
0,1,Rows,Addition,1126,BOOTSTRAPPED,1.0,1.0,1,1,1,0.003712892532348633
0,1,Rows,Addition,1127,BOOTSTRAPPED,1.0,1.0,1,1,1,0.0036029815673828125
0,1,Rows,Addition,1128,BOOTSTRAPPED,1.0,1.0,1,1,1,0.0034759044647216797
0,1,Rows,Addition,1129,BOOTSTRAPPED,1.0,1.0,1,1,1,0.0036017894744873047
0,1,Rows,Addition,1130,BOOTSTRAPPED,1.0,1.0,1,1,1,0.003559112548828125
0,1,Rows,Addition,1131,BOOTSTRAPPED,1.0,1.0,1,1,1,0.003604888916015625
0,1,Rows,Addition,1132,BOOTSTRAPPED,1.0,1.0,1,1,1,0.0034341812133789062
0,1,Rows,Addition,1133,BOOTSTRAPPED,1.0,1.0,1,1,1,0.003553152084350586
0,1,Rows,Addition,1134,BOOTSTRAPPED,1.0,1.0,1,1,1,0.003557920455932617
0,1,Rows,Addition,1135,BOOTSTRAPPED,1.0,1.0,1,1,1,0.0035729408264160156
0,1,Rows,Addition,1136,BOOTSTRAPPED,1.0,1.0,1,1,1,0.0033893585205078125
0,1,Rows,Addition,1137,BOOTSTRAPPED,1.0,1.0,1,1,1,0.0035457611083984375
0,1,Rows,Addition,1138,BOOTSTRAPPED,1.0,1.0,1,1,1,0.0035529136657714844
0,1,Rows,Addition,1139,BOOTSTRAPPED,1.0,1.0,1,1,1,0.0036017894744873047
0,1,Rows,Addition,1140,BOOTSTRAPPED,1.0,1.0,1,1,1,0.0034110546112060547
0,1,Rows,Addition,1141,BOOTSTRAPPED,1.0,1.0,1,1,1,0.003548145294189453
0,1,Rows,Addition,1142,BOOTSTRAPPED,1.0,1.0,1,1,1,0.0036149024963378906
0,1,Rows,Addition,1143,BOOTSTRAPPED,1.0,1.0,1,1,1,0.0035991668701171875
0,1,Rows,Addition,1144,BOOTSTRAPPED,1.0,1.0,1,1,1,0.0033740997314453125
0,1,Rows,Addition,1145,BOOTSTRAPPED,1.0,1.0,1,1,1,0.0035011768341064453
0,1,Rows,Addition,1146,BOOTSTRAPPED,1.0,1.0,1,1,1,0.0035393238067626953
0,1,Rows,Addition,1147,BOOTSTRAPPED,1.0,1.0,1,1,1,0.003573179244995117
0,1,Rows,Addition,1148,BOOTSTRAPPED,1.0,1.0,1,1,1,0.003368854522705078
0,1,Rows,Addition,1149,BOOTSTRAPPED,1.0,1.0,1,1,1,0.003459930419921875
0,1,Rows,Addition,1150,BOOTSTRAPPED,1.0,1.0,1,1,1,0.003493070602416992
0,1,Rows,Addition,1151,BOOTSTRAPPED,1.0,1.0,1,1,1,0.003512859344482422
0,1,Rows,Addition,1152,BOOTSTRAPPED,1.0,1.0,1,1,1,0.0034868717193603516
0,1,Rows,Addition,1153,BOOTSTRAPPED,1.0,1.0,1,1,1,0.0035080909729003906
0,1,Rows,Addition,1154,BOOTSTRAPPED,1.0,1.0,1,1,1,0.003534078598022461
0,1,Rows,Addition,1155,BOOTSTRAPPED,1.0,1.0,1,1,1,0.003554105758666992
0,1,Rows,Addition,1156,BOOTSTRAPPED,1.0,1.0,1,1,1,0.003364086151123047
0,1,Rows,Addition,1157,BOOTSTRAPPED,1.0,1.0,1,1,1,0.0034470558166503906
0,1,Rows,Addition,1158,BOOTSTRAPPED,1.0,1.0,1,1,1,0.0036249160766601562
0,1,Rows,Addition,1159,BOOTSTRAPPED,1.0,1.0,1,1,1,0.003509998321533203
0,1,Rows,Addition,1160,BOOTSTRAPPED,1.0,1.0,1,1,1,0.003599882125854492
0,1,Rows,Addition,1161,BOOTSTRAPPED,1.0,1.0,1,1,1,0.003553152084350586
0,1,Rows,Addition,1162,BOOTSTRAPPED,1.0,1.0,1,1,1,0.003606081008911133
0,1,Rows,Addition,1163,BOOTSTRAPPED,1.0,1.0,1,1,1,0.0035409927368164062
0,1,Rows,Addition,1164,BOOTSTRAPPED,1.0,1.0,1,1,1,0.0034368038177490234
0,1,Rows,Addition,1165,BOOTSTRAPPED,1.0,1.0,1,1,1,0.0034508705139160156
0,1,Rows,Addition,1166,BOOTSTRAPPED,1.0,1.0,1,1,1,0.003529787063598633
0,1,Rows,Addition,1167,BOOTSTRAPPED,1.0,1.0,1,1,1,0.0035359859466552734
0,1,Rows,Addition,1168,BOOTSTRAPPED,1.0,1.0,1,1,1,0.0035572052001953125
0,1,Rows,Addition,1169,BOOTSTRAPPED,1.0,1.0,1,1,1,0.0035610198974609375
0,1,Rows,Addition,1170,BOOTSTRAPPED,1.0,1.0,1,1,1,0.0035789012908935547
0,1,Rows,Addition,1171,BOOTSTRAPPED,1.0,1.0,1,1,1,0.003608226776123047
0,1,Rows,Addition,1172,BOOTSTRAPPED,1.0,1.0,1,1,1,0.0034329891204833984
0,1,Rows,Addition,1173,BOOTSTRAPPED,1.0,1.0,1,1,1,0.003437042236328125
0,1,Rows,Addition,1174,BOOTSTRAPPED,1.0,1.0,1,1,1,0.003536701202392578
0,1,Rows,Addition,1175,BOOTSTRAPPED,1.0,1.0,1,1,1,0.0035851001739501953
0,1,Rows,Addition,1176,BOOTSTRAPPED,1.0,1.0,1,1,1,0.0035669803619384766
0,1,Rows,Addition,1177,BOOTSTRAPPED,1.0,1.0,1,1,1,0.0037822723388671875
0,1,Rows,Addition,1178,BOOTSTRAPPED,1.0,1.0,1,1,1,0.0034558773040771484
0,1,Rows,Addition,1179,BOOTSTRAPPED,1.0,1.0,1,1,1,0.0034961700439453125
0,1,Rows,Addition,1180,BOOTSTRAPPED,1.0,1.0,1,1,1,0.0035729408264160156
0,1,Rows,Addition,1181,BOOTSTRAPPED,1.0,1.0,1,1,1,0.003637075424194336
0,1,Rows,Addition,1182,BOOTSTRAPPED,1.0,1.0,1,1,1,0.003609895706176758
0,1,Rows,Addition,1183,BOOTSTRAPPED,1.0,1.0,1,1,1,0.0036759376525878906
0,1,Rows,Addition,1184,BOOTSTRAPPED,1.0,1.0,1,1,1,0.0038390159606933594
0,1,Rows,Addition,1185,BOOTSTRAPPED,1.0,1.0,1,1,1,0.0036058425903320312
0,1,Rows,Addition,1186,BOOTSTRAPPED,1.0,1.0,1,1,1,0.0036127567291259766
0,1,Rows,Addition,1187,BOOTSTRAPPED,1.0,1.0,1,1,1,0.0035817623138427734
0,1,Rows,Addition,1188,BOOTSTRAPPED,1.0,1.0,1,1,1,0.003904104232788086
0,1,Rows,Addition,1189,BOOTSTRAPPED,1.0,1.0,1,1,1,0.0034568309783935547
0,1,Rows,Addition,1190,BOOTSTRAPPED,1.0,1.0,1,1,1,0.003638029098510742
0,1,Rows,Addition,1191,BOOTSTRAPPED,1.0,1.0,1,1,1,0.0035691261291503906
0,1,Rows,Addition,1192,BOOTSTRAPPED,1.0,1.0,1,1,1,0.003699064254760742
0,1,Rows,Addition,1193,BOOTSTRAPPED,1.0,1.0,1,1,1,0.003906965255737305
0,1,Rows,Addition,1194,BOOTSTRAPPED,1.0,1.0,1,1,1,0.0035741329193115234
0,1,Rows,Addition,1195,BOOTSTRAPPED,1.0,1.0,1,1,1,0.0035948753356933594
0,1,Rows,Addition,1196,BOOTSTRAPPED,1.0,1.0,1,1,1,0.003773927688598633
0,1,Rows,Addition,1197,BOOTSTRAPPED,1.0,1.0,1,1,1,0.003957033157348633
0,1,Rows,Addition,1198,BOOTSTRAPPED,1.0,1.0,1,1,1,0.003615140914916992
0,1,Rows,Addition,1199,BOOTSTRAPPED,1.0,1.0,1,1,1,0.0038061141967773438
0,1,Rows,Addition,1200,BOOTSTRAPPED,1.0,1.0,1,1,1,0.0034270286560058594
0,1,Rows,Addition,1201,BOOTSTRAPPED,1.0,1.0,1,1,1,0.0034818649291992188
0,1,Rows,Addition,1202,BOOTSTRAPPED,1.0,1.0,1,1,1,0.003598928451538086
0,1,Rows,Addition,1203,BOOTSTRAPPED,1.0,1.0,1,1,1,0.0036029815673828125
0,1,Rows,Addition,1204,BOOTSTRAPPED,1.0,1.0,1,1,1,0.003537893295288086
0,1,Rows,Addition,1205,BOOTSTRAPPED,1.0,1.0,1,1,1,0.0034928321838378906
0,1,Rows,Addition,1206,BOOTSTRAPPED,1.0,1.0,1,1,1,0.0035529136657714844
0,1,Rows,Addition,1207,BOOTSTRAPPED,1.0,1.0,1,1,1,0.003683805465698242
0,1,Rows,Addition,1208,BOOTSTRAPPED,1.0,1.0,1,1,1,0.0034780502319335938
0,1,Rows,Addition,1209,BOOTSTRAPPED,1.0,1.0,1,1,1,0.003533601760864258
0,1,Rows,Addition,1210,BOOTSTRAPPED,1.0,1.0,1,1,1,0.0035791397094726562
0,1,Rows,Addition,1211,BOOTSTRAPPED,1.0,1.0,1,1,1,0.0036880970001220703
0,1,Rows,Addition,1212,BOOTSTRAPPED,1.0,1.0,1,1,1,0.00350189208984375
0,1,Rows,Addition,1213,BOOTSTRAPPED,1.0,1.0,1,1,1,0.0035588741302490234
0,1,Rows,Addition,1214,BOOTSTRAPPED,1.0,1.0,1,1,1,0.003535747528076172
0,1,Rows,Addition,1215,BOOTSTRAPPED,1.0,1.0,1,1,1,0.003595113754272461
0,1,Rows,Addition,1216,BOOTSTRAPPED,1.0,1.0,1,1,1,0.003471851348876953
0,1,Rows,Addition,1217,BOOTSTRAPPED,1.0,1.0,1,1,1,0.0035829544067382812
0,1,Rows,Addition,1218,BOOTSTRAPPED,1.0,1.0,1,1,1,0.0035638809204101562
0,1,Rows,Addition,1219,BOOTSTRAPPED,1.0,1.0,1,1,1,0.0036420822143554688
0,1,Rows,Addition,1220,BOOTSTRAPPED,1.0,1.0,1,1,1,0.0034351348876953125
0,1,Rows,Addition,1221,BOOTSTRAPPED,1.0,1.0,1,1,1,0.003498077392578125
0,1,Rows,Addition,1222,BOOTSTRAPPED,1.0,1.0,1,1,1,0.0035991668701171875
0,1,Rows,Addition,1223,BOOTSTRAPPED,1.0,1.0,1,1,1,0.003607034683227539
0,1,Rows,Addition,1224,BOOTSTRAPPED,1.0,1.0,1,1,1,0.003592967987060547
0,1,Rows,Addition,1226,BOOTSTRAPPED,1.0,1.0,1,1,1,0.0035800933837890625
0,1,Rows,Addition,1227,BOOTSTRAPPED,1.0,1.0,1,1,1,0.0035848617553710938
0,1,Rows,Addition,1228,BOOTSTRAPPED,1.0,1.0,1,1,1,0.003582000732421875
0,1,Rows,Addition,1229,BOOTSTRAPPED,1.0,1.0,1,1,1,0.0035703182220458984
0,1,Rows,Addition,1230,BOOTSTRAPPED,1.0,1.0,1,1,1,0.003574848175048828
0,1,Rows,Addition,1231,BOOTSTRAPPED,1.0,1.0,1,1,1,0.003590106964111328
0,1,Rows,Addition,1232,BOOTSTRAPPED,1.0,1.0,1,1,1,0.0036461353302001953
0,1,Rows,Addition,1233,BOOTSTRAPPED,1.0,1.0,1,1,1,0.003358125686645508
0,1,Rows,Addition,1234,BOOTSTRAPPED,1.0,1.0,1,1,1,0.003450155258178711
0,1,Rows,Addition,1235,BOOTSTRAPPED,1.0,1.0,1,1,1,0.0035240650177001953
0,1,Rows,Addition,1236,BOOTSTRAPPED,1.0,1.0,1,1,1,0.003616809844970703
0,1,Rows,Addition,1237,BOOTSTRAPPED,1.0,1.0,1,1,1,0.0035538673400878906
0,1,Rows,Addition,1238,BOOTSTRAPPED,1.0,1.0,1,1,1,0.003545045852661133
0,1,Rows,Addition,1239,BOOTSTRAPPED,1.0,1.0,1,1,1,0.0035431385040283203
0,1,Rows,Addition,1240,BOOTSTRAPPED,1.0,1.0,1,1,1,0.003542661666870117
0,1,Rows,Addition,1241,BOOTSTRAPPED,1.0,1.0,1,1,1,0.0035600662231445312
0,1,Rows,Addition,1242,BOOTSTRAPPED,1.0,1.0,1,1,1,0.0036089420318603516
0,1,Rows,Addition,1243,BOOTSTRAPPED,1.0,1.0,1,1,1,0.0035588741302490234
0,1,Rows,Addition,1244,BOOTSTRAPPED,1.0,1.0,1,1,1,0.0035560131072998047
0,1,Rows,Addition,1245,BOOTSTRAPPED,1.0,1.0,1,1,1,0.0033321380615234375
0,1,Rows,Addition,1246,BOOTSTRAPPED,1.0,1.0,1,1,1,0.003564596176147461
0,1,Rows,Addition,1247,BOOTSTRAPPED,1.0,1.0,1,1,1,0.0034999847412109375
0,1,Rows,Addition,1248,BOOTSTRAPPED,1.0,1.0,1,1,1,0.0036859512329101562
0,1,Rows,Addition,1249,BOOTSTRAPPED,1.0,1.0,1,1,1,0.003426074981689453
0,1,Rows,Addition,1250,BOOTSTRAPPED,1.0,1.0,1,1,1,0.003462076187133789
0,1,Rows,Addition,1251,BOOTSTRAPPED,1.0,1.0,1,1,1,0.0035979747772216797
0,1,Rows,Addition,1252,BOOTSTRAPPED,1.0,1.0,1,1,1,0.0036699771881103516
0,1,Rows,Addition,1253,BOOTSTRAPPED,1.0,1.0,1,1,1,0.003371000289916992
0,1,Rows,Addition,1254,BOOTSTRAPPED,1.0,1.0,1,1,1,0.003509998321533203
0,1,Rows,Addition,1255,BOOTSTRAPPED,1.0,1.0,1,1,1,0.003487110137939453
0,1,Rows,Addition,1256,BOOTSTRAPPED,1.0,1.0,1,1,1,0.0035037994384765625
0,1,Rows,Addition,1257,BOOTSTRAPPED,1.0,1.0,1,1,1,0.003429889678955078
0,1,Rows,Addition,1258,BOOTSTRAPPED,1.0,1.0,1,1,1,0.003475189208984375
0,1,Rows,Addition,1259,BOOTSTRAPPED,1.0,1.0,1,1,1,0.0035538673400878906
0,1,Rows,Addition,1260,BOOTSTRAPPED,1.0,1.0,1,1,1,0.0035600662231445312
0,1,Rows,Addition,1261,BOOTSTRAPPED,1.0,1.0,1,1,1,0.0034399032592773438
0,1,Rows,Addition,1262,BOOTSTRAPPED,1.0,1.0,1,1,1,0.0035839080810546875
0,1,Rows,Addition,1263,BOOTSTRAPPED,1.0,1.0,1,1,1,0.0035369396209716797
0,1,Rows,Addition,1264,BOOTSTRAPPED,1.0,1.0,1,1,1,0.003584146499633789
0,1,Rows,Addition,1265,BOOTSTRAPPED,1.0,1.0,1,1,1,0.003429889678955078
0,1,Rows,Addition,1266,BOOTSTRAPPED,1.0,1.0,1,1,1,0.003374814987182617
0,1,Rows,Addition,1267,BOOTSTRAPPED,1.0,1.0,1,1,1,0.003489971160888672
0,1,Rows,Addition,1268,BOOTSTRAPPED,1.0,1.0,1,1,1,0.0035877227783203125
0,1,Rows,Addition,1269,BOOTSTRAPPED,1.0,1.0,1,1,1,0.0034279823303222656
0,1,Rows,Addition,1270,BOOTSTRAPPED,1.0,1.0,1,1,1,0.0034818649291992188
0,1,Rows,Addition,1271,BOOTSTRAPPED,1.0,1.0,1,1,1,0.0035178661346435547
0,1,Rows,Addition,1272,BOOTSTRAPPED,1.0,1.0,1,1,1,0.0034339427947998047
0,1,Rows,Addition,1273,BOOTSTRAPPED,1.0,1.0,1,1,1,0.0034422874450683594
0,1,Rows,Addition,1274,BOOTSTRAPPED,1.0,1.0,1,1,1,0.0033681392669677734
0,1,Rows,Addition,1275,BOOTSTRAPPED,1.0,1.0,1,1,1,0.0035860538482666016
0,1,Rows,Addition,1276,BOOTSTRAPPED,1.0,1.0,1,1,1,0.0035331249237060547
0,1,Rows,Addition,1277,BOOTSTRAPPED,1.0,1.0,1,1,1,0.0034928321838378906
0,1,Rows,Addition,1278,BOOTSTRAPPED,1.0,1.0,1,1,1,0.0034608840942382812
0,1,Rows,Addition,1279,BOOTSTRAPPED,1.0,1.0,1,1,1,0.003518819808959961
0,1,Rows,Addition,1280,BOOTSTRAPPED,1.0,1.0,1,1,1,0.0035669803619384766
0,1,Rows,Addition,1281,BOOTSTRAPPED,1.0,1.0,1,1,1,0.00362396240234375
0,1,Rows,Addition,1282,BOOTSTRAPPED,1.0,1.0,1,1,1,0.0036013126373291016
0,1,Rows,Addition,1283,BOOTSTRAPPED,1.0,1.0,1,1,1,0.0035800933837890625
0,1,Rows,Addition,1284,BOOTSTRAPPED,1.0,1.0,1,1,1,0.003580808639526367
0,1,Rows,Addition,1285,BOOTSTRAPPED,1.0,1.0,1,1,1,0.0035719871520996094
0,1,Rows,Addition,1286,BOOTSTRAPPED,1.0,1.0,1,1,1,0.003402233123779297
0,1,Rows,Addition,1287,BOOTSTRAPPED,1.0,1.0,1,1,1,0.0034933090209960938
0,1,Rows,Addition,1288,BOOTSTRAPPED,1.0,1.0,1,1,1,0.0034799575805664062
0,1,Rows,Addition,1289,BOOTSTRAPPED,1.0,1.0,1,1,1,0.003515005111694336
0,1,Rows,Addition,1290,BOOTSTRAPPED,1.0,1.0,1,1,1,0.0034592151641845703
0,1,Rows,Addition,1291,BOOTSTRAPPED,1.0,1.0,1,1,1,0.0035507678985595703
0,1,Rows,Addition,1292,BOOTSTRAPPED,1.0,1.0,1,1,1,0.003557920455932617
0,1,Rows,Addition,1293,BOOTSTRAPPED,1.0,1.0,1,1,1,0.0035889148712158203
0,1,Rows,Addition,1294,BOOTSTRAPPED,1.0,1.0,1,1,1,0.0033550262451171875
0,1,Rows,Addition,1295,BOOTSTRAPPED,1.0,1.0,1,1,1,0.003526926040649414
0,1,Rows,Addition,1296,BOOTSTRAPPED,1.0,1.0,1,1,1,0.0035431385040283203
0,1,Rows,Addition,1297,BOOTSTRAPPED,1.0,1.0,1,1,1,0.0035948753356933594
0,1,Rows,Addition,1298,BOOTSTRAPPED,1.0,1.0,1,1,1,0.003348827362060547
0,1,Rows,Addition,1299,BOOTSTRAPPED,1.0,1.0,1,1,1,0.003530740737915039
0,1,Rows,Addition,1300,BOOTSTRAPPED,1.0,1.0,1,1,1,0.003560781478881836
0,1,Rows,Addition,1301,BOOTSTRAPPED,1.0,1.0,1,1,1,0.0036230087280273438
0,1,Rows,Addition,1302,BOOTSTRAPPED,1.0,1.0,1,1,1,0.003365039825439453
0,1,Rows,Addition,1303,BOOTSTRAPPED,1.0,1.0,1,1,1,0.003515005111694336
0,1,Rows,Addition,1304,BOOTSTRAPPED,1.0,1.0,1,1,1,0.0036301612854003906
0,1,Rows,Addition,1305,BOOTSTRAPPED,1.0,1.0,1,1,1,0.003543853759765625
0,1,Rows,Addition,1306,BOOTSTRAPPED,1.0,1.0,1,1,1,0.0033872127532958984
0,1,Rows,Addition,1307,BOOTSTRAPPED,1.0,1.0,1,1,1,0.0035288333892822266
0,1,Rows,Addition,1308,BOOTSTRAPPED,1.0,1.0,1,1,1,0.003690004348754883
0,1,Rows,Addition,1309,BOOTSTRAPPED,1.0,1.0,1,1,1,0.004033803939819336
0,1,Rows,Addition,1310,BOOTSTRAPPED,1.0,1.0,1,1,1,0.0035109519958496094
0,1,Rows,Addition,1311,BOOTSTRAPPED,1.0,1.0,1,1,1,0.003535032272338867
0,1,Rows,Addition,1312,BOOTSTRAPPED,1.0,1.0,1,1,1,0.0036737918853759766
0,1,Rows,Addition,1313,BOOTSTRAPPED,1.0,1.0,1,1,1,0.003635883331298828
0,1,Rows,Addition,1314,BOOTSTRAPPED,1.0,1.0,1,1,1,0.0034449100494384766
0,1,Rows,Addition,1315,BOOTSTRAPPED,1.0,1.0,1,1,1,0.0035190582275390625
0,1,Rows,Addition,1316,BOOTSTRAPPED,1.0,1.0,1,1,1,0.0035212039947509766
0,1,Rows,Addition,1317,BOOTSTRAPPED,1.0,1.0,1,1,1,0.003662109375
0,1,Rows,Addition,1318,BOOTSTRAPPED,1.0,1.0,1,1,1,0.0035352706909179688
0,1,Rows,Addition,1319,BOOTSTRAPPED,1.0,1.0,1,1,1,0.0034999847412109375
0,1,Rows,Addition,1320,BOOTSTRAPPED,1.0,1.0,1,1,1,0.0035610198974609375
0,1,Rows,Addition,1321,BOOTSTRAPPED,1.0,1.0,1,1,1,0.0035810470581054688
0,1,Rows,Addition,1322,BOOTSTRAPPED,1.0,1.0,1,1,1,0.003438234329223633
0,1,Rows,Addition,1323,BOOTSTRAPPED,1.0,1.0,1,1,1,0.0035858154296875
0,1,Rows,Addition,1324,BOOTSTRAPPED,1.0,1.0,1,1,1,0.0036330223083496094
0,1,Rows,Addition,1325,BOOTSTRAPPED,1.0,1.0,1,1,1,0.0036191940307617188
0,1,Rows,Addition,1326,BOOTSTRAPPED,1.0,1.0,1,1,1,0.003706216812133789
0,1,Rows,Addition,1327,BOOTSTRAPPED,1.0,1.0,1,1,1,0.0034160614013671875
0,1,Rows,Addition,1328,BOOTSTRAPPED,1.0,1.0,1,1,1,0.0035130977630615234
0,1,Rows,Addition,1329,BOOTSTRAPPED,1.0,1.0,1,1,1,0.003560781478881836
0,1,Rows,Addition,1330,BOOTSTRAPPED,1.0,1.0,1,1,1,0.003567934036254883
0,1,Rows,Addition,1331,BOOTSTRAPPED,1.0,1.0,1,1,1,0.0035829544067382812
0,1,Rows,Addition,1332,BOOTSTRAPPED,1.0,1.0,1,1,1,0.0036089420318603516
0,1,Rows,Addition,1333,BOOTSTRAPPED,1.0,1.0,1,1,1,0.003650188446044922
0,1,Rows,Addition,1334,BOOTSTRAPPED,1.0,1.0,1,1,1,0.0035889148712158203
0,1,Rows,Addition,1335,BOOTSTRAPPED,1.0,1.0,1,1,1,0.0035431385040283203
0,1,Rows,Addition,1336,BOOTSTRAPPED,1.0,1.0,1,1,1,0.003565073013305664
0,1,Rows,Addition,1337,BOOTSTRAPPED,1.0,1.0,1,1,1,0.003612041473388672
0,1,Rows,Addition,1338,BOOTSTRAPPED,1.0,1.0,1,1,1,0.0033369064331054688
0,1,Rows,Addition,1339,BOOTSTRAPPED,1.0,1.0,1,1,1,0.0034742355346679688
0,1,Rows,Addition,1340,BOOTSTRAPPED,1.0,1.0,1,1,1,0.003471851348876953
0,1,Rows,Addition,1341,BOOTSTRAPPED,1.0,1.0,1,1,1,0.0035631656646728516
0,1,Rows,Addition,1342,BOOTSTRAPPED,1.0,1.0,1,1,1,0.0035037994384765625
0,1,Rows,Addition,1343,BOOTSTRAPPED,1.0,1.0,1,1,1,0.003512144088745117
0,1,Rows,Addition,1344,BOOTSTRAPPED,1.0,1.0,1,1,1,0.0035719871520996094
0,1,Rows,Addition,1345,BOOTSTRAPPED,1.0,1.0,1,1,1,0.0035860538482666016
0,1,Rows,Addition,1346,BOOTSTRAPPED,1.0,1.0,1,1,1,0.003337860107421875
0,1,Rows,Addition,1347,BOOTSTRAPPED,1.0,1.0,1,1,1,0.0035219192504882812
0,1,Rows,Addition,1348,BOOTSTRAPPED,1.0,1.0,1,1,1,0.003477811813354492
0,1,Rows,Addition,1349,BOOTSTRAPPED,1.0,1.0,1,1,1,0.003618001937866211
0,1,Rows,Addition,1350,BOOTSTRAPPED,1.0,1.0,1,1,1,0.003390789031982422
0,1,Rows,Addition,1351,BOOTSTRAPPED,1.0,1.0,1,1,1,0.0035419464111328125
0,1,Rows,Addition,1352,BOOTSTRAPPED,1.0,1.0,1,1,1,0.0036292076110839844
0,1,Rows,Addition,1353,BOOTSTRAPPED,1.0,1.0,1,1,1,0.003565073013305664
0,1,Rows,Addition,1354,BOOTSTRAPPED,1.0,1.0,1,1,1,0.0035750865936279297
0,1,Rows,Addition,1355,BOOTSTRAPPED,1.0,1.0,1,1,1,0.0035822391510009766
0,1,Rows,Addition,1356,BOOTSTRAPPED,1.0,1.0,1,1,1,0.0035703182220458984
0,1,Rows,Addition,1357,BOOTSTRAPPED,1.0,1.0,1,1,1,0.0036067962646484375
0,1,Rows,Addition,1358,BOOTSTRAPPED,1.0,1.0,1,1,1,0.0033478736877441406
0,1,Rows,Addition,1359,BOOTSTRAPPED,1.0,1.0,1,1,1,0.003503084182739258
0,1,Rows,Addition,1360,BOOTSTRAPPED,1.0,1.0,1,1,1,0.003536224365234375
0,1,Rows,Addition,1361,BOOTSTRAPPED,1.0,1.0,1,1,1,0.0035390853881835938
0,1,Rows,Addition,1362,BOOTSTRAPPED,1.0,1.0,1,1,1,0.003412961959838867
0,1,Rows,Addition,1363,BOOTSTRAPPED,1.0,1.0,1,1,1,0.0034570693969726562
0,1,Rows,Addition,1364,BOOTSTRAPPED,1.0,1.0,1,1,1,0.0035409927368164062
0,1,Rows,Addition,1365,BOOTSTRAPPED,1.0,1.0,1,1,1,0.003609895706176758
0,1,Rows,Addition,1366,BOOTSTRAPPED,1.0,1.0,1,1,1,0.003590822219848633
0,1,Rows,Addition,1367,BOOTSTRAPPED,1.0,1.0,1,1,1,0.0035810470581054688
0,1,Rows,Addition,1368,BOOTSTRAPPED,1.0,1.0,1,1,1,0.0035529136657714844
0,1,Rows,Addition,1369,BOOTSTRAPPED,1.0,1.0,1,1,1,0.0035758018493652344
0,1,Rows,Addition,1370,BOOTSTRAPPED,1.0,1.0,1,1,1,0.0035848617553710938
0,1,Rows,Addition,1371,BOOTSTRAPPED,1.0,1.0,1,1,1,0.0035581588745117188
0,1,Rows,Addition,1372,BOOTSTRAPPED,1.0,1.0,1,1,1,0.0036127567291259766
0,1,Rows,Addition,1373,BOOTSTRAPPED,1.0,1.0,1,1,1,0.0036079883575439453
0,1,Rows,Addition,1374,BOOTSTRAPPED,1.0,1.0,1,1,1,0.003596067428588867
0,1,Rows,Addition,1375,BOOTSTRAPPED,1.0,1.0,1,1,1,0.0036859512329101562
0,1,Rows,Addition,1376,BOOTSTRAPPED,1.0,1.0,1,1,1,0.0036029815673828125
0,1,Rows,Addition,1377,BOOTSTRAPPED,1.0,1.0,1,1,1,0.003596067428588867
0,1,Rows,Addition,1378,BOOTSTRAPPED,1.0,1.0,1,1,1,0.003467082977294922
0,1,Rows,Addition,1379,BOOTSTRAPPED,1.0,1.0,1,1,1,0.003500223159790039
0,1,Rows,Addition,1380,BOOTSTRAPPED,1.0,1.0,1,1,1,0.003551959991455078
0,1,Rows,Addition,1381,BOOTSTRAPPED,1.0,1.0,1,1,1,0.003651142120361328
0,1,Rows,Addition,1382,BOOTSTRAPPED,1.0,1.0,1,1,1,0.0033521652221679688
0,1,Rows,Addition,1383,BOOTSTRAPPED,1.0,1.0,1,1,1,0.003468751907348633
0,1,Rows,Addition,1384,BOOTSTRAPPED,1.0,1.0,1,1,1,0.003509998321533203
0,1,Rows,Addition,1385,BOOTSTRAPPED,1.0,1.0,1,1,1,0.0035049915313720703
0,1,Rows,Addition,1386,BOOTSTRAPPED,1.0,1.0,1,1,1,0.0033872127532958984
0,1,Rows,Addition,1387,BOOTSTRAPPED,1.0,1.0,1,1,1,0.0035219192504882812
0,1,Rows,Addition,1388,BOOTSTRAPPED,1.0,1.0,1,1,1,0.0035381317138671875
0,1,Rows,Addition,1389,BOOTSTRAPPED,1.0,1.0,1,1,1,0.0035462379455566406
0,1,Rows,Addition,1390,BOOTSTRAPPED,1.0,1.0,1,1,1,0.0034379959106445312
0,1,Rows,Addition,1391,BOOTSTRAPPED,1.0,1.0,1,1,1,0.0034551620483398438
0,1,Rows,Addition,1392,BOOTSTRAPPED,1.0,1.0,1,1,1,0.003484010696411133
0,1,Rows,Addition,1393,BOOTSTRAPPED,1.0,1.0,1,1,1,0.0034890174865722656
0,1,Rows,Addition,1394,BOOTSTRAPPED,1.0,1.0,1,1,1,0.0035400390625
0,1,Rows,Addition,1395,BOOTSTRAPPED,1.0,1.0,1,1,1,0.0034780502319335938
0,1,Rows,Addition,1396,BOOTSTRAPPED,1.0,1.0,1,1,1,0.0035338401794433594
0,1,Rows,Addition,1397,BOOTSTRAPPED,1.0,1.0,1,1,1,0.0035490989685058594
0,1,Rows,Addition,1398,BOOTSTRAPPED,1.0,1.0,1,1,1,0.003548145294189453
0,1,Rows,Addition,1399,BOOTSTRAPPED,1.0,1.0,1,1,1,0.0036270618438720703
0,1,Rows,Addition,1400,BOOTSTRAPPED,1.0,1.0,1,1,1,0.003535032272338867
0,1,Rows,Addition,1401,BOOTSTRAPPED,1.0,1.0,1,1,1,0.003525972366333008
0,1,Rows,Addition,1402,BOOTSTRAPPED,1.0,1.0,1,1,1,0.0035490989685058594
0,1,Rows,Addition,1403,BOOTSTRAPPED,1.0,1.0,1,1,1,0.003492116928100586
0,1,Rows,Addition,1404,BOOTSTRAPPED,1.0,1.0,1,1,1,0.0035741329193115234
0,1,Rows,Addition,1405,BOOTSTRAPPED,1.0,1.0,1,1,1,0.003567934036254883
0,1,Rows,Addition,1406,BOOTSTRAPPED,1.0,1.0,1,1,1,0.0037522315979003906
0,1,Rows,Addition,1407,BOOTSTRAPPED,1.0,1.0,1,1,1,0.003573179244995117
0,1,Rows,Addition,1408,BOOTSTRAPPED,1.0,1.0,1,1,1,0.003612041473388672
0,1,Rows,Addition,1409,BOOTSTRAPPED,1.0,1.0,1,1,1,0.0035991668701171875
0,1,Rows,Addition,1410,BOOTSTRAPPED,1.0,1.0,1,1,1,0.0034627914428710938
0,1,Rows,Addition,1411,BOOTSTRAPPED,1.0,1.0,1,1,1,0.003515958786010742
0,1,Rows,Addition,1412,BOOTSTRAPPED,1.0,1.0,1,1,1,0.003598928451538086
0,1,Rows,Addition,1413,BOOTSTRAPPED,1.0,1.0,1,1,1,0.003667116165161133
0,1,Rows,Addition,1414,BOOTSTRAPPED,1.0,1.0,1,1,1,0.00368499755859375
0,1,Rows,Addition,1415,BOOTSTRAPPED,1.0,1.0,1,1,1,0.0036716461181640625
0,1,Rows,Addition,1416,BOOTSTRAPPED,1.0,1.0,1,1,1,0.003812074661254883
0,1,Rows,Addition,1417,BOOTSTRAPPED,1.0,1.0,1,1,1,0.006175994873046875
0,1,Rows,Addition,1418,BOOTSTRAPPED,1.0,1.0,1,1,1,0.008330821990966797
0,1,Rows,Addition,1419,BOOTSTRAPPED,1.0,1.0,1,1,1,0.006382942199707031
0,1,Rows,Addition,1420,BOOTSTRAPPED,1.0,1.0,1,1,1,0.004141092300415039
0,1,Rows,Addition,1421,BOOTSTRAPPED,1.0,1.0,1,1,1,0.0037479400634765625
0,1,Rows,Addition,1422,BOOTSTRAPPED,1.0,1.0,1,1,1,0.003772258758544922
0,1,Rows,Addition,1423,BOOTSTRAPPED,1.0,1.0,1,1,1,0.003814220428466797
0,1,Rows,Addition,1424,BOOTSTRAPPED,1.0,1.0,1,1,1,0.0038802623748779297
0,1,Rows,Addition,1425,BOOTSTRAPPED,1.0,1.0,1,1,1,0.0038361549377441406
0,1,Rows,Addition,1426,BOOTSTRAPPED,1.0,1.0,1,1,1,0.003832101821899414
0,1,Rows,Addition,1427,BOOTSTRAPPED,1.0,1.0,1,1,1,0.003704071044921875
0,1,Rows,Addition,1428,BOOTSTRAPPED,1.0,1.0,1,1,1,0.0037021636962890625
0,1,Rows,Addition,1429,BOOTSTRAPPED,1.0,1.0,1,1,1,0.003709077835083008
0,1,Rows,Addition,1430,BOOTSTRAPPED,1.0,1.0,1,1,1,0.003663301467895508
0,1,Rows,Addition,1431,BOOTSTRAPPED,1.0,1.0,1,1,1,0.0036039352416992188
0,1,Rows,Addition,1432,BOOTSTRAPPED,1.0,1.0,1,1,1,0.003667116165161133
0,1,Rows,Addition,1433,BOOTSTRAPPED,1.0,1.0,1,1,1,0.0037038326263427734
0,1,Rows,Addition,1434,BOOTSTRAPPED,1.0,1.0,1,1,1,0.003465890884399414
0,1,Rows,Addition,1435,BOOTSTRAPPED,1.0,1.0,1,1,1,0.003635883331298828
0,1,Rows,Addition,1436,BOOTSTRAPPED,1.0,1.0,1,1,1,0.0035758018493652344
0,1,Rows,Addition,1437,BOOTSTRAPPED,1.0,1.0,1,1,1,0.0036001205444335938
0,1,Rows,Addition,1438,BOOTSTRAPPED,1.0,1.0,1,1,1,0.0037169456481933594
0,1,Rows,Addition,1439,BOOTSTRAPPED,1.0,1.0,1,1,1,0.003545045852661133
0,1,Rows,Addition,1440,BOOTSTRAPPED,1.0,1.0,1,1,1,0.0036568641662597656
0,1,Rows,Addition,1441,BOOTSTRAPPED,1.0,1.0,1,1,1,0.0036780834197998047
0,1,Rows,Addition,1442,BOOTSTRAPPED,1.0,1.0,1,1,1,0.0035772323608398438
0,1,Rows,Addition,1443,BOOTSTRAPPED,1.0,1.0,1,1,1,0.003529071807861328
0,1,Rows,Addition,1444,BOOTSTRAPPED,1.0,1.0,1,1,1,0.0035271644592285156
0,1,Rows,Addition,1445,BOOTSTRAPPED,1.0,1.0,1,1,1,0.0037462711334228516
0,1,Rows,Addition,1446,BOOTSTRAPPED,1.0,1.0,1,1,1,0.003593921661376953
0,1,Rows,Addition,1447,BOOTSTRAPPED,1.0,1.0,1,1,1,0.00374603271484375
0,1,Rows,Addition,1448,BOOTSTRAPPED,1.0,1.0,1,1,1,0.0036458969116210938
0,1,Rows,Addition,1449,BOOTSTRAPPED,1.0,1.0,1,1,1,0.0036411285400390625
0,1,Rows,Addition,1450,BOOTSTRAPPED,1.0,1.0,1,1,1,0.0037376880645751953
0,1,Rows,Addition,1451,BOOTSTRAPPED,1.0,1.0,1,1,1,0.003590822219848633
0,1,Rows,Addition,1452,BOOTSTRAPPED,1.0,1.0,1,1,1,0.0036308765411376953
0,1,Rows,Addition,1453,BOOTSTRAPPED,1.0,1.0,1,1,1,0.003607034683227539
0,1,Rows,Addition,1454,BOOTSTRAPPED,1.0,1.0,1,1,1,0.003593921661376953
0,1,Rows,Addition,1455,BOOTSTRAPPED,1.0,1.0,1,1,1,0.003612041473388672
0,1,Rows,Addition,1456,BOOTSTRAPPED,1.0,1.0,1,1,1,0.0036590099334716797
0,1,Rows,Addition,1457,BOOTSTRAPPED,1.0,1.0,1,1,1,0.003529071807861328
0,1,Rows,Addition,1458,BOOTSTRAPPED,1.0,1.0,1,1,1,0.003513813018798828
0,1,Rows,Addition,1459,BOOTSTRAPPED,1.0,1.0,1,1,1,0.003590106964111328
0,1,Rows,Addition,1460,BOOTSTRAPPED,1.0,1.0,1,1,1,0.0035860538482666016
0,1,Rows,Addition,1461,BOOTSTRAPPED,1.0,1.0,1,1,1,0.0034961700439453125
0,1,Rows,Addition,1462,BOOTSTRAPPED,1.0,1.0,1,1,1,0.003511190414428711
0,1,Rows,Addition,1463,BOOTSTRAPPED,1.0,1.0,1,1,1,0.0035371780395507812
0,1,Rows,Addition,1464,BOOTSTRAPPED,1.0,1.0,1,1,1,0.0035567283630371094
0,1,Rows,Addition,1465,BOOTSTRAPPED,1.0,1.0,1,1,1,0.003509044647216797
0,1,Rows,Addition,1466,BOOTSTRAPPED,1.0,1.0,1,1,1,0.0034890174865722656
0,1,Rows,Addition,1467,BOOTSTRAPPED,1.0,1.0,1,1,1,0.003573894500732422
0,1,Rows,Addition,1468,BOOTSTRAPPED,1.0,1.0,1,1,1,0.0037310123443603516
0,1,Rows,Addition,1469,BOOTSTRAPPED,1.0,1.0,1,1,1,0.0033979415893554688
0,1,Rows,Addition,1470,BOOTSTRAPPED,1.0,1.0,1,1,1,0.003493070602416992
0,1,Rows,Addition,1471,BOOTSTRAPPED,1.0,1.0,1,1,1,0.0036199092864990234
0,1,Rows,Addition,1472,BOOTSTRAPPED,1.0,1.0,1,1,1,0.0035419464111328125
0,1,Rows,Addition,1473,BOOTSTRAPPED,1.0,1.0,1,1,1,0.003541707992553711
0,1,Rows,Addition,1474,BOOTSTRAPPED,1.0,1.0,1,1,1,0.003576993942260742
0,1,Rows,Addition,1475,BOOTSTRAPPED,1.0,1.0,1,1,1,0.003651142120361328
0,1,Rows,Addition,1476,BOOTSTRAPPED,1.0,1.0,1,1,1,0.003674030303955078
0,1,Rows,Addition,1477,BOOTSTRAPPED,1.0,1.0,1,1,1,0.003657102584838867
0,1,Rows,Addition,1478,BOOTSTRAPPED,1.0,1.0,1,1,1,0.0036890506744384766
0,1,Rows,Addition,1479,BOOTSTRAPPED,1.0,1.0,1,1,1,0.0036139488220214844
0,1,Rows,Addition,1480,BOOTSTRAPPED,1.0,1.0,1,1,1,0.003564119338989258
0,1,Rows,Addition,1481,BOOTSTRAPPED,1.0,1.0,1,1,1,0.0037398338317871094
0,1,Rows,Addition,1482,BOOTSTRAPPED,1.0,1.0,1,1,1,0.003534078598022461
0,1,Rows,Addition,1483,BOOTSTRAPPED,1.0,1.0,1,1,1,0.003573894500732422
0,1,Rows,Addition,1484,BOOTSTRAPPED,1.0,1.0,1,1,1,0.003537893295288086
0,1,Rows,Addition,1485,BOOTSTRAPPED,1.0,1.0,1,1,1,0.003506898880004883
0,1,Rows,Addition,1486,BOOTSTRAPPED,1.0,1.0,1,1,1,0.0035140514373779297
0,1,Rows,Addition,1487,BOOTSTRAPPED,1.0,1.0,1,1,1,0.003598928451538086
0,1,Rows,Addition,1488,BOOTSTRAPPED,1.0,1.0,1,1,1,0.0036401748657226562
0,1,Rows,Addition,1489,BOOTSTRAPPED,1.0,1.0,1,1,1,0.0036628246307373047
0,1,Rows,Addition,1490,BOOTSTRAPPED,1.0,1.0,1,1,1,0.0037360191345214844
0,1,Rows,Addition,1491,BOOTSTRAPPED,1.0,1.0,1,1,1,0.0035080909729003906
0,1,Rows,Addition,1492,BOOTSTRAPPED,1.0,1.0,1,1,1,0.003515958786010742
0,1,Rows,Addition,1493,BOOTSTRAPPED,1.0,1.0,1,1,1,0.003573894500732422
0,1,Rows,Addition,1494,BOOTSTRAPPED,1.0,1.0,1,1,1,0.0035479068756103516
0,1,Rows,Addition,1495,BOOTSTRAPPED,1.0,1.0,1,1,1,0.0036110877990722656
0,1,Rows,Addition,1496,BOOTSTRAPPED,1.0,1.0,1,1,1,0.003566265106201172
0,1,Rows,Addition,1497,BOOTSTRAPPED,1.0,1.0,1,1,1,0.003571033477783203
0,1,Rows,Addition,1498,BOOTSTRAPPED,1.0,1.0,1,1,1,0.0035867691040039062
0,1,Rows,Addition,1499,BOOTSTRAPPED,1.0,1.0,1,1,1,0.003582000732421875
0,1,Rows,Addition,1500,BOOTSTRAPPED,1.0,1.0,1,1,1,0.0035839080810546875
0,1,Rows,Addition,1501,BOOTSTRAPPED,1.0,1.0,1,1,1,0.003523111343383789
0,1,Rows,Addition,1502,BOOTSTRAPPED,1.0,1.0,1,1,1,0.003509044647216797
0,1,Rows,Addition,1503,BOOTSTRAPPED,1.0,1.0,1,1,1,0.0035247802734375
0,1,Rows,Addition,1504,BOOTSTRAPPED,1.0,1.0,1,1,1,0.0036020278930664062
0,1,Rows,Addition,1505,BOOTSTRAPPED,1.0,1.0,1,1,1,0.003409147262573242
0,1,Rows,Addition,1506,BOOTSTRAPPED,1.0,1.0,1,1,1,0.003498077392578125
0,1,Rows,Addition,1507,BOOTSTRAPPED,1.0,1.0,1,1,1,0.0035898685455322266
0,1,Rows,Addition,1508,BOOTSTRAPPED,1.0,1.0,1,1,1,0.003579854965209961
0,1,Rows,Addition,1509,BOOTSTRAPPED,1.0,1.0,1,1,1,0.00356292724609375
0,1,Rows,Addition,1510,BOOTSTRAPPED,1.0,1.0,1,1,1,0.0035860538482666016
0,1,Rows,Addition,1511,BOOTSTRAPPED,1.0,1.0,1,1,1,0.003577709197998047
0,1,Rows,Addition,1512,BOOTSTRAPPED,1.0,1.0,1,1,1,0.003573894500732422
0,1,Rows,Addition,1513,BOOTSTRAPPED,1.0,1.0,1,1,1,0.003587961196899414
0,1,Rows,Addition,1514,BOOTSTRAPPED,1.0,1.0,1,1,1,0.003566741943359375
0,1,Rows,Addition,1515,BOOTSTRAPPED,1.0,1.0,1,1,1,0.0035729408264160156
0,1,Rows,Addition,1516,BOOTSTRAPPED,1.0,1.0,1,1,1,0.0035703182220458984
0,1,Rows,Addition,1517,BOOTSTRAPPED,1.0,1.0,1,1,1,0.0034439563751220703
0,1,Rows,Addition,1518,BOOTSTRAPPED,1.0,1.0,1,1,1,0.0034799575805664062
0,1,Rows,Addition,1519,BOOTSTRAPPED,1.0,1.0,1,1,1,0.0035529136657714844
0,1,Rows,Addition,1520,BOOTSTRAPPED,1.0,1.0,1,1,1,0.0036001205444335938
0,1,Rows,Addition,1521,BOOTSTRAPPED,1.0,1.0,1,1,1,0.003425121307373047
0,1,Rows,Addition,1522,BOOTSTRAPPED,1.0,1.0,1,1,1,0.003445863723754883
0,1,Rows,Addition,1523,BOOTSTRAPPED,1.0,1.0,1,1,1,0.0034868717193603516
0,1,Rows,Addition,1524,BOOTSTRAPPED,1.0,1.0,1,1,1,0.0034911632537841797
0,1,Rows,Addition,1525,BOOTSTRAPPED,1.0,1.0,1,1,1,0.0035278797149658203
0,1,Rows,Addition,1526,BOOTSTRAPPED,1.0,1.0,1,1,1,0.003534078598022461
0,1,Rows,Addition,1527,BOOTSTRAPPED,1.0,1.0,1,1,1,0.003551006317138672
0,1,Rows,Addition,1528,BOOTSTRAPPED,1.0,1.0,1,1,1,0.0035452842712402344
0,1,Rows,Addition,1529,BOOTSTRAPPED,1.0,1.0,1,1,1,0.003465890884399414
0,1,Rows,Addition,1530,BOOTSTRAPPED,1.0,1.0,1,1,1,0.0035431385040283203
0,1,Rows,Addition,1531,BOOTSTRAPPED,1.0,1.0,1,1,1,0.0035200119018554688
0,1,Rows,Addition,1532,BOOTSTRAPPED,1.0,1.0,1,1,1,0.0035750865936279297
0,1,Rows,Addition,1533,BOOTSTRAPPED,1.0,1.0,1,1,1,0.0034720897674560547
0,1,Rows,Addition,1534,BOOTSTRAPPED,1.0,1.0,1,1,1,0.0034418106079101562
0,1,Rows,Addition,1535,BOOTSTRAPPED,1.0,1.0,1,1,1,0.0034809112548828125
0,1,Rows,Addition,1536,BOOTSTRAPPED,1.0,1.0,1,1,1,0.0035398006439208984
0,1,Rows,Addition,1537,BOOTSTRAPPED,1.0,1.0,1,1,1,0.003503084182739258
0,1,Rows,Addition,1538,BOOTSTRAPPED,1.0,1.0,1,1,1,0.0034177303314208984
0,1,Rows,Addition,1539,BOOTSTRAPPED,1.0,1.0,1,1,1,0.00350189208984375
0,1,Rows,Addition,1540,BOOTSTRAPPED,1.0,1.0,1,1,1,0.003622293472290039
0,1,Rows,Addition,1541,BOOTSTRAPPED,1.0,1.0,1,1,1,0.0035321712493896484
0,1,Rows,Addition,1542,BOOTSTRAPPED,1.0,1.0,1,1,1,0.0033926963806152344
0,1,Rows,Addition,1543,BOOTSTRAPPED,1.0,1.0,1,1,1,0.003480195999145508
0,1,Rows,Addition,1544,BOOTSTRAPPED,1.0,1.0,1,1,1,0.0035049915313720703
0,1,Rows,Addition,1545,BOOTSTRAPPED,1.0,1.0,1,1,1,0.0035409927368164062
0,1,Rows,Addition,1546,BOOTSTRAPPED,1.0,1.0,1,1,1,0.0033550262451171875
0,1,Rows,Addition,1547,BOOTSTRAPPED,1.0,1.0,1,1,1,0.0034589767456054688
0,1,Rows,Addition,1548,BOOTSTRAPPED,1.0,1.0,1,1,1,0.0035448074340820312
0,1,Rows,Addition,1549,BOOTSTRAPPED,1.0,1.0,1,1,1,0.0035440921783447266
0,1,Rows,Addition,1550,BOOTSTRAPPED,1.0,1.0,1,1,1,0.0034182071685791016
0,1,Rows,Addition,1551,BOOTSTRAPPED,1.0,1.0,1,1,1,0.00347900390625
0,1,Rows,Addition,1552,BOOTSTRAPPED,1.0,1.0,1,1,1,0.0035200119018554688
0,1,Rows,Addition,1553,BOOTSTRAPPED,1.0,1.0,1,1,1,0.0036318302154541016
0,1,Rows,Addition,1554,BOOTSTRAPPED,1.0,1.0,1,1,1,0.0033059120178222656
0,1,Rows,Addition,1555,BOOTSTRAPPED,1.0,1.0,1,1,1,0.0035011768341064453
0,1,Rows,Addition,1556,BOOTSTRAPPED,1.0,1.0,1,1,1,0.003526926040649414
0,1,Rows,Addition,1557,BOOTSTRAPPED,1.0,1.0,1,1,1,0.0035169124603271484
0,1,Rows,Addition,1558,BOOTSTRAPPED,1.0,1.0,1,1,1,0.0033829212188720703
0,1,Rows,Addition,1559,BOOTSTRAPPED,1.0,1.0,1,1,1,0.0034949779510498047
0,1,Rows,Addition,1560,BOOTSTRAPPED,1.0,1.0,1,1,1,0.0035490989685058594
0,1,Rows,Addition,1561,BOOTSTRAPPED,1.0,1.0,1,1,1,0.0034728050231933594
0,1,Rows,Addition,1562,BOOTSTRAPPED,1.0,1.0,1,1,1,0.003651142120361328
0,1,Rows,Addition,1563,BOOTSTRAPPED,1.0,1.0,1,1,1,0.0035741329193115234
0,1,Rows,Addition,1564,BOOTSTRAPPED,1.0,1.0,1,1,1,0.003548860549926758
0,1,Rows,Addition,1565,BOOTSTRAPPED,1.0,1.0,1,1,1,0.00350189208984375
0,1,Rows,Addition,1566,BOOTSTRAPPED,1.0,1.0,1,1,1,0.003451108932495117
0,1,Rows,Addition,1567,BOOTSTRAPPED,1.0,1.0,1,1,1,0.0035779476165771484
0,1,Rows,Addition,1568,BOOTSTRAPPED,1.0,1.0,1,1,1,0.003592967987060547
0,1,Rows,Addition,1569,BOOTSTRAPPED,1.0,1.0,1,1,1,0.003592252731323242
0,1,Rows,Addition,1570,BOOTSTRAPPED,1.0,1.0,1,1,1,0.003632068634033203
0,1,Rows,Addition,1571,BOOTSTRAPPED,1.0,1.0,1,1,1,0.0034444332122802734
0,1,Rows,Addition,1572,BOOTSTRAPPED,1.0,1.0,1,1,1,0.0035321712493896484
0,1,Rows,Addition,1573,BOOTSTRAPPED,1.0,1.0,1,1,1,0.0035390853881835938
0,1,Rows,Addition,1574,BOOTSTRAPPED,1.0,1.0,1,1,1,0.00356292724609375
0,1,Rows,Addition,1575,BOOTSTRAPPED,1.0,1.0,1,1,1,0.0038640499114990234
0,1,Rows,Addition,1576,BOOTSTRAPPED,1.0,1.0,1,1,1,0.0035610198974609375
0,1,Rows,Addition,1577,BOOTSTRAPPED,1.0,1.0,1,1,1,0.0035691261291503906
0,1,Rows,Addition,1578,BOOTSTRAPPED,1.0,1.0,1,1,1,0.003556966781616211
0,1,Rows,Addition,1579,BOOTSTRAPPED,1.0,1.0,1,1,1,0.003596067428588867
0,1,Rows,Addition,1580,BOOTSTRAPPED,1.0,1.0,1,1,1,0.0036017894744873047
0,1,Rows,Addition,1581,BOOTSTRAPPED,1.0,1.0,1,1,1,0.0035440921783447266
0,1,Rows,Addition,1582,BOOTSTRAPPED,1.0,1.0,1,1,1,0.003545045852661133
0,1,Rows,Addition,1583,BOOTSTRAPPED,1.0,1.0,1,1,1,0.0035562515258789062
0,1,Rows,Addition,1584,BOOTSTRAPPED,1.0,1.0,1,1,1,0.0036199092864990234
0,1,Rows,Addition,1585,BOOTSTRAPPED,1.0,1.0,1,1,1,0.0034301280975341797
0,1,Rows,Addition,1586,BOOTSTRAPPED,1.0,1.0,1,1,1,0.0034139156341552734
0,1,Rows,Addition,1587,BOOTSTRAPPED,1.0,1.0,1,1,1,0.0035037994384765625
0,1,Rows,Addition,1588,BOOTSTRAPPED,1.0,1.0,1,1,1,0.0035352706909179688
0,1,Rows,Addition,1589,BOOTSTRAPPED,1.0,1.0,1,1,1,0.0034949779510498047
0,1,Rows,Addition,1590,BOOTSTRAPPED,1.0,1.0,1,1,1,0.0033998489379882812
0,1,Rows,Addition,1591,BOOTSTRAPPED,1.0,1.0,1,1,1,0.0035042762756347656
0,1,Rows,Addition,1592,BOOTSTRAPPED,1.0,1.0,1,1,1,0.003569364547729492
0,1,Rows,Addition,1593,BOOTSTRAPPED,1.0,1.0,1,1,1,0.00356292724609375
0,1,Rows,Addition,1594,BOOTSTRAPPED,1.0,1.0,1,1,1,0.0034499168395996094
0,1,Rows,Addition,1595,BOOTSTRAPPED,1.0,1.0,1,1,1,0.003522157669067383
0,1,Rows,Addition,1596,BOOTSTRAPPED,1.0,1.0,1,1,1,0.0035758018493652344
0,1,Rows,Addition,1597,BOOTSTRAPPED,1.0,1.0,1,1,1,0.003576993942260742
0,1,Rows,Addition,1598,BOOTSTRAPPED,1.0,1.0,1,1,1,0.0035910606384277344
0,1,Rows,Addition,1599,BOOTSTRAPPED,1.0,1.0,1,1,1,0.0035719871520996094
0,1,Rows,Addition,1600,BOOTSTRAPPED,1.0,1.0,1,1,1,0.003580808639526367
0,1,Rows,Addition,1601,BOOTSTRAPPED,1.0,1.0,1,1,1,0.0036919116973876953
0,1,Rows,Addition,1602,BOOTSTRAPPED,1.0,1.0,1,1,1,0.0034439563751220703
0,1,Rows,Addition,1603,BOOTSTRAPPED,1.0,1.0,1,1,1,0.003493785858154297
0,1,Rows,Addition,1604,BOOTSTRAPPED,1.0,1.0,1,1,1,0.003637075424194336
0,1,Rows,Addition,1605,BOOTSTRAPPED,1.0,1.0,1,1,1,0.003532886505126953
0,1,Rows,Addition,1606,BOOTSTRAPPED,1.0,1.0,1,1,1,0.003451108932495117
0,1,Rows,Addition,1607,BOOTSTRAPPED,1.0,1.0,1,1,1,0.003489971160888672
0,1,Rows,Addition,1608,BOOTSTRAPPED,1.0,1.0,1,1,1,0.0035409927368164062
0,1,Rows,Addition,1609,BOOTSTRAPPED,1.0,1.0,1,1,1,0.0035529136657714844
0,1,Rows,Addition,1610,BOOTSTRAPPED,1.0,1.0,1,1,1,0.003579854965209961
0,1,Rows,Addition,1611,BOOTSTRAPPED,1.0,1.0,1,1,1,0.0036058425903320312
0,1,Rows,Addition,1612,BOOTSTRAPPED,1.0,1.0,1,1,1,0.003567934036254883
0,1,Rows,Addition,1613,BOOTSTRAPPED,1.0,1.0,1,1,1,0.0035669803619384766
0,1,Rows,Addition,1614,BOOTSTRAPPED,1.0,1.0,1,1,1,0.003587961196899414
0,1,Rows,Addition,1615,BOOTSTRAPPED,1.0,1.0,1,1,1,0.0035741329193115234
0,1,Rows,Addition,1616,BOOTSTRAPPED,1.0,1.0,1,1,1,0.0035779476165771484
0,1,Rows,Addition,1617,BOOTSTRAPPED,1.0,1.0,1,1,1,0.0036170482635498047
0,1,Rows,Addition,1618,BOOTSTRAPPED,1.0,1.0,1,1,1,0.003477811813354492
0,1,Rows,Addition,1619,BOOTSTRAPPED,1.0,1.0,1,1,1,0.0036170482635498047
0,1,Rows,Addition,1620,BOOTSTRAPPED,1.0,1.0,1,1,1,0.003592252731323242
0,1,Rows,Addition,1621,BOOTSTRAPPED,1.0,1.0,1,1,1,0.003538846969604492
0,1,Rows,Addition,1622,BOOTSTRAPPED,1.0,1.0,1,1,1,0.003536701202392578
0,1,Rows,Addition,1623,BOOTSTRAPPED,1.0,1.0,1,1,1,0.003548145294189453
0,1,Rows,Addition,1624,BOOTSTRAPPED,1.0,1.0,1,1,1,0.0035440921783447266
0,1,Rows,Addition,1625,BOOTSTRAPPED,1.0,1.0,1,1,1,0.0035347938537597656
0,1,Rows,Addition,1626,BOOTSTRAPPED,1.0,1.0,1,1,1,0.0033850669860839844
0,1,Rows,Addition,1627,BOOTSTRAPPED,1.0,1.0,1,1,1,0.0034487247467041016
0,1,Rows,Addition,1628,BOOTSTRAPPED,1.0,1.0,1,1,1,0.003531932830810547
0,1,Rows,Addition,1629,BOOTSTRAPPED,1.0,1.0,1,1,1,0.0035219192504882812
0,1,Rows,Addition,1630,BOOTSTRAPPED,1.0,1.0,1,1,1,0.00351715087890625
0,1,Rows,Addition,1631,BOOTSTRAPPED,1.0,1.0,1,1,1,0.0034661293029785156
0,1,Rows,Addition,1632,BOOTSTRAPPED,1.0,1.0,1,1,1,0.0035400390625
0,1,Rows,Addition,1633,BOOTSTRAPPED,1.0,1.0,1,1,1,0.003593921661376953
0,1,Rows,Addition,1634,BOOTSTRAPPED,1.0,1.0,1,1,1,0.003545999526977539
0,1,Rows,Addition,1635,BOOTSTRAPPED,1.0,1.0,1,1,1,0.0035598278045654297
0,1,Rows,Addition,1636,BOOTSTRAPPED,1.0,1.0,1,1,1,0.003564119338989258
0,1,Rows,Addition,1637,BOOTSTRAPPED,1.0,1.0,1,1,1,0.0035638809204101562
0,1,Rows,Addition,1638,BOOTSTRAPPED,1.0,1.0,1,1,1,0.003592967987060547
0,1,Rows,Addition,1639,BOOTSTRAPPED,1.0,1.0,1,1,1,0.003565073013305664
0,1,Rows,Addition,1640,BOOTSTRAPPED,1.0,1.0,1,1,1,0.0035593509674072266
0,1,Rows,Addition,1641,BOOTSTRAPPED,1.0,1.0,1,1,1,0.003572225570678711
0,1,Rows,Addition,1642,BOOTSTRAPPED,1.0,1.0,1,1,1,0.0035469532012939453
0,1,Rows,Addition,1643,BOOTSTRAPPED,1.0,1.0,1,1,1,0.0036170482635498047
0,1,Rows,Addition,1644,BOOTSTRAPPED,1.0,1.0,1,1,1,0.0035593509674072266
0,1,Rows,Addition,1645,BOOTSTRAPPED,1.0,1.0,1,1,1,0.003551006317138672
0,1,Rows,Addition,1646,BOOTSTRAPPED,1.0,1.0,1,1,1,0.0035009384155273438
0,1,Rows,Addition,1647,BOOTSTRAPPED,1.0,1.0,1,1,1,0.0035152435302734375
0,1,Rows,Addition,1648,BOOTSTRAPPED,1.0,1.0,1,1,1,0.003606081008911133
0,1,Rows,Addition,1649,BOOTSTRAPPED,1.0,1.0,1,1,1,0.0035829544067382812
0,1,Rows,Addition,1650,BOOTSTRAPPED,1.0,1.0,1,1,1,0.0035982131958007812
0,1,Rows,Addition,1651,BOOTSTRAPPED,1.0,1.0,1,1,1,0.0035810470581054688
0,1,Rows,Addition,1652,BOOTSTRAPPED,1.0,1.0,1,1,1,0.0036041736602783203
0,1,Rows,Addition,1653,BOOTSTRAPPED,1.0,1.0,1,1,1,0.0035698413848876953
0,1,Rows,Addition,1654,BOOTSTRAPPED,1.0,1.0,1,1,1,0.0035660266876220703
0,1,Rows,Addition,1655,BOOTSTRAPPED,1.0,1.0,1,1,1,0.0035598278045654297
0,1,Rows,Addition,1656,BOOTSTRAPPED,1.0,1.0,1,1,1,0.003767251968383789
0,1,Rows,Addition,1657,BOOTSTRAPPED,1.0,1.0,1,1,1,0.0034949779510498047
0,1,Rows,Addition,1658,BOOTSTRAPPED,1.0,1.0,1,1,1,0.003439188003540039
0,1,Rows,Addition,1659,BOOTSTRAPPED,1.0,1.0,1,1,1,0.003583192825317383
0,1,Rows,Addition,1660,BOOTSTRAPPED,1.0,1.0,1,1,1,0.0035572052001953125
0,1,Rows,Addition,1661,BOOTSTRAPPED,1.0,1.0,1,1,1,0.003579854965209961
0,1,Rows,Addition,1662,BOOTSTRAPPED,1.0,1.0,1,1,1,0.0036039352416992188
0,1,Rows,Addition,1663,BOOTSTRAPPED,1.0,1.0,1,1,1,0.003396749496459961
0,1,Rows,Addition,1664,BOOTSTRAPPED,1.0,1.0,1,1,1,0.003523111343383789
0,1,Rows,Addition,1665,BOOTSTRAPPED,1.0,1.0,1,1,1,0.00345611572265625
0,1,Rows,Addition,1666,BOOTSTRAPPED,1.0,1.0,1,1,1,0.0034890174865722656
0,1,Rows,Addition,1667,BOOTSTRAPPED,1.0,1.0,1,1,1,0.0034859180450439453
0,1,Rows,Addition,1668,BOOTSTRAPPED,1.0,1.0,1,1,1,0.0036406517028808594
0,1,Rows,Addition,1669,BOOTSTRAPPED,1.0,1.0,1,1,1,0.0035932064056396484
0,1,Rows,Addition,1670,BOOTSTRAPPED,1.0,1.0,1,1,1,0.0036079883575439453
0,1,Rows,Addition,1671,BOOTSTRAPPED,1.0,1.0,1,1,1,0.0035400390625
0,1,Rows,Addition,1672,BOOTSTRAPPED,1.0,1.0,1,1,1,0.0035119056701660156
0,1,Rows,Addition,1673,BOOTSTRAPPED,1.0,1.0,1,1,1,0.0035059452056884766
0,1,Rows,Addition,1674,BOOTSTRAPPED,1.0,1.0,1,1,1,0.003496885299682617
0,1,Rows,Addition,1675,BOOTSTRAPPED,1.0,1.0,1,1,1,0.0035979747772216797
0,1,Rows,Addition,1676,BOOTSTRAPPED,1.0,1.0,1,1,1,0.0035719871520996094
0,1,Rows,Addition,1677,BOOTSTRAPPED,1.0,1.0,1,1,1,0.0034580230712890625
0,1,Rows,Addition,1678,BOOTSTRAPPED,1.0,1.0,1,1,1,0.0036208629608154297
0,1,Rows,Addition,1679,BOOTSTRAPPED,1.0,1.0,1,1,1,0.0035419464111328125
0,1,Rows,Addition,1680,BOOTSTRAPPED,1.0,1.0,1,1,1,0.003590822219848633
0,1,Rows,Addition,1681,BOOTSTRAPPED,1.0,1.0,1,1,1,0.00344085693359375
0,1,Rows,Addition,1682,BOOTSTRAPPED,1.0,1.0,1,1,1,0.003512859344482422
0,1,Rows,Addition,1683,BOOTSTRAPPED,1.0,1.0,1,1,1,0.003490924835205078
0,1,Rows,Addition,1684,BOOTSTRAPPED,1.0,1.0,1,1,1,0.0036551952362060547
0,1,Rows,Addition,1685,BOOTSTRAPPED,1.0,1.0,1,1,1,0.003560781478881836
0,1,Rows,Addition,1686,BOOTSTRAPPED,1.0,1.0,1,1,1,0.003542661666870117
0,1,Rows,Addition,1687,BOOTSTRAPPED,1.0,1.0,1,1,1,0.003526926040649414
0,1,Rows,Addition,1688,BOOTSTRAPPED,1.0,1.0,1,1,1,0.003573894500732422
0,1,Rows,Addition,1689,BOOTSTRAPPED,1.0,1.0,1,1,1,0.003553152084350586
0,1,Rows,Addition,1690,BOOTSTRAPPED,1.0,1.0,1,1,1,0.004029750823974609
0,1,Rows,Addition,1691,BOOTSTRAPPED,1.0,1.0,1,1,1,0.0035600662231445312
0,1,Rows,Addition,1692,BOOTSTRAPPED,1.0,1.0,1,1,1,0.0037889480590820312
0,1,Rows,Addition,1693,BOOTSTRAPPED,1.0,1.0,1,1,1,0.003795146942138672
0,1,Rows,Addition,1694,BOOTSTRAPPED,1.0,1.0,1,1,1,0.0036389827728271484
0,1,Rows,Addition,1695,BOOTSTRAPPED,1.0,1.0,1,1,1,0.003618001937866211
0,1,Rows,Addition,1696,BOOTSTRAPPED,1.0,1.0,1,1,1,0.0036468505859375
0,1,Rows,Addition,1697,BOOTSTRAPPED,1.0,1.0,1,1,1,0.0036330223083496094
0,1,Rows,Addition,1698,BOOTSTRAPPED,1.0,1.0,1,1,1,0.0036258697509765625
0,1,Rows,Addition,1699,BOOTSTRAPPED,1.0,1.0,1,1,1,0.0035991668701171875
0,1,Rows,Addition,1700,BOOTSTRAPPED,1.0,1.0,1,1,1,0.003627777099609375
0,1,Rows,Addition,1701,BOOTSTRAPPED,1.0,1.0,1,1,1,0.0035886764526367188
0,1,Rows,Addition,1702,BOOTSTRAPPED,1.0,1.0,1,1,1,0.003694772720336914
0,1,Rows,Addition,1703,BOOTSTRAPPED,1.0,1.0,1,1,1,0.0036530494689941406
0,1,Rows,Addition,1704,BOOTSTRAPPED,1.0,1.0,1,1,1,0.0035860538482666016
0,1,Rows,Addition,1705,BOOTSTRAPPED,1.0,1.0,1,1,1,0.003648996353149414
0,1,Rows,Addition,1706,BOOTSTRAPPED,1.0,1.0,1,1,1,0.003648042678833008
0,1,Rows,Addition,1707,BOOTSTRAPPED,1.0,1.0,1,1,1,0.00360107421875
0,1,Rows,Addition,1708,BOOTSTRAPPED,1.0,1.0,1,1,1,0.0035932064056396484
0,1,Rows,Addition,1709,BOOTSTRAPPED,1.0,1.0,1,1,1,0.0037140846252441406
0,1,Rows,Addition,1710,BOOTSTRAPPED,1.0,1.0,1,1,1,0.0036051273345947266
0,1,Rows,Addition,1711,BOOTSTRAPPED,1.0,1.0,1,1,1,0.003721952438354492
0,1,Rows,Addition,1712,BOOTSTRAPPED,1.0,1.0,1,1,1,0.0035352706909179688
0,1,Rows,Addition,1713,BOOTSTRAPPED,1.0,1.0,1,1,1,0.0035741329193115234
0,1,Rows,Addition,1714,BOOTSTRAPPED,1.0,1.0,1,1,1,0.0036089420318603516
0,1,Rows,Addition,1715,BOOTSTRAPPED,1.0,1.0,1,1,1,0.0035037994384765625
0,1,Rows,Addition,1716,BOOTSTRAPPED,1.0,1.0,1,1,1,0.003554821014404297
0,1,Rows,Addition,1717,BOOTSTRAPPED,1.0,1.0,1,1,1,0.0034809112548828125
0,1,Rows,Addition,1718,BOOTSTRAPPED,1.0,1.0,1,1,1,0.0036940574645996094
0,1,Rows,Addition,1719,BOOTSTRAPPED,1.0,1.0,1,1,1,0.0035920143127441406
0,1,Rows,Addition,1720,BOOTSTRAPPED,1.0,1.0,1,1,1,0.003621816635131836
0,1,Rows,Addition,1721,BOOTSTRAPPED,1.0,1.0,1,1,1,0.0036852359771728516
0,1,Rows,Addition,1722,BOOTSTRAPPED,1.0,1.0,1,1,1,0.0035419464111328125
0,1,Rows,Addition,1723,BOOTSTRAPPED,1.0,1.0,1,1,1,0.003551006317138672
0,1,Rows,Addition,1724,BOOTSTRAPPED,1.0,1.0,1,1,1,0.003515958786010742
0,1,Rows,Addition,1725,BOOTSTRAPPED,1.0,1.0,1,1,1,0.003426074981689453
0,1,Rows,Addition,1726,BOOTSTRAPPED,1.0,1.0,1,1,1,0.003509998321533203
0,1,Rows,Addition,1727,BOOTSTRAPPED,1.0,1.0,1,1,1,0.003573894500732422
0,1,Rows,Addition,1728,BOOTSTRAPPED,1.0,1.0,1,1,1,0.0035669803619384766
0,1,Rows,Addition,1729,BOOTSTRAPPED,1.0,1.0,1,1,1,0.003568887710571289
0,1,Rows,Addition,1730,BOOTSTRAPPED,1.0,1.0,1,1,1,0.0035898685455322266
0,1,Rows,Addition,1731,BOOTSTRAPPED,1.0,1.0,1,1,1,0.003676891326904297
0,1,Rows,Addition,1732,BOOTSTRAPPED,1.0,1.0,1,1,1,0.0036001205444335938
0,1,Rows,Addition,1733,BOOTSTRAPPED,1.0,1.0,1,1,1,0.003618001937866211
0,1,Rows,Addition,1734,BOOTSTRAPPED,1.0,1.0,1,1,1,0.003695964813232422
0,1,Rows,Addition,1735,BOOTSTRAPPED,1.0,1.0,1,1,1,0.003582000732421875
0,1,Rows,Addition,1736,BOOTSTRAPPED,1.0,1.0,1,1,1,0.0036699771881103516
0,1,Rows,Addition,1737,BOOTSTRAPPED,1.0,1.0,1,1,1,0.0034308433532714844
0,1,Rows,Addition,1738,BOOTSTRAPPED,1.0,1.0,1,1,1,0.0035028457641601562
0,1,Rows,Addition,1739,BOOTSTRAPPED,1.0,1.0,1,1,1,0.0035588741302490234
0,1,Rows,Addition,1740,BOOTSTRAPPED,1.0,1.0,1,1,1,0.003566265106201172
0,1,Rows,Addition,1741,BOOTSTRAPPED,1.0,1.0,1,1,1,0.0035676956176757812
0,1,Rows,Addition,1742,BOOTSTRAPPED,1.0,1.0,1,1,1,0.0035619735717773438
0,1,Rows,Addition,1743,BOOTSTRAPPED,1.0,1.0,1,1,1,0.0035982131958007812
0,1,Rows,Addition,1744,BOOTSTRAPPED,1.0,1.0,1,1,1,0.0036079883575439453
0,1,Rows,Addition,1745,BOOTSTRAPPED,1.0,1.0,1,1,1,0.003619670867919922
0,1,Rows,Addition,1746,BOOTSTRAPPED,1.0,1.0,1,1,1,0.003615856170654297
0,1,Rows,Addition,1747,BOOTSTRAPPED,1.0,1.0,1,1,1,0.003718852996826172
0,1,Rows,Addition,1748,BOOTSTRAPPED,1.0,1.0,1,1,1,0.003554821014404297
0,1,Rows,Addition,1749,BOOTSTRAPPED,1.0,1.0,1,1,1,0.0034339427947998047
0,1,Rows,Addition,1750,BOOTSTRAPPED,1.0,1.0,1,1,1,0.003523111343383789
0,1,Rows,Addition,1751,BOOTSTRAPPED,1.0,1.0,1,1,1,0.0035657882690429688
0,1,Rows,Addition,1752,BOOTSTRAPPED,1.0,1.0,1,1,1,0.0036079883575439453
0,1,Rows,Addition,1753,BOOTSTRAPPED,1.0,1.0,1,1,1,0.0035390853881835938
0,1,Rows,Addition,1754,BOOTSTRAPPED,1.0,1.0,1,1,1,0.0035941600799560547
0,1,Rows,Addition,1755,BOOTSTRAPPED,1.0,1.0,1,1,1,0.0035979747772216797
0,1,Rows,Addition,1756,BOOTSTRAPPED,1.0,1.0,1,1,1,0.0036230087280273438
0,1,Rows,Addition,1757,BOOTSTRAPPED,1.0,1.0,1,1,1,0.003618001937866211
0,1,Rows,Addition,1758,BOOTSTRAPPED,1.0,1.0,1,1,1,0.0036160945892333984
0,1,Rows,Addition,1759,BOOTSTRAPPED,1.0,1.0,1,1,1,0.003592967987060547
0,1,Rows,Addition,1760,BOOTSTRAPPED,1.0,1.0,1,1,1,0.0036809444427490234
0,1,Rows,Addition,1761,BOOTSTRAPPED,1.0,1.0,1,1,1,0.0036039352416992188
0,1,Rows,Addition,1762,BOOTSTRAPPED,1.0,1.0,1,1,1,0.0035970211029052734
0,1,Rows,Addition,1763,BOOTSTRAPPED,1.0,1.0,1,1,1,0.0036950111389160156
0,1,Rows,Addition,1764,BOOTSTRAPPED,1.0,1.0,1,1,1,0.0036039352416992188
0,1,Rows,Addition,1765,BOOTSTRAPPED,1.0,1.0,1,1,1,0.0036149024963378906
0,1,Rows,Addition,1766,BOOTSTRAPPED,1.0,1.0,1,1,1,0.003596067428588867
0,1,Rows,Addition,1767,BOOTSTRAPPED,1.0,1.0,1,1,1,0.0035789012908935547
0,1,Rows,Addition,1768,BOOTSTRAPPED,1.0,1.0,1,1,1,0.003580331802368164
0,1,Rows,Addition,1769,BOOTSTRAPPED,1.0,1.0,1,1,1,0.0034520626068115234
0,1,Rows,Addition,1770,BOOTSTRAPPED,1.0,1.0,1,1,1,0.0037250518798828125
0,1,Rows,Addition,1771,BOOTSTRAPPED,1.0,1.0,1,1,1,0.0035669803619384766
0,1,Rows,Addition,1772,BOOTSTRAPPED,1.0,1.0,1,1,1,0.0035352706909179688
0,1,Rows,Addition,1773,BOOTSTRAPPED,1.0,1.0,1,1,1,0.003547191619873047
0,1,Rows,Addition,1774,BOOTSTRAPPED,1.0,1.0,1,1,1,0.0035920143127441406
0,1,Rows,Addition,1775,BOOTSTRAPPED,1.0,1.0,1,1,1,0.0034852027893066406
0,1,Rows,Addition,1776,BOOTSTRAPPED,1.0,1.0,1,1,1,0.0035409927368164062
0,1,Rows,Addition,1777,BOOTSTRAPPED,1.0,1.0,1,1,1,0.003582000732421875
0,1,Rows,Addition,1778,BOOTSTRAPPED,1.0,1.0,1,1,1,0.003559112548828125
0,1,Rows,Addition,1779,BOOTSTRAPPED,1.0,1.0,1,1,1,0.003537893295288086
0,1,Rows,Addition,1780,BOOTSTRAPPED,1.0,1.0,1,1,1,0.0035619735717773438
0,1,Rows,Addition,1781,BOOTSTRAPPED,1.0,1.0,1,1,1,0.0035071372985839844
0,1,Rows,Addition,1782,BOOTSTRAPPED,1.0,1.0,1,1,1,0.0037391185760498047
0,1,Rows,Addition,1783,BOOTSTRAPPED,1.0,1.0,1,1,1,0.0034530162811279297
0,1,Rows,Addition,1784,BOOTSTRAPPED,1.0,1.0,1,1,1,0.0036568641662597656
0,1,Rows,Addition,1785,BOOTSTRAPPED,1.0,1.0,1,1,1,0.0035851001739501953
0,1,Rows,Addition,1786,BOOTSTRAPPED,1.0,1.0,1,1,1,0.0035889148712158203
0,1,Rows,Addition,1787,BOOTSTRAPPED,1.0,1.0,1,1,1,0.003634929656982422
0,1,Rows,Addition,1788,BOOTSTRAPPED,1.0,1.0,1,1,1,0.003567218780517578
0,1,Rows,Addition,1789,BOOTSTRAPPED,1.0,1.0,1,1,1,0.003507852554321289
0,1,Rows,Addition,1790,BOOTSTRAPPED,1.0,1.0,1,1,1,0.0035638809204101562
0,1,Rows,Addition,1791,BOOTSTRAPPED,1.0,1.0,1,1,1,0.0034933090209960938
0,1,Rows,Addition,1792,BOOTSTRAPPED,1.0,1.0,1,1,1,0.0035140514373779297
0,1,Rows,Addition,1793,BOOTSTRAPPED,1.0,1.0,1,1,1,0.0035521984100341797
0,1,Rows,Addition,1794,BOOTSTRAPPED,1.0,1.0,1,1,1,0.0034439563751220703
0,1,Rows,Addition,1795,BOOTSTRAPPED,1.0,1.0,1,1,1,0.0035500526428222656
0,1,Rows,Addition,1796,BOOTSTRAPPED,1.0,1.0,1,1,1,0.0036401748657226562
0,1,Rows,Addition,1797,BOOTSTRAPPED,1.0,1.0,1,1,1,0.003523111343383789
0,1,Rows,Addition,1798,BOOTSTRAPPED,1.0,1.0,1,1,1,0.003595113754272461
0,1,Rows,Addition,1799,BOOTSTRAPPED,1.0,1.0,1,1,1,0.0035958290100097656
0,1,Rows,Addition,1800,BOOTSTRAPPED,1.0,1.0,1,1,1,0.0037059783935546875
0,1,Rows,Addition,1801,BOOTSTRAPPED,1.0,1.0,1,1,1,0.003407716751098633
0,1,Rows,Addition,1802,BOOTSTRAPPED,1.0,1.0,1,1,1,0.003538846969604492
0,1,Rows,Addition,1803,BOOTSTRAPPED,1.0,1.0,1,1,1,0.003573894500732422
0,1,Rows,Addition,1804,BOOTSTRAPPED,1.0,1.0,1,1,1,0.0033903121948242188
0,1,Rows,Addition,1805,BOOTSTRAPPED,1.0,1.0,1,1,1,0.0034952163696289062
0,1,Rows,Addition,1806,BOOTSTRAPPED,1.0,1.0,1,1,1,0.0035469532012939453
0,1,Rows,Addition,1807,BOOTSTRAPPED,1.0,1.0,1,1,1,0.0035517215728759766
0,1,Rows,Addition,1808,BOOTSTRAPPED,1.0,1.0,1,1,1,0.0036199092864990234
0,1,Rows,Addition,1809,BOOTSTRAPPED,1.0,1.0,1,1,1,0.0035920143127441406
0,1,Rows,Addition,1810,BOOTSTRAPPED,1.0,1.0,1,1,1,0.0035817623138427734
0,1,Rows,Addition,1811,BOOTSTRAPPED,1.0,1.0,1,1,1,0.003626108169555664
0,1,Rows,Addition,1812,BOOTSTRAPPED,1.0,1.0,1,1,1,0.0035970211029052734
0,1,Rows,Addition,1813,BOOTSTRAPPED,1.0,1.0,1,1,1,0.0036039352416992188
0,1,Rows,Addition,1814,BOOTSTRAPPED,1.0,1.0,1,1,1,0.0036590099334716797
0,1,Rows,Addition,1815,BOOTSTRAPPED,1.0,1.0,1,1,1,0.0033261775970458984
0,1,Rows,Addition,1816,BOOTSTRAPPED,1.0,1.0,1,1,1,0.003551959991455078
0,1,Rows,Addition,1817,BOOTSTRAPPED,1.0,1.0,1,1,1,0.0036280155181884766
0,1,Rows,Addition,1818,BOOTSTRAPPED,1.0,1.0,1,1,1,0.0034689903259277344
0,1,Rows,Addition,1819,BOOTSTRAPPED,1.0,1.0,1,1,1,0.003568887710571289
0,1,Rows,Addition,1820,BOOTSTRAPPED,1.0,1.0,1,1,1,0.0035750865936279297
0,1,Rows,Addition,1821,BOOTSTRAPPED,1.0,1.0,1,1,1,0.0034942626953125
0,1,Rows,Addition,1822,BOOTSTRAPPED,1.0,1.0,1,1,1,0.0035889148712158203
0,1,Rows,Addition,1823,BOOTSTRAPPED,1.0,1.0,1,1,1,0.0033643245697021484
0,1,Rows,Addition,1824,BOOTSTRAPPED,1.0,1.0,1,1,1,0.003555774688720703
0,1,Rows,Addition,1825,BOOTSTRAPPED,1.0,1.0,1,1,1,0.0034711360931396484
0,1,Rows,Addition,1826,BOOTSTRAPPED,1.0,1.0,1,1,1,0.0035750865936279297
0,1,Rows,Addition,1827,BOOTSTRAPPED,1.0,1.0,1,1,1,0.0036468505859375
0,1,Rows,Addition,1828,BOOTSTRAPPED,1.0,1.0,1,1,1,0.0035986900329589844
0,1,Rows,Addition,1829,BOOTSTRAPPED,1.0,1.0,1,1,1,0.0038068294525146484
0,1,Rows,Addition,1830,BOOTSTRAPPED,1.0,1.0,1,1,1,0.003545045852661133
0,1,Rows,Addition,1831,BOOTSTRAPPED,1.0,1.0,1,1,1,0.0037250518798828125
0,1,Rows,Addition,1832,BOOTSTRAPPED,1.0,1.0,1,1,1,0.0037937164306640625
0,1,Rows,Addition,1833,BOOTSTRAPPED,1.0,1.0,1,1,1,0.0036139488220214844
0,1,Rows,Addition,1834,BOOTSTRAPPED,1.0,1.0,1,1,1,0.0036139488220214844
0,1,Rows,Addition,1835,BOOTSTRAPPED,1.0,1.0,1,1,1,0.0036170482635498047
0,1,Rows,Addition,1836,BOOTSTRAPPED,1.0,1.0,1,1,1,0.0036449432373046875
0,1,Rows,Addition,1837,BOOTSTRAPPED,1.0,1.0,1,1,1,0.003570079803466797
0,1,Rows,Addition,1838,BOOTSTRAPPED,1.0,1.0,1,1,1,0.0036568641662597656
0,1,Rows,Addition,1839,BOOTSTRAPPED,1.0,1.0,1,1,1,0.003599882125854492
0,1,Rows,Addition,1840,BOOTSTRAPPED,1.0,1.0,1,1,1,0.0035991668701171875
0,1,Rows,Addition,1841,BOOTSTRAPPED,1.0,1.0,1,1,1,0.0036211013793945312
0,1,Rows,Addition,1842,BOOTSTRAPPED,1.0,1.0,1,1,1,0.0036559104919433594
0,1,Rows,Addition,1843,BOOTSTRAPPED,1.0,1.0,1,1,1,0.0035810470581054688
0,1,Rows,Addition,1844,BOOTSTRAPPED,1.0,1.0,1,1,1,0.0036399364471435547
0,1,Rows,Addition,1845,BOOTSTRAPPED,1.0,1.0,1,1,1,0.0036551952362060547
0,1,Rows,Addition,1846,BOOTSTRAPPED,1.0,1.0,1,1,1,0.003592967987060547
0,1,Rows,Addition,1847,BOOTSTRAPPED,1.0,1.0,1,1,1,0.003609180450439453
0,1,Rows,Addition,1848,BOOTSTRAPPED,1.0,1.0,1,1,1,0.0035200119018554688
0,1,Rows,Addition,1849,BOOTSTRAPPED,1.0,1.0,1,1,1,0.0036008358001708984
0,1,Rows,Addition,1850,BOOTSTRAPPED,1.0,1.0,1,1,1,0.0036437511444091797
0,1,Rows,Addition,1851,BOOTSTRAPPED,1.0,1.0,1,1,1,0.0036232471466064453
0,1,Rows,Addition,1852,BOOTSTRAPPED,1.0,1.0,1,1,1,0.0033860206604003906
0,1,Rows,Addition,1853,BOOTSTRAPPED,1.0,1.0,1,1,1,0.0035390853881835938
0,1,Rows,Addition,1854,BOOTSTRAPPED,1.0,1.0,1,1,1,0.003583192825317383
0,1,Rows,Addition,1855,BOOTSTRAPPED,1.0,1.0,1,1,1,0.0035920143127441406
0,1,Rows,Addition,1856,BOOTSTRAPPED,1.0,1.0,1,1,1,0.0034172534942626953
0,1,Rows,Addition,1857,BOOTSTRAPPED,1.0,1.0,1,1,1,0.0035970211029052734
0,1,Rows,Addition,1858,BOOTSTRAPPED,1.0,1.0,1,1,1,0.003659963607788086
0,1,Rows,Addition,1859,BOOTSTRAPPED,1.0,1.0,1,1,1,0.0035970211029052734
0,1,Rows,Addition,1860,BOOTSTRAPPED,1.0,1.0,1,1,1,0.003425121307373047
0,1,Rows,Addition,1861,BOOTSTRAPPED,1.0,1.0,1,1,1,0.0035469532012939453
0,1,Rows,Addition,1862,BOOTSTRAPPED,1.0,1.0,1,1,1,0.0035657882690429688
0,1,Rows,Addition,1863,BOOTSTRAPPED,1.0,1.0,1,1,1,0.0035948753356933594
0,1,Rows,Addition,1864,BOOTSTRAPPED,1.0,1.0,1,1,1,0.003416776657104492
0,1,Rows,Addition,1865,BOOTSTRAPPED,1.0,1.0,1,1,1,0.0035469532012939453
0,1,Rows,Addition,1866,BOOTSTRAPPED,1.0,1.0,1,1,1,0.003606081008911133
0,1,Rows,Addition,1867,BOOTSTRAPPED,1.0,1.0,1,1,1,0.003596067428588867
0,1,Rows,Addition,1868,BOOTSTRAPPED,1.0,1.0,1,1,1,0.003704071044921875
0,1,Rows,Addition,1869,BOOTSTRAPPED,1.0,1.0,1,1,1,0.003596067428588867
0,1,Rows,Addition,1870,BOOTSTRAPPED,1.0,1.0,1,1,1,0.003622770309448242
0,1,Rows,Addition,1871,BOOTSTRAPPED,1.0,1.0,1,1,1,0.003648042678833008
0,1,Rows,Addition,1872,BOOTSTRAPPED,1.0,1.0,1,1,1,0.003412961959838867
0,1,Rows,Addition,1873,BOOTSTRAPPED,1.0,1.0,1,1,1,0.0035369396209716797
0,1,Rows,Addition,1874,BOOTSTRAPPED,1.0,1.0,1,1,1,0.003621339797973633
0,1,Rows,Addition,1875,BOOTSTRAPPED,1.0,1.0,1,1,1,0.003534078598022461
0,1,Rows,Addition,1876,BOOTSTRAPPED,1.0,1.0,1,1,1,0.003632783889770508
0,1,Rows,Addition,1877,BOOTSTRAPPED,1.0,1.0,1,1,1,0.0037450790405273438
0,1,Rows,Addition,1878,BOOTSTRAPPED,1.0,1.0,1,1,1,0.0035839080810546875
0,1,Rows,Addition,1879,BOOTSTRAPPED,1.0,1.0,1,1,1,0.003629922866821289
0,1,Rows,Addition,1880,BOOTSTRAPPED,1.0,1.0,1,1,1,0.003554821014404297
0,1,Rows,Addition,1881,BOOTSTRAPPED,1.0,1.0,1,1,1,0.0035970211029052734
0,1,Rows,Addition,1882,BOOTSTRAPPED,1.0,1.0,1,1,1,0.003612041473388672
0,1,Rows,Addition,1883,BOOTSTRAPPED,1.0,1.0,1,1,1,0.0036389827728271484
0,1,Rows,Addition,1884,BOOTSTRAPPED,1.0,1.0,1,1,1,0.003576993942260742
0,1,Rows,Addition,1885,BOOTSTRAPPED,1.0,1.0,1,1,1,0.00360870361328125
0,1,Rows,Addition,1886,BOOTSTRAPPED,1.0,1.0,1,1,1,0.003591775894165039
0,1,Rows,Addition,1887,BOOTSTRAPPED,1.0,1.0,1,1,1,0.0036711692810058594
0,1,Rows,Addition,1888,BOOTSTRAPPED,1.0,1.0,1,1,1,0.0035178661346435547
0,1,Rows,Addition,1889,BOOTSTRAPPED,1.0,1.0,1,1,1,0.0035877227783203125
0,1,Rows,Addition,1890,BOOTSTRAPPED,1.0,1.0,1,1,1,0.0036661624908447266
0,1,Rows,Addition,1891,BOOTSTRAPPED,1.0,1.0,1,1,1,0.003612041473388672
0,1,Rows,Addition,1892,BOOTSTRAPPED,1.0,1.0,1,1,1,0.003606081008911133
0,1,Rows,Addition,1893,BOOTSTRAPPED,1.0,1.0,1,1,1,0.003590106964111328
0,1,Rows,Addition,1894,BOOTSTRAPPED,1.0,1.0,1,1,1,0.0036170482635498047
0,1,Rows,Addition,1895,BOOTSTRAPPED,1.0,1.0,1,1,1,0.003598928451538086
0,1,Rows,Addition,1896,BOOTSTRAPPED,1.0,1.0,1,1,1,0.003471851348876953
0,1,Rows,Addition,1897,BOOTSTRAPPED,1.0,1.0,1,1,1,0.003473997116088867
0,1,Rows,Addition,1898,BOOTSTRAPPED,1.0,1.0,1,1,1,0.003576993942260742
0,1,Rows,Addition,1899,BOOTSTRAPPED,1.0,1.0,1,1,1,0.0034530162811279297
0,1,Rows,Addition,1900,BOOTSTRAPPED,1.0,1.0,1,1,1,0.0034492015838623047
0,1,Rows,Addition,1901,BOOTSTRAPPED,1.0,1.0,1,1,1,0.0035126209259033203
0,1,Rows,Addition,1902,BOOTSTRAPPED,1.0,1.0,1,1,1,0.0036118030548095703
0,1,Rows,Addition,1903,BOOTSTRAPPED,1.0,1.0,1,1,1,0.0035812854766845703
0,1,Rows,Addition,1904,BOOTSTRAPPED,1.0,1.0,1,1,1,0.0034418106079101562
0,1,Rows,Addition,1905,BOOTSTRAPPED,1.0,1.0,1,1,1,0.0034990310668945312
0,1,Rows,Addition,1906,BOOTSTRAPPED,1.0,1.0,1,1,1,0.0036029815673828125
0,1,Rows,Addition,1907,BOOTSTRAPPED,1.0,1.0,1,1,1,0.003637075424194336
0,1,Rows,Addition,1908,BOOTSTRAPPED,1.0,1.0,1,1,1,0.003467082977294922
0,1,Rows,Addition,1909,BOOTSTRAPPED,1.0,1.0,1,1,1,0.0035238265991210938
0,1,Rows,Addition,1910,BOOTSTRAPPED,1.0,1.0,1,1,1,0.0035309791564941406
0,1,Rows,Addition,1911,BOOTSTRAPPED,1.0,1.0,1,1,1,0.0036139488220214844
0,1,Rows,Addition,1912,BOOTSTRAPPED,1.0,1.0,1,1,1,0.003450155258178711
0,1,Rows,Addition,1913,BOOTSTRAPPED,1.0,1.0,1,1,1,0.0035393238067626953
0,1,Rows,Addition,1914,BOOTSTRAPPED,1.0,1.0,1,1,1,0.003571033477783203
0,1,Rows,Addition,1915,BOOTSTRAPPED,1.0,1.0,1,1,1,0.0036139488220214844
0,1,Rows,Addition,1916,BOOTSTRAPPED,1.0,1.0,1,1,1,0.003576993942260742
0,1,Rows,Addition,1917,BOOTSTRAPPED,1.0,1.0,1,1,1,0.0035610198974609375
0,1,Rows,Addition,1918,BOOTSTRAPPED,1.0,1.0,1,1,1,0.0035250186920166016
0,1,Rows,Addition,1919,BOOTSTRAPPED,1.0,1.0,1,1,1,0.0035851001739501953
0,1,Rows,Addition,1920,BOOTSTRAPPED,1.0,1.0,1,1,1,0.003495931625366211
0,1,Rows,Addition,1921,BOOTSTRAPPED,1.0,1.0,1,1,1,0.0035681724548339844
0,1,Rows,Addition,1922,BOOTSTRAPPED,1.0,1.0,1,1,1,0.0035009384155273438
0,1,Rows,Addition,1923,BOOTSTRAPPED,1.0,1.0,1,1,1,0.003484010696411133
0,1,Rows,Addition,1924,BOOTSTRAPPED,1.0,1.0,1,1,1,0.003537893295288086
0,1,Rows,Addition,1925,BOOTSTRAPPED,1.0,1.0,1,1,1,0.0035419464111328125
0,1,Rows,Addition,1926,BOOTSTRAPPED,1.0,1.0,1,1,1,0.00356292724609375
0,1,Rows,Addition,1927,BOOTSTRAPPED,1.0,1.0,1,1,1,0.003592967987060547
0,1,Rows,Addition,1928,BOOTSTRAPPED,1.0,1.0,1,1,1,0.003432035446166992
0,1,Rows,Addition,1929,BOOTSTRAPPED,1.0,1.0,1,1,1,0.0035250186920166016
0,1,Rows,Addition,1930,BOOTSTRAPPED,1.0,1.0,1,1,1,0.003535747528076172
0,1,Rows,Addition,1931,BOOTSTRAPPED,1.0,1.0,1,1,1,0.0035588741302490234
0,1,Rows,Addition,1932,BOOTSTRAPPED,1.0,1.0,1,1,1,0.0035851001739501953
0,1,Rows,Addition,1933,BOOTSTRAPPED,1.0,1.0,1,1,1,0.0035331249237060547
0,1,Rows,Addition,1934,BOOTSTRAPPED,1.0,1.0,1,1,1,0.0035500526428222656
0,1,Rows,Addition,1935,BOOTSTRAPPED,1.0,1.0,1,1,1,0.0035352706909179688
0,1,Rows,Addition,1936,BOOTSTRAPPED,1.0,1.0,1,1,1,0.003551006317138672
0,1,Rows,Addition,1937,BOOTSTRAPPED,1.0,1.0,1,1,1,0.003648042678833008
0,1,Rows,Addition,1938,BOOTSTRAPPED,1.0,1.0,1,1,1,0.0035741329193115234
0,1,Rows,Addition,1939,BOOTSTRAPPED,1.0,1.0,1,1,1,0.0036411285400390625
0,1,Rows,Addition,1940,BOOTSTRAPPED,1.0,1.0,1,1,1,0.0035669803619384766
0,1,Rows,Addition,1941,BOOTSTRAPPED,1.0,1.0,1,1,1,0.0036530494689941406
0,1,Rows,Addition,1942,BOOTSTRAPPED,1.0,1.0,1,1,1,0.003635883331298828
0,1,Rows,Addition,1943,BOOTSTRAPPED,1.0,1.0,1,1,1,0.0037529468536376953
0,1,Rows,Addition,1944,BOOTSTRAPPED,1.0,1.0,1,1,1,0.003604888916015625
0,1,Rows,Addition,1945,BOOTSTRAPPED,1.0,1.0,1,1,1,0.003591775894165039
0,1,Rows,Addition,1946,BOOTSTRAPPED,1.0,1.0,1,1,1,0.003622293472290039
0,1,Rows,Addition,1947,BOOTSTRAPPED,1.0,1.0,1,1,1,0.0037178993225097656
0,1,Rows,Addition,1948,BOOTSTRAPPED,1.0,1.0,1,1,1,0.0036971569061279297
0,1,Rows,Addition,1949,BOOTSTRAPPED,1.0,1.0,1,1,1,0.003610849380493164
0,1,Rows,Addition,1950,BOOTSTRAPPED,1.0,1.0,1,1,1,0.003612995147705078
0,1,Rows,Addition,1951,BOOTSTRAPPED,1.0,1.0,1,1,1,0.003640890121459961
0,1,Rows,Addition,1952,BOOTSTRAPPED,1.0,1.0,1,1,1,0.003609180450439453
0,1,Rows,Addition,1953,BOOTSTRAPPED,1.0,1.0,1,1,1,0.0038242340087890625
0,1,Rows,Addition,1954,BOOTSTRAPPED,1.0,1.0,1,1,1,0.0037119388580322266
0,1,Rows,Addition,1955,BOOTSTRAPPED,1.0,1.0,1,1,1,0.003673076629638672
0,1,Rows,Addition,1956,BOOTSTRAPPED,1.0,1.0,1,1,1,0.003662109375
0,1,Rows,Addition,1957,BOOTSTRAPPED,1.0,1.0,1,1,1,0.0035867691040039062
0,1,Rows,Addition,1958,BOOTSTRAPPED,1.0,1.0,1,1,1,0.0036411285400390625
0,1,Rows,Addition,1959,BOOTSTRAPPED,1.0,1.0,1,1,1,0.0037000179290771484
0,1,Rows,Addition,1960,BOOTSTRAPPED,1.0,1.0,1,1,1,0.0038268566131591797
0,1,Rows,Addition,1961,BOOTSTRAPPED,1.0,1.0,1,1,1,0.0037412643432617188
0,1,Rows,Addition,1962,BOOTSTRAPPED,1.0,1.0,1,1,1,0.003648042678833008
0,1,Rows,Addition,1963,BOOTSTRAPPED,1.0,1.0,1,1,1,0.0038340091705322266
0,1,Rows,Addition,1964,BOOTSTRAPPED,1.0,1.0,1,1,1,0.003875732421875
0,1,Rows,Addition,1965,BOOTSTRAPPED,1.0,1.0,1,1,1,0.0037169456481933594
0,1,Rows,Addition,1966,BOOTSTRAPPED,1.0,1.0,1,1,1,0.003633260726928711
0,1,Rows,Addition,1967,BOOTSTRAPPED,1.0,1.0,1,1,1,0.0035741329193115234
0,1,Rows,Addition,1968,BOOTSTRAPPED,1.0,1.0,1,1,1,0.0035762786865234375
0,1,Rows,Addition,1969,BOOTSTRAPPED,1.0,1.0,1,1,1,0.003592252731323242
0,1,Rows,Addition,1970,BOOTSTRAPPED,1.0,1.0,1,1,1,0.0038928985595703125
0,1,Rows,Addition,1971,BOOTSTRAPPED,1.0,1.0,1,1,1,0.003567934036254883
0,1,Rows,Addition,1972,BOOTSTRAPPED,1.0,1.0,1,1,1,0.0035817623138427734
0,1,Rows,Addition,1973,BOOTSTRAPPED,1.0,1.0,1,1,1,0.0035789012908935547
0,1,Rows,Addition,1974,BOOTSTRAPPED,1.0,1.0,1,1,1,0.003565073013305664
0,1,Rows,Addition,1975,BOOTSTRAPPED,1.0,1.0,1,1,1,0.0037839412689208984
0,1,Rows,Addition,1976,BOOTSTRAPPED,1.0,1.0,1,1,1,0.0035300254821777344
0,1,Rows,Addition,1977,BOOTSTRAPPED,1.0,1.0,1,1,1,0.003549814224243164
0,1,Rows,Addition,1978,BOOTSTRAPPED,1.0,1.0,1,1,1,0.0034499168395996094
0,1,Rows,Addition,1979,BOOTSTRAPPED,1.0,1.0,1,1,1,0.0035216808319091797
0,1,Rows,Addition,1980,BOOTSTRAPPED,1.0,1.0,1,1,1,0.003618955612182617
0,1,Rows,Addition,1981,BOOTSTRAPPED,1.0,1.0,1,1,1,0.003567934036254883
0,1,Rows,Addition,1982,BOOTSTRAPPED,1.0,1.0,1,1,1,0.003570079803466797
0,1,Rows,Addition,1983,BOOTSTRAPPED,1.0,1.0,1,1,1,0.003599882125854492
0,1,Rows,Addition,1984,BOOTSTRAPPED,1.0,1.0,1,1,1,0.003610849380493164
0,1,Rows,Addition,1985,BOOTSTRAPPED,1.0,1.0,1,1,1,0.0035948753356933594
0,1,Rows,Addition,1986,BOOTSTRAPPED,1.0,1.0,1,1,1,0.003560781478881836
0,1,Rows,Addition,1987,BOOTSTRAPPED,1.0,1.0,1,1,1,0.0035860538482666016
0,1,Rows,Addition,1988,BOOTSTRAPPED,1.0,1.0,1,1,1,0.003564119338989258
0,1,Rows,Addition,1989,BOOTSTRAPPED,1.0,1.0,1,1,1,0.003587007522583008
0,1,Rows,Addition,1990,BOOTSTRAPPED,1.0,1.0,1,1,1,0.0036039352416992188
0,1,Rows,Addition,1991,BOOTSTRAPPED,1.0,1.0,1,1,1,0.0035300254821777344
0,1,Rows,Addition,1992,BOOTSTRAPPED,1.0,1.0,1,1,1,0.0035910606384277344
0,1,Rows,Addition,1993,BOOTSTRAPPED,1.0,1.0,1,1,1,0.003607034683227539
0,1,Rows,Addition,1994,BOOTSTRAPPED,1.0,1.0,1,1,1,0.0035440921783447266
0,1,Rows,Addition,1995,BOOTSTRAPPED,1.0,1.0,1,1,1,0.003702878952026367
0,1,Rows,Addition,1996,BOOTSTRAPPED,1.0,1.0,1,1,1,0.0036199092864990234
0,1,Rows,Addition,1997,BOOTSTRAPPED,1.0,1.0,1,1,1,0.0036859512329101562
0,1,Rows,Addition,1998,BOOTSTRAPPED,1.0,1.0,1,1,1,0.003543853759765625
0,1,Rows,Addition,1999,BOOTSTRAPPED,1.0,1.0,1,1,1,0.003633260726928711
0,1,Rows,Addition,2000,BOOTSTRAPPED,1.0,1.0,1,1,1,0.0036170482635498047
0,1,Rows,Addition,2001,BOOTSTRAPPED,1.0,1.0,1,1,1,0.003699779510498047
0,1,Rows,Addition,2002,BOOTSTRAPPED,1.0,1.0,1,1,1,0.003465890884399414
0,1,Rows,Addition,2003,BOOTSTRAPPED,1.0,1.0,1,1,1,0.003718137741088867
0,1,Rows,Addition,2004,BOOTSTRAPPED,1.0,1.0,1,1,1,0.003679037094116211
0,1,Rows,Addition,2005,BOOTSTRAPPED,1.0,1.0,1,1,1,0.0036437511444091797
0,1,Rows,Addition,2006,BOOTSTRAPPED,1.0,1.0,1,1,1,0.0035212039947509766
0,1,Rows,Addition,2007,BOOTSTRAPPED,1.0,1.0,1,1,1,0.0036852359771728516
0,1,Rows,Addition,2008,BOOTSTRAPPED,1.0,1.0,1,1,1,0.0035982131958007812
0,1,Rows,Addition,2009,BOOTSTRAPPED,1.0,1.0,1,1,1,0.0036630630493164062
0,1,Rows,Addition,2010,BOOTSTRAPPED,1.0,1.0,1,1,1,0.003584146499633789
0,1,Rows,Addition,2011,BOOTSTRAPPED,1.0,1.0,1,1,1,0.0038509368896484375
0,1,Rows,Addition,2012,BOOTSTRAPPED,1.0,1.0,1,1,1,0.003644227981567383
0,1,Rows,Addition,2013,BOOTSTRAPPED,1.0,1.0,1,1,1,0.003615140914916992
0,1,Rows,Addition,2014,BOOTSTRAPPED,1.0,1.0,1,1,1,0.003589153289794922
0,1,Rows,Addition,2015,BOOTSTRAPPED,1.0,1.0,1,1,1,0.003716707229614258
0,1,Rows,Addition,2016,BOOTSTRAPPED,1.0,1.0,1,1,1,0.004111051559448242
0,1,Rows,Addition,2017,BOOTSTRAPPED,1.0,1.0,1,1,1,0.0038437843322753906
0,1,Rows,Addition,2018,BOOTSTRAPPED,1.0,1.0,1,1,1,0.0038928985595703125
0,1,Rows,Addition,2019,BOOTSTRAPPED,1.0,1.0,1,1,1,0.003688812255859375
0,1,Rows,Addition,2020,BOOTSTRAPPED,1.0,1.0,1,1,1,0.003634214401245117
0,1,Rows,Addition,2021,BOOTSTRAPPED,1.0,1.0,1,1,1,0.0034580230712890625
0,1,Rows,Addition,2022,BOOTSTRAPPED,1.0,1.0,1,1,1,0.0035409927368164062
0,1,Rows,Addition,2023,BOOTSTRAPPED,1.0,1.0,1,1,1,0.0036058425903320312
0,1,Rows,Addition,2024,BOOTSTRAPPED,1.0,1.0,1,1,1,0.0036509037017822266
0,1,Rows,Addition,2025,BOOTSTRAPPED,1.0,1.0,1,1,1,0.0034618377685546875
0,1,Rows,Addition,2026,BOOTSTRAPPED,1.0,1.0,1,1,1,0.0035309791564941406
0,1,Rows,Addition,2027,BOOTSTRAPPED,1.0,1.0,1,1,1,0.0035958290100097656
0,1,Rows,Addition,2028,BOOTSTRAPPED,1.0,1.0,1,1,1,0.0035910606384277344
0,1,Rows,Addition,2029,BOOTSTRAPPED,1.0,1.0,1,1,1,0.00345611572265625
0,1,Rows,Addition,2030,BOOTSTRAPPED,1.0,1.0,1,1,1,0.003489971160888672
0,1,Rows,Addition,2031,BOOTSTRAPPED,1.0,1.0,1,1,1,0.0035300254821777344
0,1,Rows,Addition,2032,BOOTSTRAPPED,1.0,1.0,1,1,1,0.003528118133544922
0,1,Rows,Addition,2033,BOOTSTRAPPED,1.0,1.0,1,1,1,0.003674745559692383
0,1,Rows,Addition,2034,BOOTSTRAPPED,1.0,1.0,1,1,1,0.0035910606384277344
0,1,Rows,Addition,2035,BOOTSTRAPPED,1.0,1.0,1,1,1,0.003513813018798828
0,1,Rows,Addition,2036,BOOTSTRAPPED,1.0,1.0,1,1,1,0.003635883331298828
0,1,Rows,Addition,2037,BOOTSTRAPPED,1.0,1.0,1,1,1,0.003480672836303711
0,1,Rows,Addition,2038,BOOTSTRAPPED,1.0,1.0,1,1,1,0.003882884979248047
0,1,Rows,Addition,2039,BOOTSTRAPPED,1.0,1.0,1,1,1,0.0036058425903320312
0,1,Rows,Addition,2040,BOOTSTRAPPED,1.0,1.0,1,1,1,0.0035457611083984375
0,1,Rows,Addition,2041,BOOTSTRAPPED,1.0,1.0,1,1,1,0.0037729740142822266
0,1,Rows,Addition,2042,BOOTSTRAPPED,1.0,1.0,1,1,1,0.004511833190917969
0,1,Rows,Addition,2043,BOOTSTRAPPED,1.0,1.0,1,1,1,0.003772258758544922
0,1,Rows,Addition,2044,BOOTSTRAPPED,1.0,1.0,1,1,1,0.0035619735717773438
0,1,Rows,Addition,2045,BOOTSTRAPPED,1.0,1.0,1,1,1,0.0037560462951660156
0,1,Rows,Addition,2046,BOOTSTRAPPED,1.0,1.0,1,1,1,0.0038328170776367188
0,1,Rows,Addition,2047,BOOTSTRAPPED,1.0,1.0,1,1,1,0.0037789344787597656
0,1,Rows,Addition,2048,BOOTSTRAPPED,1.0,1.0,1,1,1,0.0036859512329101562
0,1,Rows,Addition,2049,BOOTSTRAPPED,1.0,1.0,1,1,1,0.0036780834197998047
0,1,Rows,Addition,2050,BOOTSTRAPPED,1.0,1.0,1,1,1,0.003662109375
0,1,Rows,Addition,2051,BOOTSTRAPPED,1.0,1.0,1,1,1,0.003667116165161133
0,1,Rows,Addition,2052,BOOTSTRAPPED,1.0,1.0,1,1,1,0.0037758350372314453
0,1,Rows,Addition,2053,BOOTSTRAPPED,1.0,1.0,1,1,1,0.0035851001739501953
0,1,Rows,Addition,2054,BOOTSTRAPPED,1.0,1.0,1,1,1,0.0036590099334716797
0,1,Rows,Addition,2055,BOOTSTRAPPED,1.0,1.0,1,1,1,0.0035009384155273438
0,1,Rows,Addition,2056,BOOTSTRAPPED,1.0,1.0,1,1,1,0.0035440921783447266
0,1,Rows,Addition,2057,BOOTSTRAPPED,1.0,1.0,1,1,1,0.0036318302154541016
0,1,Rows,Addition,2058,BOOTSTRAPPED,1.0,1.0,1,1,1,0.0035860538482666016
0,1,Rows,Addition,2059,BOOTSTRAPPED,1.0,1.0,1,1,1,0.003615140914916992
0,1,Rows,Addition,2060,BOOTSTRAPPED,1.0,1.0,1,1,1,0.003626108169555664
0,1,Rows,Addition,2061,BOOTSTRAPPED,1.0,1.0,1,1,1,0.0035822391510009766
0,1,Rows,Addition,2062,BOOTSTRAPPED,1.0,1.0,1,1,1,0.003567218780517578
0,1,Rows,Addition,2063,BOOTSTRAPPED,1.0,1.0,1,1,1,0.003560304641723633
0,1,Rows,Addition,2064,BOOTSTRAPPED,1.0,1.0,1,1,1,0.003658294677734375
0,1,Rows,Addition,2065,BOOTSTRAPPED,1.0,1.0,1,1,1,0.0035851001739501953
0,1,Rows,Addition,2066,BOOTSTRAPPED,1.0,1.0,1,1,1,0.0036170482635498047
0,1,Rows,Addition,2067,BOOTSTRAPPED,1.0,1.0,1,1,1,0.0036208629608154297
0,1,Rows,Addition,2068,BOOTSTRAPPED,1.0,1.0,1,1,1,0.003609180450439453
0,1,Rows,Addition,2069,BOOTSTRAPPED,1.0,1.0,1,1,1,0.0036363601684570312
0,1,Rows,Addition,2070,BOOTSTRAPPED,1.0,1.0,1,1,1,0.0035729408264160156
0,1,Rows,Addition,2071,BOOTSTRAPPED,1.0,1.0,1,1,1,0.003618001937866211
0,1,Rows,Addition,2072,BOOTSTRAPPED,1.0,1.0,1,1,1,0.003500699996948242
0,1,Rows,Addition,2073,BOOTSTRAPPED,1.0,1.0,1,1,1,0.003690004348754883
0,1,Rows,Addition,2074,BOOTSTRAPPED,1.0,1.0,1,1,1,0.003644227981567383
0,1,Rows,Addition,2075,BOOTSTRAPPED,1.0,1.0,1,1,1,0.0036089420318603516
0,1,Rows,Addition,2076,BOOTSTRAPPED,1.0,1.0,1,1,1,0.003551006317138672
0,1,Rows,Addition,2077,BOOTSTRAPPED,1.0,1.0,1,1,1,0.0036399364471435547
0,1,Rows,Addition,2078,BOOTSTRAPPED,1.0,1.0,1,1,1,0.0035800933837890625
0,1,Rows,Addition,2079,BOOTSTRAPPED,1.0,1.0,1,1,1,0.003560781478881836
0,1,Rows,Addition,2080,BOOTSTRAPPED,1.0,1.0,1,1,1,0.0035839080810546875
0,1,Rows,Addition,2081,BOOTSTRAPPED,1.0,1.0,1,1,1,0.003638029098510742
0,1,Rows,Addition,2082,BOOTSTRAPPED,1.0,1.0,1,1,1,0.003712177276611328
0,1,Rows,Addition,2083,BOOTSTRAPPED,1.0,1.0,1,1,1,0.00347900390625
0,1,Rows,Addition,2084,BOOTSTRAPPED,1.0,1.0,1,1,1,0.003536701202392578
0,1,Rows,Addition,2085,BOOTSTRAPPED,1.0,1.0,1,1,1,0.003583192825317383
0,1,Rows,Addition,2086,BOOTSTRAPPED,1.0,1.0,1,1,1,0.003543853759765625
0,1,Rows,Addition,2087,BOOTSTRAPPED,1.0,1.0,1,1,1,0.0034999847412109375
0,1,Rows,Addition,2088,BOOTSTRAPPED,1.0,1.0,1,1,1,0.0036008358001708984
0,1,Rows,Addition,2089,BOOTSTRAPPED,1.0,1.0,1,1,1,0.003598928451538086
0,1,Rows,Addition,2090,BOOTSTRAPPED,1.0,1.0,1,1,1,0.0035562515258789062
0,1,Rows,Addition,2091,BOOTSTRAPPED,1.0,1.0,1,1,1,0.0035750865936279297
0,1,Rows,Addition,2092,BOOTSTRAPPED,1.0,1.0,1,1,1,0.0036029815673828125
0,1,Rows,Addition,2093,BOOTSTRAPPED,1.0,1.0,1,1,1,0.0035881996154785156
0,1,Rows,Addition,2094,BOOTSTRAPPED,1.0,1.0,1,1,1,0.0035161972045898438
0,1,Rows,Addition,2095,BOOTSTRAPPED,1.0,1.0,1,1,1,0.003529071807861328
0,1,Rows,Addition,2096,BOOTSTRAPPED,1.0,1.0,1,1,1,0.003536224365234375
0,1,Rows,Addition,2097,BOOTSTRAPPED,1.0,1.0,1,1,1,0.0035479068756103516
0,1,Rows,Addition,2098,BOOTSTRAPPED,1.0,1.0,1,1,1,0.003534078598022461
0,1,Rows,Addition,2099,BOOTSTRAPPED,1.0,1.0,1,1,1,0.003591775894165039
0,1,Rows,Addition,2100,BOOTSTRAPPED,1.0,1.0,1,1,1,0.0036096572875976562
0,1,Rows,Addition,2101,BOOTSTRAPPED,1.0,1.0,1,1,1,0.003590822219848633
0,1,Rows,Addition,2102,BOOTSTRAPPED,1.0,1.0,1,1,1,0.003663301467895508
0,1,Rows,Addition,2103,BOOTSTRAPPED,1.0,1.0,1,1,1,0.0035698413848876953
0,1,Rows,Addition,2104,BOOTSTRAPPED,1.0,1.0,1,1,1,0.003587961196899414
0,1,Rows,Addition,2105,BOOTSTRAPPED,1.0,1.0,1,1,1,0.003650188446044922
0,1,Rows,Addition,2106,BOOTSTRAPPED,1.0,1.0,1,1,1,0.0035860538482666016
0,1,Rows,Addition,2107,BOOTSTRAPPED,1.0,1.0,1,1,1,0.0036008358001708984
0,1,Rows,Addition,2108,BOOTSTRAPPED,1.0,1.0,1,1,1,0.003629922866821289
0,1,Rows,Addition,2109,BOOTSTRAPPED,1.0,1.0,1,1,1,0.0035979747772216797
0,1,Rows,Addition,2110,BOOTSTRAPPED,1.0,1.0,1,1,1,0.003451108932495117
0,1,Rows,Addition,2111,BOOTSTRAPPED,1.0,1.0,1,1,1,0.003408193588256836
0,1,Rows,Addition,2112,BOOTSTRAPPED,1.0,1.0,1,1,1,0.0036149024963378906
0,1,Rows,Addition,2113,BOOTSTRAPPED,1.0,1.0,1,1,1,0.0035228729248046875
0,1,Rows,Addition,2114,BOOTSTRAPPED,1.0,1.0,1,1,1,0.0035660266876220703
0,1,Rows,Addition,2115,BOOTSTRAPPED,1.0,1.0,1,1,1,0.00356292724609375
0,1,Rows,Addition,2116,BOOTSTRAPPED,1.0,1.0,1,1,1,0.0035581588745117188
0,1,Rows,Addition,2117,BOOTSTRAPPED,1.0,1.0,1,1,1,0.003603219985961914
0,1,Rows,Addition,2118,BOOTSTRAPPED,1.0,1.0,1,1,1,0.003609180450439453
0,1,Rows,Addition,2119,BOOTSTRAPPED,1.0,1.0,1,1,1,0.0038001537322998047
0,1,Rows,Addition,2120,BOOTSTRAPPED,1.0,1.0,1,1,1,0.003528118133544922
0,1,Rows,Addition,2121,BOOTSTRAPPED,1.0,1.0,1,1,1,0.003622293472290039
0,1,Rows,Addition,2122,BOOTSTRAPPED,1.0,1.0,1,1,1,0.0035119056701660156
0,1,Rows,Addition,2123,BOOTSTRAPPED,1.0,1.0,1,1,1,0.003523111343383789
0,1,Rows,Addition,2124,BOOTSTRAPPED,1.0,1.0,1,1,1,0.0035321712493896484
0,1,Rows,Addition,2125,BOOTSTRAPPED,1.0,1.0,1,1,1,0.0036160945892333984
0,1,Rows,Addition,2126,BOOTSTRAPPED,1.0,1.0,1,1,1,0.0036568641662597656
0,1,Rows,Addition,2127,BOOTSTRAPPED,1.0,1.0,1,1,1,0.0037889480590820312
0,1,Rows,Addition,2128,BOOTSTRAPPED,1.0,1.0,1,1,1,0.0037119388580322266
0,1,Rows,Addition,2129,BOOTSTRAPPED,1.0,1.0,1,1,1,0.0036089420318603516
0,1,Rows,Addition,2130,BOOTSTRAPPED,1.0,1.0,1,1,1,0.0036449432373046875
0,1,Rows,Addition,2131,BOOTSTRAPPED,1.0,1.0,1,1,1,0.0038406848907470703
0,1,Rows,Addition,2132,BOOTSTRAPPED,1.0,1.0,1,1,1,0.003626108169555664
0,1,Rows,Addition,2133,BOOTSTRAPPED,1.0,1.0,1,1,1,0.004422903060913086
0,1,Rows,Addition,2134,BOOTSTRAPPED,1.0,1.0,1,1,1,0.003511190414428711
0,1,Rows,Addition,2135,BOOTSTRAPPED,1.0,1.0,1,1,1,0.003942966461181641
0,1,Rows,Addition,2136,BOOTSTRAPPED,1.0,1.0,1,1,1,0.003654956817626953
0,1,Rows,Addition,2137,BOOTSTRAPPED,1.0,1.0,1,1,1,0.0036187171936035156
0,1,Rows,Addition,2138,BOOTSTRAPPED,1.0,1.0,1,1,1,0.003587961196899414
0,1,Rows,Addition,2139,BOOTSTRAPPED,1.0,1.0,1,1,1,0.0037078857421875
0,1,Rows,Addition,2140,BOOTSTRAPPED,1.0,1.0,1,1,1,0.00370025634765625
0,1,Rows,Addition,2141,BOOTSTRAPPED,1.0,1.0,1,1,1,0.0035619735717773438
0,1,Rows,Addition,2142,BOOTSTRAPPED,1.0,1.0,1,1,1,0.0035011768341064453
0,1,Rows,Addition,2143,BOOTSTRAPPED,1.0,1.0,1,1,1,0.003548145294189453
0,1,Rows,Addition,2144,BOOTSTRAPPED,1.0,1.0,1,1,1,0.003526926040649414
0,1,Rows,Addition,2145,BOOTSTRAPPED,1.0,1.0,1,1,1,0.0036079883575439453
0,1,Rows,Addition,2146,BOOTSTRAPPED,1.0,1.0,1,1,1,0.0035250186920166016
0,1,Rows,Addition,2147,BOOTSTRAPPED,1.0,1.0,1,1,1,0.0035982131958007812
0,1,Rows,Addition,2148,BOOTSTRAPPED,1.0,1.0,1,1,1,0.0036318302154541016
0,1,Rows,Addition,2149,BOOTSTRAPPED,1.0,1.0,1,1,1,0.003469705581665039
0,1,Rows,Addition,2150,BOOTSTRAPPED,1.0,1.0,1,1,1,0.0036258697509765625
0,1,Rows,Addition,2151,BOOTSTRAPPED,1.0,1.0,1,1,1,0.0036361217498779297
0,1,Rows,Addition,2152,BOOTSTRAPPED,1.0,1.0,1,1,1,0.003448009490966797
0,1,Rows,Addition,2153,BOOTSTRAPPED,1.0,1.0,1,1,1,0.0035600662231445312
0,1,Rows,Addition,2154,BOOTSTRAPPED,1.0,1.0,1,1,1,0.003576993942260742
0,1,Rows,Addition,2155,BOOTSTRAPPED,1.0,1.0,1,1,1,0.003693103790283203
0,1,Rows,Addition,2156,BOOTSTRAPPED,1.0,1.0,1,1,1,0.003595113754272461
0,1,Rows,Addition,2157,BOOTSTRAPPED,1.0,1.0,1,1,1,0.0036191940307617188
0,1,Rows,Addition,2158,BOOTSTRAPPED,1.0,1.0,1,1,1,0.0036520957946777344
0,1,Rows,Addition,2159,BOOTSTRAPPED,1.0,1.0,1,1,1,0.0036232471466064453
0,1,Rows,Addition,2160,BOOTSTRAPPED,1.0,1.0,1,1,1,0.0036249160766601562
0,1,Rows,Addition,2161,BOOTSTRAPPED,1.0,1.0,1,1,1,0.003543853759765625
0,1,Rows,Addition,2162,BOOTSTRAPPED,1.0,1.0,1,1,1,0.003512144088745117
0,1,Rows,Addition,2163,BOOTSTRAPPED,1.0,1.0,1,1,1,0.003535032272338867
0,1,Rows,Addition,2164,BOOTSTRAPPED,1.0,1.0,1,1,1,0.0036096572875976562
0,1,Rows,Addition,2165,BOOTSTRAPPED,1.0,1.0,1,1,1,0.003591299057006836
0,1,Rows,Addition,2166,BOOTSTRAPPED,1.0,1.0,1,1,1,0.0035581588745117188
0,1,Rows,Addition,2167,BOOTSTRAPPED,1.0,1.0,1,1,1,0.003589153289794922
0,1,Rows,Addition,2168,BOOTSTRAPPED,1.0,1.0,1,1,1,0.0036160945892333984
0,1,Rows,Addition,2169,BOOTSTRAPPED,1.0,1.0,1,1,1,0.003606081008911133
0,1,Rows,Addition,2170,BOOTSTRAPPED,1.0,1.0,1,1,1,0.003589153289794922
0,1,Rows,Addition,2171,BOOTSTRAPPED,1.0,1.0,1,1,1,0.003690004348754883
0,1,Rows,Addition,2172,BOOTSTRAPPED,1.0,1.0,1,1,1,0.003582000732421875
0,1,Rows,Addition,2173,BOOTSTRAPPED,1.0,1.0,1,1,1,0.003512144088745117
0,1,Rows,Addition,2174,BOOTSTRAPPED,1.0,1.0,1,1,1,0.0037660598754882812
0,1,Rows,Addition,2175,BOOTSTRAPPED,1.0,1.0,1,1,1,0.0035660266876220703
0,1,Rows,Addition,2176,BOOTSTRAPPED,1.0,1.0,1,1,1,0.0035948753356933594
0,1,Rows,Addition,2177,BOOTSTRAPPED,1.0,1.0,1,1,1,0.003871917724609375
0,1,Rows,Addition,2178,BOOTSTRAPPED,1.0,1.0,1,1,1,0.0035598278045654297
0,1,Rows,Addition,2179,BOOTSTRAPPED,1.0,1.0,1,1,1,0.0035190582275390625
0,1,Rows,Addition,2180,BOOTSTRAPPED,1.0,1.0,1,1,1,0.003572225570678711
0,1,Rows,Addition,2181,BOOTSTRAPPED,1.0,1.0,1,1,1,0.0034558773040771484
0,1,Rows,Addition,2182,BOOTSTRAPPED,1.0,1.0,1,1,1,0.0035789012908935547
0,1,Rows,Addition,2183,BOOTSTRAPPED,1.0,1.0,1,1,1,0.003618001937866211
0,1,Rows,Addition,2184,BOOTSTRAPPED,1.0,1.0,1,1,1,0.0035507678985595703
0,1,Rows,Addition,2185,BOOTSTRAPPED,1.0,1.0,1,1,1,0.003434896469116211
0,1,Rows,Addition,2186,BOOTSTRAPPED,1.0,1.0,1,1,1,0.003557920455932617
0,1,Rows,Addition,2187,BOOTSTRAPPED,1.0,1.0,1,1,1,0.003522157669067383
0,1,Rows,Addition,2188,BOOTSTRAPPED,1.0,1.0,1,1,1,0.0034990310668945312
0,1,Rows,Addition,2189,BOOTSTRAPPED,1.0,1.0,1,1,1,0.003713846206665039
0,1,Rows,Addition,2190,BOOTSTRAPPED,1.0,1.0,1,1,1,0.003545999526977539
0,1,Rows,Addition,2191,BOOTSTRAPPED,1.0,1.0,1,1,1,0.0035681724548339844
0,1,Rows,Addition,2192,BOOTSTRAPPED,1.0,1.0,1,1,1,0.0035619735717773438
0,1,Rows,Addition,2193,BOOTSTRAPPED,1.0,1.0,1,1,1,0.0035550594329833984
0,1,Rows,Addition,2194,BOOTSTRAPPED,1.0,1.0,1,1,1,0.003572225570678711
0,1,Rows,Addition,2195,BOOTSTRAPPED,1.0,1.0,1,1,1,0.0035860538482666016
0,1,Rows,Addition,2196,BOOTSTRAPPED,1.0,1.0,1,1,1,0.0035767555236816406
0,1,Rows,Addition,2197,BOOTSTRAPPED,1.0,1.0,1,1,1,0.003614187240600586
0,1,Rows,Addition,2198,BOOTSTRAPPED,1.0,1.0,1,1,1,0.003580808639526367
0,1,Rows,Addition,2199,BOOTSTRAPPED,1.0,1.0,1,1,1,0.0035529136657714844
0,1,Rows,Addition,2200,BOOTSTRAPPED,1.0,1.0,1,1,1,0.003665924072265625
0,1,Rows,Addition,2201,BOOTSTRAPPED,1.0,1.0,1,1,1,0.003565073013305664
0,1,Rows,Addition,2202,BOOTSTRAPPED,1.0,1.0,1,1,1,0.0035619735717773438
0,1,Rows,Addition,2203,BOOTSTRAPPED,1.0,1.0,1,1,1,0.0036258697509765625
0,1,Rows,Addition,2204,BOOTSTRAPPED,1.0,1.0,1,1,1,0.0036013126373291016
0,1,Rows,Addition,2205,BOOTSTRAPPED,1.0,1.0,1,1,1,0.003438234329223633
0,1,Rows,Addition,2206,BOOTSTRAPPED,1.0,1.0,1,1,1,0.003538370132446289
0,1,Rows,Addition,2207,BOOTSTRAPPED,1.0,1.0,1,1,1,0.003564119338989258
0,1,Rows,Addition,2208,BOOTSTRAPPED,1.0,1.0,1,1,1,0.0035910606384277344
0,1,Rows,Addition,2209,BOOTSTRAPPED,1.0,1.0,1,1,1,0.0036590099334716797
0,1,Rows,Addition,2210,BOOTSTRAPPED,1.0,1.0,1,1,1,0.003595113754272461
0,1,Rows,Addition,2211,BOOTSTRAPPED,1.0,1.0,1,1,1,0.003576040267944336
0,1,Rows,Addition,2212,BOOTSTRAPPED,1.0,1.0,1,1,1,0.003633737564086914
0,1,Rows,Addition,2213,BOOTSTRAPPED,1.0,1.0,1,1,1,0.0034601688385009766
0,1,Rows,Addition,2214,BOOTSTRAPPED,1.0,1.0,1,1,1,0.0035467147827148438
0,1,Rows,Addition,2215,BOOTSTRAPPED,1.0,1.0,1,1,1,0.0035829544067382812
0,1,Rows,Addition,2216,BOOTSTRAPPED,1.0,1.0,1,1,1,0.0036008358001708984
0,1,Rows,Addition,2217,BOOTSTRAPPED,1.0,1.0,1,1,1,0.0033469200134277344
0,1,Rows,Addition,2218,BOOTSTRAPPED,1.0,1.0,1,1,1,0.003465890884399414
0,1,Rows,Addition,2219,BOOTSTRAPPED,1.0,1.0,1,1,1,0.0035240650177001953
0,1,Rows,Addition,2220,BOOTSTRAPPED,1.0,1.0,1,1,1,0.0035157203674316406
0,1,Rows,Addition,2221,BOOTSTRAPPED,1.0,1.0,1,1,1,0.0033931732177734375
0,1,Rows,Addition,2222,BOOTSTRAPPED,1.0,1.0,1,1,1,0.003507852554321289
0,1,Rows,Addition,2223,BOOTSTRAPPED,1.0,1.0,1,1,1,0.0035719871520996094
0,1,Rows,Addition,2224,BOOTSTRAPPED,1.0,1.0,1,1,1,0.00356292724609375
0,1,Rows,Addition,2225,BOOTSTRAPPED,1.0,1.0,1,1,1,0.0033500194549560547
0,1,Rows,Addition,2226,BOOTSTRAPPED,1.0,1.0,1,1,1,0.0035316944122314453
0,1,Rows,Addition,2227,BOOTSTRAPPED,1.0,1.0,1,1,1,0.003538846969604492
0,1,Rows,Addition,2228,BOOTSTRAPPED,1.0,1.0,1,1,1,0.0035479068756103516
0,1,Rows,Addition,2229,BOOTSTRAPPED,1.0,1.0,1,1,1,0.003436565399169922
0,1,Rows,Addition,2230,BOOTSTRAPPED,1.0,1.0,1,1,1,0.0035080909729003906
0,1,Rows,Addition,2231,BOOTSTRAPPED,1.0,1.0,1,1,1,0.0035448074340820312
0,1,Rows,Addition,2232,BOOTSTRAPPED,1.0,1.0,1,1,1,0.0035719871520996094
0,1,Rows,Addition,2233,BOOTSTRAPPED,1.0,1.0,1,1,1,0.0034339427947998047
0,1,Rows,Addition,2234,BOOTSTRAPPED,1.0,1.0,1,1,1,0.0035431385040283203
0,1,Rows,Addition,2235,BOOTSTRAPPED,1.0,1.0,1,1,1,0.0036280155181884766
0,1,Rows,Addition,2236,BOOTSTRAPPED,1.0,1.0,1,1,1,0.003589153289794922
0,1,Rows,Addition,2237,BOOTSTRAPPED,1.0,1.0,1,1,1,0.0036001205444335938
0,1,Rows,Addition,2238,BOOTSTRAPPED,1.0,1.0,1,1,1,0.003590822219848633
0,1,Rows,Addition,2239,BOOTSTRAPPED,1.0,1.0,1,1,1,0.0035910606384277344
0,1,Rows,Addition,2240,BOOTSTRAPPED,1.0,1.0,1,1,1,0.0035741329193115234
0,1,Rows,Addition,2241,BOOTSTRAPPED,1.0,1.0,1,1,1,0.0034208297729492188
0,1,Rows,Addition,2242,BOOTSTRAPPED,1.0,1.0,1,1,1,0.0036039352416992188
0,1,Rows,Addition,2243,BOOTSTRAPPED,1.0,1.0,1,1,1,0.003679037094116211
0,1,Rows,Addition,2244,BOOTSTRAPPED,1.0,1.0,1,1,1,0.003625154495239258
0,1,Rows,Addition,2245,BOOTSTRAPPED,1.0,1.0,1,1,1,0.003428220748901367
0,1,Rows,Addition,2246,BOOTSTRAPPED,1.0,1.0,1,1,1,0.0035560131072998047
0,1,Rows,Addition,2247,BOOTSTRAPPED,1.0,1.0,1,1,1,0.003551006317138672
0,1,Rows,Addition,2248,BOOTSTRAPPED,1.0,1.0,1,1,1,0.003584146499633789
0,1,Rows,Addition,2249,BOOTSTRAPPED,1.0,1.0,1,1,1,0.0035860538482666016
0,1,Rows,Addition,2250,BOOTSTRAPPED,1.0,1.0,1,1,1,0.0036079883575439453
0,1,Rows,Addition,2251,BOOTSTRAPPED,1.0,1.0,1,1,1,0.0036420822143554688
0,1,Rows,Addition,2252,BOOTSTRAPPED,1.0,1.0,1,1,1,0.003612041473388672
0,1,Rows,Addition,2253,BOOTSTRAPPED,1.0,1.0,1,1,1,0.003423929214477539
0,1,Rows,Addition,2254,BOOTSTRAPPED,1.0,1.0,1,1,1,0.0035572052001953125
0,1,Rows,Addition,2255,BOOTSTRAPPED,1.0,1.0,1,1,1,0.003554105758666992
0,1,Rows,Addition,2256,BOOTSTRAPPED,1.0,1.0,1,1,1,0.0035779476165771484
0,1,Rows,Addition,2257,BOOTSTRAPPED,1.0,1.0,1,1,1,0.0036258697509765625
0,1,Rows,Addition,2258,BOOTSTRAPPED,1.0,1.0,1,1,1,0.0035789012908935547
0,1,Rows,Addition,2259,BOOTSTRAPPED,1.0,1.0,1,1,1,0.0036017894744873047
0,1,Rows,Addition,2260,BOOTSTRAPPED,1.0,1.0,1,1,1,0.003522157669067383
0,1,Rows,Addition,2261,BOOTSTRAPPED,1.0,1.0,1,1,1,0.003607034683227539
0,1,Rows,Addition,2262,BOOTSTRAPPED,1.0,1.0,1,1,1,0.0035719871520996094
0,1,Rows,Addition,2263,BOOTSTRAPPED,1.0,1.0,1,1,1,0.0036427974700927734
0,1,Rows,Addition,2264,BOOTSTRAPPED,1.0,1.0,1,1,1,0.0036017894744873047
0,1,Rows,Addition,2265,BOOTSTRAPPED,1.0,1.0,1,1,1,0.0034329891204833984
0,1,Rows,Addition,2266,BOOTSTRAPPED,1.0,1.0,1,1,1,0.003463268280029297
0,1,Rows,Addition,2267,BOOTSTRAPPED,1.0,1.0,1,1,1,0.00368499755859375
0,1,Rows,Addition,2268,BOOTSTRAPPED,1.0,1.0,1,1,1,0.0034019947052001953
0,1,Rows,Addition,2269,BOOTSTRAPPED,1.0,1.0,1,1,1,0.0034630298614501953
0,1,Rows,Addition,2270,BOOTSTRAPPED,1.0,1.0,1,1,1,0.0035109519958496094
0,1,Rows,Addition,2271,BOOTSTRAPPED,1.0,1.0,1,1,1,0.003509044647216797
0,1,Rows,Addition,2272,BOOTSTRAPPED,1.0,1.0,1,1,1,0.0035910606384277344
0,1,Rows,Addition,2273,BOOTSTRAPPED,1.0,1.0,1,1,1,0.0036470890045166016
0,1,Rows,Addition,2274,BOOTSTRAPPED,1.0,1.0,1,1,1,0.0035610198974609375
0,1,Rows,Addition,2275,BOOTSTRAPPED,1.0,1.0,1,1,1,0.0035469532012939453
0,1,Rows,Addition,2276,BOOTSTRAPPED,1.0,1.0,1,1,1,0.0035600662231445312
0,1,Rows,Addition,2277,BOOTSTRAPPED,1.0,1.0,1,1,1,0.003837108612060547
0,1,Rows,Addition,2278,BOOTSTRAPPED,1.0,1.0,1,1,1,0.0037589073181152344
0,1,Rows,Addition,2279,BOOTSTRAPPED,1.0,1.0,1,1,1,0.0037240982055664062
0,1,Rows,Addition,2280,BOOTSTRAPPED,1.0,1.0,1,1,1,0.003695964813232422
0,1,Rows,Addition,2281,BOOTSTRAPPED,1.0,1.0,1,1,1,0.0035560131072998047
0,1,Rows,Addition,2282,BOOTSTRAPPED,1.0,1.0,1,1,1,0.003778696060180664
0,1,Rows,Addition,2283,BOOTSTRAPPED,1.0,1.0,1,1,1,0.003742218017578125
0,1,Rows,Addition,2284,BOOTSTRAPPED,1.0,1.0,1,1,1,0.0036149024963378906
0,1,Rows,Addition,2285,BOOTSTRAPPED,1.0,1.0,1,1,1,0.003748178482055664
0,1,Rows,Addition,2286,BOOTSTRAPPED,1.0,1.0,1,1,1,0.00374603271484375
0,1,Rows,Addition,2287,BOOTSTRAPPED,1.0,1.0,1,1,1,0.003573894500732422
0,1,Rows,Addition,2288,BOOTSTRAPPED,1.0,1.0,1,1,1,0.0036568641662597656
0,1,Rows,Addition,2289,BOOTSTRAPPED,1.0,1.0,1,1,1,0.0038099288940429688
0,1,Rows,Addition,2290,BOOTSTRAPPED,1.0,1.0,1,1,1,0.0038802623748779297
0,1,Rows,Addition,2291,BOOTSTRAPPED,1.0,1.0,1,1,1,0.0036101341247558594
0,1,Rows,Addition,2292,BOOTSTRAPPED,1.0,1.0,1,1,1,0.003665924072265625
0,1,Rows,Addition,2293,BOOTSTRAPPED,1.0,1.0,1,1,1,0.003954887390136719
0,1,Rows,Addition,2294,BOOTSTRAPPED,1.0,1.0,1,1,1,0.0036458969116210938
0,1,Rows,Addition,2295,BOOTSTRAPPED,1.0,1.0,1,1,1,0.003725767135620117
0,1,Rows,Addition,2296,BOOTSTRAPPED,1.0,1.0,1,1,1,0.0035271644592285156
0,1,Rows,Addition,2297,BOOTSTRAPPED,1.0,1.0,1,1,1,0.003582000732421875
0,1,Rows,Addition,2298,BOOTSTRAPPED,1.0,1.0,1,1,1,0.003712177276611328
0,1,Rows,Addition,2299,BOOTSTRAPPED,1.0,1.0,1,1,1,0.003626108169555664
0,1,Rows,Addition,2300,BOOTSTRAPPED,1.0,1.0,1,1,1,0.003542184829711914
0,1,Rows,Addition,2301,BOOTSTRAPPED,1.0,1.0,1,1,1,0.0036478042602539062
0,1,Rows,Addition,2302,BOOTSTRAPPED,1.0,1.0,1,1,1,0.003484964370727539
0,1,Rows,Addition,2303,BOOTSTRAPPED,1.0,1.0,1,1,1,0.003657817840576172
0,1,Rows,Addition,2304,BOOTSTRAPPED,1.0,1.0,1,1,1,0.0036029815673828125
0,1,Rows,Addition,2305,BOOTSTRAPPED,1.0,1.0,1,1,1,0.0047550201416015625
0,1,Rows,Addition,2306,BOOTSTRAPPED,1.0,1.0,1,1,1,0.003964900970458984
0,1,Rows,Addition,2307,BOOTSTRAPPED,1.0,1.0,1,1,1,0.003832101821899414
0,1,Rows,Addition,2308,BOOTSTRAPPED,1.0,1.0,1,1,1,0.0036590099334716797
0,1,Rows,Addition,2309,BOOTSTRAPPED,1.0,1.0,1,1,1,0.003659963607788086
0,1,Rows,Addition,2310,BOOTSTRAPPED,1.0,1.0,1,1,1,0.003688335418701172
0,1,Rows,Addition,2311,BOOTSTRAPPED,1.0,1.0,1,1,1,0.0035309791564941406
0,1,Rows,Addition,2312,BOOTSTRAPPED,1.0,1.0,1,1,1,0.0036220550537109375
0,1,Rows,Addition,2313,BOOTSTRAPPED,1.0,1.0,1,1,1,0.0036821365356445312
0,1,Rows,Addition,2314,BOOTSTRAPPED,1.0,1.0,1,1,1,0.0036132335662841797
0,1,Rows,Addition,2315,BOOTSTRAPPED,1.0,1.0,1,1,1,0.003608226776123047
0,1,Rows,Addition,2316,BOOTSTRAPPED,1.0,1.0,1,1,1,0.0036470890045166016
0,1,Rows,Addition,2317,BOOTSTRAPPED,1.0,1.0,1,1,1,0.0035660266876220703
0,1,Rows,Addition,2318,BOOTSTRAPPED,1.0,1.0,1,1,1,0.003705263137817383
0,1,Rows,Addition,2319,BOOTSTRAPPED,1.0,1.0,1,1,1,0.003567934036254883
0,1,Rows,Addition,2320,BOOTSTRAPPED,1.0,1.0,1,1,1,0.0035429000854492188
0,1,Rows,Addition,2321,BOOTSTRAPPED,1.0,1.0,1,1,1,0.0035979747772216797
0,1,Rows,Addition,2322,BOOTSTRAPPED,1.0,1.0,1,1,1,0.0034880638122558594
0,1,Rows,Addition,2323,BOOTSTRAPPED,1.0,1.0,1,1,1,0.003515958786010742
0,1,Rows,Addition,2324,BOOTSTRAPPED,1.0,1.0,1,1,1,0.0035247802734375
0,1,Rows,Addition,2325,BOOTSTRAPPED,1.0,1.0,1,1,1,0.003545045852661133
0,1,Rows,Addition,2326,BOOTSTRAPPED,1.0,1.0,1,1,1,0.0036249160766601562
0,1,Rows,Addition,2327,BOOTSTRAPPED,1.0,1.0,1,1,1,0.0034711360931396484
0,1,Rows,Addition,2328,BOOTSTRAPPED,1.0,1.0,1,1,1,0.0035560131072998047
0,1,Rows,Addition,2329,BOOTSTRAPPED,1.0,1.0,1,1,1,0.0035812854766845703
0,1,Rows,Addition,2330,BOOTSTRAPPED,1.0,1.0,1,1,1,0.0035889148712158203
0,1,Rows,Addition,2331,BOOTSTRAPPED,1.0,1.0,1,1,1,0.0035152435302734375
0,1,Rows,Addition,2332,BOOTSTRAPPED,1.0,1.0,1,1,1,0.0035839080810546875
0,1,Rows,Addition,2333,BOOTSTRAPPED,1.0,1.0,1,1,1,0.0035109519958496094
0,1,Rows,Addition,2334,BOOTSTRAPPED,1.0,1.0,1,1,1,0.003592967987060547
0,1,Rows,Addition,2335,BOOTSTRAPPED,1.0,1.0,1,1,1,0.003529787063598633
0,1,Rows,Addition,2336,BOOTSTRAPPED,1.0,1.0,1,1,1,0.0035409927368164062
0,1,Rows,Addition,2337,BOOTSTRAPPED,1.0,1.0,1,1,1,0.003498077392578125
0,1,Rows,Addition,2338,BOOTSTRAPPED,1.0,1.0,1,1,1,0.003545999526977539
0,1,Rows,Addition,2339,BOOTSTRAPPED,1.0,1.0,1,1,1,0.0034911632537841797
0,1,Rows,Addition,2340,BOOTSTRAPPED,1.0,1.0,1,1,1,0.0035669803619384766
0,1,Rows,Addition,2341,BOOTSTRAPPED,1.0,1.0,1,1,1,0.003651857376098633
0,1,Rows,Addition,2342,BOOTSTRAPPED,1.0,1.0,1,1,1,0.0036149024963378906
0,1,Rows,Addition,2343,BOOTSTRAPPED,1.0,1.0,1,1,1,0.003443002700805664
0,1,Rows,Addition,2344,BOOTSTRAPPED,1.0,1.0,1,1,1,0.0034580230712890625
0,1,Rows,Addition,2345,BOOTSTRAPPED,1.0,1.0,1,1,1,0.0035400390625
0,1,Rows,Addition,2346,BOOTSTRAPPED,1.0,1.0,1,1,1,0.0035789012908935547
0,1,Rows,Addition,2347,BOOTSTRAPPED,1.0,1.0,1,1,1,0.0034308433532714844
0,1,Rows,Addition,2348,BOOTSTRAPPED,1.0,1.0,1,1,1,0.0035619735717773438
0,1,Rows,Addition,2349,BOOTSTRAPPED,1.0,1.0,1,1,1,0.003529071807861328
0,1,Rows,Addition,2350,BOOTSTRAPPED,1.0,1.0,1,1,1,0.0036351680755615234
0,1,Rows,Addition,2351,BOOTSTRAPPED,1.0,1.0,1,1,1,0.0036191940307617188
0,1,Rows,Addition,2352,BOOTSTRAPPED,1.0,1.0,1,1,1,0.003559112548828125
0,1,Rows,Addition,2353,BOOTSTRAPPED,1.0,1.0,1,1,1,0.0035970211029052734
0,1,Rows,Addition,2354,BOOTSTRAPPED,1.0,1.0,1,1,1,0.003651857376098633
0,1,Rows,Addition,2355,BOOTSTRAPPED,1.0,1.0,1,1,1,0.0035970211029052734
0,1,Rows,Addition,2356,BOOTSTRAPPED,1.0,1.0,1,1,1,0.0035920143127441406
0,1,Rows,Addition,2357,BOOTSTRAPPED,1.0,1.0,1,1,1,0.0034439563751220703
0,1,Rows,Addition,2358,BOOTSTRAPPED,1.0,1.0,1,1,1,0.0035321712493896484
0,1,Rows,Addition,2359,BOOTSTRAPPED,1.0,1.0,1,1,1,0.003548145294189453
0,1,Rows,Addition,2360,BOOTSTRAPPED,1.0,1.0,1,1,1,0.0035400390625
0,1,Rows,Addition,2361,BOOTSTRAPPED,1.0,1.0,1,1,1,0.003648996353149414
0,1,Rows,Addition,2362,BOOTSTRAPPED,1.0,1.0,1,1,1,0.003426074981689453
0,1,Rows,Addition,2363,BOOTSTRAPPED,1.0,1.0,1,1,1,0.003548860549926758
0,1,Rows,Addition,2364,BOOTSTRAPPED,1.0,1.0,1,1,1,0.003627777099609375
0,1,Rows,Addition,2365,BOOTSTRAPPED,1.0,1.0,1,1,1,0.0035283565521240234
0,1,Rows,Addition,2366,BOOTSTRAPPED,1.0,1.0,1,1,1,0.0036132335662841797
0,1,Rows,Addition,2367,BOOTSTRAPPED,1.0,1.0,1,1,1,0.003592967987060547
0,1,Rows,Addition,2368,BOOTSTRAPPED,1.0,1.0,1,1,1,0.0036089420318603516
0,1,Rows,Addition,2369,BOOTSTRAPPED,1.0,1.0,1,1,1,0.0036029815673828125
0,1,Rows,Addition,2370,BOOTSTRAPPED,1.0,1.0,1,1,1,0.0035390853881835938
0,1,Rows,Addition,2371,BOOTSTRAPPED,1.0,1.0,1,1,1,0.0035829544067382812
0,1,Rows,Addition,2372,BOOTSTRAPPED,1.0,1.0,1,1,1,0.00360107421875
0,1,Rows,Addition,2373,BOOTSTRAPPED,1.0,1.0,1,1,1,0.0036058425903320312
0,1,Rows,Addition,2374,BOOTSTRAPPED,1.0,1.0,1,1,1,0.0036199092864990234
0,1,Rows,Addition,2375,BOOTSTRAPPED,1.0,1.0,1,1,1,0.0035910606384277344
0,1,Rows,Addition,2376,BOOTSTRAPPED,1.0,1.0,1,1,1,0.0034592151641845703
0,1,Rows,Addition,2377,BOOTSTRAPPED,1.0,1.0,1,1,1,0.003531932830810547
0,1,Rows,Addition,2378,BOOTSTRAPPED,1.0,1.0,1,1,1,0.003573894500732422
0,1,Rows,Addition,2379,BOOTSTRAPPED,1.0,1.0,1,1,1,0.003401041030883789
0,1,Rows,Addition,2380,BOOTSTRAPPED,1.0,1.0,1,1,1,0.0035200119018554688
0,1,Rows,Addition,2381,BOOTSTRAPPED,1.0,1.0,1,1,1,0.0035707950592041016
0,1,Rows,Addition,2382,BOOTSTRAPPED,1.0,1.0,1,1,1,0.003598928451538086
0,1,Rows,Addition,2383,BOOTSTRAPPED,1.0,1.0,1,1,1,0.0035698413848876953
0,1,Rows,Addition,2384,BOOTSTRAPPED,1.0,1.0,1,1,1,0.0035698413848876953
0,1,Rows,Addition,2385,BOOTSTRAPPED,1.0,1.0,1,1,1,0.0035872459411621094
0,1,Rows,Addition,2386,BOOTSTRAPPED,1.0,1.0,1,1,1,0.0033779144287109375
0,1,Rows,Addition,2387,BOOTSTRAPPED,1.0,1.0,1,1,1,0.003548860549926758
0,1,Rows,Addition,2388,BOOTSTRAPPED,1.0,1.0,1,1,1,0.0035529136657714844
0,1,Rows,Addition,2389,BOOTSTRAPPED,1.0,1.0,1,1,1,0.0034732818603515625
0,1,Rows,Addition,2390,BOOTSTRAPPED,1.0,1.0,1,1,1,0.0036830902099609375
0,1,Rows,Addition,2391,BOOTSTRAPPED,1.0,1.0,1,1,1,0.0034210681915283203
0,1,Rows,Addition,2392,BOOTSTRAPPED,1.0,1.0,1,1,1,0.003462076187133789
0,1,Rows,Addition,2393,BOOTSTRAPPED,1.0,1.0,1,1,1,0.0036041736602783203
0,1,Rows,Addition,2394,BOOTSTRAPPED,1.0,1.0,1,1,1,0.003551959991455078
0,1,Rows,Addition,2395,BOOTSTRAPPED,1.0,1.0,1,1,1,0.0035676956176757812
0,1,Rows,Addition,2396,BOOTSTRAPPED,1.0,1.0,1,1,1,0.0035698413848876953
0,1,Rows,Addition,2397,BOOTSTRAPPED,1.0,1.0,1,1,1,0.003550291061401367
0,1,Rows,Addition,2398,BOOTSTRAPPED,1.0,1.0,1,1,1,0.0036242008209228516
0,1,Rows,Addition,2399,BOOTSTRAPPED,1.0,1.0,1,1,1,0.0033998489379882812
0,1,Rows,Addition,2400,BOOTSTRAPPED,1.0,1.0,1,1,1,0.0035250186920166016
0,1,Rows,Addition,2401,BOOTSTRAPPED,1.0,1.0,1,1,1,0.0035381317138671875
0,1,Rows,Addition,2402,BOOTSTRAPPED,1.0,1.0,1,1,1,0.003459930419921875
0,1,Rows,Addition,2403,BOOTSTRAPPED,1.0,1.0,1,1,1,0.0035238265991210938
0,1,Rows,Addition,2404,BOOTSTRAPPED,1.0,1.0,1,1,1,0.0035719871520996094
0,1,Rows,Addition,2405,BOOTSTRAPPED,1.0,1.0,1,1,1,0.0034198760986328125
0,1,Rows,Addition,2406,BOOTSTRAPPED,1.0,1.0,1,1,1,0.0035021305084228516
0,1,Rows,Addition,2407,BOOTSTRAPPED,1.0,1.0,1,1,1,0.0034220218658447266
0,1,Rows,Addition,2408,BOOTSTRAPPED,1.0,1.0,1,1,1,0.0034897327423095703
0,1,Rows,Addition,2409,BOOTSTRAPPED,1.0,1.0,1,1,1,0.0035152435302734375
0,1,Rows,Addition,2410,BOOTSTRAPPED,1.0,1.0,1,1,1,0.003542184829711914
0,1,Rows,Addition,2411,BOOTSTRAPPED,1.0,1.0,1,1,1,0.0036818981170654297
0,1,Rows,Addition,2412,BOOTSTRAPPED,1.0,1.0,1,1,1,0.0036077499389648438
0,1,Rows,Addition,2413,BOOTSTRAPPED,1.0,1.0,1,1,1,0.003657102584838867
0,1,Rows,Addition,2414,BOOTSTRAPPED,1.0,1.0,1,1,1,0.003644704818725586
0,1,Rows,Addition,2415,BOOTSTRAPPED,1.0,1.0,1,1,1,0.003509998321533203
0,1,Rows,Addition,2416,BOOTSTRAPPED,1.0,1.0,1,1,1,0.0035550594329833984
0,1,Rows,Addition,2417,BOOTSTRAPPED,1.0,1.0,1,1,1,0.003429889678955078
0,1,Rows,Addition,2418,BOOTSTRAPPED,1.0,1.0,1,1,1,0.0035920143127441406
0,1,Rows,Addition,2419,BOOTSTRAPPED,1.0,1.0,1,1,1,0.0034699440002441406
0,1,Rows,Addition,2420,BOOTSTRAPPED,1.0,1.0,1,1,1,0.0035479068756103516
0,1,Rows,Addition,2421,BOOTSTRAPPED,1.0,1.0,1,1,1,0.0034780502319335938
0,1,Rows,Addition,2422,BOOTSTRAPPED,1.0,1.0,1,1,1,0.0035719871520996094
0,1,Rows,Addition,2423,BOOTSTRAPPED,1.0,1.0,1,1,1,0.0035691261291503906
0,1,Rows,Addition,2424,BOOTSTRAPPED,1.0,1.0,1,1,1,0.003421783447265625
0,1,Rows,Addition,2425,BOOTSTRAPPED,1.0,1.0,1,1,1,0.0036308765411376953
0,1,Rows,Addition,2426,BOOTSTRAPPED,1.0,1.0,1,1,1,0.003567934036254883
0,1,Rows,Addition,2427,BOOTSTRAPPED,1.0,1.0,1,1,1,0.0035300254821777344
0,1,Rows,Addition,2428,BOOTSTRAPPED,1.0,1.0,1,1,1,0.0034897327423095703
0,1,Rows,Addition,2429,BOOTSTRAPPED,1.0,1.0,1,1,1,0.003531932830810547
0,1,Rows,Addition,2430,BOOTSTRAPPED,1.0,1.0,1,1,1,0.003592252731323242
0,1,Rows,Addition,2431,BOOTSTRAPPED,1.0,1.0,1,1,1,0.0034699440002441406
0,1,Rows,Addition,2432,BOOTSTRAPPED,1.0,1.0,1,1,1,0.0035080909729003906
0,1,Rows,Addition,2433,BOOTSTRAPPED,1.0,1.0,1,1,1,0.0035779476165771484
0,1,Rows,Addition,2434,BOOTSTRAPPED,1.0,1.0,1,1,1,0.003513813018798828
0,1,Rows,Addition,2435,BOOTSTRAPPED,1.0,1.0,1,1,1,0.003419160842895508
0,1,Rows,Addition,2436,BOOTSTRAPPED,1.0,1.0,1,1,1,0.0035490989685058594
0,1,Rows,Addition,2437,BOOTSTRAPPED,1.0,1.0,1,1,1,0.0035631656646728516
0,1,Rows,Addition,2438,BOOTSTRAPPED,1.0,1.0,1,1,1,0.0036978721618652344
0,1,Rows,Addition,2439,BOOTSTRAPPED,1.0,1.0,1,1,1,0.003385305404663086
0,1,Rows,Addition,2440,BOOTSTRAPPED,1.0,1.0,1,1,1,0.0035250186920166016
0,1,Rows,Addition,2441,BOOTSTRAPPED,1.0,1.0,1,1,1,0.003618001937866211
0,1,Rows,Addition,2442,BOOTSTRAPPED,1.0,1.0,1,1,1,0.0036401748657226562
0,1,Rows,Addition,2443,BOOTSTRAPPED,1.0,1.0,1,1,1,0.0037817955017089844
0,1,Rows,Addition,2444,BOOTSTRAPPED,1.0,1.0,1,1,1,0.003573894500732422
0,1,Rows,Addition,2445,BOOTSTRAPPED,1.0,1.0,1,1,1,0.003547191619873047
0,1,Rows,Addition,2446,BOOTSTRAPPED,1.0,1.0,1,1,1,0.003644227981567383
0,1,Rows,Addition,2447,BOOTSTRAPPED,1.0,1.0,1,1,1,0.0033609867095947266
0,1,Rows,Addition,2448,BOOTSTRAPPED,1.0,1.0,1,1,1,0.003520965576171875
0,1,Rows,Addition,2449,BOOTSTRAPPED,1.0,1.0,1,1,1,0.003491640090942383
0,1,Rows,Addition,2450,BOOTSTRAPPED,1.0,1.0,1,1,1,0.003549814224243164
