,problem_set,orientation,direction,target,solution,validity,generalizability,explainability_size,explainabilty_repeated_terms,explainabilty_cognitive_chunks,time_to_generate
0,0,Rows,Removal,0,DUPLICATED,1.0,1.0,1.0,1.0,1.0,0.004331111907958984
1,0,Rows,Removal,1,DUPLICATED,1.0,1.0,1.0,1.0,1.0,0.004331111907958984
2,0,Rows,Removal,2,DUPLICATED,1.0,1.0,1.0,1.0,1.0,0.004331111907958984
3,0,Rows,Removal,3,DUPLICATED,1.0,1.0,1.0,1.0,1.0,0.004331111907958984
4,0,Rows,Removal,4,DUPLICATED,1.0,1.0,1.0,1.0,1.0,0.004331111907958984
5,0,Rows,Removal,5,DUPLICATED,1.0,1.0,1.0,1.0,1.0,0.004331111907958984
6,0,Rows,Removal,6,DUPLICATED,1.0,1.0,1.0,1.0,1.0,0.004331111907958984
7,0,Rows,Removal,7,DUPLICATED,1.0,1.0,1.0,1.0,1.0,0.004331111907958984
8,0,Rows,Removal,9,DUPLICATED,1.0,1.0,1.0,1.0,1.0,0.004331111907958984
9,0,Rows,Removal,10,DUPLICATED,1.0,1.0,1.0,1.0,1.0,0.004331111907958984
10,0,Rows,Removal,11,DUPLICATED,1.0,1.0,1.0,1.0,1.0,0.004331111907958984
11,0,Rows,Removal,12,DUPLICATED,1.0,1.0,1.0,1.0,1.0,0.004331111907958984
12,0,Rows,Removal,14,DUPLICATED,1.0,1.0,1.0,1.0,1.0,0.004331111907958984
13,0,Rows,Removal,15,DUPLICATED,1.0,1.0,1.0,1.0,1.0,0.004331111907958984
14,0,Rows,Removal,16,DUPLICATED,1.0,1.0,1.0,1.0,1.0,0.004331111907958984
15,0,Rows,Removal,17,DUPLICATED,1.0,1.0,1.0,1.0,1.0,0.004331111907958984
16,0,Rows,Removal,19,DUPLICATED,1.0,1.0,1.0,1.0,1.0,0.004331111907958984
17,0,Rows,Removal,20,DUPLICATED,1.0,1.0,1.0,1.0,1.0,0.004331111907958984
18,0,Rows,Removal,21,DUPLICATED,1.0,1.0,1.0,1.0,1.0,0.004331111907958984
19,0,Rows,Removal,22,DUPLICATED,1.0,1.0,1.0,1.0,1.0,0.004331111907958984
20,0,Rows,Removal,24,DUPLICATED,1.0,1.0,1.0,1.0,1.0,0.004331111907958984
21,0,Rows,Removal,26,DUPLICATED,1.0,1.0,1.0,1.0,1.0,0.004331111907958984
22,0,Rows,Removal,27,DUPLICATED,1.0,1.0,1.0,1.0,1.0,0.004331111907958984
23,0,Rows,Removal,28,DUPLICATED,1.0,1.0,1.0,1.0,1.0,0.004331111907958984
24,0,Rows,Removal,30,DUPLICATED,1.0,1.0,1.0,1.0,1.0,0.004331111907958984
25,0,Rows,Removal,31,DUPLICATED,1.0,1.0,1.0,1.0,1.0,0.004331111907958984
26,0,Rows,Removal,32,DUPLICATED,1.0,1.0,1.0,1.0,1.0,0.004331111907958984
27,0,Rows,Removal,33,DUPLICATED,1.0,1.0,1.0,1.0,1.0,0.004331111907958984
28,0,Rows,Removal,34,DUPLICATED,1.0,1.0,1.0,1.0,1.0,0.004331111907958984
29,0,Rows,Removal,35,DUPLICATED,1.0,1.0,1.0,1.0,1.0,0.004331111907958984
30,0,Rows,Removal,36,DUPLICATED,1.0,1.0,1.0,1.0,1.0,0.004331111907958984
31,0,Rows,Removal,37,DUPLICATED,1.0,1.0,1.0,1.0,1.0,0.004331111907958984
32,0,Rows,Removal,38,DUPLICATED,1.0,1.0,1.0,1.0,1.0,0.004331111907958984
33,0,Rows,Removal,39,DUPLICATED,1.0,1.0,1.0,1.0,1.0,0.004331111907958984
34,0,Rows,Removal,40,DUPLICATED,1.0,1.0,1.0,1.0,1.0,0.004331111907958984
35,0,Rows,Removal,41,DUPLICATED,1.0,1.0,1.0,1.0,1.0,0.004331111907958984
36,0,Rows,Removal,42,DUPLICATED,1.0,1.0,1.0,1.0,1.0,0.004331111907958984
37,0,Rows,Removal,45,DUPLICATED,1.0,1.0,1.0,1.0,1.0,0.004331111907958984
38,0,Rows,Removal,46,DUPLICATED,1.0,1.0,1.0,1.0,1.0,0.004331111907958984
39,0,Rows,Removal,47,DUPLICATED,1.0,1.0,1.0,1.0,1.0,0.004331111907958984
40,0,Rows,Removal,50,DUPLICATED,1.0,1.0,1.0,1.0,1.0,0.004331111907958984
41,0,Rows,Removal,52,DUPLICATED,1.0,1.0,1.0,1.0,1.0,0.004331111907958984
42,0,Rows,Removal,53,DUPLICATED,1.0,1.0,1.0,1.0,1.0,0.004331111907958984
43,0,Rows,Removal,54,DUPLICATED,1.0,1.0,1.0,1.0,1.0,0.004331111907958984
44,0,Rows,Removal,55,DUPLICATED,1.0,1.0,1.0,1.0,1.0,0.004331111907958984
45,0,Rows,Removal,57,DUPLICATED,1.0,1.0,1.0,1.0,1.0,0.004331111907958984
46,0,Rows,Removal,58,DUPLICATED,1.0,1.0,1.0,1.0,1.0,0.004331111907958984
47,0,Rows,Removal,59,DUPLICATED,1.0,1.0,1.0,1.0,1.0,0.004331111907958984
48,0,Rows,Removal,60,DUPLICATED,1.0,1.0,1.0,1.0,1.0,0.004331111907958984
49,0,Rows,Removal,61,DUPLICATED,1.0,1.0,1.0,1.0,1.0,0.004331111907958984
50,0,Rows,Removal,62,DUPLICATED,1.0,1.0,1.0,1.0,1.0,0.004331111907958984
51,0,Rows,Removal,64,DUPLICATED,1.0,1.0,1.0,1.0,1.0,0.004331111907958984
52,0,Rows,Removal,66,DUPLICATED,1.0,1.0,1.0,1.0,1.0,0.004331111907958984
53,0,Rows,Removal,68,DUPLICATED,1.0,1.0,1.0,1.0,1.0,0.004331111907958984
54,0,Rows,Removal,72,DUPLICATED,1.0,1.0,1.0,1.0,1.0,0.004331111907958984
55,0,Rows,Removal,74,DUPLICATED,1.0,1.0,1.0,1.0,1.0,0.004331111907958984
56,0,Rows,Removal,75,DUPLICATED,1.0,1.0,1.0,1.0,1.0,0.004331111907958984
57,0,Rows,Removal,77,DUPLICATED,1.0,1.0,1.0,1.0,1.0,0.004331111907958984
58,0,Rows,Removal,78,DUPLICATED,1.0,1.0,1.0,1.0,1.0,0.004331111907958984
59,0,Rows,Removal,79,DUPLICATED,1.0,1.0,1.0,1.0,1.0,0.004331111907958984
60,0,Rows,Removal,80,DUPLICATED,1.0,1.0,1.0,1.0,1.0,0.004331111907958984
61,0,Rows,Removal,81,DUPLICATED,1.0,1.0,1.0,1.0,1.0,0.004331111907958984
62,0,Rows,Removal,82,DUPLICATED,1.0,1.0,1.0,1.0,1.0,0.004331111907958984
63,0,Rows,Removal,83,DUPLICATED,1.0,1.0,1.0,1.0,1.0,0.004331111907958984
64,0,Rows,Removal,85,DUPLICATED,1.0,1.0,1.0,1.0,1.0,0.004331111907958984
65,0,Rows,Removal,86,DUPLICATED,1.0,1.0,1.0,1.0,1.0,0.004331111907958984
66,0,Rows,Removal,88,DUPLICATED,1.0,1.0,1.0,1.0,1.0,0.004331111907958984
67,0,Rows,Removal,89,DUPLICATED,1.0,1.0,1.0,1.0,1.0,0.004331111907958984
68,0,Rows,Removal,90,DUPLICATED,1.0,1.0,1.0,1.0,1.0,0.004331111907958984
69,0,Rows,Removal,91,DUPLICATED,1.0,1.0,1.0,1.0,1.0,0.004331111907958984
70,0,Rows,Removal,92,DUPLICATED,1.0,1.0,1.0,1.0,1.0,0.004331111907958984
71,0,Rows,Removal,94,DUPLICATED,1.0,1.0,1.0,1.0,1.0,0.004331111907958984
72,0,Rows,Removal,95,DUPLICATED,1.0,1.0,1.0,1.0,1.0,0.004331111907958984
73,0,Rows,Removal,97,DUPLICATED,1.0,1.0,1.0,1.0,1.0,0.004331111907958984
74,0,Rows,Removal,98,DUPLICATED,1.0,1.0,1.0,1.0,1.0,0.004331111907958984
75,0,Rows,Removal,101,DUPLICATED,1.0,1.0,1.0,1.0,1.0,0.004331111907958984
76,0,Rows,Removal,102,DUPLICATED,1.0,1.0,1.0,1.0,1.0,0.004331111907958984
77,0,Rows,Removal,103,DUPLICATED,1.0,1.0,1.0,1.0,1.0,0.004331111907958984
78,0,Rows,Removal,104,DUPLICATED,1.0,1.0,1.0,1.0,1.0,0.004331111907958984
79,0,Rows,Removal,106,DUPLICATED,1.0,1.0,1.0,1.0,1.0,0.004331111907958984
80,0,Rows,Removal,107,DUPLICATED,1.0,1.0,1.0,1.0,1.0,0.004331111907958984
81,0,Rows,Removal,108,DUPLICATED,1.0,1.0,1.0,1.0,1.0,0.004331111907958984
82,0,Rows,Removal,110,DUPLICATED,1.0,1.0,1.0,1.0,1.0,0.004331111907958984
83,0,Rows,Removal,112,DUPLICATED,1.0,1.0,1.0,1.0,1.0,0.004331111907958984
84,0,Rows,Removal,113,DUPLICATED,1.0,1.0,1.0,1.0,1.0,0.004331111907958984
85,0,Rows,Removal,114,DUPLICATED,1.0,1.0,1.0,1.0,1.0,0.004331111907958984
86,0,Rows,Removal,116,DUPLICATED,1.0,1.0,1.0,1.0,1.0,0.004331111907958984
87,0,Rows,Removal,117,DUPLICATED,1.0,1.0,1.0,1.0,1.0,0.004331111907958984
88,0,Rows,Removal,119,DUPLICATED,1.0,1.0,1.0,1.0,1.0,0.004331111907958984
89,0,Rows,Removal,122,DUPLICATED,1.0,1.0,1.0,1.0,1.0,0.004331111907958984
90,0,Rows,Removal,123,DUPLICATED,1.0,1.0,1.0,1.0,1.0,0.004331111907958984
91,0,Rows,Removal,125,DUPLICATED,1.0,1.0,1.0,1.0,1.0,0.004331111907958984
92,0,Rows,Removal,126,DUPLICATED,1.0,1.0,1.0,1.0,1.0,0.004331111907958984
93,0,Rows,Removal,127,DUPLICATED,1.0,1.0,1.0,1.0,1.0,0.004331111907958984
94,0,Rows,Removal,129,DUPLICATED,1.0,1.0,1.0,1.0,1.0,0.004331111907958984
95,0,Rows,Removal,130,DUPLICATED,1.0,1.0,1.0,1.0,1.0,0.004331111907958984
96,0,Rows,Removal,131,DUPLICATED,1.0,1.0,1.0,1.0,1.0,0.004331111907958984
97,0,Rows,Removal,132,DUPLICATED,1.0,1.0,1.0,1.0,1.0,0.004331111907958984
98,0,Rows,Removal,133,DUPLICATED,1.0,1.0,1.0,1.0,1.0,0.004331111907958984
99,0,Rows,Removal,136,DUPLICATED,1.0,1.0,1.0,1.0,1.0,0.004331111907958984
100,0,Rows,Removal,137,DUPLICATED,1.0,1.0,1.0,1.0,1.0,0.004331111907958984
101,0,Rows,Removal,138,DUPLICATED,1.0,1.0,1.0,1.0,1.0,0.004331111907958984
102,0,Rows,Removal,139,DUPLICATED,1.0,1.0,1.0,1.0,1.0,0.004331111907958984
103,0,Rows,Removal,140,DUPLICATED,1.0,1.0,1.0,1.0,1.0,0.004331111907958984
104,0,Rows,Removal,142,DUPLICATED,1.0,1.0,1.0,1.0,1.0,0.004331111907958984
105,0,Rows,Removal,143,DUPLICATED,1.0,1.0,1.0,1.0,1.0,0.004331111907958984
106,0,Rows,Removal,144,DUPLICATED,1.0,1.0,1.0,1.0,1.0,0.004331111907958984
107,0,Rows,Removal,145,DUPLICATED,1.0,1.0,1.0,1.0,1.0,0.004331111907958984
108,0,Rows,Removal,146,DUPLICATED,1.0,1.0,1.0,1.0,1.0,0.004331111907958984
109,0,Rows,Removal,147,DUPLICATED,1.0,1.0,1.0,1.0,1.0,0.004331111907958984
110,0,Rows,Removal,148,DUPLICATED,1.0,1.0,1.0,1.0,1.0,0.004331111907958984
111,0,Rows,Removal,150,DUPLICATED,1.0,1.0,1.0,1.0,1.0,0.004331111907958984
112,0,Rows,Removal,152,DUPLICATED,1.0,1.0,1.0,1.0,1.0,0.004331111907958984
113,0,Rows,Removal,153,DUPLICATED,1.0,1.0,1.0,1.0,1.0,0.004331111907958984
114,0,Rows,Removal,154,DUPLICATED,1.0,1.0,1.0,1.0,1.0,0.004331111907958984
115,0,Rows,Removal,155,DUPLICATED,1.0,1.0,1.0,1.0,1.0,0.004331111907958984
116,0,Rows,Removal,156,DUPLICATED,1.0,1.0,1.0,1.0,1.0,0.004331111907958984
117,0,Rows,Removal,159,DUPLICATED,1.0,1.0,1.0,1.0,1.0,0.004331111907958984
118,0,Rows,Removal,160,DUPLICATED,1.0,1.0,1.0,1.0,1.0,0.004331111907958984
119,0,Rows,Removal,161,DUPLICATED,1.0,1.0,1.0,1.0,1.0,0.004331111907958984
120,0,Rows,Removal,162,DUPLICATED,1.0,1.0,1.0,1.0,1.0,0.004331111907958984
121,0,Rows,Removal,164,DUPLICATED,1.0,1.0,1.0,1.0,1.0,0.004331111907958984
122,0,Rows,Removal,165,DUPLICATED,1.0,1.0,1.0,1.0,1.0,0.004331111907958984
123,0,Rows,Removal,166,DUPLICATED,1.0,1.0,1.0,1.0,1.0,0.004331111907958984
124,0,Rows,Removal,167,DUPLICATED,1.0,1.0,1.0,1.0,1.0,0.004331111907958984
125,0,Rows,Removal,169,DUPLICATED,1.0,1.0,1.0,1.0,1.0,0.004331111907958984
126,0,Rows,Removal,171,DUPLICATED,1.0,1.0,1.0,1.0,1.0,0.004331111907958984
127,0,Rows,Removal,172,DUPLICATED,1.0,1.0,1.0,1.0,1.0,0.004331111907958984
128,0,Rows,Removal,175,DUPLICATED,1.0,1.0,1.0,1.0,1.0,0.004331111907958984
129,0,Rows,Removal,176,DUPLICATED,1.0,1.0,1.0,1.0,1.0,0.004331111907958984
130,0,Rows,Removal,180,DUPLICATED,1.0,1.0,1.0,1.0,1.0,0.004331111907958984
131,0,Rows,Removal,181,DUPLICATED,1.0,1.0,1.0,1.0,1.0,0.004331111907958984
132,0,Rows,Removal,182,DUPLICATED,1.0,1.0,1.0,1.0,1.0,0.004331111907958984
133,0,Rows,Removal,183,DUPLICATED,1.0,1.0,1.0,1.0,1.0,0.004331111907958984
134,0,Rows,Removal,186,DUPLICATED,1.0,1.0,1.0,1.0,1.0,0.004331111907958984
135,0,Rows,Removal,187,DUPLICATED,1.0,1.0,1.0,1.0,1.0,0.004331111907958984
136,0,Rows,Removal,189,DUPLICATED,1.0,1.0,1.0,1.0,1.0,0.004331111907958984
137,0,Rows,Removal,190,DUPLICATED,1.0,1.0,1.0,1.0,1.0,0.004331111907958984
138,0,Rows,Removal,191,DUPLICATED,1.0,1.0,1.0,1.0,1.0,0.004331111907958984
139,0,Rows,Removal,193,DUPLICATED,1.0,1.0,1.0,1.0,1.0,0.004331111907958984
140,0,Rows,Removal,194,DUPLICATED,1.0,1.0,1.0,1.0,1.0,0.004331111907958984
141,0,Rows,Removal,195,DUPLICATED,1.0,1.0,1.0,1.0,1.0,0.004331111907958984
142,0,Rows,Removal,197,DUPLICATED,1.0,1.0,1.0,1.0,1.0,0.004331111907958984
143,0,Rows,Removal,200,DUPLICATED,1.0,1.0,1.0,1.0,1.0,0.004331111907958984
144,0,Rows,Removal,201,DUPLICATED,1.0,1.0,1.0,1.0,1.0,0.004331111907958984
145,0,Rows,Removal,202,DUPLICATED,1.0,1.0,1.0,1.0,1.0,0.004331111907958984
146,0,Rows,Removal,204,DUPLICATED,1.0,1.0,1.0,1.0,1.0,0.004331111907958984
147,0,Rows,Removal,206,DUPLICATED,1.0,1.0,1.0,1.0,1.0,0.004331111907958984
148,0,Rows,Removal,207,DUPLICATED,1.0,1.0,1.0,1.0,1.0,0.004331111907958984
149,0,Rows,Removal,209,DUPLICATED,1.0,1.0,1.0,1.0,1.0,0.004331111907958984
150,0,Rows,Removal,213,DUPLICATED,1.0,1.0,1.0,1.0,1.0,0.004331111907958984
151,0,Rows,Removal,214,DUPLICATED,1.0,1.0,1.0,1.0,1.0,0.004331111907958984
152,0,Rows,Removal,215,DUPLICATED,1.0,1.0,1.0,1.0,1.0,0.004331111907958984
153,0,Rows,Removal,216,DUPLICATED,1.0,1.0,1.0,1.0,1.0,0.004331111907958984
154,0,Rows,Removal,217,DUPLICATED,1.0,1.0,1.0,1.0,1.0,0.004331111907958984
155,0,Rows,Removal,221,DUPLICATED,1.0,1.0,1.0,1.0,1.0,0.004331111907958984
156,0,Rows,Removal,222,DUPLICATED,1.0,1.0,1.0,1.0,1.0,0.004331111907958984
157,0,Rows,Removal,223,DUPLICATED,1.0,1.0,1.0,1.0,1.0,0.004331111907958984
158,0,Rows,Removal,224,DUPLICATED,1.0,1.0,1.0,1.0,1.0,0.004331111907958984
159,0,Rows,Removal,225,DUPLICATED,1.0,1.0,1.0,1.0,1.0,0.004331111907958984
160,0,Rows,Removal,226,DUPLICATED,1.0,1.0,1.0,1.0,1.0,0.004331111907958984
161,0,Rows,Removal,227,DUPLICATED,1.0,1.0,1.0,1.0,1.0,0.004331111907958984
162,0,Rows,Removal,228,DUPLICATED,1.0,1.0,1.0,1.0,1.0,0.004331111907958984
163,0,Rows,Removal,232,DUPLICATED,1.0,1.0,1.0,1.0,1.0,0.004331111907958984
164,0,Rows,Removal,234,DUPLICATED,1.0,1.0,1.0,1.0,1.0,0.004331111907958984
165,0,Rows,Removal,235,DUPLICATED,1.0,1.0,1.0,1.0,1.0,0.004331111907958984
166,0,Rows,Removal,236,DUPLICATED,1.0,1.0,1.0,1.0,1.0,0.004331111907958984
167,0,Rows,Removal,238,DUPLICATED,1.0,1.0,1.0,1.0,1.0,0.004331111907958984
168,0,Rows,Removal,241,DUPLICATED,1.0,1.0,1.0,1.0,1.0,0.004331111907958984
169,0,Rows,Removal,242,DUPLICATED,1.0,1.0,1.0,1.0,1.0,0.004331111907958984
170,0,Rows,Removal,243,DUPLICATED,1.0,1.0,1.0,1.0,1.0,0.004331111907958984
171,0,Rows,Removal,244,DUPLICATED,1.0,1.0,1.0,1.0,1.0,0.004331111907958984
172,0,Rows,Removal,245,DUPLICATED,1.0,1.0,1.0,1.0,1.0,0.004331111907958984
173,0,Rows,Removal,248,DUPLICATED,1.0,1.0,1.0,1.0,1.0,0.004331111907958984
174,0,Rows,Removal,249,DUPLICATED,1.0,1.0,1.0,1.0,1.0,0.004331111907958984
175,0,Rows,Removal,250,DUPLICATED,1.0,1.0,1.0,1.0,1.0,0.004331111907958984
176,0,Rows,Removal,253,DUPLICATED,1.0,1.0,1.0,1.0,1.0,0.004331111907958984
177,0,Rows,Removal,255,DUPLICATED,1.0,1.0,1.0,1.0,1.0,0.004331111907958984
178,0,Rows,Removal,256,DUPLICATED,1.0,1.0,1.0,1.0,1.0,0.004331111907958984
179,0,Rows,Removal,257,DUPLICATED,1.0,1.0,1.0,1.0,1.0,0.004331111907958984
180,0,Rows,Removal,258,DUPLICATED,1.0,1.0,1.0,1.0,1.0,0.004331111907958984
181,0,Rows,Removal,260,DUPLICATED,1.0,1.0,1.0,1.0,1.0,0.004331111907958984
182,0,Rows,Removal,261,DUPLICATED,1.0,1.0,1.0,1.0,1.0,0.004331111907958984
183,0,Rows,Removal,262,DUPLICATED,1.0,1.0,1.0,1.0,1.0,0.004331111907958984
184,0,Rows,Removal,264,DUPLICATED,1.0,1.0,1.0,1.0,1.0,0.004331111907958984
185,0,Rows,Removal,265,DUPLICATED,1.0,1.0,1.0,1.0,1.0,0.004331111907958984
186,0,Rows,Removal,266,DUPLICATED,1.0,1.0,1.0,1.0,1.0,0.004331111907958984
187,0,Rows,Removal,267,DUPLICATED,1.0,1.0,1.0,1.0,1.0,0.004331111907958984
188,0,Rows,Removal,268,DUPLICATED,1.0,1.0,1.0,1.0,1.0,0.004331111907958984
189,0,Rows,Removal,269,DUPLICATED,1.0,1.0,1.0,1.0,1.0,0.004331111907958984
190,0,Rows,Removal,270,DUPLICATED,1.0,1.0,1.0,1.0,1.0,0.004331111907958984
191,0,Rows,Removal,271,DUPLICATED,1.0,1.0,1.0,1.0,1.0,0.004331111907958984
192,0,Rows,Removal,274,DUPLICATED,1.0,1.0,1.0,1.0,1.0,0.004331111907958984
193,0,Rows,Removal,276,DUPLICATED,1.0,1.0,1.0,1.0,1.0,0.004331111907958984
194,0,Rows,Removal,277,DUPLICATED,1.0,1.0,1.0,1.0,1.0,0.004331111907958984
195,0,Rows,Removal,278,DUPLICATED,1.0,1.0,1.0,1.0,1.0,0.004331111907958984
196,0,Rows,Removal,280,DUPLICATED,1.0,1.0,1.0,1.0,1.0,0.004331111907958984
197,0,Rows,Removal,284,DUPLICATED,1.0,1.0,1.0,1.0,1.0,0.004331111907958984
198,0,Rows,Removal,285,DUPLICATED,1.0,1.0,1.0,1.0,1.0,0.004331111907958984
199,0,Rows,Removal,288,DUPLICATED,1.0,1.0,1.0,1.0,1.0,0.004331111907958984
200,0,Rows,Removal,292,DUPLICATED,1.0,1.0,1.0,1.0,1.0,0.004331111907958984
201,0,Rows,Removal,293,DUPLICATED,1.0,1.0,1.0,1.0,1.0,0.004331111907958984
202,0,Rows,Removal,294,DUPLICATED,1.0,1.0,1.0,1.0,1.0,0.004331111907958984
203,0,Rows,Removal,295,DUPLICATED,1.0,1.0,1.0,1.0,1.0,0.004331111907958984
204,0,Rows,Removal,300,DUPLICATED,1.0,1.0,1.0,1.0,1.0,0.004331111907958984
205,0,Rows,Removal,301,DUPLICATED,1.0,1.0,1.0,1.0,1.0,0.004331111907958984
206,0,Rows,Removal,302,DUPLICATED,1.0,1.0,1.0,1.0,1.0,0.004331111907958984
207,0,Rows,Removal,305,DUPLICATED,1.0,1.0,1.0,1.0,1.0,0.004331111907958984
208,0,Rows,Removal,308,DUPLICATED,1.0,1.0,1.0,1.0,1.0,0.004331111907958984
209,0,Rows,Removal,309,DUPLICATED,1.0,1.0,1.0,1.0,1.0,0.004331111907958984
210,0,Rows,Removal,310,DUPLICATED,1.0,1.0,1.0,1.0,1.0,0.004331111907958984
211,0,Rows,Removal,312,DUPLICATED,1.0,1.0,1.0,1.0,1.0,0.004331111907958984
212,0,Rows,Removal,314,DUPLICATED,1.0,1.0,1.0,1.0,1.0,0.004331111907958984
213,0,Rows,Removal,315,DUPLICATED,1.0,1.0,1.0,1.0,1.0,0.004331111907958984
214,0,Rows,Removal,317,DUPLICATED,1.0,1.0,1.0,1.0,1.0,0.004331111907958984
215,0,Rows,Removal,318,DUPLICATED,1.0,1.0,1.0,1.0,1.0,0.004331111907958984
216,0,Rows,Removal,319,DUPLICATED,1.0,1.0,1.0,1.0,1.0,0.004331111907958984
217,0,Rows,Removal,320,DUPLICATED,1.0,1.0,1.0,1.0,1.0,0.004331111907958984
218,0,Rows,Removal,322,DUPLICATED,1.0,1.0,1.0,1.0,1.0,0.004331111907958984
219,0,Rows,Removal,323,DUPLICATED,1.0,1.0,1.0,1.0,1.0,0.004331111907958984
220,0,Rows,Removal,325,DUPLICATED,1.0,1.0,1.0,1.0,1.0,0.004331111907958984
221,0,Rows,Removal,326,DUPLICATED,1.0,1.0,1.0,1.0,1.0,0.004331111907958984
222,0,Rows,Removal,327,DUPLICATED,1.0,1.0,1.0,1.0,1.0,0.004331111907958984
223,0,Rows,Removal,328,DUPLICATED,1.0,1.0,1.0,1.0,1.0,0.004331111907958984
224,0,Rows,Removal,329,DUPLICATED,1.0,1.0,1.0,1.0,1.0,0.004331111907958984
225,0,Rows,Removal,330,DUPLICATED,1.0,1.0,1.0,1.0,1.0,0.004331111907958984
226,0,Rows,Removal,331,DUPLICATED,1.0,1.0,1.0,1.0,1.0,0.004331111907958984
227,0,Rows,Removal,333,DUPLICATED,1.0,1.0,1.0,1.0,1.0,0.004331111907958984
228,0,Rows,Removal,334,DUPLICATED,1.0,1.0,1.0,1.0,1.0,0.004331111907958984
229,0,Rows,Removal,335,DUPLICATED,1.0,1.0,1.0,1.0,1.0,0.004331111907958984
230,0,Rows,Removal,336,DUPLICATED,1.0,1.0,1.0,1.0,1.0,0.004331111907958984
231,0,Rows,Removal,337,DUPLICATED,1.0,1.0,1.0,1.0,1.0,0.004331111907958984
232,0,Rows,Removal,338,DUPLICATED,1.0,1.0,1.0,1.0,1.0,0.004331111907958984
233,0,Rows,Removal,339,DUPLICATED,1.0,1.0,1.0,1.0,1.0,0.004331111907958984
234,0,Rows,Removal,341,DUPLICATED,1.0,1.0,1.0,1.0,1.0,0.004331111907958984
235,0,Rows,Removal,343,DUPLICATED,1.0,1.0,1.0,1.0,1.0,0.004331111907958984
236,0,Rows,Removal,344,DUPLICATED,1.0,1.0,1.0,1.0,1.0,0.004331111907958984
237,0,Rows,Removal,345,DUPLICATED,1.0,1.0,1.0,1.0,1.0,0.004331111907958984
238,0,Rows,Removal,346,DUPLICATED,1.0,1.0,1.0,1.0,1.0,0.004331111907958984
239,0,Rows,Removal,347,DUPLICATED,1.0,1.0,1.0,1.0,1.0,0.004331111907958984
240,0,Rows,Removal,348,DUPLICATED,1.0,1.0,1.0,1.0,1.0,0.004331111907958984
241,0,Rows,Removal,349,DUPLICATED,1.0,1.0,1.0,1.0,1.0,0.004331111907958984
242,0,Rows,Removal,352,DUPLICATED,1.0,1.0,1.0,1.0,1.0,0.004331111907958984
243,0,Rows,Removal,355,DUPLICATED,1.0,1.0,1.0,1.0,1.0,0.004331111907958984
244,0,Rows,Removal,356,DUPLICATED,1.0,1.0,1.0,1.0,1.0,0.004331111907958984
245,0,Rows,Removal,357,DUPLICATED,1.0,1.0,1.0,1.0,1.0,0.004331111907958984
246,0,Rows,Removal,359,DUPLICATED,1.0,1.0,1.0,1.0,1.0,0.004331111907958984
247,0,Rows,Removal,362,DUPLICATED,1.0,1.0,1.0,1.0,1.0,0.004331111907958984
248,0,Rows,Removal,363,DUPLICATED,1.0,1.0,1.0,1.0,1.0,0.004331111907958984
249,0,Rows,Removal,364,DUPLICATED,1.0,1.0,1.0,1.0,1.0,0.004331111907958984
250,0,Rows,Removal,365,DUPLICATED,1.0,1.0,1.0,1.0,1.0,0.004331111907958984
251,0,Rows,Removal,369,DUPLICATED,1.0,1.0,1.0,1.0,1.0,0.004331111907958984
252,0,Rows,Removal,370,DUPLICATED,1.0,1.0,1.0,1.0,1.0,0.004331111907958984
253,0,Rows,Removal,371,DUPLICATED,1.0,1.0,1.0,1.0,1.0,0.004331111907958984
254,0,Rows,Removal,372,DUPLICATED,1.0,1.0,1.0,1.0,1.0,0.004331111907958984
255,0,Rows,Removal,373,DUPLICATED,1.0,1.0,1.0,1.0,1.0,0.004331111907958984
256,0,Rows,Removal,375,DUPLICATED,1.0,1.0,1.0,1.0,1.0,0.004331111907958984
257,0,Rows,Removal,376,DUPLICATED,1.0,1.0,1.0,1.0,1.0,0.004331111907958984
258,0,Rows,Removal,378,DUPLICATED,1.0,1.0,1.0,1.0,1.0,0.004331111907958984
259,0,Rows,Removal,379,DUPLICATED,1.0,1.0,1.0,1.0,1.0,0.004331111907958984
260,0,Rows,Removal,380,DUPLICATED,1.0,1.0,1.0,1.0,1.0,0.004331111907958984
261,0,Rows,Removal,381,DUPLICATED,1.0,1.0,1.0,1.0,1.0,0.004331111907958984
262,0,Rows,Removal,384,DUPLICATED,1.0,1.0,1.0,1.0,1.0,0.004331111907958984
263,0,Rows,Removal,385,DUPLICATED,1.0,1.0,1.0,1.0,1.0,0.004331111907958984
264,0,Rows,Removal,386,DUPLICATED,1.0,1.0,1.0,1.0,1.0,0.004331111907958984
265,0,Rows,Removal,388,DUPLICATED,1.0,1.0,1.0,1.0,1.0,0.004331111907958984
266,0,Rows,Removal,389,DUPLICATED,1.0,1.0,1.0,1.0,1.0,0.004331111907958984
267,0,Rows,Removal,390,DUPLICATED,1.0,1.0,1.0,1.0,1.0,0.004331111907958984
268,0,Rows,Removal,391,DUPLICATED,1.0,1.0,1.0,1.0,1.0,0.004331111907958984
269,0,Rows,Removal,392,DUPLICATED,1.0,1.0,1.0,1.0,1.0,0.004331111907958984
270,0,Rows,Removal,393,DUPLICATED,1.0,1.0,1.0,1.0,1.0,0.004331111907958984
271,0,Rows,Removal,394,DUPLICATED,1.0,1.0,1.0,1.0,1.0,0.004331111907958984
272,0,Rows,Removal,395,DUPLICATED,1.0,1.0,1.0,1.0,1.0,0.004331111907958984
273,0,Rows,Removal,396,DUPLICATED,1.0,1.0,1.0,1.0,1.0,0.004331111907958984
274,0,Rows,Removal,397,DUPLICATED,1.0,1.0,1.0,1.0,1.0,0.004331111907958984
275,0,Rows,Removal,398,DUPLICATED,1.0,1.0,1.0,1.0,1.0,0.004331111907958984
276,0,Rows,Removal,399,DUPLICATED,1.0,1.0,1.0,1.0,1.0,0.004331111907958984
277,0,Rows,Removal,400,DUPLICATED,1.0,1.0,1.0,1.0,1.0,0.004331111907958984
278,0,Rows,Removal,401,DUPLICATED,1.0,1.0,1.0,1.0,1.0,0.004331111907958984
279,0,Rows,Removal,403,DUPLICATED,1.0,1.0,1.0,1.0,1.0,0.004331111907958984
280,0,Rows,Removal,404,DUPLICATED,1.0,1.0,1.0,1.0,1.0,0.004331111907958984
281,0,Rows,Removal,405,DUPLICATED,1.0,1.0,1.0,1.0,1.0,0.004331111907958984
282,0,Rows,Removal,411,DUPLICATED,1.0,1.0,1.0,1.0,1.0,0.004331111907958984
283,0,Rows,Removal,412,DUPLICATED,1.0,1.0,1.0,1.0,1.0,0.004331111907958984
284,0,Rows,Removal,413,DUPLICATED,1.0,1.0,1.0,1.0,1.0,0.004331111907958984
285,0,Rows,Removal,417,DUPLICATED,1.0,1.0,1.0,1.0,1.0,0.004331111907958984
286,0,Rows,Removal,418,DUPLICATED,1.0,1.0,1.0,1.0,1.0,0.004331111907958984
287,0,Rows,Removal,419,DUPLICATED,1.0,1.0,1.0,1.0,1.0,0.004331111907958984
288,0,Rows,Removal,421,DUPLICATED,1.0,1.0,1.0,1.0,1.0,0.004331111907958984
289,0,Rows,Removal,424,DUPLICATED,1.0,1.0,1.0,1.0,1.0,0.004331111907958984
290,0,Rows,Removal,425,DUPLICATED,1.0,1.0,1.0,1.0,1.0,0.004331111907958984
291,0,Rows,Removal,428,DUPLICATED,1.0,1.0,1.0,1.0,1.0,0.004331111907958984
292,0,Rows,Removal,429,DUPLICATED,1.0,1.0,1.0,1.0,1.0,0.004331111907958984
293,0,Rows,Removal,431,DUPLICATED,1.0,1.0,1.0,1.0,1.0,0.004331111907958984
294,0,Rows,Removal,434,DUPLICATED,1.0,1.0,1.0,1.0,1.0,0.004331111907958984
295,0,Rows,Removal,436,DUPLICATED,1.0,1.0,1.0,1.0,1.0,0.004331111907958984
296,0,Rows,Removal,437,DUPLICATED,1.0,1.0,1.0,1.0,1.0,0.004331111907958984
297,0,Rows,Removal,439,DUPLICATED,1.0,1.0,1.0,1.0,1.0,0.004331111907958984
298,0,Rows,Removal,441,DUPLICATED,1.0,1.0,1.0,1.0,1.0,0.004331111907958984
299,0,Rows,Removal,442,DUPLICATED,1.0,1.0,1.0,1.0,1.0,0.004331111907958984
300,0,Rows,Removal,444,DUPLICATED,1.0,1.0,1.0,1.0,1.0,0.004331111907958984
301,0,Rows,Removal,446,DUPLICATED,1.0,1.0,1.0,1.0,1.0,0.004331111907958984
302,0,Rows,Removal,447,DUPLICATED,1.0,1.0,1.0,1.0,1.0,0.004331111907958984
303,0,Rows,Removal,448,DUPLICATED,1.0,1.0,1.0,1.0,1.0,0.004331111907958984
304,0,Rows,Removal,449,DUPLICATED,1.0,1.0,1.0,1.0,1.0,0.004331111907958984
305,0,Rows,Removal,451,DUPLICATED,1.0,1.0,1.0,1.0,1.0,0.004331111907958984
306,0,Rows,Removal,452,DUPLICATED,1.0,1.0,1.0,1.0,1.0,0.004331111907958984
307,0,Rows,Removal,453,DUPLICATED,1.0,1.0,1.0,1.0,1.0,0.004331111907958984
308,0,Rows,Removal,454,DUPLICATED,1.0,1.0,1.0,1.0,1.0,0.004331111907958984
309,0,Rows,Removal,455,DUPLICATED,1.0,1.0,1.0,1.0,1.0,0.004331111907958984
310,0,Rows,Removal,456,DUPLICATED,1.0,1.0,1.0,1.0,1.0,0.004331111907958984
311,0,Rows,Removal,458,DUPLICATED,1.0,1.0,1.0,1.0,1.0,0.004331111907958984
312,0,Rows,Removal,459,DUPLICATED,1.0,1.0,1.0,1.0,1.0,0.004331111907958984
313,0,Rows,Removal,460,DUPLICATED,1.0,1.0,1.0,1.0,1.0,0.004331111907958984
314,0,Rows,Removal,462,DUPLICATED,1.0,1.0,1.0,1.0,1.0,0.004331111907958984
315,0,Rows,Removal,465,DUPLICATED,1.0,1.0,1.0,1.0,1.0,0.004331111907958984
316,0,Rows,Removal,466,DUPLICATED,1.0,1.0,1.0,1.0,1.0,0.004331111907958984
317,0,Rows,Removal,467,DUPLICATED,1.0,1.0,1.0,1.0,1.0,0.004331111907958984
318,0,Rows,Removal,468,DUPLICATED,1.0,1.0,1.0,1.0,1.0,0.004331111907958984
319,0,Rows,Removal,469,DUPLICATED,1.0,1.0,1.0,1.0,1.0,0.004331111907958984
320,0,Rows,Removal,470,DUPLICATED,1.0,1.0,1.0,1.0,1.0,0.004331111907958984
321,0,Rows,Removal,473,DUPLICATED,1.0,1.0,1.0,1.0,1.0,0.004331111907958984
322,0,Rows,Removal,474,DUPLICATED,1.0,1.0,1.0,1.0,1.0,0.004331111907958984
323,0,Rows,Removal,475,DUPLICATED,1.0,1.0,1.0,1.0,1.0,0.004331111907958984
324,0,Rows,Removal,476,DUPLICATED,1.0,1.0,1.0,1.0,1.0,0.004331111907958984
325,0,Rows,Removal,477,DUPLICATED,1.0,1.0,1.0,1.0,1.0,0.004331111907958984
326,0,Rows,Removal,481,DUPLICATED,1.0,1.0,1.0,1.0,1.0,0.004331111907958984
327,0,Rows,Removal,483,DUPLICATED,1.0,1.0,1.0,1.0,1.0,0.004331111907958984
328,0,Rows,Removal,484,DUPLICATED,1.0,1.0,1.0,1.0,1.0,0.004331111907958984
329,0,Rows,Removal,487,DUPLICATED,1.0,1.0,1.0,1.0,1.0,0.004331111907958984
330,0,Rows,Removal,488,DUPLICATED,1.0,1.0,1.0,1.0,1.0,0.004331111907958984
331,0,Rows,Removal,489,DUPLICATED,1.0,1.0,1.0,1.0,1.0,0.004331111907958984
332,0,Rows,Removal,490,DUPLICATED,1.0,1.0,1.0,1.0,1.0,0.004331111907958984
333,0,Rows,Removal,491,DUPLICATED,1.0,1.0,1.0,1.0,1.0,0.004331111907958984
334,0,Rows,Removal,492,DUPLICATED,1.0,1.0,1.0,1.0,1.0,0.004331111907958984
335,0,Rows,Removal,493,DUPLICATED,1.0,1.0,1.0,1.0,1.0,0.004331111907958984
336,0,Rows,Removal,496,DUPLICATED,1.0,1.0,1.0,1.0,1.0,0.004331111907958984
337,0,Rows,Removal,498,DUPLICATED,1.0,1.0,1.0,1.0,1.0,0.004331111907958984
338,0,Rows,Removal,499,DUPLICATED,1.0,1.0,1.0,1.0,1.0,0.004331111907958984
339,0,Rows,Removal,501,DUPLICATED,1.0,1.0,1.0,1.0,1.0,0.004331111907958984
340,0,Rows,Removal,502,DUPLICATED,1.0,1.0,1.0,1.0,1.0,0.004331111907958984
341,0,Rows,Removal,503,DUPLICATED,1.0,1.0,1.0,1.0,1.0,0.004331111907958984
342,0,Rows,Removal,504,DUPLICATED,1.0,1.0,1.0,1.0,1.0,0.004331111907958984
343,0,Rows,Removal,505,DUPLICATED,1.0,1.0,1.0,1.0,1.0,0.004331111907958984
344,0,Rows,Removal,506,DUPLICATED,1.0,1.0,1.0,1.0,1.0,0.004331111907958984
345,0,Rows,Removal,510,DUPLICATED,1.0,1.0,1.0,1.0,1.0,0.004331111907958984
346,0,Rows,Removal,512,DUPLICATED,1.0,1.0,1.0,1.0,1.0,0.004331111907958984
347,0,Rows,Removal,513,DUPLICATED,1.0,1.0,1.0,1.0,1.0,0.004331111907958984
348,0,Rows,Removal,515,DUPLICATED,1.0,1.0,1.0,1.0,1.0,0.004331111907958984
349,0,Rows,Removal,516,DUPLICATED,1.0,1.0,1.0,1.0,1.0,0.004331111907958984
350,0,Rows,Removal,517,DUPLICATED,1.0,1.0,1.0,1.0,1.0,0.004331111907958984
351,0,Rows,Removal,519,DUPLICATED,1.0,1.0,1.0,1.0,1.0,0.004331111907958984
352,0,Rows,Removal,520,DUPLICATED,1.0,1.0,1.0,1.0,1.0,0.004331111907958984
353,0,Rows,Removal,523,DUPLICATED,1.0,1.0,1.0,1.0,1.0,0.004331111907958984
354,0,Rows,Removal,524,DUPLICATED,1.0,1.0,1.0,1.0,1.0,0.004331111907958984
355,0,Rows,Removal,525,DUPLICATED,1.0,1.0,1.0,1.0,1.0,0.004331111907958984
356,0,Rows,Removal,526,DUPLICATED,1.0,1.0,1.0,1.0,1.0,0.004331111907958984
357,0,Rows,Removal,531,DUPLICATED,1.0,1.0,1.0,1.0,1.0,0.004331111907958984
358,0,Rows,Removal,533,DUPLICATED,1.0,1.0,1.0,1.0,1.0,0.004331111907958984
359,0,Rows,Removal,534,DUPLICATED,1.0,1.0,1.0,1.0,1.0,0.004331111907958984
360,0,Rows,Removal,536,DUPLICATED,1.0,1.0,1.0,1.0,1.0,0.004331111907958984
361,0,Rows,Removal,537,DUPLICATED,1.0,1.0,1.0,1.0,1.0,0.004331111907958984
362,0,Rows,Removal,538,DUPLICATED,1.0,1.0,1.0,1.0,1.0,0.004331111907958984
363,0,Rows,Removal,539,DUPLICATED,1.0,1.0,1.0,1.0,1.0,0.004331111907958984
364,0,Rows,Removal,540,DUPLICATED,1.0,1.0,1.0,1.0,1.0,0.004331111907958984
365,0,Rows,Removal,541,DUPLICATED,1.0,1.0,1.0,1.0,1.0,0.004331111907958984
366,0,Rows,Removal,542,DUPLICATED,1.0,1.0,1.0,1.0,1.0,0.004331111907958984
367,0,Rows,Removal,545,DUPLICATED,1.0,1.0,1.0,1.0,1.0,0.004331111907958984
368,0,Rows,Removal,546,DUPLICATED,1.0,1.0,1.0,1.0,1.0,0.004331111907958984
369,0,Rows,Removal,547,DUPLICATED,1.0,1.0,1.0,1.0,1.0,0.004331111907958984
370,0,Rows,Removal,549,DUPLICATED,1.0,1.0,1.0,1.0,1.0,0.004331111907958984
371,0,Rows,Removal,550,DUPLICATED,1.0,1.0,1.0,1.0,1.0,0.004331111907958984
372,0,Rows,Removal,551,DUPLICATED,1.0,1.0,1.0,1.0,1.0,0.004331111907958984
373,0,Rows,Removal,553,DUPLICATED,1.0,1.0,1.0,1.0,1.0,0.004331111907958984
374,0,Rows,Removal,556,DUPLICATED,1.0,1.0,1.0,1.0,1.0,0.004331111907958984
375,0,Rows,Removal,558,DUPLICATED,1.0,1.0,1.0,1.0,1.0,0.004331111907958984
376,0,Rows,Removal,559,DUPLICATED,1.0,1.0,1.0,1.0,1.0,0.004331111907958984
377,0,Rows,Removal,560,DUPLICATED,1.0,1.0,1.0,1.0,1.0,0.004331111907958984
378,0,Rows,Removal,562,DUPLICATED,1.0,1.0,1.0,1.0,1.0,0.004331111907958984
379,0,Rows,Removal,563,DUPLICATED,1.0,1.0,1.0,1.0,1.0,0.004331111907958984
380,0,Rows,Removal,566,DUPLICATED,1.0,1.0,1.0,1.0,1.0,0.004331111907958984
381,0,Rows,Removal,567,DUPLICATED,1.0,1.0,1.0,1.0,1.0,0.004331111907958984
382,0,Rows,Removal,568,DUPLICATED,1.0,1.0,1.0,1.0,1.0,0.004331111907958984
383,0,Rows,Removal,569,DUPLICATED,1.0,1.0,1.0,1.0,1.0,0.004331111907958984
384,0,Rows,Removal,570,DUPLICATED,1.0,1.0,1.0,1.0,1.0,0.004331111907958984
385,0,Rows,Removal,571,DUPLICATED,1.0,1.0,1.0,1.0,1.0,0.004331111907958984
386,0,Rows,Removal,572,DUPLICATED,1.0,1.0,1.0,1.0,1.0,0.004331111907958984
387,0,Rows,Removal,573,DUPLICATED,1.0,1.0,1.0,1.0,1.0,0.004331111907958984
388,0,Rows,Removal,574,DUPLICATED,1.0,1.0,1.0,1.0,1.0,0.004331111907958984
389,0,Rows,Removal,576,DUPLICATED,1.0,1.0,1.0,1.0,1.0,0.004331111907958984
390,0,Rows,Removal,577,DUPLICATED,1.0,1.0,1.0,1.0,1.0,0.004331111907958984
391,0,Rows,Removal,578,DUPLICATED,1.0,1.0,1.0,1.0,1.0,0.004331111907958984
392,0,Rows,Removal,579,DUPLICATED,1.0,1.0,1.0,1.0,1.0,0.004331111907958984
393,0,Rows,Removal,580,DUPLICATED,1.0,1.0,1.0,1.0,1.0,0.004331111907958984
394,0,Rows,Removal,583,DUPLICATED,1.0,1.0,1.0,1.0,1.0,0.004331111907958984
395,0,Rows,Removal,584,DUPLICATED,1.0,1.0,1.0,1.0,1.0,0.004331111907958984
396,0,Rows,Removal,585,DUPLICATED,1.0,1.0,1.0,1.0,1.0,0.004331111907958984
397,0,Rows,Removal,586,DUPLICATED,1.0,1.0,1.0,1.0,1.0,0.004331111907958984
398,0,Rows,Removal,587,DUPLICATED,1.0,1.0,1.0,1.0,1.0,0.004331111907958984
399,0,Rows,Removal,588,DUPLICATED,1.0,1.0,1.0,1.0,1.0,0.004331111907958984
400,0,Rows,Removal,589,DUPLICATED,1.0,1.0,1.0,1.0,1.0,0.004331111907958984
401,0,Rows,Removal,590,DUPLICATED,1.0,1.0,1.0,1.0,1.0,0.004331111907958984
402,0,Rows,Removal,592,DUPLICATED,1.0,1.0,1.0,1.0,1.0,0.004331111907958984
403,0,Rows,Removal,593,DUPLICATED,1.0,1.0,1.0,1.0,1.0,0.004331111907958984
404,0,Rows,Removal,594,DUPLICATED,1.0,1.0,1.0,1.0,1.0,0.004331111907958984
405,0,Rows,Removal,595,DUPLICATED,1.0,1.0,1.0,1.0,1.0,0.004331111907958984
406,0,Rows,Removal,597,DUPLICATED,1.0,1.0,1.0,1.0,1.0,0.004331111907958984
407,0,Rows,Removal,600,DUPLICATED,1.0,1.0,1.0,1.0,1.0,0.004331111907958984
408,0,Rows,Removal,601,DUPLICATED,1.0,1.0,1.0,1.0,1.0,0.004331111907958984
409,0,Rows,Removal,603,DUPLICATED,1.0,1.0,1.0,1.0,1.0,0.004331111907958984
410,0,Rows,Removal,604,DUPLICATED,1.0,1.0,1.0,1.0,1.0,0.004331111907958984
411,0,Rows,Removal,606,DUPLICATED,1.0,1.0,1.0,1.0,1.0,0.004331111907958984
412,0,Rows,Removal,608,DUPLICATED,1.0,1.0,1.0,1.0,1.0,0.004331111907958984
413,0,Rows,Removal,609,DUPLICATED,1.0,1.0,1.0,1.0,1.0,0.004331111907958984
414,0,Rows,Removal,612,DUPLICATED,1.0,1.0,1.0,1.0,1.0,0.004331111907958984
415,0,Rows,Removal,614,DUPLICATED,1.0,1.0,1.0,1.0,1.0,0.004331111907958984
416,0,Rows,Removal,615,DUPLICATED,1.0,1.0,1.0,1.0,1.0,0.004331111907958984
417,0,Rows,Removal,616,DUPLICATED,1.0,1.0,1.0,1.0,1.0,0.004331111907958984
418,0,Rows,Removal,619,DUPLICATED,1.0,1.0,1.0,1.0,1.0,0.004331111907958984
419,0,Rows,Removal,622,DUPLICATED,1.0,1.0,1.0,1.0,1.0,0.004331111907958984
420,0,Rows,Removal,623,DUPLICATED,1.0,1.0,1.0,1.0,1.0,0.004331111907958984
421,0,Rows,Removal,624,DUPLICATED,1.0,1.0,1.0,1.0,1.0,0.004331111907958984
422,0,Rows,Removal,625,DUPLICATED,1.0,1.0,1.0,1.0,1.0,0.004331111907958984
423,0,Rows,Removal,626,DUPLICATED,1.0,1.0,1.0,1.0,1.0,0.004331111907958984
424,0,Rows,Removal,627,DUPLICATED,1.0,1.0,1.0,1.0,1.0,0.004331111907958984
425,0,Rows,Removal,628,DUPLICATED,1.0,1.0,1.0,1.0,1.0,0.004331111907958984
426,0,Rows,Removal,631,DUPLICATED,1.0,1.0,1.0,1.0,1.0,0.004331111907958984
427,0,Rows,Removal,633,DUPLICATED,1.0,1.0,1.0,1.0,1.0,0.004331111907958984
428,0,Rows,Removal,634,DUPLICATED,1.0,1.0,1.0,1.0,1.0,0.004331111907958984
429,0,Rows,Removal,635,DUPLICATED,1.0,1.0,1.0,1.0,1.0,0.004331111907958984
430,0,Rows,Removal,638,DUPLICATED,1.0,1.0,1.0,1.0,1.0,0.004331111907958984
431,0,Rows,Removal,639,DUPLICATED,1.0,1.0,1.0,1.0,1.0,0.004331111907958984
432,0,Rows,Removal,640,DUPLICATED,1.0,1.0,1.0,1.0,1.0,0.004331111907958984
433,0,Rows,Removal,641,DUPLICATED,1.0,1.0,1.0,1.0,1.0,0.004331111907958984
434,0,Rows,Removal,644,DUPLICATED,1.0,1.0,1.0,1.0,1.0,0.004331111907958984
435,0,Rows,Removal,645,DUPLICATED,1.0,1.0,1.0,1.0,1.0,0.004331111907958984
436,0,Rows,Removal,646,DUPLICATED,1.0,1.0,1.0,1.0,1.0,0.004331111907958984
437,0,Rows,Removal,648,DUPLICATED,1.0,1.0,1.0,1.0,1.0,0.004331111907958984
438,0,Rows,Removal,652,DUPLICATED,1.0,1.0,1.0,1.0,1.0,0.004331111907958984
439,0,Rows,Removal,653,DUPLICATED,1.0,1.0,1.0,1.0,1.0,0.004331111907958984
440,0,Rows,Removal,655,DUPLICATED,1.0,1.0,1.0,1.0,1.0,0.004331111907958984
441,0,Rows,Removal,656,DUPLICATED,1.0,1.0,1.0,1.0,1.0,0.004331111907958984
442,0,Rows,Removal,657,DUPLICATED,1.0,1.0,1.0,1.0,1.0,0.004331111907958984
443,0,Rows,Removal,658,DUPLICATED,1.0,1.0,1.0,1.0,1.0,0.004331111907958984
444,0,Rows,Removal,659,DUPLICATED,1.0,1.0,1.0,1.0,1.0,0.004331111907958984
445,0,Rows,Removal,660,DUPLICATED,1.0,1.0,1.0,1.0,1.0,0.004331111907958984
446,0,Rows,Removal,661,DUPLICATED,1.0,1.0,1.0,1.0,1.0,0.004331111907958984
447,0,Rows,Removal,662,DUPLICATED,1.0,1.0,1.0,1.0,1.0,0.004331111907958984
448,0,Rows,Removal,663,DUPLICATED,1.0,1.0,1.0,1.0,1.0,0.004331111907958984
449,0,Rows,Removal,664,DUPLICATED,1.0,1.0,1.0,1.0,1.0,0.004331111907958984
450,0,Rows,Removal,665,DUPLICATED,1.0,1.0,1.0,1.0,1.0,0.004331111907958984
451,0,Rows,Removal,666,DUPLICATED,1.0,1.0,1.0,1.0,1.0,0.004331111907958984
452,0,Rows,Removal,667,DUPLICATED,1.0,1.0,1.0,1.0,1.0,0.004331111907958984
453,0,Rows,Removal,669,DUPLICATED,1.0,1.0,1.0,1.0,1.0,0.004331111907958984
454,0,Rows,Removal,671,DUPLICATED,1.0,1.0,1.0,1.0,1.0,0.004331111907958984
455,0,Rows,Removal,673,DUPLICATED,1.0,1.0,1.0,1.0,1.0,0.004331111907958984
456,0,Rows,Removal,674,DUPLICATED,1.0,1.0,1.0,1.0,1.0,0.004331111907958984
457,0,Rows,Removal,675,DUPLICATED,1.0,1.0,1.0,1.0,1.0,0.004331111907958984
458,0,Rows,Removal,676,DUPLICATED,1.0,1.0,1.0,1.0,1.0,0.004331111907958984
459,0,Rows,Removal,680,DUPLICATED,1.0,1.0,1.0,1.0,1.0,0.004331111907958984
460,0,Rows,Removal,681,DUPLICATED,1.0,1.0,1.0,1.0,1.0,0.004331111907958984
461,0,Rows,Removal,682,DUPLICATED,1.0,1.0,1.0,1.0,1.0,0.004331111907958984
462,0,Rows,Removal,683,DUPLICATED,1.0,1.0,1.0,1.0,1.0,0.004331111907958984
463,0,Rows,Removal,684,DUPLICATED,1.0,1.0,1.0,1.0,1.0,0.004331111907958984
464,0,Rows,Removal,685,DUPLICATED,1.0,1.0,1.0,1.0,1.0,0.004331111907958984
465,0,Rows,Removal,686,DUPLICATED,1.0,1.0,1.0,1.0,1.0,0.004331111907958984
466,0,Rows,Removal,687,DUPLICATED,1.0,1.0,1.0,1.0,1.0,0.004331111907958984
467,0,Rows,Removal,688,DUPLICATED,1.0,1.0,1.0,1.0,1.0,0.004331111907958984
468,0,Rows,Removal,689,DUPLICATED,1.0,1.0,1.0,1.0,1.0,0.004331111907958984
469,0,Rows,Removal,691,DUPLICATED,1.0,1.0,1.0,1.0,1.0,0.004331111907958984
470,0,Rows,Removal,692,DUPLICATED,1.0,1.0,1.0,1.0,1.0,0.004331111907958984
471,0,Rows,Removal,696,DUPLICATED,1.0,1.0,1.0,1.0,1.0,0.004331111907958984
472,0,Rows,Removal,697,DUPLICATED,1.0,1.0,1.0,1.0,1.0,0.004331111907958984
473,0,Rows,Removal,698,DUPLICATED,1.0,1.0,1.0,1.0,1.0,0.004331111907958984
474,0,Rows,Removal,699,DUPLICATED,1.0,1.0,1.0,1.0,1.0,0.004331111907958984
475,0,Rows,Removal,701,DUPLICATED,1.0,1.0,1.0,1.0,1.0,0.004331111907958984
476,0,Rows,Removal,702,DUPLICATED,1.0,1.0,1.0,1.0,1.0,0.004331111907958984
477,0,Rows,Removal,703,DUPLICATED,1.0,1.0,1.0,1.0,1.0,0.004331111907958984
478,0,Rows,Removal,704,DUPLICATED,1.0,1.0,1.0,1.0,1.0,0.004331111907958984
479,0,Rows,Removal,706,DUPLICATED,1.0,1.0,1.0,1.0,1.0,0.004331111907958984
480,0,Rows,Removal,708,DUPLICATED,1.0,1.0,1.0,1.0,1.0,0.004331111907958984
481,0,Rows,Removal,709,DUPLICATED,1.0,1.0,1.0,1.0,1.0,0.004331111907958984
482,0,Rows,Removal,710,DUPLICATED,1.0,1.0,1.0,1.0,1.0,0.004331111907958984
483,0,Rows,Removal,711,DUPLICATED,1.0,1.0,1.0,1.0,1.0,0.004331111907958984
484,0,Rows,Removal,712,DUPLICATED,1.0,1.0,1.0,1.0,1.0,0.004331111907958984
485,0,Rows,Removal,713,DUPLICATED,1.0,1.0,1.0,1.0,1.0,0.004331111907958984
486,0,Rows,Removal,714,DUPLICATED,1.0,1.0,1.0,1.0,1.0,0.004331111907958984
487,0,Rows,Removal,715,DUPLICATED,1.0,1.0,1.0,1.0,1.0,0.004331111907958984
488,0,Rows,Removal,716,DUPLICATED,1.0,1.0,1.0,1.0,1.0,0.004331111907958984
489,0,Rows,Removal,717,DUPLICATED,1.0,1.0,1.0,1.0,1.0,0.004331111907958984
490,0,Rows,Removal,718,DUPLICATED,1.0,1.0,1.0,1.0,1.0,0.004331111907958984
491,0,Rows,Removal,720,DUPLICATED,1.0,1.0,1.0,1.0,1.0,0.004331111907958984
492,0,Rows,Removal,721,DUPLICATED,1.0,1.0,1.0,1.0,1.0,0.004331111907958984
493,0,Rows,Removal,722,DUPLICATED,1.0,1.0,1.0,1.0,1.0,0.004331111907958984
494,0,Rows,Removal,723,DUPLICATED,1.0,1.0,1.0,1.0,1.0,0.004331111907958984
495,0,Rows,Removal,724,DUPLICATED,1.0,1.0,1.0,1.0,1.0,0.004331111907958984
496,0,Rows,Removal,725,DUPLICATED,1.0,1.0,1.0,1.0,1.0,0.004331111907958984
497,0,Rows,Removal,726,DUPLICATED,1.0,1.0,1.0,1.0,1.0,0.004331111907958984
498,0,Rows,Removal,728,DUPLICATED,1.0,1.0,1.0,1.0,1.0,0.004331111907958984
499,0,Rows,Removal,730,DUPLICATED,1.0,1.0,1.0,1.0,1.0,0.004331111907958984
500,0,Rows,Removal,731,DUPLICATED,1.0,1.0,1.0,1.0,1.0,0.004331111907958984
501,0,Rows,Removal,732,DUPLICATED,1.0,1.0,1.0,1.0,1.0,0.004331111907958984
502,0,Rows,Removal,734,DUPLICATED,1.0,1.0,1.0,1.0,1.0,0.004331111907958984
0,0,Rows,Addition,0,BOOTSTRAPPED,1.0,1.0,1,1,1,0.0018658638000488281
0,0,Rows,Addition,1,BOOTSTRAPPED,1.0,1.0,1,1,1,0.0019040107727050781
0,0,Rows,Addition,2,BOOTSTRAPPED,1.0,1.0,1,1,1,0.0021009445190429688
0,0,Rows,Addition,3,BOOTSTRAPPED,1.0,1.0,1,1,1,0.0017621517181396484
0,0,Rows,Addition,4,BOOTSTRAPPED,1.0,1.0,1,1,1,0.0017070770263671875
0,0,Rows,Addition,6,BOOTSTRAPPED,1.0,1.0,1,1,1,0.0016980171203613281
0,0,Rows,Addition,9,BOOTSTRAPPED,1.0,1.0,1,1,1,0.0019140243530273438
0,0,Rows,Addition,11,BOOTSTRAPPED,1.0,1.0,1,1,1,0.0017008781433105469
0,0,Rows,Addition,12,BOOTSTRAPPED,1.0,1.0,1,1,1,0.0016987323760986328
0,0,Rows,Addition,14,BOOTSTRAPPED,1.0,1.0,1,1,1,0.0017306804656982422
0,0,Rows,Addition,15,BOOTSTRAPPED,1.0,1.0,1,1,1,0.0018041133880615234
0,0,Rows,Addition,16,BOOTSTRAPPED,1.0,1.0,1,1,1,0.0017380714416503906
0,0,Rows,Addition,17,BOOTSTRAPPED,1.0,1.0,1,1,1,0.0017440319061279297
0,0,Rows,Addition,18,BOOTSTRAPPED,1.0,1.0,1,1,1,0.0017299652099609375
0,0,Rows,Addition,19,BOOTSTRAPPED,1.0,1.0,1,1,1,0.0017478466033935547
0,0,Rows,Addition,20,BOOTSTRAPPED,1.0,1.0,1,1,1,0.0017561912536621094
0,0,Rows,Addition,21,BOOTSTRAPPED,1.0,1.0,1,1,1,0.0017278194427490234
0,0,Rows,Addition,22,BOOTSTRAPPED,1.0,1.0,1,1,1,0.0017371177673339844
0,0,Rows,Addition,24,BOOTSTRAPPED,1.0,1.0,1,1,1,0.0018169879913330078
0,0,Rows,Addition,25,BOOTSTRAPPED,1.0,1.0,1,1,1,0.0017299652099609375
0,0,Rows,Addition,27,BOOTSTRAPPED,1.0,1.0,1,1,1,0.0017421245574951172
0,0,Rows,Addition,28,BOOTSTRAPPED,1.0,1.0,1,1,1,0.0017330646514892578
0,0,Rows,Addition,29,BOOTSTRAPPED,1.0,1.0,1,1,1,0.0017328262329101562
0,0,Rows,Addition,31,BOOTSTRAPPED,1.0,1.0,1,1,1,0.0017290115356445312
0,0,Rows,Addition,32,BOOTSTRAPPED,1.0,1.0,1,1,1,0.001828908920288086
0,0,Rows,Addition,34,BOOTSTRAPPED,1.0,1.0,1,1,1,0.0017299652099609375
0,0,Rows,Addition,35,BOOTSTRAPPED,1.0,1.0,1,1,1,0.001764059066772461
0,0,Rows,Addition,36,BOOTSTRAPPED,1.0,1.0,1,1,1,0.0016908645629882812
0,0,Rows,Addition,37,BOOTSTRAPPED,1.0,1.0,1,1,1,0.0016698837280273438
0,0,Rows,Addition,38,BOOTSTRAPPED,1.0,1.0,1,1,1,0.0016720294952392578
0,0,Rows,Addition,39,BOOTSTRAPPED,1.0,1.0,1,1,1,0.0017938613891601562
0,0,Rows,Addition,40,BOOTSTRAPPED,1.0,1.0,1,1,1,0.0016713142395019531
0,0,Rows,Addition,42,BOOTSTRAPPED,1.0,1.0,1,1,1,0.0016741752624511719
0,0,Rows,Addition,43,BOOTSTRAPPED,1.0,1.0,1,1,1,0.0016987323760986328
0,0,Rows,Addition,44,BOOTSTRAPPED,1.0,1.0,1,1,1,0.0017211437225341797
0,0,Rows,Addition,45,BOOTSTRAPPED,1.0,1.0,1,1,1,0.0017352104187011719
0,0,Rows,Addition,47,BOOTSTRAPPED,1.0,1.0,1,1,1,0.0017101764678955078
0,0,Rows,Addition,49,BOOTSTRAPPED,1.0,1.0,1,1,1,0.0017228126525878906
0,0,Rows,Addition,51,BOOTSTRAPPED,1.0,1.0,1,1,1,0.001708984375
0,0,Rows,Addition,53,BOOTSTRAPPED,1.0,1.0,1,1,1,0.0017011165618896484
0,0,Rows,Addition,54,BOOTSTRAPPED,1.0,1.0,1,1,1,0.0017249584197998047
0,0,Rows,Addition,55,BOOTSTRAPPED,1.0,1.0,1,1,1,0.0017399787902832031
0,0,Rows,Addition,56,BOOTSTRAPPED,1.0,1.0,1,1,1,0.0017039775848388672
0,0,Rows,Addition,57,BOOTSTRAPPED,1.0,1.0,1,1,1,0.0017702579498291016
0,0,Rows,Addition,59,BOOTSTRAPPED,1.0,1.0,1,1,1,0.0017311573028564453
0,0,Rows,Addition,60,BOOTSTRAPPED,1.0,1.0,1,1,1,0.001725912094116211
0,0,Rows,Addition,63,BOOTSTRAPPED,1.0,1.0,1,1,1,0.001734018325805664
0,0,Rows,Addition,64,BOOTSTRAPPED,1.0,1.0,1,1,1,0.0017399787902832031
0,0,Rows,Addition,65,BOOTSTRAPPED,1.0,1.0,1,1,1,0.0017099380493164062
0,0,Rows,Addition,66,BOOTSTRAPPED,1.0,1.0,1,1,1,0.0017359256744384766
0,0,Rows,Addition,67,BOOTSTRAPPED,1.0,1.0,1,1,1,0.0017249584197998047
0,0,Rows,Addition,68,BOOTSTRAPPED,1.0,1.0,1,1,1,0.0017118453979492188
0,0,Rows,Addition,69,BOOTSTRAPPED,1.0,1.0,1,1,1,0.001725912094116211
0,0,Rows,Addition,70,BOOTSTRAPPED,1.0,1.0,1,1,1,0.0017309188842773438
0,0,Rows,Addition,71,BOOTSTRAPPED,1.0,1.0,1,1,1,0.001706838607788086
0,0,Rows,Addition,75,BOOTSTRAPPED,1.0,1.0,1,1,1,0.001725912094116211
0,0,Rows,Addition,76,BOOTSTRAPPED,1.0,1.0,1,1,1,0.0017478466033935547
0,0,Rows,Addition,77,BOOTSTRAPPED,1.0,1.0,1,1,1,0.001611948013305664
0,0,Rows,Addition,78,BOOTSTRAPPED,1.0,1.0,1,1,1,0.0016388893127441406
0,0,Rows,Addition,80,BOOTSTRAPPED,1.0,1.0,1,1,1,0.0016248226165771484
0,0,Rows,Addition,81,BOOTSTRAPPED,1.0,1.0,1,1,1,0.0016632080078125
0,0,Rows,Addition,82,BOOTSTRAPPED,1.0,1.0,1,1,1,0.001750946044921875
0,0,Rows,Addition,83,BOOTSTRAPPED,1.0,1.0,1,1,1,0.001699209213256836
0,0,Rows,Addition,85,BOOTSTRAPPED,1.0,1.0,1,1,1,0.0016970634460449219
0,0,Rows,Addition,86,BOOTSTRAPPED,1.0,1.0,1,1,1,0.0017518997192382812
0,0,Rows,Addition,87,BOOTSTRAPPED,1.0,1.0,1,1,1,0.0017228126525878906
0,0,Rows,Addition,88,BOOTSTRAPPED,1.0,1.0,1,1,1,0.0017161369323730469
0,0,Rows,Addition,89,BOOTSTRAPPED,1.0,1.0,1,1,1,0.0017328262329101562
0,0,Rows,Addition,90,BOOTSTRAPPED,1.0,1.0,1,1,1,0.0017309188842773438
0,0,Rows,Addition,93,BOOTSTRAPPED,1.0,1.0,1,1,1,0.0017461776733398438
0,0,Rows,Addition,94,BOOTSTRAPPED,1.0,1.0,1,1,1,0.0017380714416503906
0,0,Rows,Addition,95,BOOTSTRAPPED,1.0,1.0,1,1,1,0.0017330646514892578
0,0,Rows,Addition,96,BOOTSTRAPPED,1.0,1.0,1,1,1,0.0017368793487548828
0,0,Rows,Addition,98,BOOTSTRAPPED,1.0,1.0,1,1,1,0.0017428398132324219
0,0,Rows,Addition,99,BOOTSTRAPPED,1.0,1.0,1,1,1,0.0017349720001220703
0,0,Rows,Addition,101,BOOTSTRAPPED,1.0,1.0,1,1,1,0.001722097396850586
0,0,Rows,Addition,102,BOOTSTRAPPED,1.0,1.0,1,1,1,0.0017452239990234375
0,0,Rows,Addition,103,BOOTSTRAPPED,1.0,1.0,1,1,1,0.001737833023071289
0,0,Rows,Addition,104,BOOTSTRAPPED,1.0,1.0,1,1,1,0.0017359256744384766
0,0,Rows,Addition,105,BOOTSTRAPPED,1.0,1.0,1,1,1,0.0017559528350830078
0,0,Rows,Addition,107,BOOTSTRAPPED,1.0,1.0,1,1,1,0.0017938613891601562
0,0,Rows,Addition,108,BOOTSTRAPPED,1.0,1.0,1,1,1,0.0016758441925048828
0,0,Rows,Addition,109,BOOTSTRAPPED,1.0,1.0,1,1,1,0.0016281604766845703
0,0,Rows,Addition,110,BOOTSTRAPPED,1.0,1.0,1,1,1,0.0016529560089111328
0,0,Rows,Addition,112,BOOTSTRAPPED,1.0,1.0,1,1,1,0.00167083740234375
0,0,Rows,Addition,114,BOOTSTRAPPED,1.0,1.0,1,1,1,0.0016698837280273438
0,0,Rows,Addition,115,BOOTSTRAPPED,1.0,1.0,1,1,1,0.0016808509826660156
0,0,Rows,Addition,116,BOOTSTRAPPED,1.0,1.0,1,1,1,0.001682281494140625
0,0,Rows,Addition,117,BOOTSTRAPPED,1.0,1.0,1,1,1,0.0016791820526123047
0,0,Rows,Addition,118,BOOTSTRAPPED,1.0,1.0,1,1,1,0.00168609619140625
0,0,Rows,Addition,119,BOOTSTRAPPED,1.0,1.0,1,1,1,0.0017001628875732422
0,0,Rows,Addition,120,BOOTSTRAPPED,1.0,1.0,1,1,1,0.0017020702362060547
0,0,Rows,Addition,123,BOOTSTRAPPED,1.0,1.0,1,1,1,0.0017631053924560547
0,0,Rows,Addition,124,BOOTSTRAPPED,1.0,1.0,1,1,1,0.0017158985137939453
0,0,Rows,Addition,126,BOOTSTRAPPED,1.0,1.0,1,1,1,0.0017096996307373047
0,0,Rows,Addition,127,BOOTSTRAPPED,1.0,1.0,1,1,1,0.0017170906066894531
0,0,Rows,Addition,128,BOOTSTRAPPED,1.0,1.0,1,1,1,0.0016918182373046875
0,0,Rows,Addition,129,BOOTSTRAPPED,1.0,1.0,1,1,1,0.0017096996307373047
0,0,Rows,Addition,130,BOOTSTRAPPED,1.0,1.0,1,1,1,0.0017681121826171875
0,0,Rows,Addition,131,BOOTSTRAPPED,1.0,1.0,1,1,1,0.00164031982421875
0,0,Rows,Addition,133,BOOTSTRAPPED,1.0,1.0,1,1,1,0.001638174057006836
0,0,Rows,Addition,135,BOOTSTRAPPED,1.0,1.0,1,1,1,0.0016841888427734375
0,0,Rows,Addition,136,BOOTSTRAPPED,1.0,1.0,1,1,1,0.0017180442810058594
0,0,Rows,Addition,137,BOOTSTRAPPED,1.0,1.0,1,1,1,0.0017540454864501953
0,0,Rows,Addition,138,BOOTSTRAPPED,1.0,1.0,1,1,1,0.0016460418701171875
0,0,Rows,Addition,139,BOOTSTRAPPED,1.0,1.0,1,1,1,0.0017762184143066406
0,0,Rows,Addition,141,BOOTSTRAPPED,1.0,1.0,1,1,1,0.0016939640045166016
0,0,Rows,Addition,143,BOOTSTRAPPED,1.0,1.0,1,1,1,0.001703023910522461
0,0,Rows,Addition,144,BOOTSTRAPPED,1.0,1.0,1,1,1,0.0017163753509521484
0,0,Rows,Addition,145,BOOTSTRAPPED,1.0,1.0,1,1,1,0.0017468929290771484
0,0,Rows,Addition,146,BOOTSTRAPPED,1.0,1.0,1,1,1,0.0017099380493164062
0,0,Rows,Addition,147,BOOTSTRAPPED,1.0,1.0,1,1,1,0.0017290115356445312
0,0,Rows,Addition,149,BOOTSTRAPPED,1.0,1.0,1,1,1,0.0017309188842773438
0,0,Rows,Addition,151,BOOTSTRAPPED,1.0,1.0,1,1,1,0.0017249584197998047
0,0,Rows,Addition,152,BOOTSTRAPPED,1.0,1.0,1,1,1,0.0017132759094238281
0,0,Rows,Addition,153,BOOTSTRAPPED,1.0,1.0,1,1,1,0.0017311573028564453
0,0,Rows,Addition,154,BOOTSTRAPPED,1.0,1.0,1,1,1,0.001722097396850586
0,0,Rows,Addition,158,BOOTSTRAPPED,1.0,1.0,1,1,1,0.0017642974853515625
0,0,Rows,Addition,159,BOOTSTRAPPED,1.0,1.0,1,1,1,0.0017230510711669922
0,0,Rows,Addition,160,BOOTSTRAPPED,1.0,1.0,1,1,1,0.0017108917236328125
0,0,Rows,Addition,161,BOOTSTRAPPED,1.0,1.0,1,1,1,0.0017120838165283203
0,0,Rows,Addition,162,BOOTSTRAPPED,1.0,1.0,1,1,1,0.0017161369323730469
0,0,Rows,Addition,164,BOOTSTRAPPED,1.0,1.0,1,1,1,0.0017218589782714844
0,0,Rows,Addition,165,BOOTSTRAPPED,1.0,1.0,1,1,1,0.0017757415771484375
0,0,Rows,Addition,173,BOOTSTRAPPED,1.0,1.0,1,1,1,0.0017247200012207031
0,0,Rows,Addition,174,BOOTSTRAPPED,1.0,1.0,1,1,1,0.001714944839477539
0,0,Rows,Addition,175,BOOTSTRAPPED,1.0,1.0,1,1,1,0.0017611980438232422
0,0,Rows,Addition,177,BOOTSTRAPPED,1.0,1.0,1,1,1,0.001641988754272461
0,0,Rows,Addition,180,BOOTSTRAPPED,1.0,1.0,1,1,1,0.0016541481018066406
0,0,Rows,Addition,181,BOOTSTRAPPED,1.0,1.0,1,1,1,0.0016429424285888672
0,0,Rows,Addition,182,BOOTSTRAPPED,1.0,1.0,1,1,1,0.0017049312591552734
0,0,Rows,Addition,183,BOOTSTRAPPED,1.0,1.0,1,1,1,0.0016829967498779297
0,0,Rows,Addition,184,BOOTSTRAPPED,1.0,1.0,1,1,1,0.001714944839477539
0,0,Rows,Addition,185,BOOTSTRAPPED,1.0,1.0,1,1,1,0.001725912094116211
0,0,Rows,Addition,189,BOOTSTRAPPED,1.0,1.0,1,1,1,0.0017437934875488281
0,0,Rows,Addition,190,BOOTSTRAPPED,1.0,1.0,1,1,1,0.0017039775848388672
0,0,Rows,Addition,191,BOOTSTRAPPED,1.0,1.0,1,1,1,0.001806020736694336
0,0,Rows,Addition,192,BOOTSTRAPPED,1.0,1.0,1,1,1,0.0017008781433105469
0,0,Rows,Addition,193,BOOTSTRAPPED,1.0,1.0,1,1,1,0.0017049312591552734
0,0,Rows,Addition,194,BOOTSTRAPPED,1.0,1.0,1,1,1,0.0017139911651611328
0,0,Rows,Addition,195,BOOTSTRAPPED,1.0,1.0,1,1,1,0.0017309188842773438
0,0,Rows,Addition,196,BOOTSTRAPPED,1.0,1.0,1,1,1,0.001689910888671875
0,0,Rows,Addition,197,BOOTSTRAPPED,1.0,1.0,1,1,1,0.0017819404602050781
0,0,Rows,Addition,200,BOOTSTRAPPED,1.0,1.0,1,1,1,0.001730203628540039
0,0,Rows,Addition,201,BOOTSTRAPPED,1.0,1.0,1,1,1,0.0016939640045166016
0,0,Rows,Addition,202,BOOTSTRAPPED,1.0,1.0,1,1,1,0.00173187255859375
0,0,Rows,Addition,204,BOOTSTRAPPED,1.0,1.0,1,1,1,0.0017299652099609375
0,0,Rows,Addition,205,BOOTSTRAPPED,1.0,1.0,1,1,1,0.0017027854919433594
0,0,Rows,Addition,206,BOOTSTRAPPED,1.0,1.0,1,1,1,0.001786947250366211
0,0,Rows,Addition,207,BOOTSTRAPPED,1.0,1.0,1,1,1,0.0017380714416503906
0,0,Rows,Addition,208,BOOTSTRAPPED,1.0,1.0,1,1,1,0.0017099380493164062
0,0,Rows,Addition,210,BOOTSTRAPPED,1.0,1.0,1,1,1,0.0017330646514892578
0,0,Rows,Addition,212,BOOTSTRAPPED,1.0,1.0,1,1,1,0.001734018325805664
0,0,Rows,Addition,213,BOOTSTRAPPED,1.0,1.0,1,1,1,0.0017118453979492188
0,0,Rows,Addition,214,BOOTSTRAPPED,1.0,1.0,1,1,1,0.0018107891082763672
0,0,Rows,Addition,216,BOOTSTRAPPED,1.0,1.0,1,1,1,0.0017180442810058594
0,0,Rows,Addition,217,BOOTSTRAPPED,1.0,1.0,1,1,1,0.001708984375
0,0,Rows,Addition,218,BOOTSTRAPPED,1.0,1.0,1,1,1,0.0017697811126708984
0,0,Rows,Addition,220,BOOTSTRAPPED,1.0,1.0,1,1,1,0.0017290115356445312
0,0,Rows,Addition,221,BOOTSTRAPPED,1.0,1.0,1,1,1,0.0017359256744384766
0,0,Rows,Addition,222,BOOTSTRAPPED,1.0,1.0,1,1,1,0.0017852783203125
0,0,Rows,Addition,223,BOOTSTRAPPED,1.0,1.0,1,1,1,0.0017321109771728516
0,0,Rows,Addition,224,BOOTSTRAPPED,1.0,1.0,1,1,1,0.001748800277709961
0,0,Rows,Addition,225,BOOTSTRAPPED,1.0,1.0,1,1,1,0.001756906509399414
0,0,Rows,Addition,226,BOOTSTRAPPED,1.0,1.0,1,1,1,0.0017399787902832031
0,0,Rows,Addition,227,BOOTSTRAPPED,1.0,1.0,1,1,1,0.0017559528350830078
0,0,Rows,Addition,228,BOOTSTRAPPED,1.0,1.0,1,1,1,0.0017900466918945312
0,0,Rows,Addition,230,BOOTSTRAPPED,1.0,1.0,1,1,1,0.0017499923706054688
0,0,Rows,Addition,231,BOOTSTRAPPED,1.0,1.0,1,1,1,0.001728057861328125
0,0,Rows,Addition,234,BOOTSTRAPPED,1.0,1.0,1,1,1,0.001608133316040039
0,0,Rows,Addition,239,BOOTSTRAPPED,1.0,1.0,1,1,1,0.001631021499633789
0,0,Rows,Addition,241,BOOTSTRAPPED,1.0,1.0,1,1,1,0.0016298294067382812
0,0,Rows,Addition,242,BOOTSTRAPPED,1.0,1.0,1,1,1,0.0016329288482666016
0,0,Rows,Addition,243,BOOTSTRAPPED,1.0,1.0,1,1,1,0.001744985580444336
0,0,Rows,Addition,244,BOOTSTRAPPED,1.0,1.0,1,1,1,0.0016720294952392578
0,0,Rows,Addition,245,BOOTSTRAPPED,1.0,1.0,1,1,1,0.0016629695892333984
0,0,Rows,Addition,247,BOOTSTRAPPED,1.0,1.0,1,1,1,0.001669168472290039
0,0,Rows,Addition,248,BOOTSTRAPPED,1.0,1.0,1,1,1,0.0016798973083496094
0,0,Rows,Addition,249,BOOTSTRAPPED,1.0,1.0,1,1,1,0.0017070770263671875
0,0,Rows,Addition,253,BOOTSTRAPPED,1.0,1.0,1,1,1,0.001741170883178711
0,0,Rows,Addition,254,BOOTSTRAPPED,1.0,1.0,1,1,1,0.0016918182373046875
0,0,Rows,Addition,257,BOOTSTRAPPED,1.0,1.0,1,1,1,0.0016808509826660156
0,0,Rows,Addition,258,BOOTSTRAPPED,1.0,1.0,1,1,1,0.0017058849334716797
0,0,Rows,Addition,260,BOOTSTRAPPED,1.0,1.0,1,1,1,0.0017197132110595703
0,0,Rows,Addition,261,BOOTSTRAPPED,1.0,1.0,1,1,1,0.0017027854919433594
0,0,Rows,Addition,262,BOOTSTRAPPED,1.0,1.0,1,1,1,0.0017199516296386719
0,0,Rows,Addition,263,BOOTSTRAPPED,1.0,1.0,1,1,1,0.0017342567443847656
0,0,Rows,Addition,266,BOOTSTRAPPED,1.0,1.0,1,1,1,0.0017101764678955078
0,0,Rows,Addition,267,BOOTSTRAPPED,1.0,1.0,1,1,1,0.0017142295837402344
0,0,Rows,Addition,268,BOOTSTRAPPED,1.0,1.0,1,1,1,0.0017080307006835938
0,0,Rows,Addition,269,BOOTSTRAPPED,1.0,1.0,1,1,1,0.0017170906066894531
0,0,Rows,Addition,270,BOOTSTRAPPED,1.0,1.0,1,1,1,0.001683950424194336
0,0,Rows,Addition,271,BOOTSTRAPPED,1.0,1.0,1,1,1,0.0017480850219726562
0,0,Rows,Addition,273,BOOTSTRAPPED,1.0,1.0,1,1,1,0.001712799072265625
0,0,Rows,Addition,274,BOOTSTRAPPED,1.0,1.0,1,1,1,0.0016911029815673828
0,0,Rows,Addition,278,BOOTSTRAPPED,1.0,1.0,1,1,1,0.0017228126525878906
0,0,Rows,Addition,280,BOOTSTRAPPED,1.0,1.0,1,1,1,0.001728057861328125
0,0,Rows,Addition,281,BOOTSTRAPPED,1.0,1.0,1,1,1,0.0016989707946777344
0,0,Rows,Addition,282,BOOTSTRAPPED,1.0,1.0,1,1,1,0.001728057861328125
0,0,Rows,Addition,283,BOOTSTRAPPED,1.0,1.0,1,1,1,0.001708984375
0,0,Rows,Addition,284,BOOTSTRAPPED,1.0,1.0,1,1,1,0.0017099380493164062
0,0,Rows,Addition,285,BOOTSTRAPPED,1.0,1.0,1,1,1,0.0017023086547851562
0,0,Rows,Addition,286,BOOTSTRAPPED,1.0,1.0,1,1,1,0.0017232894897460938
0,0,Rows,Addition,287,BOOTSTRAPPED,1.0,1.0,1,1,1,0.0017232894897460938
0,0,Rows,Addition,288,BOOTSTRAPPED,1.0,1.0,1,1,1,0.0017590522766113281
0,0,Rows,Addition,289,BOOTSTRAPPED,1.0,1.0,1,1,1,0.0017209053039550781
0,0,Rows,Addition,290,BOOTSTRAPPED,1.0,1.0,1,1,1,0.0017130374908447266
0,0,Rows,Addition,291,BOOTSTRAPPED,1.0,1.0,1,1,1,0.0017049312591552734
0,0,Rows,Addition,292,BOOTSTRAPPED,1.0,1.0,1,1,1,0.0017161369323730469
0,0,Rows,Addition,293,BOOTSTRAPPED,1.0,1.0,1,1,1,0.0017209053039550781
0,0,Rows,Addition,295,BOOTSTRAPPED,1.0,1.0,1,1,1,0.0018181800842285156
0,0,Rows,Addition,297,BOOTSTRAPPED,1.0,1.0,1,1,1,0.0016450881958007812
0,0,Rows,Addition,300,BOOTSTRAPPED,1.0,1.0,1,1,1,0.0016560554504394531
0,0,Rows,Addition,301,BOOTSTRAPPED,1.0,1.0,1,1,1,0.0016798973083496094
0,0,Rows,Addition,302,BOOTSTRAPPED,1.0,1.0,1,1,1,0.001725912094116211
0,0,Rows,Addition,305,BOOTSTRAPPED,1.0,1.0,1,1,1,0.0016999244689941406
0,0,Rows,Addition,307,BOOTSTRAPPED,1.0,1.0,1,1,1,0.0017352104187011719
0,0,Rows,Addition,308,BOOTSTRAPPED,1.0,1.0,1,1,1,0.0017390251159667969
0,0,Rows,Addition,309,BOOTSTRAPPED,1.0,1.0,1,1,1,0.0017080307006835938
0,0,Rows,Addition,310,BOOTSTRAPPED,1.0,1.0,1,1,1,0.001728057861328125
0,0,Rows,Addition,311,BOOTSTRAPPED,1.0,1.0,1,1,1,0.001722097396850586
0,0,Rows,Addition,313,BOOTSTRAPPED,1.0,1.0,1,1,1,0.0017230510711669922
0,0,Rows,Addition,316,BOOTSTRAPPED,1.0,1.0,1,1,1,0.0017621517181396484
0,0,Rows,Addition,317,BOOTSTRAPPED,1.0,1.0,1,1,1,0.0017421245574951172
0,0,Rows,Addition,319,BOOTSTRAPPED,1.0,1.0,1,1,1,0.0017130374908447266
0,0,Rows,Addition,320,BOOTSTRAPPED,1.0,1.0,1,1,1,0.0017337799072265625
0,0,Rows,Addition,321,BOOTSTRAPPED,1.0,1.0,1,1,1,0.0017311573028564453
0,0,Rows,Addition,322,BOOTSTRAPPED,1.0,1.0,1,1,1,0.0017421245574951172
0,0,Rows,Addition,324,BOOTSTRAPPED,1.0,1.0,1,1,1,0.00173187255859375
0,0,Rows,Addition,325,BOOTSTRAPPED,1.0,1.0,1,1,1,0.0017499923706054688
0,0,Rows,Addition,326,BOOTSTRAPPED,1.0,1.0,1,1,1,0.0017189979553222656
0,0,Rows,Addition,329,BOOTSTRAPPED,1.0,1.0,1,1,1,0.0017311573028564453
0,0,Rows,Addition,330,BOOTSTRAPPED,1.0,1.0,1,1,1,0.0017292499542236328
0,0,Rows,Addition,331,BOOTSTRAPPED,1.0,1.0,1,1,1,0.0017230510711669922
0,0,Rows,Addition,332,BOOTSTRAPPED,1.0,1.0,1,1,1,0.0017418861389160156
0,0,Rows,Addition,334,BOOTSTRAPPED,1.0,1.0,1,1,1,0.001814126968383789
0,0,Rows,Addition,335,BOOTSTRAPPED,1.0,1.0,1,1,1,0.0017168521881103516
0,0,Rows,Addition,336,BOOTSTRAPPED,1.0,1.0,1,1,1,0.0017321109771728516
0,0,Rows,Addition,337,BOOTSTRAPPED,1.0,1.0,1,1,1,0.0017189979553222656
0,0,Rows,Addition,339,BOOTSTRAPPED,1.0,1.0,1,1,1,0.0017421245574951172
0,0,Rows,Addition,340,BOOTSTRAPPED,1.0,1.0,1,1,1,0.001725912094116211
0,0,Rows,Addition,341,BOOTSTRAPPED,1.0,1.0,1,1,1,0.0017740726470947266
0,0,Rows,Addition,343,BOOTSTRAPPED,1.0,1.0,1,1,1,0.0017230510711669922
0,0,Rows,Addition,345,BOOTSTRAPPED,1.0,1.0,1,1,1,0.001725912094116211
0,0,Rows,Addition,348,BOOTSTRAPPED,1.0,1.0,1,1,1,0.0017218589782714844
0,0,Rows,Addition,349,BOOTSTRAPPED,1.0,1.0,1,1,1,0.0017409324645996094
0,0,Rows,Addition,350,BOOTSTRAPPED,1.0,1.0,1,1,1,0.001728057861328125
0,0,Rows,Addition,351,BOOTSTRAPPED,1.0,1.0,1,1,1,0.0017552375793457031
0,0,Rows,Addition,353,BOOTSTRAPPED,1.0,1.0,1,1,1,0.0017359256744384766
0,0,Rows,Addition,355,BOOTSTRAPPED,1.0,1.0,1,1,1,0.0017130374908447266
0,0,Rows,Addition,356,BOOTSTRAPPED,1.0,1.0,1,1,1,0.0017440319061279297
0,0,Rows,Addition,359,BOOTSTRAPPED,1.0,1.0,1,1,1,0.00173187255859375
0,0,Rows,Addition,360,BOOTSTRAPPED,1.0,1.0,1,1,1,0.0017199516296386719
0,0,Rows,Addition,361,BOOTSTRAPPED,1.0,1.0,1,1,1,0.001806020736694336
0,0,Rows,Addition,363,BOOTSTRAPPED,1.0,1.0,1,1,1,0.0017418861389160156
0,0,Rows,Addition,364,BOOTSTRAPPED,1.0,1.0,1,1,1,0.0017120838165283203
0,0,Rows,Addition,365,BOOTSTRAPPED,1.0,1.0,1,1,1,0.0017371177673339844
0,0,Rows,Addition,367,BOOTSTRAPPED,1.0,1.0,1,1,1,0.0017359256744384766
0,0,Rows,Addition,368,BOOTSTRAPPED,1.0,1.0,1,1,1,0.0017311573028564453
0,0,Rows,Addition,369,BOOTSTRAPPED,1.0,1.0,1,1,1,0.0018260478973388672
0,0,Rows,Addition,370,BOOTSTRAPPED,1.0,1.0,1,1,1,0.0017349720001220703
0,0,Rows,Addition,371,BOOTSTRAPPED,1.0,1.0,1,1,1,0.0017139911651611328
0,0,Rows,Addition,372,BOOTSTRAPPED,1.0,1.0,1,1,1,0.0017490386962890625
0,0,Rows,Addition,373,BOOTSTRAPPED,1.0,1.0,1,1,1,0.001725912094116211
0,0,Rows,Addition,374,BOOTSTRAPPED,1.0,1.0,1,1,1,0.001741170883178711
0,0,Rows,Addition,375,BOOTSTRAPPED,1.0,1.0,1,1,1,0.0017421245574951172
0,0,Rows,Addition,377,BOOTSTRAPPED,1.0,1.0,1,1,1,0.0017507076263427734
0,0,Rows,Addition,378,BOOTSTRAPPED,1.0,1.0,1,1,1,0.0017209053039550781
0,0,Rows,Addition,380,BOOTSTRAPPED,1.0,1.0,1,1,1,0.0017359256744384766
0,0,Rows,Addition,381,BOOTSTRAPPED,1.0,1.0,1,1,1,0.0017151832580566406
0,0,Rows,Addition,382,BOOTSTRAPPED,1.0,1.0,1,1,1,0.0018198490142822266
0,0,Rows,Addition,383,BOOTSTRAPPED,1.0,1.0,1,1,1,0.0017819404602050781
0,0,Rows,Addition,384,BOOTSTRAPPED,1.0,1.0,1,1,1,0.0016679763793945312
0,0,Rows,Addition,386,BOOTSTRAPPED,1.0,1.0,1,1,1,0.0016448497772216797
0,0,Rows,Addition,387,BOOTSTRAPPED,1.0,1.0,1,1,1,0.0017809867858886719
0,0,Rows,Addition,389,BOOTSTRAPPED,1.0,1.0,1,1,1,0.0016512870788574219
0,0,Rows,Addition,390,BOOTSTRAPPED,1.0,1.0,1,1,1,0.0016703605651855469
0,0,Rows,Addition,391,BOOTSTRAPPED,1.0,1.0,1,1,1,0.0016739368438720703
0,0,Rows,Addition,393,BOOTSTRAPPED,1.0,1.0,1,1,1,0.0017468929290771484
0,0,Rows,Addition,394,BOOTSTRAPPED,1.0,1.0,1,1,1,0.0016813278198242188
0,0,Rows,Addition,397,BOOTSTRAPPED,1.0,1.0,1,1,1,0.001683950424194336
0,0,Rows,Addition,398,BOOTSTRAPPED,1.0,1.0,1,1,1,0.0017218589782714844
0,0,Rows,Addition,400,BOOTSTRAPPED,1.0,1.0,1,1,1,0.0017120838165283203
0,0,Rows,Addition,401,BOOTSTRAPPED,1.0,1.0,1,1,1,0.0016949176788330078
0,0,Rows,Addition,403,BOOTSTRAPPED,1.0,1.0,1,1,1,0.0017580986022949219
0,0,Rows,Addition,405,BOOTSTRAPPED,1.0,1.0,1,1,1,0.0016829967498779297
0,0,Rows,Addition,406,BOOTSTRAPPED,1.0,1.0,1,1,1,0.0016851425170898438
0,0,Rows,Addition,407,BOOTSTRAPPED,1.0,1.0,1,1,1,0.0016918182373046875
0,0,Rows,Addition,410,BOOTSTRAPPED,1.0,1.0,1,1,1,0.0017158985137939453
0,0,Rows,Addition,411,BOOTSTRAPPED,1.0,1.0,1,1,1,0.0016896724700927734
0,0,Rows,Addition,413,BOOTSTRAPPED,1.0,1.0,1,1,1,0.001689910888671875
0,0,Rows,Addition,414,BOOTSTRAPPED,1.0,1.0,1,1,1,0.0017108917236328125
0,0,Rows,Addition,415,BOOTSTRAPPED,1.0,1.0,1,1,1,0.0017130374908447266
0,0,Rows,Addition,416,BOOTSTRAPPED,1.0,1.0,1,1,1,0.0017192363739013672
0,0,Rows,Addition,418,BOOTSTRAPPED,1.0,1.0,1,1,1,0.001712799072265625
0,0,Rows,Addition,422,BOOTSTRAPPED,1.0,1.0,1,1,1,0.0017211437225341797
0,0,Rows,Addition,423,BOOTSTRAPPED,1.0,1.0,1,1,1,0.0017480850219726562
0,0,Rows,Addition,426,BOOTSTRAPPED,1.0,1.0,1,1,1,0.0017321109771728516
0,0,Rows,Addition,427,BOOTSTRAPPED,1.0,1.0,1,1,1,0.0017180442810058594
0,0,Rows,Addition,428,BOOTSTRAPPED,1.0,1.0,1,1,1,0.0016748905181884766
0,0,Rows,Addition,429,BOOTSTRAPPED,1.0,1.0,1,1,1,0.0017237663269042969
0,0,Rows,Addition,430,BOOTSTRAPPED,1.0,1.0,1,1,1,0.0017240047454833984
0,0,Rows,Addition,431,BOOTSTRAPPED,1.0,1.0,1,1,1,0.001728057861328125
0,0,Rows,Addition,432,BOOTSTRAPPED,1.0,1.0,1,1,1,0.0017359256744384766
0,0,Rows,Addition,433,BOOTSTRAPPED,1.0,1.0,1,1,1,0.001725912094116211
0,0,Rows,Addition,434,BOOTSTRAPPED,1.0,1.0,1,1,1,0.0017118453979492188
0,0,Rows,Addition,437,BOOTSTRAPPED,1.0,1.0,1,1,1,0.0017039775848388672
0,0,Rows,Addition,439,BOOTSTRAPPED,1.0,1.0,1,1,1,0.0017368793487548828
0,0,Rows,Addition,440,BOOTSTRAPPED,1.0,1.0,1,1,1,0.0017230510711669922
0,0,Rows,Addition,441,BOOTSTRAPPED,1.0,1.0,1,1,1,0.0016961097717285156
0,0,Rows,Addition,442,BOOTSTRAPPED,1.0,1.0,1,1,1,0.0017161369323730469
0,0,Rows,Addition,444,BOOTSTRAPPED,1.0,1.0,1,1,1,0.0017209053039550781
0,0,Rows,Addition,445,BOOTSTRAPPED,1.0,1.0,1,1,1,0.0017120838165283203
0,0,Rows,Addition,446,BOOTSTRAPPED,1.0,1.0,1,1,1,0.0017178058624267578
0,0,Rows,Addition,447,BOOTSTRAPPED,1.0,1.0,1,1,1,0.0017347335815429688
0,0,Rows,Addition,448,BOOTSTRAPPED,1.0,1.0,1,1,1,0.0017058849334716797
0,0,Rows,Addition,451,BOOTSTRAPPED,1.0,1.0,1,1,1,0.0017130374908447266
0,0,Rows,Addition,452,BOOTSTRAPPED,1.0,1.0,1,1,1,0.0017349720001220703
0,0,Rows,Addition,453,BOOTSTRAPPED,1.0,1.0,1,1,1,0.0017092227935791016
0,0,Rows,Addition,454,BOOTSTRAPPED,1.0,1.0,1,1,1,0.0017201900482177734
0,0,Rows,Addition,457,BOOTSTRAPPED,1.0,1.0,1,1,1,0.001722097396850586
0,0,Rows,Addition,459,BOOTSTRAPPED,1.0,1.0,1,1,1,0.0017731189727783203
0,0,Rows,Addition,461,BOOTSTRAPPED,1.0,1.0,1,1,1,0.001722097396850586
0,0,Rows,Addition,465,BOOTSTRAPPED,1.0,1.0,1,1,1,0.0017309188842773438
0,0,Rows,Addition,467,BOOTSTRAPPED,1.0,1.0,1,1,1,0.001714944839477539
0,0,Rows,Addition,468,BOOTSTRAPPED,1.0,1.0,1,1,1,0.0017058849334716797
0,0,Rows,Addition,469,BOOTSTRAPPED,1.0,1.0,1,1,1,0.0017347335815429688
0,0,Rows,Addition,470,BOOTSTRAPPED,1.0,1.0,1,1,1,0.0017461776733398438
0,0,Rows,Addition,471,BOOTSTRAPPED,1.0,1.0,1,1,1,0.0017058849334716797
0,0,Rows,Addition,472,BOOTSTRAPPED,1.0,1.0,1,1,1,0.0017232894897460938
0,0,Rows,Addition,475,BOOTSTRAPPED,1.0,1.0,1,1,1,0.0017261505126953125
0,0,Rows,Addition,478,BOOTSTRAPPED,1.0,1.0,1,1,1,0.0016989707946777344
0,0,Rows,Addition,479,BOOTSTRAPPED,1.0,1.0,1,1,1,0.001737833023071289
0,0,Rows,Addition,480,BOOTSTRAPPED,1.0,1.0,1,1,1,0.0017271041870117188
0,0,Rows,Addition,481,BOOTSTRAPPED,1.0,1.0,1,1,1,0.0017442703247070312
0,0,Rows,Addition,484,BOOTSTRAPPED,1.0,1.0,1,1,1,0.001734018325805664
0,0,Rows,Addition,486,BOOTSTRAPPED,1.0,1.0,1,1,1,0.0017139911651611328
0,0,Rows,Addition,490,BOOTSTRAPPED,1.0,1.0,1,1,1,0.0017008781433105469
0,0,Rows,Addition,491,BOOTSTRAPPED,1.0,1.0,1,1,1,0.0017290115356445312
0,0,Rows,Addition,492,BOOTSTRAPPED,1.0,1.0,1,1,1,0.0017189979553222656
0,0,Rows,Addition,493,BOOTSTRAPPED,1.0,1.0,1,1,1,0.001764059066772461
0,0,Rows,Addition,494,BOOTSTRAPPED,1.0,1.0,1,1,1,0.0017337799072265625
0,0,Rows,Addition,495,BOOTSTRAPPED,1.0,1.0,1,1,1,0.0017461776733398438
0,0,Rows,Addition,499,BOOTSTRAPPED,1.0,1.0,1,1,1,0.0017237663269042969
0,0,Rows,Addition,500,BOOTSTRAPPED,1.0,1.0,1,1,1,0.0017778873443603516
0,0,Rows,Addition,501,BOOTSTRAPPED,1.0,1.0,1,1,1,0.0017421245574951172
0,0,Rows,Addition,504,BOOTSTRAPPED,1.0,1.0,1,1,1,0.0017240047454833984
0,0,Rows,Addition,506,BOOTSTRAPPED,1.0,1.0,1,1,1,0.0017311573028564453
0,0,Rows,Addition,509,BOOTSTRAPPED,1.0,1.0,1,1,1,0.0017027854919433594
0,0,Rows,Addition,510,BOOTSTRAPPED,1.0,1.0,1,1,1,0.0017309188842773438
0,0,Rows,Addition,511,BOOTSTRAPPED,1.0,1.0,1,1,1,0.0017209053039550781
0,0,Rows,Addition,512,BOOTSTRAPPED,1.0,1.0,1,1,1,0.0017278194427490234
0,0,Rows,Addition,515,BOOTSTRAPPED,1.0,1.0,1,1,1,0.0017180442810058594
0,0,Rows,Addition,516,BOOTSTRAPPED,1.0,1.0,1,1,1,0.0017268657684326172
0,0,Rows,Addition,517,BOOTSTRAPPED,1.0,1.0,1,1,1,0.0017228126525878906
0,0,Rows,Addition,518,BOOTSTRAPPED,1.0,1.0,1,1,1,0.0017199516296386719
0,0,Rows,Addition,520,BOOTSTRAPPED,1.0,1.0,1,1,1,0.001728057861328125
0,0,Rows,Addition,521,BOOTSTRAPPED,1.0,1.0,1,1,1,0.0017039775848388672
0,0,Rows,Addition,522,BOOTSTRAPPED,1.0,1.0,1,1,1,0.0017528533935546875
0,0,Rows,Addition,523,BOOTSTRAPPED,1.0,1.0,1,1,1,0.0017371177673339844
0,0,Rows,Addition,524,BOOTSTRAPPED,1.0,1.0,1,1,1,0.001718759536743164
0,0,Rows,Addition,525,BOOTSTRAPPED,1.0,1.0,1,1,1,0.0017001628875732422
0,0,Rows,Addition,527,BOOTSTRAPPED,1.0,1.0,1,1,1,0.0017361640930175781
0,0,Rows,Addition,528,BOOTSTRAPPED,1.0,1.0,1,1,1,0.0017211437225341797
0,0,Rows,Addition,529,BOOTSTRAPPED,1.0,1.0,1,1,1,0.0016908645629882812
0,0,Rows,Addition,530,BOOTSTRAPPED,1.0,1.0,1,1,1,0.0017087459564208984
0,0,Rows,Addition,531,BOOTSTRAPPED,1.0,1.0,1,1,1,0.0017142295837402344
0,0,Rows,Addition,532,BOOTSTRAPPED,1.0,1.0,1,1,1,0.0017197132110595703
0,0,Rows,Addition,533,BOOTSTRAPPED,1.0,1.0,1,1,1,0.0017209053039550781
0,0,Rows,Addition,536,BOOTSTRAPPED,1.0,1.0,1,1,1,0.0017468929290771484
0,0,Rows,Addition,538,BOOTSTRAPPED,1.0,1.0,1,1,1,0.0017271041870117188
0,0,Rows,Addition,540,BOOTSTRAPPED,1.0,1.0,1,1,1,0.00173187255859375
0,0,Rows,Addition,541,BOOTSTRAPPED,1.0,1.0,1,1,1,0.001741647720336914
0,0,Rows,Addition,542,BOOTSTRAPPED,1.0,1.0,1,1,1,0.0017359256744384766
0,0,Rows,Addition,544,BOOTSTRAPPED,1.0,1.0,1,1,1,0.0017368793487548828
0,0,Rows,Addition,545,BOOTSTRAPPED,1.0,1.0,1,1,1,0.0017518997192382812
0,0,Rows,Addition,547,BOOTSTRAPPED,1.0,1.0,1,1,1,0.001725912094116211
0,0,Rows,Addition,549,BOOTSTRAPPED,1.0,1.0,1,1,1,0.0017948150634765625
0,0,Rows,Addition,552,BOOTSTRAPPED,1.0,1.0,1,1,1,0.0017459392547607422
0,0,Rows,Addition,553,BOOTSTRAPPED,1.0,1.0,1,1,1,0.0017328262329101562
0,0,Rows,Addition,555,BOOTSTRAPPED,1.0,1.0,1,1,1,0.0017528533935546875
0,0,Rows,Addition,556,BOOTSTRAPPED,1.0,1.0,1,1,1,0.0017402172088623047
0,0,Rows,Addition,558,BOOTSTRAPPED,1.0,1.0,1,1,1,0.0017499923706054688
0,0,Rows,Addition,559,BOOTSTRAPPED,1.0,1.0,1,1,1,0.0017490386962890625
0,0,Rows,Addition,560,BOOTSTRAPPED,1.0,1.0,1,1,1,0.0017290115356445312
0,0,Rows,Addition,562,BOOTSTRAPPED,1.0,1.0,1,1,1,0.0017359256744384766
0,0,Rows,Addition,564,BOOTSTRAPPED,1.0,1.0,1,1,1,0.0017499923706054688
0,0,Rows,Addition,566,BOOTSTRAPPED,1.0,1.0,1,1,1,0.0017380714416503906
0,0,Rows,Addition,567,BOOTSTRAPPED,1.0,1.0,1,1,1,0.0017538070678710938
0,0,Rows,Addition,568,BOOTSTRAPPED,1.0,1.0,1,1,1,0.0017430782318115234
0,0,Rows,Addition,569,BOOTSTRAPPED,1.0,1.0,1,1,1,0.0017290115356445312
0,0,Rows,Addition,571,BOOTSTRAPPED,1.0,1.0,1,1,1,0.001750946044921875
0,0,Rows,Addition,572,BOOTSTRAPPED,1.0,1.0,1,1,1,0.0017428398132324219
0,0,Rows,Addition,573,BOOTSTRAPPED,1.0,1.0,1,1,1,0.0017399787902832031
0,0,Rows,Addition,576,BOOTSTRAPPED,1.0,1.0,1,1,1,0.0017418861389160156
0,0,Rows,Addition,577,BOOTSTRAPPED,1.0,1.0,1,1,1,0.0017838478088378906
0,0,Rows,Addition,578,BOOTSTRAPPED,1.0,1.0,1,1,1,0.001741170883178711
0,0,Rows,Addition,579,BOOTSTRAPPED,1.0,1.0,1,1,1,0.0017337799072265625
0,0,Rows,Addition,580,BOOTSTRAPPED,1.0,1.0,1,1,1,0.0017299652099609375
0,0,Rows,Addition,581,BOOTSTRAPPED,1.0,1.0,1,1,1,0.0017631053924560547
0,0,Rows,Addition,582,BOOTSTRAPPED,1.0,1.0,1,1,1,0.0017309188842773438
0,0,Rows,Addition,584,BOOTSTRAPPED,1.0,1.0,1,1,1,0.0017352104187011719
0,0,Rows,Addition,585,BOOTSTRAPPED,1.0,1.0,1,1,1,0.0017368793487548828
0,0,Rows,Addition,586,BOOTSTRAPPED,1.0,1.0,1,1,1,0.0017311573028564453
0,0,Rows,Addition,588,BOOTSTRAPPED,1.0,1.0,1,1,1,0.0017330646514892578
0,0,Rows,Addition,590,BOOTSTRAPPED,1.0,1.0,1,1,1,0.0017600059509277344
0,0,Rows,Addition,591,BOOTSTRAPPED,1.0,1.0,1,1,1,0.0017337799072265625
0,0,Rows,Addition,592,BOOTSTRAPPED,1.0,1.0,1,1,1,0.0017290115356445312
0,0,Rows,Addition,594,BOOTSTRAPPED,1.0,1.0,1,1,1,0.0017478466033935547
0,0,Rows,Addition,595,BOOTSTRAPPED,1.0,1.0,1,1,1,0.0017819404602050781
0,0,Rows,Addition,596,BOOTSTRAPPED,1.0,1.0,1,1,1,0.0017631053924560547
0,0,Rows,Addition,598,BOOTSTRAPPED,1.0,1.0,1,1,1,0.0017590522766113281
0,0,Rows,Addition,599,BOOTSTRAPPED,1.0,1.0,1,1,1,0.0017368793487548828
0,0,Rows,Addition,600,BOOTSTRAPPED,1.0,1.0,1,1,1,0.001811981201171875
0,0,Rows,Addition,601,BOOTSTRAPPED,1.0,1.0,1,1,1,0.0017616748809814453
0,0,Rows,Addition,602,BOOTSTRAPPED,1.0,1.0,1,1,1,0.0017631053924560547
0,0,Rows,Addition,604,BOOTSTRAPPED,1.0,1.0,1,1,1,0.0017299652099609375
0,0,Rows,Addition,605,BOOTSTRAPPED,1.0,1.0,1,1,1,0.0017380714416503906
0,0,Rows,Addition,606,BOOTSTRAPPED,1.0,1.0,1,1,1,0.0017840862274169922
0,0,Rows,Addition,607,BOOTSTRAPPED,1.0,1.0,1,1,1,0.0016968250274658203
0,0,Rows,Addition,609,BOOTSTRAPPED,1.0,1.0,1,1,1,0.0016372203826904297
0,0,Rows,Addition,610,BOOTSTRAPPED,1.0,1.0,1,1,1,0.0016469955444335938
0,0,Rows,Addition,611,BOOTSTRAPPED,1.0,1.0,1,1,1,0.0016529560089111328
0,0,Rows,Addition,612,BOOTSTRAPPED,1.0,1.0,1,1,1,0.0016639232635498047
0,0,Rows,Addition,613,BOOTSTRAPPED,1.0,1.0,1,1,1,0.0016651153564453125
0,0,Rows,Addition,616,BOOTSTRAPPED,1.0,1.0,1,1,1,0.0016698837280273438
0,0,Rows,Addition,617,BOOTSTRAPPED,1.0,1.0,1,1,1,0.001722097396850586
0,0,Rows,Addition,618,BOOTSTRAPPED,1.0,1.0,1,1,1,0.0018169879913330078
0,0,Rows,Addition,619,BOOTSTRAPPED,1.0,1.0,1,1,1,0.0021390914916992188
0,0,Rows,Addition,620,BOOTSTRAPPED,1.0,1.0,1,1,1,0.0017740726470947266
0,0,Rows,Addition,621,BOOTSTRAPPED,1.0,1.0,1,1,1,0.0019230842590332031
0,0,Rows,Addition,622,BOOTSTRAPPED,1.0,1.0,1,1,1,0.0019347667694091797
0,0,Rows,Addition,626,BOOTSTRAPPED,1.0,1.0,1,1,1,0.0018439292907714844
0,0,Rows,Addition,629,BOOTSTRAPPED,1.0,1.0,1,1,1,0.0019540786743164062
0,0,Rows,Addition,631,BOOTSTRAPPED,1.0,1.0,1,1,1,0.0019991397857666016
0,0,Rows,Addition,632,BOOTSTRAPPED,1.0,1.0,1,1,1,0.0021719932556152344
0,0,Rows,Addition,633,BOOTSTRAPPED,1.0,1.0,1,1,1,0.001741647720336914
0,0,Rows,Addition,634,BOOTSTRAPPED,1.0,1.0,1,1,1,0.0017042160034179688
0,0,Rows,Addition,635,BOOTSTRAPPED,1.0,1.0,1,1,1,0.0016851425170898438
0,0,Rows,Addition,636,BOOTSTRAPPED,1.0,1.0,1,1,1,0.0016751289367675781
0,0,Rows,Addition,637,BOOTSTRAPPED,1.0,1.0,1,1,1,0.0018172264099121094
0,0,Rows,Addition,638,BOOTSTRAPPED,1.0,1.0,1,1,1,0.0017499923706054688
0,0,Rows,Addition,639,BOOTSTRAPPED,1.0,1.0,1,1,1,0.0017042160034179688
0,0,Rows,Addition,640,BOOTSTRAPPED,1.0,1.0,1,1,1,0.0017101764678955078
0,0,Rows,Addition,642,BOOTSTRAPPED,1.0,1.0,1,1,1,0.0016980171203613281
0,0,Rows,Addition,645,BOOTSTRAPPED,1.0,1.0,1,1,1,0.0017049312591552734
0,0,Rows,Addition,647,BOOTSTRAPPED,1.0,1.0,1,1,1,0.0017499923706054688
0,0,Rows,Addition,648,BOOTSTRAPPED,1.0,1.0,1,1,1,0.00173187255859375
0,0,Rows,Addition,649,BOOTSTRAPPED,1.0,1.0,1,1,1,0.001711130142211914
0,0,Rows,Addition,650,BOOTSTRAPPED,1.0,1.0,1,1,1,0.0018398761749267578
0,0,Rows,Addition,651,BOOTSTRAPPED,1.0,1.0,1,1,1,0.0017209053039550781
0,0,Rows,Addition,653,BOOTSTRAPPED,1.0,1.0,1,1,1,0.0017402172088623047
0,0,Rows,Addition,654,BOOTSTRAPPED,1.0,1.0,1,1,1,0.0017359256744384766
0,0,Rows,Addition,655,BOOTSTRAPPED,1.0,1.0,1,1,1,0.0017311573028564453
0,0,Rows,Addition,656,BOOTSTRAPPED,1.0,1.0,1,1,1,0.0017230510711669922
0,0,Rows,Addition,657,BOOTSTRAPPED,1.0,1.0,1,1,1,0.001789093017578125
0,0,Rows,Addition,659,BOOTSTRAPPED,1.0,1.0,1,1,1,0.0017740726470947266
0,0,Rows,Addition,662,BOOTSTRAPPED,1.0,1.0,1,1,1,0.001741170883178711
0,0,Rows,Addition,664,BOOTSTRAPPED,1.0,1.0,1,1,1,0.0017132759094238281
0,0,Rows,Addition,666,BOOTSTRAPPED,1.0,1.0,1,1,1,0.0017309188842773438
0,0,Rows,Addition,671,BOOTSTRAPPED,1.0,1.0,1,1,1,0.0017359256744384766
0,0,Rows,Addition,673,BOOTSTRAPPED,1.0,1.0,1,1,1,0.0017101764678955078
0,0,Rows,Addition,674,BOOTSTRAPPED,1.0,1.0,1,1,1,0.001725912094116211
0,0,Rows,Addition,675,BOOTSTRAPPED,1.0,1.0,1,1,1,0.0017459392547607422
0,0,Rows,Addition,676,BOOTSTRAPPED,1.0,1.0,1,1,1,0.00177001953125
0,0,Rows,Addition,677,BOOTSTRAPPED,1.0,1.0,1,1,1,0.0017549991607666016
0,0,Rows,Addition,679,BOOTSTRAPPED,1.0,1.0,1,1,1,0.0017211437225341797
0,0,Rows,Addition,680,BOOTSTRAPPED,1.0,1.0,1,1,1,0.0017862319946289062
0,0,Rows,Addition,681,BOOTSTRAPPED,1.0,1.0,1,1,1,0.0017628669738769531
0,0,Rows,Addition,682,BOOTSTRAPPED,1.0,1.0,1,1,1,0.001714944839477539
0,0,Rows,Addition,684,BOOTSTRAPPED,1.0,1.0,1,1,1,0.0017108917236328125
0,0,Rows,Addition,685,BOOTSTRAPPED,1.0,1.0,1,1,1,0.0016551017761230469
0,0,Rows,Addition,686,BOOTSTRAPPED,1.0,1.0,1,1,1,0.0016300678253173828
0,0,Rows,Addition,687,BOOTSTRAPPED,1.0,1.0,1,1,1,0.0016629695892333984
0,0,Rows,Addition,689,BOOTSTRAPPED,1.0,1.0,1,1,1,0.0017652511596679688
0,0,Rows,Addition,690,BOOTSTRAPPED,1.0,1.0,1,1,1,0.001669168472290039
0,0,Rows,Addition,691,BOOTSTRAPPED,1.0,1.0,1,1,1,0.001605987548828125
0,0,Rows,Addition,692,BOOTSTRAPPED,1.0,1.0,1,1,1,0.0016341209411621094
0,0,Rows,Addition,693,BOOTSTRAPPED,1.0,1.0,1,1,1,0.0016868114471435547
0,0,Rows,Addition,697,BOOTSTRAPPED,1.0,1.0,1,1,1,0.0016939640045166016
0,0,Rows,Addition,698,BOOTSTRAPPED,1.0,1.0,1,1,1,0.001695871353149414
0,0,Rows,Addition,699,BOOTSTRAPPED,1.0,1.0,1,1,1,0.0017096996307373047
0,0,Rows,Addition,700,BOOTSTRAPPED,1.0,1.0,1,1,1,0.0017290115356445312
0,0,Rows,Addition,701,BOOTSTRAPPED,1.0,1.0,1,1,1,0.0017228126525878906
0,0,Rows,Addition,702,BOOTSTRAPPED,1.0,1.0,1,1,1,0.0017268657684326172
0,0,Rows,Addition,704,BOOTSTRAPPED,1.0,1.0,1,1,1,0.0017170906066894531
0,0,Rows,Addition,705,BOOTSTRAPPED,1.0,1.0,1,1,1,0.0017490386962890625
0,0,Rows,Addition,707,BOOTSTRAPPED,1.0,1.0,1,1,1,0.001728057861328125
0,0,Rows,Addition,708,BOOTSTRAPPED,1.0,1.0,1,1,1,0.0017092227935791016
0,0,Rows,Addition,709,BOOTSTRAPPED,1.0,1.0,1,1,1,0.0017168521881103516
0,0,Rows,Addition,713,BOOTSTRAPPED,1.0,1.0,1,1,1,0.001744985580444336
0,0,Rows,Addition,714,BOOTSTRAPPED,1.0,1.0,1,1,1,0.001706838607788086
0,0,Rows,Addition,715,BOOTSTRAPPED,1.0,1.0,1,1,1,0.0017230510711669922
0,0,Rows,Addition,716,BOOTSTRAPPED,1.0,1.0,1,1,1,0.0017359256744384766
0,0,Rows,Addition,717,BOOTSTRAPPED,1.0,1.0,1,1,1,0.0017101764678955078
0,0,Rows,Addition,720,BOOTSTRAPPED,1.0,1.0,1,1,1,0.0017292499542236328
0,0,Rows,Addition,721,BOOTSTRAPPED,1.0,1.0,1,1,1,0.0017390251159667969
0,0,Rows,Addition,723,BOOTSTRAPPED,1.0,1.0,1,1,1,0.0017158985137939453
0,0,Rows,Addition,725,BOOTSTRAPPED,1.0,1.0,1,1,1,0.0017290115356445312
0,0,Rows,Addition,726,BOOTSTRAPPED,1.0,1.0,1,1,1,0.0017559528350830078
0,0,Rows,Addition,730,BOOTSTRAPPED,1.0,1.0,1,1,1,0.001687765121459961
0,0,Rows,Addition,731,BOOTSTRAPPED,1.0,1.0,1,1,1,0.0016760826110839844
0,0,Rows,Addition,732,BOOTSTRAPPED,1.0,1.0,1,1,1,0.0017037391662597656
0,2,Rows,Removal,18,DUPLICATED,1.0,1.0,1.0,1.0,1.0,0.0059201717376708984
1,2,Rows,Removal,25,DUPLICATED,1.0,1.0,1.0,1.0,1.0,0.0059201717376708984
2,2,Rows,Removal,29,DUPLICATED,1.0,1.0,1.0,1.0,1.0,0.0059201717376708984
3,2,Rows,Removal,43,DUPLICATED,1.0,1.0,1.0,1.0,1.0,0.0059201717376708984
4,2,Rows,Removal,44,DUPLICATED,1.0,1.0,1.0,1.0,1.0,0.0059201717376708984
5,2,Rows,Removal,48,DUPLICATED,1.0,1.0,1.0,1.0,1.0,0.0059201717376708984
6,2,Rows,Removal,49,DUPLICATED,1.0,1.0,1.0,1.0,1.0,0.0059201717376708984
7,2,Rows,Removal,51,DUPLICATED,1.0,1.0,1.0,1.0,1.0,0.0059201717376708984
8,2,Rows,Removal,56,DUPLICATED,1.0,1.0,1.0,1.0,1.0,0.0059201717376708984
9,2,Rows,Removal,67,DUPLICATED,1.0,1.0,1.0,1.0,1.0,0.0059201717376708984
10,2,Rows,Removal,69,DUPLICATED,1.0,1.0,1.0,1.0,1.0,0.0059201717376708984
11,2,Rows,Removal,70,DUPLICATED,1.0,1.0,1.0,1.0,1.0,0.0059201717376708984
12,2,Rows,Removal,73,DUPLICATED,1.0,1.0,1.0,1.0,1.0,0.0059201717376708984
13,2,Rows,Removal,76,DUPLICATED,1.0,1.0,1.0,1.0,1.0,0.0059201717376708984
14,2,Rows,Removal,84,DUPLICATED,1.0,1.0,1.0,1.0,1.0,0.0059201717376708984
15,2,Rows,Removal,93,DUPLICATED,1.0,1.0,1.0,1.0,1.0,0.0059201717376708984
16,2,Rows,Removal,96,DUPLICATED,1.0,1.0,1.0,1.0,1.0,0.0059201717376708984
17,2,Rows,Removal,100,DUPLICATED,1.0,1.0,1.0,1.0,1.0,0.0059201717376708984
18,2,Rows,Removal,109,DUPLICATED,1.0,1.0,1.0,1.0,1.0,0.0059201717376708984
19,2,Rows,Removal,111,DUPLICATED,1.0,1.0,1.0,1.0,1.0,0.0059201717376708984
20,2,Rows,Removal,124,DUPLICATED,1.0,1.0,1.0,1.0,1.0,0.0059201717376708984
21,2,Rows,Removal,134,DUPLICATED,1.0,1.0,1.0,1.0,1.0,0.0059201717376708984
22,2,Rows,Removal,135,DUPLICATED,1.0,1.0,1.0,1.0,1.0,0.0059201717376708984
23,2,Rows,Removal,141,DUPLICATED,1.0,1.0,1.0,1.0,1.0,0.0059201717376708984
24,2,Rows,Removal,149,DUPLICATED,1.0,1.0,1.0,1.0,1.0,0.0059201717376708984
25,2,Rows,Removal,157,DUPLICATED,1.0,1.0,1.0,1.0,1.0,0.0059201717376708984
26,2,Rows,Removal,163,DUPLICATED,1.0,1.0,1.0,1.0,1.0,0.0059201717376708984
27,2,Rows,Removal,168,DUPLICATED,1.0,1.0,1.0,1.0,1.0,0.0059201717376708984
28,2,Rows,Removal,170,DUPLICATED,1.0,1.0,1.0,1.0,1.0,0.0059201717376708984
29,2,Rows,Removal,173,DUPLICATED,1.0,1.0,1.0,1.0,1.0,0.0059201717376708984
30,2,Rows,Removal,174,DUPLICATED,1.0,1.0,1.0,1.0,1.0,0.0059201717376708984
31,2,Rows,Removal,178,DUPLICATED,1.0,1.0,1.0,1.0,1.0,0.0059201717376708984
32,2,Rows,Removal,179,DUPLICATED,1.0,1.0,1.0,1.0,1.0,0.0059201717376708984
33,2,Rows,Removal,188,DUPLICATED,1.0,1.0,1.0,1.0,1.0,0.0059201717376708984
34,2,Rows,Removal,192,DUPLICATED,1.0,1.0,1.0,1.0,1.0,0.0059201717376708984
35,2,Rows,Removal,196,DUPLICATED,1.0,1.0,1.0,1.0,1.0,0.0059201717376708984
36,2,Rows,Removal,199,DUPLICATED,1.0,1.0,1.0,1.0,1.0,0.0059201717376708984
37,2,Rows,Removal,208,DUPLICATED,1.0,1.0,1.0,1.0,1.0,0.0059201717376708984
38,2,Rows,Removal,210,DUPLICATED,1.0,1.0,1.0,1.0,1.0,0.0059201717376708984
39,2,Rows,Removal,211,DUPLICATED,1.0,1.0,1.0,1.0,1.0,0.0059201717376708984
40,2,Rows,Removal,212,DUPLICATED,1.0,1.0,1.0,1.0,1.0,0.0059201717376708984
41,2,Rows,Removal,218,DUPLICATED,1.0,1.0,1.0,1.0,1.0,0.0059201717376708984
42,2,Rows,Removal,219,DUPLICATED,1.0,1.0,1.0,1.0,1.0,0.0059201717376708984
43,2,Rows,Removal,220,DUPLICATED,1.0,1.0,1.0,1.0,1.0,0.0059201717376708984
44,2,Rows,Removal,229,DUPLICATED,1.0,1.0,1.0,1.0,1.0,0.0059201717376708984
45,2,Rows,Removal,231,DUPLICATED,1.0,1.0,1.0,1.0,1.0,0.0059201717376708984
46,2,Rows,Removal,237,DUPLICATED,1.0,1.0,1.0,1.0,1.0,0.0059201717376708984
47,2,Rows,Removal,239,DUPLICATED,1.0,1.0,1.0,1.0,1.0,0.0059201717376708984
48,2,Rows,Removal,240,DUPLICATED,1.0,1.0,1.0,1.0,1.0,0.0059201717376708984
49,2,Rows,Removal,246,DUPLICATED,1.0,1.0,1.0,1.0,1.0,0.0059201717376708984
50,2,Rows,Removal,247,DUPLICATED,1.0,1.0,1.0,1.0,1.0,0.0059201717376708984
51,2,Rows,Removal,251,DUPLICATED,1.0,1.0,1.0,1.0,1.0,0.0059201717376708984
52,2,Rows,Removal,252,DUPLICATED,1.0,1.0,1.0,1.0,1.0,0.0059201717376708984
53,2,Rows,Removal,254,DUPLICATED,1.0,1.0,1.0,1.0,1.0,0.0059201717376708984
54,2,Rows,Removal,259,DUPLICATED,1.0,1.0,1.0,1.0,1.0,0.0059201717376708984
55,2,Rows,Removal,279,DUPLICATED,1.0,1.0,1.0,1.0,1.0,0.0059201717376708984
56,2,Rows,Removal,282,DUPLICATED,1.0,1.0,1.0,1.0,1.0,0.0059201717376708984
57,2,Rows,Removal,289,DUPLICATED,1.0,1.0,1.0,1.0,1.0,0.0059201717376708984
58,2,Rows,Removal,290,DUPLICATED,1.0,1.0,1.0,1.0,1.0,0.0059201717376708984
59,2,Rows,Removal,291,DUPLICATED,1.0,1.0,1.0,1.0,1.0,0.0059201717376708984
60,2,Rows,Removal,296,DUPLICATED,1.0,1.0,1.0,1.0,1.0,0.0059201717376708984
61,2,Rows,Removal,298,DUPLICATED,1.0,1.0,1.0,1.0,1.0,0.0059201717376708984
62,2,Rows,Removal,299,DUPLICATED,1.0,1.0,1.0,1.0,1.0,0.0059201717376708984
63,2,Rows,Removal,303,DUPLICATED,1.0,1.0,1.0,1.0,1.0,0.0059201717376708984
64,2,Rows,Removal,321,DUPLICATED,1.0,1.0,1.0,1.0,1.0,0.0059201717376708984
65,2,Rows,Removal,324,DUPLICATED,1.0,1.0,1.0,1.0,1.0,0.0059201717376708984
66,2,Rows,Removal,332,DUPLICATED,1.0,1.0,1.0,1.0,1.0,0.0059201717376708984
67,2,Rows,Removal,342,DUPLICATED,1.0,1.0,1.0,1.0,1.0,0.0059201717376708984
68,2,Rows,Removal,350,DUPLICATED,1.0,1.0,1.0,1.0,1.0,0.0059201717376708984
69,2,Rows,Removal,353,DUPLICATED,1.0,1.0,1.0,1.0,1.0,0.0059201717376708984
70,2,Rows,Removal,354,DUPLICATED,1.0,1.0,1.0,1.0,1.0,0.0059201717376708984
71,2,Rows,Removal,361,DUPLICATED,1.0,1.0,1.0,1.0,1.0,0.0059201717376708984
72,2,Rows,Removal,367,DUPLICATED,1.0,1.0,1.0,1.0,1.0,0.0059201717376708984
73,2,Rows,Removal,368,DUPLICATED,1.0,1.0,1.0,1.0,1.0,0.0059201717376708984
74,2,Rows,Removal,387,DUPLICATED,1.0,1.0,1.0,1.0,1.0,0.0059201717376708984
75,2,Rows,Removal,402,DUPLICATED,1.0,1.0,1.0,1.0,1.0,0.0059201717376708984
76,2,Rows,Removal,406,DUPLICATED,1.0,1.0,1.0,1.0,1.0,0.0059201717376708984
77,2,Rows,Removal,407,DUPLICATED,1.0,1.0,1.0,1.0,1.0,0.0059201717376708984
78,2,Rows,Removal,408,DUPLICATED,1.0,1.0,1.0,1.0,1.0,0.0059201717376708984
79,2,Rows,Removal,410,DUPLICATED,1.0,1.0,1.0,1.0,1.0,0.0059201717376708984
80,2,Rows,Removal,414,DUPLICATED,1.0,1.0,1.0,1.0,1.0,0.0059201717376708984
81,2,Rows,Removal,416,DUPLICATED,1.0,1.0,1.0,1.0,1.0,0.0059201717376708984
82,2,Rows,Removal,420,DUPLICATED,1.0,1.0,1.0,1.0,1.0,0.0059201717376708984
83,2,Rows,Removal,422,DUPLICATED,1.0,1.0,1.0,1.0,1.0,0.0059201717376708984
84,2,Rows,Removal,430,DUPLICATED,1.0,1.0,1.0,1.0,1.0,0.0059201717376708984
85,2,Rows,Removal,432,DUPLICATED,1.0,1.0,1.0,1.0,1.0,0.0059201717376708984
86,2,Rows,Removal,435,DUPLICATED,1.0,1.0,1.0,1.0,1.0,0.0059201717376708984
87,2,Rows,Removal,438,DUPLICATED,1.0,1.0,1.0,1.0,1.0,0.0059201717376708984
88,2,Rows,Removal,440,DUPLICATED,1.0,1.0,1.0,1.0,1.0,0.0059201717376708984
89,2,Rows,Removal,443,DUPLICATED,1.0,1.0,1.0,1.0,1.0,0.0059201717376708984
90,2,Rows,Removal,445,DUPLICATED,1.0,1.0,1.0,1.0,1.0,0.0059201717376708984
91,2,Rows,Removal,450,DUPLICATED,1.0,1.0,1.0,1.0,1.0,0.0059201717376708984
92,2,Rows,Removal,457,DUPLICATED,1.0,1.0,1.0,1.0,1.0,0.0059201717376708984
93,2,Rows,Removal,461,DUPLICATED,1.0,1.0,1.0,1.0,1.0,0.0059201717376708984
94,2,Rows,Removal,463,DUPLICATED,1.0,1.0,1.0,1.0,1.0,0.0059201717376708984
95,2,Rows,Removal,464,DUPLICATED,1.0,1.0,1.0,1.0,1.0,0.0059201717376708984
96,2,Rows,Removal,471,DUPLICATED,1.0,1.0,1.0,1.0,1.0,0.0059201717376708984
97,2,Rows,Removal,472,DUPLICATED,1.0,1.0,1.0,1.0,1.0,0.0059201717376708984
98,2,Rows,Removal,478,DUPLICATED,1.0,1.0,1.0,1.0,1.0,0.0059201717376708984
99,2,Rows,Removal,479,DUPLICATED,1.0,1.0,1.0,1.0,1.0,0.0059201717376708984
100,2,Rows,Removal,480,DUPLICATED,1.0,1.0,1.0,1.0,1.0,0.0059201717376708984
101,2,Rows,Removal,482,DUPLICATED,1.0,1.0,1.0,1.0,1.0,0.0059201717376708984
102,2,Rows,Removal,485,DUPLICATED,1.0,1.0,1.0,1.0,1.0,0.0059201717376708984
103,2,Rows,Removal,486,DUPLICATED,1.0,1.0,1.0,1.0,1.0,0.0059201717376708984
104,2,Rows,Removal,495,DUPLICATED,1.0,1.0,1.0,1.0,1.0,0.0059201717376708984
105,2,Rows,Removal,507,DUPLICATED,1.0,1.0,1.0,1.0,1.0,0.0059201717376708984
106,2,Rows,Removal,508,DUPLICATED,1.0,1.0,1.0,1.0,1.0,0.0059201717376708984
107,2,Rows,Removal,509,DUPLICATED,1.0,1.0,1.0,1.0,1.0,0.0059201717376708984
108,2,Rows,Removal,518,DUPLICATED,1.0,1.0,1.0,1.0,1.0,0.0059201717376708984
109,2,Rows,Removal,521,DUPLICATED,1.0,1.0,1.0,1.0,1.0,0.0059201717376708984
110,2,Rows,Removal,527,DUPLICATED,1.0,1.0,1.0,1.0,1.0,0.0059201717376708984
111,2,Rows,Removal,528,DUPLICATED,1.0,1.0,1.0,1.0,1.0,0.0059201717376708984
112,2,Rows,Removal,530,DUPLICATED,1.0,1.0,1.0,1.0,1.0,0.0059201717376708984
113,2,Rows,Removal,532,DUPLICATED,1.0,1.0,1.0,1.0,1.0,0.0059201717376708984
114,2,Rows,Removal,544,DUPLICATED,1.0,1.0,1.0,1.0,1.0,0.0059201717376708984
115,2,Rows,Removal,555,DUPLICATED,1.0,1.0,1.0,1.0,1.0,0.0059201717376708984
116,2,Rows,Removal,564,DUPLICATED,1.0,1.0,1.0,1.0,1.0,0.0059201717376708984
117,2,Rows,Removal,565,DUPLICATED,1.0,1.0,1.0,1.0,1.0,0.0059201717376708984
118,2,Rows,Removal,575,DUPLICATED,1.0,1.0,1.0,1.0,1.0,0.0059201717376708984
119,2,Rows,Removal,581,DUPLICATED,1.0,1.0,1.0,1.0,1.0,0.0059201717376708984
120,2,Rows,Removal,596,DUPLICATED,1.0,1.0,1.0,1.0,1.0,0.0059201717376708984
121,2,Rows,Removal,598,DUPLICATED,1.0,1.0,1.0,1.0,1.0,0.0059201717376708984
122,2,Rows,Removal,599,DUPLICATED,1.0,1.0,1.0,1.0,1.0,0.0059201717376708984
123,2,Rows,Removal,602,DUPLICATED,1.0,1.0,1.0,1.0,1.0,0.0059201717376708984
124,2,Rows,Removal,605,DUPLICATED,1.0,1.0,1.0,1.0,1.0,0.0059201717376708984
125,2,Rows,Removal,607,DUPLICATED,1.0,1.0,1.0,1.0,1.0,0.0059201717376708984
126,2,Rows,Removal,610,DUPLICATED,1.0,1.0,1.0,1.0,1.0,0.0059201717376708984
127,2,Rows,Removal,611,DUPLICATED,1.0,1.0,1.0,1.0,1.0,0.0059201717376708984
128,2,Rows,Removal,613,DUPLICATED,1.0,1.0,1.0,1.0,1.0,0.0059201717376708984
129,2,Rows,Removal,617,DUPLICATED,1.0,1.0,1.0,1.0,1.0,0.0059201717376708984
130,2,Rows,Removal,618,DUPLICATED,1.0,1.0,1.0,1.0,1.0,0.0059201717376708984
131,2,Rows,Removal,620,DUPLICATED,1.0,1.0,1.0,1.0,1.0,0.0059201717376708984
132,2,Rows,Removal,629,DUPLICATED,1.0,1.0,1.0,1.0,1.0,0.0059201717376708984
133,2,Rows,Removal,632,DUPLICATED,1.0,1.0,1.0,1.0,1.0,0.0059201717376708984
134,2,Rows,Removal,637,DUPLICATED,1.0,1.0,1.0,1.0,1.0,0.0059201717376708984
135,2,Rows,Removal,642,DUPLICATED,1.0,1.0,1.0,1.0,1.0,0.0059201717376708984
136,2,Rows,Removal,643,DUPLICATED,1.0,1.0,1.0,1.0,1.0,0.0059201717376708984
137,2,Rows,Removal,647,DUPLICATED,1.0,1.0,1.0,1.0,1.0,0.0059201717376708984
138,2,Rows,Removal,650,DUPLICATED,1.0,1.0,1.0,1.0,1.0,0.0059201717376708984
139,2,Rows,Removal,651,DUPLICATED,1.0,1.0,1.0,1.0,1.0,0.0059201717376708984
140,2,Rows,Removal,654,DUPLICATED,1.0,1.0,1.0,1.0,1.0,0.0059201717376708984
141,2,Rows,Removal,670,DUPLICATED,1.0,1.0,1.0,1.0,1.0,0.0059201717376708984
142,2,Rows,Removal,678,DUPLICATED,1.0,1.0,1.0,1.0,1.0,0.0059201717376708984
143,2,Rows,Removal,679,DUPLICATED,1.0,1.0,1.0,1.0,1.0,0.0059201717376708984
144,2,Rows,Removal,693,DUPLICATED,1.0,1.0,1.0,1.0,1.0,0.0059201717376708984
145,2,Rows,Removal,695,DUPLICATED,1.0,1.0,1.0,1.0,1.0,0.0059201717376708984
146,2,Rows,Removal,700,DUPLICATED,1.0,1.0,1.0,1.0,1.0,0.0059201717376708984
147,2,Rows,Removal,705,DUPLICATED,1.0,1.0,1.0,1.0,1.0,0.0059201717376708984
148,2,Rows,Removal,707,DUPLICATED,1.0,1.0,1.0,1.0,1.0,0.0059201717376708984
149,2,Rows,Removal,719,DUPLICATED,1.0,1.0,1.0,1.0,1.0,0.0059201717376708984
150,2,Rows,Removal,727,DUPLICATED,1.0,1.0,1.0,1.0,1.0,0.0059201717376708984
151,2,Rows,Removal,729,DUPLICATED,1.0,1.0,1.0,1.0,1.0,0.0059201717376708984
152,2,Rows,Removal,733,DUPLICATED,1.0,1.0,1.0,1.0,1.0,0.0059201717376708984
153,2,Rows,Removal,736,DUPLICATED,1.0,1.0,1.0,1.0,1.0,0.0059201717376708984
154,2,Rows,Removal,742,DUPLICATED,1.0,1.0,1.0,1.0,1.0,0.0059201717376708984
155,2,Rows,Removal,755,DUPLICATED,1.0,1.0,1.0,1.0,1.0,0.0059201717376708984
156,2,Rows,Removal,764,DUPLICATED,1.0,1.0,1.0,1.0,1.0,0.0059201717376708984
157,2,Rows,Removal,781,DUPLICATED,1.0,1.0,1.0,1.0,1.0,0.0059201717376708984
158,2,Rows,Removal,782,DUPLICATED,1.0,1.0,1.0,1.0,1.0,0.0059201717376708984
159,2,Rows,Removal,785,DUPLICATED,1.0,1.0,1.0,1.0,1.0,0.0059201717376708984
160,2,Rows,Removal,788,DUPLICATED,1.0,1.0,1.0,1.0,1.0,0.0059201717376708984
161,2,Rows,Removal,789,DUPLICATED,1.0,1.0,1.0,1.0,1.0,0.0059201717376708984
162,2,Rows,Removal,790,DUPLICATED,1.0,1.0,1.0,1.0,1.0,0.0059201717376708984
163,2,Rows,Removal,798,DUPLICATED,1.0,1.0,1.0,1.0,1.0,0.0059201717376708984
164,2,Rows,Removal,801,DUPLICATED,1.0,1.0,1.0,1.0,1.0,0.0059201717376708984
165,2,Rows,Removal,812,DUPLICATED,1.0,1.0,1.0,1.0,1.0,0.0059201717376708984
166,2,Rows,Removal,817,DUPLICATED,1.0,1.0,1.0,1.0,1.0,0.0059201717376708984
167,2,Rows,Removal,819,DUPLICATED,1.0,1.0,1.0,1.0,1.0,0.0059201717376708984
168,2,Rows,Removal,829,DUPLICATED,1.0,1.0,1.0,1.0,1.0,0.0059201717376708984
169,2,Rows,Removal,831,DUPLICATED,1.0,1.0,1.0,1.0,1.0,0.0059201717376708984
170,2,Rows,Removal,834,DUPLICATED,1.0,1.0,1.0,1.0,1.0,0.0059201717376708984
171,2,Rows,Removal,836,DUPLICATED,1.0,1.0,1.0,1.0,1.0,0.0059201717376708984
172,2,Rows,Removal,839,DUPLICATED,1.0,1.0,1.0,1.0,1.0,0.0059201717376708984
173,2,Rows,Removal,840,DUPLICATED,1.0,1.0,1.0,1.0,1.0,0.0059201717376708984
174,2,Rows,Removal,856,DUPLICATED,1.0,1.0,1.0,1.0,1.0,0.0059201717376708984
175,2,Rows,Removal,857,DUPLICATED,1.0,1.0,1.0,1.0,1.0,0.0059201717376708984
176,2,Rows,Removal,859,DUPLICATED,1.0,1.0,1.0,1.0,1.0,0.0059201717376708984
177,2,Rows,Removal,861,DUPLICATED,1.0,1.0,1.0,1.0,1.0,0.0059201717376708984
178,2,Rows,Removal,862,DUPLICATED,1.0,1.0,1.0,1.0,1.0,0.0059201717376708984
179,2,Rows,Removal,867,DUPLICATED,1.0,1.0,1.0,1.0,1.0,0.0059201717376708984
180,2,Rows,Removal,869,DUPLICATED,1.0,1.0,1.0,1.0,1.0,0.0059201717376708984
181,2,Rows,Removal,873,DUPLICATED,1.0,1.0,1.0,1.0,1.0,0.0059201717376708984
182,2,Rows,Removal,879,DUPLICATED,1.0,1.0,1.0,1.0,1.0,0.0059201717376708984
183,2,Rows,Removal,883,DUPLICATED,1.0,1.0,1.0,1.0,1.0,0.0059201717376708984
184,2,Rows,Removal,891,DUPLICATED,1.0,1.0,1.0,1.0,1.0,0.0059201717376708984
185,2,Rows,Removal,903,DUPLICATED,1.0,1.0,1.0,1.0,1.0,0.0059201717376708984
186,2,Rows,Removal,906,DUPLICATED,1.0,1.0,1.0,1.0,1.0,0.0059201717376708984
187,2,Rows,Removal,907,DUPLICATED,1.0,1.0,1.0,1.0,1.0,0.0059201717376708984
188,2,Rows,Removal,911,DUPLICATED,1.0,1.0,1.0,1.0,1.0,0.0059201717376708984
189,2,Rows,Removal,915,DUPLICATED,1.0,1.0,1.0,1.0,1.0,0.0059201717376708984
190,2,Rows,Removal,916,DUPLICATED,1.0,1.0,1.0,1.0,1.0,0.0059201717376708984
191,2,Rows,Removal,929,DUPLICATED,1.0,1.0,1.0,1.0,1.0,0.0059201717376708984
192,2,Rows,Removal,930,DUPLICATED,1.0,1.0,1.0,1.0,1.0,0.0059201717376708984
193,2,Rows,Removal,937,DUPLICATED,1.0,1.0,1.0,1.0,1.0,0.0059201717376708984
194,2,Rows,Removal,940,DUPLICATED,1.0,1.0,1.0,1.0,1.0,0.0059201717376708984
195,2,Rows,Removal,949,DUPLICATED,1.0,1.0,1.0,1.0,1.0,0.0059201717376708984
196,2,Rows,Removal,952,DUPLICATED,1.0,1.0,1.0,1.0,1.0,0.0059201717376708984
197,2,Rows,Removal,961,DUPLICATED,1.0,1.0,1.0,1.0,1.0,0.0059201717376708984
198,2,Rows,Removal,962,DUPLICATED,1.0,1.0,1.0,1.0,1.0,0.0059201717376708984
199,2,Rows,Removal,964,DUPLICATED,1.0,1.0,1.0,1.0,1.0,0.0059201717376708984
200,2,Rows,Removal,973,DUPLICATED,1.0,1.0,1.0,1.0,1.0,0.0059201717376708984
201,2,Rows,Removal,979,DUPLICATED,1.0,1.0,1.0,1.0,1.0,0.0059201717376708984
202,2,Rows,Removal,988,DUPLICATED,1.0,1.0,1.0,1.0,1.0,0.0059201717376708984
203,2,Rows,Removal,990,DUPLICATED,1.0,1.0,1.0,1.0,1.0,0.0059201717376708984
204,2,Rows,Removal,998,DUPLICATED,1.0,1.0,1.0,1.0,1.0,0.0059201717376708984
205,2,Rows,Removal,1000,DUPLICATED,1.0,1.0,1.0,1.0,1.0,0.0059201717376708984
206,2,Rows,Removal,1001,DUPLICATED,1.0,1.0,1.0,1.0,1.0,0.0059201717376708984
207,2,Rows,Removal,1011,DUPLICATED,1.0,1.0,1.0,1.0,1.0,0.0059201717376708984
208,2,Rows,Removal,1014,DUPLICATED,1.0,1.0,1.0,1.0,1.0,0.0059201717376708984
209,2,Rows,Removal,1023,DUPLICATED,1.0,1.0,1.0,1.0,1.0,0.0059201717376708984
210,2,Rows,Removal,1025,DUPLICATED,1.0,1.0,1.0,1.0,1.0,0.0059201717376708984
211,2,Rows,Removal,1027,DUPLICATED,1.0,1.0,1.0,1.0,1.0,0.0059201717376708984
212,2,Rows,Removal,1033,DUPLICATED,1.0,1.0,1.0,1.0,1.0,0.0059201717376708984
213,2,Rows,Removal,1034,DUPLICATED,1.0,1.0,1.0,1.0,1.0,0.0059201717376708984
214,2,Rows,Removal,1037,DUPLICATED,1.0,1.0,1.0,1.0,1.0,0.0059201717376708984
215,2,Rows,Removal,1061,DUPLICATED,1.0,1.0,1.0,1.0,1.0,0.0059201717376708984
216,2,Rows,Removal,1064,DUPLICATED,1.0,1.0,1.0,1.0,1.0,0.0059201717376708984
217,2,Rows,Removal,1068,DUPLICATED,1.0,1.0,1.0,1.0,1.0,0.0059201717376708984
218,2,Rows,Removal,1070,DUPLICATED,1.0,1.0,1.0,1.0,1.0,0.0059201717376708984
219,2,Rows,Removal,1071,DUPLICATED,1.0,1.0,1.0,1.0,1.0,0.0059201717376708984
220,2,Rows,Removal,1078,DUPLICATED,1.0,1.0,1.0,1.0,1.0,0.0059201717376708984
221,2,Rows,Removal,1087,DUPLICATED,1.0,1.0,1.0,1.0,1.0,0.0059201717376708984
222,2,Rows,Removal,1090,DUPLICATED,1.0,1.0,1.0,1.0,1.0,0.0059201717376708984
223,2,Rows,Removal,1102,DUPLICATED,1.0,1.0,1.0,1.0,1.0,0.0059201717376708984
224,2,Rows,Removal,1103,DUPLICATED,1.0,1.0,1.0,1.0,1.0,0.0059201717376708984
225,2,Rows,Removal,1112,DUPLICATED,1.0,1.0,1.0,1.0,1.0,0.0059201717376708984
226,2,Rows,Removal,1116,DUPLICATED,1.0,1.0,1.0,1.0,1.0,0.0059201717376708984
227,2,Rows,Removal,1117,DUPLICATED,1.0,1.0,1.0,1.0,1.0,0.0059201717376708984
228,2,Rows,Removal,1125,DUPLICATED,1.0,1.0,1.0,1.0,1.0,0.0059201717376708984
229,2,Rows,Removal,1127,DUPLICATED,1.0,1.0,1.0,1.0,1.0,0.0059201717376708984
230,2,Rows,Removal,1128,DUPLICATED,1.0,1.0,1.0,1.0,1.0,0.0059201717376708984
231,2,Rows,Removal,1131,DUPLICATED,1.0,1.0,1.0,1.0,1.0,0.0059201717376708984
232,2,Rows,Removal,1137,DUPLICATED,1.0,1.0,1.0,1.0,1.0,0.0059201717376708984
233,2,Rows,Removal,1159,DUPLICATED,1.0,1.0,1.0,1.0,1.0,0.0059201717376708984
234,2,Rows,Removal,1161,DUPLICATED,1.0,1.0,1.0,1.0,1.0,0.0059201717376708984
235,2,Rows,Removal,1163,DUPLICATED,1.0,1.0,1.0,1.0,1.0,0.0059201717376708984
236,2,Rows,Removal,1165,DUPLICATED,1.0,1.0,1.0,1.0,1.0,0.0059201717376708984
237,2,Rows,Removal,1170,DUPLICATED,1.0,1.0,1.0,1.0,1.0,0.0059201717376708984
238,2,Rows,Removal,1175,DUPLICATED,1.0,1.0,1.0,1.0,1.0,0.0059201717376708984
239,2,Rows,Removal,1185,DUPLICATED,1.0,1.0,1.0,1.0,1.0,0.0059201717376708984
240,2,Rows,Removal,1189,DUPLICATED,1.0,1.0,1.0,1.0,1.0,0.0059201717376708984
241,2,Rows,Removal,1190,DUPLICATED,1.0,1.0,1.0,1.0,1.0,0.0059201717376708984
242,2,Rows,Removal,1192,DUPLICATED,1.0,1.0,1.0,1.0,1.0,0.0059201717376708984
243,2,Rows,Removal,1196,DUPLICATED,1.0,1.0,1.0,1.0,1.0,0.0059201717376708984
244,2,Rows,Removal,1200,DUPLICATED,1.0,1.0,1.0,1.0,1.0,0.0059201717376708984
245,2,Rows,Removal,1204,DUPLICATED,1.0,1.0,1.0,1.0,1.0,0.0059201717376708984
246,2,Rows,Removal,1207,DUPLICATED,1.0,1.0,1.0,1.0,1.0,0.0059201717376708984
247,2,Rows,Removal,1221,DUPLICATED,1.0,1.0,1.0,1.0,1.0,0.0059201717376708984
248,2,Rows,Removal,1222,DUPLICATED,1.0,1.0,1.0,1.0,1.0,0.0059201717376708984
249,2,Rows,Removal,1226,DUPLICATED,1.0,1.0,1.0,1.0,1.0,0.0059201717376708984
250,2,Rows,Removal,1228,DUPLICATED,1.0,1.0,1.0,1.0,1.0,0.0059201717376708984
251,2,Rows,Removal,1234,DUPLICATED,1.0,1.0,1.0,1.0,1.0,0.0059201717376708984
252,2,Rows,Removal,1237,DUPLICATED,1.0,1.0,1.0,1.0,1.0,0.0059201717376708984
253,2,Rows,Removal,1247,DUPLICATED,1.0,1.0,1.0,1.0,1.0,0.0059201717376708984
254,2,Rows,Removal,1255,DUPLICATED,1.0,1.0,1.0,1.0,1.0,0.0059201717376708984
255,2,Rows,Removal,1259,DUPLICATED,1.0,1.0,1.0,1.0,1.0,0.0059201717376708984
256,2,Rows,Removal,1260,DUPLICATED,1.0,1.0,1.0,1.0,1.0,0.0059201717376708984
257,2,Rows,Removal,1263,DUPLICATED,1.0,1.0,1.0,1.0,1.0,0.0059201717376708984
258,2,Rows,Removal,1266,DUPLICATED,1.0,1.0,1.0,1.0,1.0,0.0059201717376708984
259,2,Rows,Removal,1268,DUPLICATED,1.0,1.0,1.0,1.0,1.0,0.0059201717376708984
260,2,Rows,Removal,1269,DUPLICATED,1.0,1.0,1.0,1.0,1.0,0.0059201717376708984
261,2,Rows,Removal,1270,DUPLICATED,1.0,1.0,1.0,1.0,1.0,0.0059201717376708984
262,2,Rows,Removal,1273,DUPLICATED,1.0,1.0,1.0,1.0,1.0,0.0059201717376708984
263,2,Rows,Removal,1278,DUPLICATED,1.0,1.0,1.0,1.0,1.0,0.0059201717376708984
264,2,Rows,Removal,1281,DUPLICATED,1.0,1.0,1.0,1.0,1.0,0.0059201717376708984
265,2,Rows,Removal,1286,DUPLICATED,1.0,1.0,1.0,1.0,1.0,0.0059201717376708984
266,2,Rows,Removal,1288,DUPLICATED,1.0,1.0,1.0,1.0,1.0,0.0059201717376708984
267,2,Rows,Removal,1290,DUPLICATED,1.0,1.0,1.0,1.0,1.0,0.0059201717376708984
268,2,Rows,Removal,1293,DUPLICATED,1.0,1.0,1.0,1.0,1.0,0.0059201717376708984
269,2,Rows,Removal,1302,DUPLICATED,1.0,1.0,1.0,1.0,1.0,0.0059201717376708984
270,2,Rows,Removal,1303,DUPLICATED,1.0,1.0,1.0,1.0,1.0,0.0059201717376708984
271,2,Rows,Removal,1310,DUPLICATED,1.0,1.0,1.0,1.0,1.0,0.0059201717376708984
272,2,Rows,Removal,1317,DUPLICATED,1.0,1.0,1.0,1.0,1.0,0.0059201717376708984
273,2,Rows,Removal,1332,DUPLICATED,1.0,1.0,1.0,1.0,1.0,0.0059201717376708984
274,2,Rows,Removal,1333,DUPLICATED,1.0,1.0,1.0,1.0,1.0,0.0059201717376708984
275,2,Rows,Removal,1340,DUPLICATED,1.0,1.0,1.0,1.0,1.0,0.0059201717376708984
276,2,Rows,Removal,1349,DUPLICATED,1.0,1.0,1.0,1.0,1.0,0.0059201717376708984
277,2,Rows,Removal,1356,DUPLICATED,1.0,1.0,1.0,1.0,1.0,0.0059201717376708984
278,2,Rows,Removal,1357,DUPLICATED,1.0,1.0,1.0,1.0,1.0,0.0059201717376708984
279,2,Rows,Removal,1359,DUPLICATED,1.0,1.0,1.0,1.0,1.0,0.0059201717376708984
280,2,Rows,Removal,1360,DUPLICATED,1.0,1.0,1.0,1.0,1.0,0.0059201717376708984
281,2,Rows,Removal,1366,DUPLICATED,1.0,1.0,1.0,1.0,1.0,0.0059201717376708984
282,2,Rows,Removal,1368,DUPLICATED,1.0,1.0,1.0,1.0,1.0,0.0059201717376708984
283,2,Rows,Removal,1377,DUPLICATED,1.0,1.0,1.0,1.0,1.0,0.0059201717376708984
284,2,Rows,Removal,1380,DUPLICATED,1.0,1.0,1.0,1.0,1.0,0.0059201717376708984
285,2,Rows,Removal,1382,DUPLICATED,1.0,1.0,1.0,1.0,1.0,0.0059201717376708984
286,2,Rows,Removal,1383,DUPLICATED,1.0,1.0,1.0,1.0,1.0,0.0059201717376708984
287,2,Rows,Removal,1387,DUPLICATED,1.0,1.0,1.0,1.0,1.0,0.0059201717376708984
288,2,Rows,Removal,1393,DUPLICATED,1.0,1.0,1.0,1.0,1.0,0.0059201717376708984
289,2,Rows,Removal,1394,DUPLICATED,1.0,1.0,1.0,1.0,1.0,0.0059201717376708984
290,2,Rows,Removal,1403,DUPLICATED,1.0,1.0,1.0,1.0,1.0,0.0059201717376708984
291,2,Rows,Removal,1411,DUPLICATED,1.0,1.0,1.0,1.0,1.0,0.0059201717376708984
292,2,Rows,Removal,1413,DUPLICATED,1.0,1.0,1.0,1.0,1.0,0.0059201717376708984
293,2,Rows,Removal,1419,DUPLICATED,1.0,1.0,1.0,1.0,1.0,0.0059201717376708984
294,2,Rows,Removal,1422,DUPLICATED,1.0,1.0,1.0,1.0,1.0,0.0059201717376708984
295,2,Rows,Removal,1427,DUPLICATED,1.0,1.0,1.0,1.0,1.0,0.0059201717376708984
296,2,Rows,Removal,1429,DUPLICATED,1.0,1.0,1.0,1.0,1.0,0.0059201717376708984
297,2,Rows,Removal,1430,DUPLICATED,1.0,1.0,1.0,1.0,1.0,0.0059201717376708984
298,2,Rows,Removal,1455,DUPLICATED,1.0,1.0,1.0,1.0,1.0,0.0059201717376708984
299,2,Rows,Removal,1457,DUPLICATED,1.0,1.0,1.0,1.0,1.0,0.0059201717376708984
300,2,Rows,Removal,1459,DUPLICATED,1.0,1.0,1.0,1.0,1.0,0.0059201717376708984
301,2,Rows,Removal,1462,DUPLICATED,1.0,1.0,1.0,1.0,1.0,0.0059201717376708984
302,2,Rows,Removal,1463,DUPLICATED,1.0,1.0,1.0,1.0,1.0,0.0059201717376708984
303,2,Rows,Removal,1471,DUPLICATED,1.0,1.0,1.0,1.0,1.0,0.0059201717376708984
304,2,Rows,Removal,1476,DUPLICATED,1.0,1.0,1.0,1.0,1.0,0.0059201717376708984
305,2,Rows,Removal,1487,DUPLICATED,1.0,1.0,1.0,1.0,1.0,0.0059201717376708984
306,2,Rows,Removal,1499,DUPLICATED,1.0,1.0,1.0,1.0,1.0,0.0059201717376708984
307,2,Rows,Removal,1503,DUPLICATED,1.0,1.0,1.0,1.0,1.0,0.0059201717376708984
308,2,Rows,Removal,1505,DUPLICATED,1.0,1.0,1.0,1.0,1.0,0.0059201717376708984
309,2,Rows,Removal,1508,DUPLICATED,1.0,1.0,1.0,1.0,1.0,0.0059201717376708984
310,2,Rows,Removal,1510,DUPLICATED,1.0,1.0,1.0,1.0,1.0,0.0059201717376708984
311,2,Rows,Removal,1517,DUPLICATED,1.0,1.0,1.0,1.0,1.0,0.0059201717376708984
312,2,Rows,Removal,1523,DUPLICATED,1.0,1.0,1.0,1.0,1.0,0.0059201717376708984
313,2,Rows,Removal,1525,DUPLICATED,1.0,1.0,1.0,1.0,1.0,0.0059201717376708984
314,2,Rows,Removal,1532,DUPLICATED,1.0,1.0,1.0,1.0,1.0,0.0059201717376708984
315,2,Rows,Removal,1533,DUPLICATED,1.0,1.0,1.0,1.0,1.0,0.0059201717376708984
316,2,Rows,Removal,1546,DUPLICATED,1.0,1.0,1.0,1.0,1.0,0.0059201717376708984
317,2,Rows,Removal,1552,DUPLICATED,1.0,1.0,1.0,1.0,1.0,0.0059201717376708984
318,2,Rows,Removal,1565,DUPLICATED,1.0,1.0,1.0,1.0,1.0,0.0059201717376708984
319,2,Rows,Removal,1569,DUPLICATED,1.0,1.0,1.0,1.0,1.0,0.0059201717376708984
320,2,Rows,Removal,1578,DUPLICATED,1.0,1.0,1.0,1.0,1.0,0.0059201717376708984
321,2,Rows,Removal,1583,DUPLICATED,1.0,1.0,1.0,1.0,1.0,0.0059201717376708984
322,2,Rows,Removal,1584,DUPLICATED,1.0,1.0,1.0,1.0,1.0,0.0059201717376708984
323,2,Rows,Removal,1590,DUPLICATED,1.0,1.0,1.0,1.0,1.0,0.0059201717376708984
324,2,Rows,Removal,1591,DUPLICATED,1.0,1.0,1.0,1.0,1.0,0.0059201717376708984
325,2,Rows,Removal,1593,DUPLICATED,1.0,1.0,1.0,1.0,1.0,0.0059201717376708984
326,2,Rows,Removal,1594,DUPLICATED,1.0,1.0,1.0,1.0,1.0,0.0059201717376708984
327,2,Rows,Removal,1600,DUPLICATED,1.0,1.0,1.0,1.0,1.0,0.0059201717376708984
328,2,Rows,Removal,1602,DUPLICATED,1.0,1.0,1.0,1.0,1.0,0.0059201717376708984
329,2,Rows,Removal,1606,DUPLICATED,1.0,1.0,1.0,1.0,1.0,0.0059201717376708984
330,2,Rows,Removal,1607,DUPLICATED,1.0,1.0,1.0,1.0,1.0,0.0059201717376708984
331,2,Rows,Removal,1609,DUPLICATED,1.0,1.0,1.0,1.0,1.0,0.0059201717376708984
332,2,Rows,Removal,1611,DUPLICATED,1.0,1.0,1.0,1.0,1.0,0.0059201717376708984
333,2,Rows,Removal,1620,DUPLICATED,1.0,1.0,1.0,1.0,1.0,0.0059201717376708984
334,2,Rows,Removal,1621,DUPLICATED,1.0,1.0,1.0,1.0,1.0,0.0059201717376708984
335,2,Rows,Removal,1623,DUPLICATED,1.0,1.0,1.0,1.0,1.0,0.0059201717376708984
336,2,Rows,Removal,1624,DUPLICATED,1.0,1.0,1.0,1.0,1.0,0.0059201717376708984
337,2,Rows,Removal,1628,DUPLICATED,1.0,1.0,1.0,1.0,1.0,0.0059201717376708984
338,2,Rows,Removal,1651,DUPLICATED,1.0,1.0,1.0,1.0,1.0,0.0059201717376708984
339,2,Rows,Removal,1653,DUPLICATED,1.0,1.0,1.0,1.0,1.0,0.0059201717376708984
340,2,Rows,Removal,1656,DUPLICATED,1.0,1.0,1.0,1.0,1.0,0.0059201717376708984
341,2,Rows,Removal,1662,DUPLICATED,1.0,1.0,1.0,1.0,1.0,0.0059201717376708984
342,2,Rows,Removal,1666,DUPLICATED,1.0,1.0,1.0,1.0,1.0,0.0059201717376708984
343,2,Rows,Removal,1670,DUPLICATED,1.0,1.0,1.0,1.0,1.0,0.0059201717376708984
344,2,Rows,Removal,1672,DUPLICATED,1.0,1.0,1.0,1.0,1.0,0.0059201717376708984
345,2,Rows,Removal,1677,DUPLICATED,1.0,1.0,1.0,1.0,1.0,0.0059201717376708984
346,2,Rows,Removal,1710,DUPLICATED,1.0,1.0,1.0,1.0,1.0,0.0059201717376708984
347,2,Rows,Removal,1711,DUPLICATED,1.0,1.0,1.0,1.0,1.0,0.0059201717376708984
348,2,Rows,Removal,1719,DUPLICATED,1.0,1.0,1.0,1.0,1.0,0.0059201717376708984
349,2,Rows,Removal,1723,DUPLICATED,1.0,1.0,1.0,1.0,1.0,0.0059201717376708984
350,2,Rows,Removal,1724,DUPLICATED,1.0,1.0,1.0,1.0,1.0,0.0059201717376708984
351,2,Rows,Removal,1731,DUPLICATED,1.0,1.0,1.0,1.0,1.0,0.0059201717376708984
352,2,Rows,Removal,1732,DUPLICATED,1.0,1.0,1.0,1.0,1.0,0.0059201717376708984
353,2,Rows,Removal,1743,DUPLICATED,1.0,1.0,1.0,1.0,1.0,0.0059201717376708984
354,2,Rows,Removal,1745,DUPLICATED,1.0,1.0,1.0,1.0,1.0,0.0059201717376708984
355,2,Rows,Removal,1746,DUPLICATED,1.0,1.0,1.0,1.0,1.0,0.0059201717376708984
356,2,Rows,Removal,1749,DUPLICATED,1.0,1.0,1.0,1.0,1.0,0.0059201717376708984
357,2,Rows,Removal,1760,DUPLICATED,1.0,1.0,1.0,1.0,1.0,0.0059201717376708984
358,2,Rows,Removal,1765,DUPLICATED,1.0,1.0,1.0,1.0,1.0,0.0059201717376708984
359,2,Rows,Removal,1769,DUPLICATED,1.0,1.0,1.0,1.0,1.0,0.0059201717376708984
360,2,Rows,Removal,1772,DUPLICATED,1.0,1.0,1.0,1.0,1.0,0.0059201717376708984
361,2,Rows,Removal,1774,DUPLICATED,1.0,1.0,1.0,1.0,1.0,0.0059201717376708984
362,2,Rows,Removal,1776,DUPLICATED,1.0,1.0,1.0,1.0,1.0,0.0059201717376708984
363,2,Rows,Removal,1786,DUPLICATED,1.0,1.0,1.0,1.0,1.0,0.0059201717376708984
364,2,Rows,Removal,1789,DUPLICATED,1.0,1.0,1.0,1.0,1.0,0.0059201717376708984
365,2,Rows,Removal,1809,DUPLICATED,1.0,1.0,1.0,1.0,1.0,0.0059201717376708984
366,2,Rows,Removal,1811,DUPLICATED,1.0,1.0,1.0,1.0,1.0,0.0059201717376708984
367,2,Rows,Removal,1814,DUPLICATED,1.0,1.0,1.0,1.0,1.0,0.0059201717376708984
368,2,Rows,Removal,1818,DUPLICATED,1.0,1.0,1.0,1.0,1.0,0.0059201717376708984
369,2,Rows,Removal,1822,DUPLICATED,1.0,1.0,1.0,1.0,1.0,0.0059201717376708984
370,2,Rows,Removal,1826,DUPLICATED,1.0,1.0,1.0,1.0,1.0,0.0059201717376708984
371,2,Rows,Removal,1829,DUPLICATED,1.0,1.0,1.0,1.0,1.0,0.0059201717376708984
372,2,Rows,Removal,1830,DUPLICATED,1.0,1.0,1.0,1.0,1.0,0.0059201717376708984
373,2,Rows,Removal,1834,DUPLICATED,1.0,1.0,1.0,1.0,1.0,0.0059201717376708984
374,2,Rows,Removal,1840,DUPLICATED,1.0,1.0,1.0,1.0,1.0,0.0059201717376708984
375,2,Rows,Removal,1844,DUPLICATED,1.0,1.0,1.0,1.0,1.0,0.0059201717376708984
376,2,Rows,Removal,1849,DUPLICATED,1.0,1.0,1.0,1.0,1.0,0.0059201717376708984
377,2,Rows,Removal,1850,DUPLICATED,1.0,1.0,1.0,1.0,1.0,0.0059201717376708984
378,2,Rows,Removal,1851,DUPLICATED,1.0,1.0,1.0,1.0,1.0,0.0059201717376708984
379,2,Rows,Removal,1860,DUPLICATED,1.0,1.0,1.0,1.0,1.0,0.0059201717376708984
380,2,Rows,Removal,1861,DUPLICATED,1.0,1.0,1.0,1.0,1.0,0.0059201717376708984
381,2,Rows,Removal,1862,DUPLICATED,1.0,1.0,1.0,1.0,1.0,0.0059201717376708984
382,2,Rows,Removal,1865,DUPLICATED,1.0,1.0,1.0,1.0,1.0,0.0059201717376708984
383,2,Rows,Removal,1867,DUPLICATED,1.0,1.0,1.0,1.0,1.0,0.0059201717376708984
384,2,Rows,Removal,1868,DUPLICATED,1.0,1.0,1.0,1.0,1.0,0.0059201717376708984
385,2,Rows,Removal,1871,DUPLICATED,1.0,1.0,1.0,1.0,1.0,0.0059201717376708984
386,2,Rows,Removal,1874,DUPLICATED,1.0,1.0,1.0,1.0,1.0,0.0059201717376708984
387,2,Rows,Removal,1875,DUPLICATED,1.0,1.0,1.0,1.0,1.0,0.0059201717376708984
388,2,Rows,Removal,1883,DUPLICATED,1.0,1.0,1.0,1.0,1.0,0.0059201717376708984
389,2,Rows,Removal,1888,DUPLICATED,1.0,1.0,1.0,1.0,1.0,0.0059201717376708984
390,2,Rows,Removal,1891,DUPLICATED,1.0,1.0,1.0,1.0,1.0,0.0059201717376708984
391,2,Rows,Removal,1913,DUPLICATED,1.0,1.0,1.0,1.0,1.0,0.0059201717376708984
392,2,Rows,Removal,1918,DUPLICATED,1.0,1.0,1.0,1.0,1.0,0.0059201717376708984
393,2,Rows,Removal,1932,DUPLICATED,1.0,1.0,1.0,1.0,1.0,0.0059201717376708984
394,2,Rows,Removal,1934,DUPLICATED,1.0,1.0,1.0,1.0,1.0,0.0059201717376708984
395,2,Rows,Removal,1940,DUPLICATED,1.0,1.0,1.0,1.0,1.0,0.0059201717376708984
396,2,Rows,Removal,1947,DUPLICATED,1.0,1.0,1.0,1.0,1.0,0.0059201717376708984
397,2,Rows,Removal,1953,DUPLICATED,1.0,1.0,1.0,1.0,1.0,0.0059201717376708984
398,2,Rows,Removal,1958,DUPLICATED,1.0,1.0,1.0,1.0,1.0,0.0059201717376708984
0,2,Rows,Addition,0,BOOTSTRAPPED,1.0,1.0,1,1,1,0.003196239471435547
0,2,Rows,Addition,2,BOOTSTRAPPED,1.0,1.0,1,1,1,0.0035247802734375
0,2,Rows,Addition,20,BOOTSTRAPPED,1.0,1.0,1,1,1,0.0029888153076171875
0,2,Rows,Addition,21,BOOTSTRAPPED,1.0,1.0,1,1,1,0.003171205520629883
0,2,Rows,Addition,24,BOOTSTRAPPED,1.0,1.0,1,1,1,0.0030231475830078125
0,2,Rows,Addition,26,BOOTSTRAPPED,1.0,1.0,1,1,1,0.0029709339141845703
0,2,Rows,Addition,30,BOOTSTRAPPED,1.0,1.0,1,1,1,0.003002166748046875
0,2,Rows,Addition,37,BOOTSTRAPPED,1.0,1.0,1,1,1,0.0030069351196289062
0,2,Rows,Addition,39,BOOTSTRAPPED,1.0,1.0,1,1,1,0.0030601024627685547
0,2,Rows,Addition,42,BOOTSTRAPPED,1.0,1.0,1,1,1,0.003009796142578125
0,2,Rows,Addition,61,BOOTSTRAPPED,1.0,1.0,1,1,1,0.0029518604278564453
0,2,Rows,Addition,65,BOOTSTRAPPED,1.0,1.0,1,1,1,0.003020048141479492
0,2,Rows,Addition,71,BOOTSTRAPPED,1.0,1.0,1,1,1,0.003049135208129883
0,2,Rows,Addition,73,BOOTSTRAPPED,1.0,1.0,1,1,1,0.0030357837677001953
0,2,Rows,Addition,86,BOOTSTRAPPED,1.0,1.0,1,1,1,0.002905130386352539
0,2,Rows,Addition,89,BOOTSTRAPPED,1.0,1.0,1,1,1,0.002911090850830078
0,2,Rows,Addition,91,BOOTSTRAPPED,1.0,1.0,1,1,1,0.0030241012573242188
0,2,Rows,Addition,93,BOOTSTRAPPED,1.0,1.0,1,1,1,0.0029709339141845703
0,2,Rows,Addition,97,BOOTSTRAPPED,1.0,1.0,1,1,1,0.003056049346923828
0,2,Rows,Addition,105,BOOTSTRAPPED,1.0,1.0,1,1,1,0.002877950668334961
0,2,Rows,Addition,114,BOOTSTRAPPED,1.0,1.0,1,1,1,0.002971172332763672
0,2,Rows,Addition,118,BOOTSTRAPPED,1.0,1.0,1,1,1,0.0030362606048583984
0,2,Rows,Addition,121,BOOTSTRAPPED,1.0,1.0,1,1,1,0.0030291080474853516
0,2,Rows,Addition,122,BOOTSTRAPPED,1.0,1.0,1,1,1,0.0031270980834960938
0,2,Rows,Addition,127,BOOTSTRAPPED,1.0,1.0,1,1,1,0.0030100345611572266
0,2,Rows,Addition,128,BOOTSTRAPPED,1.0,1.0,1,1,1,0.0030138492584228516
0,2,Rows,Addition,130,BOOTSTRAPPED,1.0,1.0,1,1,1,0.0030601024627685547
0,2,Rows,Addition,131,BOOTSTRAPPED,1.0,1.0,1,1,1,0.003134012222290039
0,2,Rows,Addition,143,BOOTSTRAPPED,1.0,1.0,1,1,1,0.0030090808868408203
0,2,Rows,Addition,154,BOOTSTRAPPED,1.0,1.0,1,1,1,0.002928018569946289
0,2,Rows,Addition,157,BOOTSTRAPPED,1.0,1.0,1,1,1,0.002980947494506836
0,2,Rows,Addition,163,BOOTSTRAPPED,1.0,1.0,1,1,1,0.0029113292694091797
0,2,Rows,Addition,168,BOOTSTRAPPED,1.0,1.0,1,1,1,0.002933979034423828
0,2,Rows,Addition,171,BOOTSTRAPPED,1.0,1.0,1,1,1,0.002881765365600586
0,2,Rows,Addition,184,BOOTSTRAPPED,1.0,1.0,1,1,1,0.0028908252716064453
0,2,Rows,Addition,190,BOOTSTRAPPED,1.0,1.0,1,1,1,0.0029458999633789062
0,2,Rows,Addition,191,BOOTSTRAPPED,1.0,1.0,1,1,1,0.002978086471557617
0,2,Rows,Addition,193,BOOTSTRAPPED,1.0,1.0,1,1,1,0.003017902374267578
0,2,Rows,Addition,201,BOOTSTRAPPED,1.0,1.0,1,1,1,0.0028531551361083984
0,2,Rows,Addition,207,BOOTSTRAPPED,1.0,1.0,1,1,1,0.0029659271240234375
0,2,Rows,Addition,211,BOOTSTRAPPED,1.0,1.0,1,1,1,0.0030159950256347656
0,2,Rows,Addition,214,BOOTSTRAPPED,1.0,1.0,1,1,1,0.0030298233032226562
0,2,Rows,Addition,217,BOOTSTRAPPED,1.0,1.0,1,1,1,0.003119945526123047
0,2,Rows,Addition,234,BOOTSTRAPPED,1.0,1.0,1,1,1,0.0028672218322753906
0,2,Rows,Addition,249,BOOTSTRAPPED,1.0,1.0,1,1,1,0.0029592514038085938
0,2,Rows,Addition,250,BOOTSTRAPPED,1.0,1.0,1,1,1,0.002997875213623047
0,2,Rows,Addition,256,BOOTSTRAPPED,1.0,1.0,1,1,1,0.0029010772705078125
0,2,Rows,Addition,257,BOOTSTRAPPED,1.0,1.0,1,1,1,0.002941131591796875
0,2,Rows,Addition,265,BOOTSTRAPPED,1.0,1.0,1,1,1,0.002899169921875
0,2,Rows,Addition,266,BOOTSTRAPPED,1.0,1.0,1,1,1,0.0029850006103515625
0,2,Rows,Addition,267,BOOTSTRAPPED,1.0,1.0,1,1,1,0.0030939579010009766
0,2,Rows,Addition,287,BOOTSTRAPPED,1.0,1.0,1,1,1,0.003047943115234375
0,2,Rows,Addition,288,BOOTSTRAPPED,1.0,1.0,1,1,1,0.0030460357666015625
0,2,Rows,Addition,294,BOOTSTRAPPED,1.0,1.0,1,1,1,0.003039836883544922
0,2,Rows,Addition,295,BOOTSTRAPPED,1.0,1.0,1,1,1,0.003034830093383789
0,2,Rows,Addition,302,BOOTSTRAPPED,1.0,1.0,1,1,1,0.0030558109283447266
0,2,Rows,Addition,310,BOOTSTRAPPED,1.0,1.0,1,1,1,0.003063201904296875
0,2,Rows,Addition,311,BOOTSTRAPPED,1.0,1.0,1,1,1,0.002892017364501953
0,2,Rows,Addition,315,BOOTSTRAPPED,1.0,1.0,1,1,1,0.002930879592895508
0,2,Rows,Addition,316,BOOTSTRAPPED,1.0,1.0,1,1,1,0.0029633045196533203
0,2,Rows,Addition,320,BOOTSTRAPPED,1.0,1.0,1,1,1,0.0029790401458740234
0,2,Rows,Addition,321,BOOTSTRAPPED,1.0,1.0,1,1,1,0.0030078887939453125
0,2,Rows,Addition,322,BOOTSTRAPPED,1.0,1.0,1,1,1,0.0030121803283691406
0,2,Rows,Addition,324,BOOTSTRAPPED,1.0,1.0,1,1,1,0.0030019283294677734
0,2,Rows,Addition,337,BOOTSTRAPPED,1.0,1.0,1,1,1,0.0030241012573242188
0,2,Rows,Addition,338,BOOTSTRAPPED,1.0,1.0,1,1,1,0.003022909164428711
0,2,Rows,Addition,339,BOOTSTRAPPED,1.0,1.0,1,1,1,0.0029599666595458984
0,2,Rows,Addition,343,BOOTSTRAPPED,1.0,1.0,1,1,1,0.0028810501098632812
0,2,Rows,Addition,346,BOOTSTRAPPED,1.0,1.0,1,1,1,0.002997875213623047
0,2,Rows,Addition,348,BOOTSTRAPPED,1.0,1.0,1,1,1,0.0030279159545898438
0,2,Rows,Addition,351,BOOTSTRAPPED,1.0,1.0,1,1,1,0.0030210018157958984
0,2,Rows,Addition,356,BOOTSTRAPPED,1.0,1.0,1,1,1,0.0030570030212402344
0,2,Rows,Addition,358,BOOTSTRAPPED,1.0,1.0,1,1,1,0.0030379295349121094
0,2,Rows,Addition,360,BOOTSTRAPPED,1.0,1.0,1,1,1,0.0031058788299560547
0,2,Rows,Addition,370,BOOTSTRAPPED,1.0,1.0,1,1,1,0.0030488967895507812
0,2,Rows,Addition,374,BOOTSTRAPPED,1.0,1.0,1,1,1,0.0031027793884277344
0,2,Rows,Addition,377,BOOTSTRAPPED,1.0,1.0,1,1,1,0.0029098987579345703
0,2,Rows,Addition,378,BOOTSTRAPPED,1.0,1.0,1,1,1,0.0029342174530029297
0,2,Rows,Addition,387,BOOTSTRAPPED,1.0,1.0,1,1,1,0.003031015396118164
0,2,Rows,Addition,389,BOOTSTRAPPED,1.0,1.0,1,1,1,0.0030319690704345703
0,2,Rows,Addition,392,BOOTSTRAPPED,1.0,1.0,1,1,1,0.003100156784057617
0,2,Rows,Addition,393,BOOTSTRAPPED,1.0,1.0,1,1,1,0.0028820037841796875
0,2,Rows,Addition,397,BOOTSTRAPPED,1.0,1.0,1,1,1,0.0029578208923339844
0,2,Rows,Addition,405,BOOTSTRAPPED,1.0,1.0,1,1,1,0.0030231475830078125
0,2,Rows,Addition,406,BOOTSTRAPPED,1.0,1.0,1,1,1,0.0030858516693115234
0,2,Rows,Addition,411,BOOTSTRAPPED,1.0,1.0,1,1,1,0.0030291080474853516
0,2,Rows,Addition,414,BOOTSTRAPPED,1.0,1.0,1,1,1,0.003030061721801758
0,2,Rows,Addition,417,BOOTSTRAPPED,1.0,1.0,1,1,1,0.003052949905395508
0,2,Rows,Addition,432,BOOTSTRAPPED,1.0,1.0,1,1,1,0.0030460357666015625
0,2,Rows,Addition,435,BOOTSTRAPPED,1.0,1.0,1,1,1,0.003052949905395508
0,2,Rows,Addition,438,BOOTSTRAPPED,1.0,1.0,1,1,1,0.0028929710388183594
0,2,Rows,Addition,439,BOOTSTRAPPED,1.0,1.0,1,1,1,0.0029098987579345703
0,2,Rows,Addition,442,BOOTSTRAPPED,1.0,1.0,1,1,1,0.0029680728912353516
0,2,Rows,Addition,444,BOOTSTRAPPED,1.0,1.0,1,1,1,0.0030059814453125
0,2,Rows,Addition,445,BOOTSTRAPPED,1.0,1.0,1,1,1,0.003034830093383789
0,2,Rows,Addition,451,BOOTSTRAPPED,1.0,1.0,1,1,1,0.002864837646484375
0,2,Rows,Addition,458,BOOTSTRAPPED,1.0,1.0,1,1,1,0.002953052520751953
0,2,Rows,Addition,461,BOOTSTRAPPED,1.0,1.0,1,1,1,0.0030121803283691406
0,2,Rows,Addition,467,BOOTSTRAPPED,1.0,1.0,1,1,1,0.0030291080474853516
0,2,Rows,Addition,468,BOOTSTRAPPED,1.0,1.0,1,1,1,0.0030968189239501953
0,2,Rows,Addition,476,BOOTSTRAPPED,1.0,1.0,1,1,1,0.0028548240661621094
0,2,Rows,Addition,486,BOOTSTRAPPED,1.0,1.0,1,1,1,0.002997875213623047
0,2,Rows,Addition,493,BOOTSTRAPPED,1.0,1.0,1,1,1,0.0030031204223632812
0,2,Rows,Addition,494,BOOTSTRAPPED,1.0,1.0,1,1,1,0.0030150413513183594
0,2,Rows,Addition,498,BOOTSTRAPPED,1.0,1.0,1,1,1,0.003020048141479492
0,2,Rows,Addition,501,BOOTSTRAPPED,1.0,1.0,1,1,1,0.0030679702758789062
0,2,Rows,Addition,502,BOOTSTRAPPED,1.0,1.0,1,1,1,0.003030061721801758
0,2,Rows,Addition,503,BOOTSTRAPPED,1.0,1.0,1,1,1,0.0031409263610839844
0,2,Rows,Addition,511,BOOTSTRAPPED,1.0,1.0,1,1,1,0.0030448436737060547
0,2,Rows,Addition,559,BOOTSTRAPPED,1.0,1.0,1,1,1,0.003064870834350586
0,2,Rows,Addition,562,BOOTSTRAPPED,1.0,1.0,1,1,1,0.0030388832092285156
0,2,Rows,Addition,564,BOOTSTRAPPED,1.0,1.0,1,1,1,0.0030570030212402344
0,2,Rows,Addition,583,BOOTSTRAPPED,1.0,1.0,1,1,1,0.003053903579711914
0,2,Rows,Addition,591,BOOTSTRAPPED,1.0,1.0,1,1,1,0.0030660629272460938
0,2,Rows,Addition,597,BOOTSTRAPPED,1.0,1.0,1,1,1,0.003058195114135742
0,2,Rows,Addition,598,BOOTSTRAPPED,1.0,1.0,1,1,1,0.0030603408813476562
0,2,Rows,Addition,601,BOOTSTRAPPED,1.0,1.0,1,1,1,0.003068208694458008
0,2,Rows,Addition,606,BOOTSTRAPPED,1.0,1.0,1,1,1,0.0030798912048339844
0,2,Rows,Addition,607,BOOTSTRAPPED,1.0,1.0,1,1,1,0.0031561851501464844
0,2,Rows,Addition,608,BOOTSTRAPPED,1.0,1.0,1,1,1,0.0030739307403564453
0,2,Rows,Addition,609,BOOTSTRAPPED,1.0,1.0,1,1,1,0.003050088882446289
0,2,Rows,Addition,618,BOOTSTRAPPED,1.0,1.0,1,1,1,0.003083944320678711
0,2,Rows,Addition,619,BOOTSTRAPPED,1.0,1.0,1,1,1,0.0029299259185791016
0,2,Rows,Addition,620,BOOTSTRAPPED,1.0,1.0,1,1,1,0.0029668807983398438
0,2,Rows,Addition,629,BOOTSTRAPPED,1.0,1.0,1,1,1,0.0030379295349121094
0,2,Rows,Addition,632,BOOTSTRAPPED,1.0,1.0,1,1,1,0.0030510425567626953
0,2,Rows,Addition,634,BOOTSTRAPPED,1.0,1.0,1,1,1,0.003056049346923828
0,2,Rows,Addition,643,BOOTSTRAPPED,1.0,1.0,1,1,1,0.003056764602661133
0,2,Rows,Addition,651,BOOTSTRAPPED,1.0,1.0,1,1,1,0.003072023391723633
0,2,Rows,Addition,653,BOOTSTRAPPED,1.0,1.0,1,1,1,0.003072023391723633
0,2,Rows,Addition,655,BOOTSTRAPPED,1.0,1.0,1,1,1,0.0030679702758789062
0,2,Rows,Addition,658,BOOTSTRAPPED,1.0,1.0,1,1,1,0.007740974426269531
0,2,Rows,Addition,664,BOOTSTRAPPED,1.0,1.0,1,1,1,0.009285926818847656
0,2,Rows,Addition,672,BOOTSTRAPPED,1.0,1.0,1,1,1,0.003621816635131836
0,2,Rows,Addition,674,BOOTSTRAPPED,1.0,1.0,1,1,1,0.003164052963256836
0,2,Rows,Addition,691,BOOTSTRAPPED,1.0,1.0,1,1,1,0.0029931068420410156
0,2,Rows,Addition,692,BOOTSTRAPPED,1.0,1.0,1,1,1,0.002997875213623047
0,2,Rows,Addition,698,BOOTSTRAPPED,1.0,1.0,1,1,1,0.0029990673065185547
0,2,Rows,Addition,700,BOOTSTRAPPED,1.0,1.0,1,1,1,0.0030100345611572266
0,2,Rows,Addition,702,BOOTSTRAPPED,1.0,1.0,1,1,1,0.003063678741455078
0,2,Rows,Addition,703,BOOTSTRAPPED,1.0,1.0,1,1,1,0.003055095672607422
0,2,Rows,Addition,715,BOOTSTRAPPED,1.0,1.0,1,1,1,0.002998828887939453
0,2,Rows,Addition,717,BOOTSTRAPPED,1.0,1.0,1,1,1,0.0033409595489501953
0,2,Rows,Addition,724,BOOTSTRAPPED,1.0,1.0,1,1,1,0.0030472278594970703
0,2,Rows,Addition,725,BOOTSTRAPPED,1.0,1.0,1,1,1,0.0029230117797851562
0,2,Rows,Addition,732,BOOTSTRAPPED,1.0,1.0,1,1,1,0.0031480789184570312
0,2,Rows,Addition,736,BOOTSTRAPPED,1.0,1.0,1,1,1,0.0029969215393066406
0,2,Rows,Addition,738,BOOTSTRAPPED,1.0,1.0,1,1,1,0.0030448436737060547
0,2,Rows,Addition,741,BOOTSTRAPPED,1.0,1.0,1,1,1,0.0030889511108398438
0,2,Rows,Addition,751,BOOTSTRAPPED,1.0,1.0,1,1,1,0.003214120864868164
0,2,Rows,Addition,756,BOOTSTRAPPED,1.0,1.0,1,1,1,0.002936840057373047
0,2,Rows,Addition,757,BOOTSTRAPPED,1.0,1.0,1,1,1,0.0030548572540283203
0,2,Rows,Addition,760,BOOTSTRAPPED,1.0,1.0,1,1,1,0.0031349658966064453
0,2,Rows,Addition,769,BOOTSTRAPPED,1.0,1.0,1,1,1,0.0030181407928466797
0,2,Rows,Addition,778,BOOTSTRAPPED,1.0,1.0,1,1,1,0.0030679702758789062
0,2,Rows,Addition,790,BOOTSTRAPPED,1.0,1.0,1,1,1,0.0029439926147460938
0,2,Rows,Addition,794,BOOTSTRAPPED,1.0,1.0,1,1,1,0.0029680728912353516
0,2,Rows,Addition,795,BOOTSTRAPPED,1.0,1.0,1,1,1,0.003022909164428711
0,2,Rows,Addition,798,BOOTSTRAPPED,1.0,1.0,1,1,1,0.0030171871185302734
0,2,Rows,Addition,799,BOOTSTRAPPED,1.0,1.0,1,1,1,0.0031278133392333984
0,2,Rows,Addition,800,BOOTSTRAPPED,1.0,1.0,1,1,1,0.003061056137084961
0,2,Rows,Addition,801,BOOTSTRAPPED,1.0,1.0,1,1,1,0.0030868053436279297
0,2,Rows,Addition,804,BOOTSTRAPPED,1.0,1.0,1,1,1,0.0030281543731689453
0,2,Rows,Addition,805,BOOTSTRAPPED,1.0,1.0,1,1,1,0.003035306930541992
0,2,Rows,Addition,809,BOOTSTRAPPED,1.0,1.0,1,1,1,0.003047943115234375
0,2,Rows,Addition,811,BOOTSTRAPPED,1.0,1.0,1,1,1,0.0030660629272460938
0,2,Rows,Addition,813,BOOTSTRAPPED,1.0,1.0,1,1,1,0.003074169158935547
0,2,Rows,Addition,814,BOOTSTRAPPED,1.0,1.0,1,1,1,0.0030426979064941406
0,2,Rows,Addition,822,BOOTSTRAPPED,1.0,1.0,1,1,1,0.003072023391723633
0,2,Rows,Addition,824,BOOTSTRAPPED,1.0,1.0,1,1,1,0.0030329227447509766
0,2,Rows,Addition,835,BOOTSTRAPPED,1.0,1.0,1,1,1,0.003152132034301758
0,2,Rows,Addition,844,BOOTSTRAPPED,1.0,1.0,1,1,1,0.0030736923217773438
0,2,Rows,Addition,857,BOOTSTRAPPED,1.0,1.0,1,1,1,0.003061056137084961
0,2,Rows,Addition,862,BOOTSTRAPPED,1.0,1.0,1,1,1,0.0030672550201416016
0,2,Rows,Addition,873,BOOTSTRAPPED,1.0,1.0,1,1,1,0.0030519962310791016
0,2,Rows,Addition,885,BOOTSTRAPPED,1.0,1.0,1,1,1,0.003056049346923828
0,2,Rows,Addition,892,BOOTSTRAPPED,1.0,1.0,1,1,1,0.003057241439819336
0,2,Rows,Addition,902,BOOTSTRAPPED,1.0,1.0,1,1,1,0.003075122833251953
0,2,Rows,Addition,916,BOOTSTRAPPED,1.0,1.0,1,1,1,0.003059864044189453
0,2,Rows,Addition,918,BOOTSTRAPPED,1.0,1.0,1,1,1,0.003063201904296875
0,2,Rows,Addition,920,BOOTSTRAPPED,1.0,1.0,1,1,1,0.0030798912048339844
0,2,Rows,Addition,925,BOOTSTRAPPED,1.0,1.0,1,1,1,0.002960205078125
0,2,Rows,Addition,927,BOOTSTRAPPED,1.0,1.0,1,1,1,0.0030188560485839844
0,2,Rows,Addition,937,BOOTSTRAPPED,1.0,1.0,1,1,1,0.0030710697174072266
0,2,Rows,Addition,939,BOOTSTRAPPED,1.0,1.0,1,1,1,0.003042936325073242
0,2,Rows,Addition,940,BOOTSTRAPPED,1.0,1.0,1,1,1,0.003058910369873047
0,2,Rows,Addition,942,BOOTSTRAPPED,1.0,1.0,1,1,1,0.0030698776245117188
0,2,Rows,Addition,943,BOOTSTRAPPED,1.0,1.0,1,1,1,0.003085613250732422
0,2,Rows,Addition,950,BOOTSTRAPPED,1.0,1.0,1,1,1,0.003056764602661133
0,2,Rows,Addition,953,BOOTSTRAPPED,1.0,1.0,1,1,1,0.0031440258026123047
0,2,Rows,Addition,955,BOOTSTRAPPED,1.0,1.0,1,1,1,0.003077983856201172
0,2,Rows,Addition,957,BOOTSTRAPPED,1.0,1.0,1,1,1,0.0030798912048339844
0,2,Rows,Addition,960,BOOTSTRAPPED,1.0,1.0,1,1,1,0.003111124038696289
0,2,Rows,Addition,961,BOOTSTRAPPED,1.0,1.0,1,1,1,0.0030558109283447266
0,2,Rows,Addition,975,BOOTSTRAPPED,1.0,1.0,1,1,1,0.0030667781829833984
0,2,Rows,Addition,991,BOOTSTRAPPED,1.0,1.0,1,1,1,0.0030951499938964844
0,2,Rows,Addition,992,BOOTSTRAPPED,1.0,1.0,1,1,1,0.0030841827392578125
0,2,Rows,Addition,999,BOOTSTRAPPED,1.0,1.0,1,1,1,0.0030558109283447266
0,2,Rows,Addition,1016,BOOTSTRAPPED,1.0,1.0,1,1,1,0.0030808448791503906
0,2,Rows,Addition,1027,BOOTSTRAPPED,1.0,1.0,1,1,1,0.003097057342529297
0,2,Rows,Addition,1030,BOOTSTRAPPED,1.0,1.0,1,1,1,0.0031201839447021484
0,2,Rows,Addition,1035,BOOTSTRAPPED,1.0,1.0,1,1,1,0.003053903579711914
0,2,Rows,Addition,1036,BOOTSTRAPPED,1.0,1.0,1,1,1,0.0030760765075683594
0,2,Rows,Addition,1037,BOOTSTRAPPED,1.0,1.0,1,1,1,0.0031158924102783203
0,2,Rows,Addition,1041,BOOTSTRAPPED,1.0,1.0,1,1,1,0.003085613250732422
0,2,Rows,Addition,1046,BOOTSTRAPPED,1.0,1.0,1,1,1,0.0030851364135742188
0,2,Rows,Addition,1049,BOOTSTRAPPED,1.0,1.0,1,1,1,0.0030670166015625
0,2,Rows,Addition,1053,BOOTSTRAPPED,1.0,1.0,1,1,1,0.003113269805908203
0,2,Rows,Addition,1058,BOOTSTRAPPED,1.0,1.0,1,1,1,0.003078937530517578
0,2,Rows,Addition,1061,BOOTSTRAPPED,1.0,1.0,1,1,1,0.003062009811401367
0,2,Rows,Addition,1069,BOOTSTRAPPED,1.0,1.0,1,1,1,0.003075838088989258
0,2,Rows,Addition,1071,BOOTSTRAPPED,1.0,1.0,1,1,1,0.0030562877655029297
0,2,Rows,Addition,1074,BOOTSTRAPPED,1.0,1.0,1,1,1,0.003063678741455078
0,2,Rows,Addition,1075,BOOTSTRAPPED,1.0,1.0,1,1,1,0.00308990478515625
0,2,Rows,Addition,1076,BOOTSTRAPPED,1.0,1.0,1,1,1,0.0030820369720458984
0,2,Rows,Addition,1077,BOOTSTRAPPED,1.0,1.0,1,1,1,0.00308990478515625
0,2,Rows,Addition,1078,BOOTSTRAPPED,1.0,1.0,1,1,1,0.003061056137084961
0,2,Rows,Addition,1079,BOOTSTRAPPED,1.0,1.0,1,1,1,0.002895832061767578
0,2,Rows,Addition,1083,BOOTSTRAPPED,1.0,1.0,1,1,1,0.0029120445251464844
0,2,Rows,Addition,1088,BOOTSTRAPPED,1.0,1.0,1,1,1,0.0029649734497070312
0,2,Rows,Addition,1092,BOOTSTRAPPED,1.0,1.0,1,1,1,0.003010988235473633
0,2,Rows,Addition,1112,BOOTSTRAPPED,1.0,1.0,1,1,1,0.0030260086059570312
0,2,Rows,Addition,1125,BOOTSTRAPPED,1.0,1.0,1,1,1,0.00302886962890625
0,2,Rows,Addition,1131,BOOTSTRAPPED,1.0,1.0,1,1,1,0.003017902374267578
0,2,Rows,Addition,1134,BOOTSTRAPPED,1.0,1.0,1,1,1,0.003055095672607422
0,2,Rows,Addition,1146,BOOTSTRAPPED,1.0,1.0,1,1,1,0.0030519962310791016
0,2,Rows,Addition,1150,BOOTSTRAPPED,1.0,1.0,1,1,1,0.003145933151245117
0,2,Rows,Addition,1156,BOOTSTRAPPED,1.0,1.0,1,1,1,0.003062725067138672
0,2,Rows,Addition,1167,BOOTSTRAPPED,1.0,1.0,1,1,1,0.00305938720703125
0,2,Rows,Addition,1177,BOOTSTRAPPED,1.0,1.0,1,1,1,0.0030410289764404297
0,2,Rows,Addition,1183,BOOTSTRAPPED,1.0,1.0,1,1,1,0.0030579566955566406
0,2,Rows,Addition,1193,BOOTSTRAPPED,1.0,1.0,1,1,1,0.0030519962310791016
0,2,Rows,Addition,1197,BOOTSTRAPPED,1.0,1.0,1,1,1,0.0030641555786132812
0,2,Rows,Addition,1202,BOOTSTRAPPED,1.0,1.0,1,1,1,0.003063201904296875
0,2,Rows,Addition,1207,BOOTSTRAPPED,1.0,1.0,1,1,1,0.0030579566955566406
0,2,Rows,Addition,1208,BOOTSTRAPPED,1.0,1.0,1,1,1,0.003053903579711914
0,2,Rows,Addition,1209,BOOTSTRAPPED,1.0,1.0,1,1,1,0.0030519962310791016
0,2,Rows,Addition,1214,BOOTSTRAPPED,1.0,1.0,1,1,1,0.003139019012451172
0,2,Rows,Addition,1222,BOOTSTRAPPED,1.0,1.0,1,1,1,0.0030791759490966797
0,2,Rows,Addition,1224,BOOTSTRAPPED,1.0,1.0,1,1,1,0.0030670166015625
0,2,Rows,Addition,1226,BOOTSTRAPPED,1.0,1.0,1,1,1,0.0030820369720458984
0,2,Rows,Addition,1228,BOOTSTRAPPED,1.0,1.0,1,1,1,0.0030710697174072266
0,2,Rows,Addition,1229,BOOTSTRAPPED,1.0,1.0,1,1,1,0.003068208694458008
0,2,Rows,Addition,1234,BOOTSTRAPPED,1.0,1.0,1,1,1,0.0030782222747802734
0,2,Rows,Addition,1236,BOOTSTRAPPED,1.0,1.0,1,1,1,0.003126859664916992
0,2,Rows,Addition,1245,BOOTSTRAPPED,1.0,1.0,1,1,1,0.0030410289764404297
0,2,Rows,Addition,1257,BOOTSTRAPPED,1.0,1.0,1,1,1,0.0030791759490966797
0,2,Rows,Addition,1260,BOOTSTRAPPED,1.0,1.0,1,1,1,0.0030918121337890625
0,2,Rows,Addition,1268,BOOTSTRAPPED,1.0,1.0,1,1,1,0.0031588077545166016
0,2,Rows,Addition,1274,BOOTSTRAPPED,1.0,1.0,1,1,1,0.0030663013458251953
0,2,Rows,Addition,1276,BOOTSTRAPPED,1.0,1.0,1,1,1,0.0030701160430908203
0,2,Rows,Addition,1277,BOOTSTRAPPED,1.0,1.0,1,1,1,0.0030782222747802734
0,2,Rows,Addition,1280,BOOTSTRAPPED,1.0,1.0,1,1,1,0.0030939579010009766
0,2,Rows,Addition,1289,BOOTSTRAPPED,1.0,1.0,1,1,1,0.003062009811401367
0,2,Rows,Addition,1290,BOOTSTRAPPED,1.0,1.0,1,1,1,0.0030536651611328125
0,2,Rows,Addition,1312,BOOTSTRAPPED,1.0,1.0,1,1,1,0.0030591487884521484
0,2,Rows,Addition,1313,BOOTSTRAPPED,1.0,1.0,1,1,1,0.003070831298828125
0,2,Rows,Addition,1314,BOOTSTRAPPED,1.0,1.0,1,1,1,0.003100872039794922
0,2,Rows,Addition,1321,BOOTSTRAPPED,1.0,1.0,1,1,1,0.0030651092529296875
0,2,Rows,Addition,1331,BOOTSTRAPPED,1.0,1.0,1,1,1,0.003136873245239258
0,2,Rows,Addition,1332,BOOTSTRAPPED,1.0,1.0,1,1,1,0.003068208694458008
0,2,Rows,Addition,1336,BOOTSTRAPPED,1.0,1.0,1,1,1,0.003072023391723633
0,2,Rows,Addition,1339,BOOTSTRAPPED,1.0,1.0,1,1,1,0.0030670166015625
0,2,Rows,Addition,1340,BOOTSTRAPPED,1.0,1.0,1,1,1,0.003072023391723633
0,2,Rows,Addition,1344,BOOTSTRAPPED,1.0,1.0,1,1,1,0.003074169158935547
0,2,Rows,Addition,1348,BOOTSTRAPPED,1.0,1.0,1,1,1,0.0030558109283447266
0,2,Rows,Addition,1349,BOOTSTRAPPED,1.0,1.0,1,1,1,0.003056764602661133
0,2,Rows,Addition,1357,BOOTSTRAPPED,1.0,1.0,1,1,1,0.002964019775390625
0,2,Rows,Addition,1358,BOOTSTRAPPED,1.0,1.0,1,1,1,0.0030448436737060547
0,2,Rows,Addition,1366,BOOTSTRAPPED,1.0,1.0,1,1,1,0.0028710365295410156
0,2,Rows,Addition,1370,BOOTSTRAPPED,1.0,1.0,1,1,1,0.002969980239868164
0,2,Rows,Addition,1377,BOOTSTRAPPED,1.0,1.0,1,1,1,0.003103017807006836
0,2,Rows,Addition,1380,BOOTSTRAPPED,1.0,1.0,1,1,1,0.002905130386352539
0,2,Rows,Addition,1381,BOOTSTRAPPED,1.0,1.0,1,1,1,0.002875089645385742
0,2,Rows,Addition,1382,BOOTSTRAPPED,1.0,1.0,1,1,1,0.0028960704803466797
0,2,Rows,Addition,1383,BOOTSTRAPPED,1.0,1.0,1,1,1,0.0029439926147460938
0,2,Rows,Addition,1390,BOOTSTRAPPED,1.0,1.0,1,1,1,0.0029578208923339844
0,2,Rows,Addition,1396,BOOTSTRAPPED,1.0,1.0,1,1,1,0.0029938220977783203
0,2,Rows,Addition,1397,BOOTSTRAPPED,1.0,1.0,1,1,1,0.003075838088989258
0,2,Rows,Addition,1398,BOOTSTRAPPED,1.0,1.0,1,1,1,0.0030562877655029297
0,2,Rows,Addition,1399,BOOTSTRAPPED,1.0,1.0,1,1,1,0.003046751022338867
0,2,Rows,Addition,1404,BOOTSTRAPPED,1.0,1.0,1,1,1,0.00302886962890625
0,2,Rows,Addition,1409,BOOTSTRAPPED,1.0,1.0,1,1,1,0.0031180381774902344
0,2,Rows,Addition,1415,BOOTSTRAPPED,1.0,1.0,1,1,1,0.003020048141479492
0,2,Rows,Addition,1425,BOOTSTRAPPED,1.0,1.0,1,1,1,0.003036975860595703
0,2,Rows,Addition,1430,BOOTSTRAPPED,1.0,1.0,1,1,1,0.003030061721801758
0,2,Rows,Addition,1442,BOOTSTRAPPED,1.0,1.0,1,1,1,0.003058910369873047
0,2,Rows,Addition,1445,BOOTSTRAPPED,1.0,1.0,1,1,1,0.0030519962310791016
0,2,Rows,Addition,1447,BOOTSTRAPPED,1.0,1.0,1,1,1,0.0030431747436523438
0,2,Rows,Addition,1463,BOOTSTRAPPED,1.0,1.0,1,1,1,0.0030279159545898438
0,2,Rows,Addition,1464,BOOTSTRAPPED,1.0,1.0,1,1,1,0.0030291080474853516
0,2,Rows,Addition,1465,BOOTSTRAPPED,1.0,1.0,1,1,1,0.0030231475830078125
0,2,Rows,Addition,1468,BOOTSTRAPPED,1.0,1.0,1,1,1,0.0030248165130615234
0,2,Rows,Addition,1469,BOOTSTRAPPED,1.0,1.0,1,1,1,0.0030951499938964844
0,2,Rows,Addition,1475,BOOTSTRAPPED,1.0,1.0,1,1,1,0.0030591487884521484
0,2,Rows,Addition,1483,BOOTSTRAPPED,1.0,1.0,1,1,1,0.003084897994995117
0,2,Rows,Addition,1486,BOOTSTRAPPED,1.0,1.0,1,1,1,0.002881765365600586
0,2,Rows,Addition,1487,BOOTSTRAPPED,1.0,1.0,1,1,1,0.0029709339141845703
0,2,Rows,Addition,1489,BOOTSTRAPPED,1.0,1.0,1,1,1,0.0030438899993896484
0,2,Rows,Addition,1505,BOOTSTRAPPED,1.0,1.0,1,1,1,0.002891063690185547
0,2,Rows,Addition,1508,BOOTSTRAPPED,1.0,1.0,1,1,1,0.0029282569885253906
0,2,Rows,Addition,1509,BOOTSTRAPPED,1.0,1.0,1,1,1,0.0030007362365722656
0,2,Rows,Addition,1510,BOOTSTRAPPED,1.0,1.0,1,1,1,0.00298309326171875
0,2,Rows,Addition,1523,BOOTSTRAPPED,1.0,1.0,1,1,1,0.0029811859130859375
0,2,Rows,Addition,1524,BOOTSTRAPPED,1.0,1.0,1,1,1,0.003055095672607422
0,2,Rows,Addition,1526,BOOTSTRAPPED,1.0,1.0,1,1,1,0.0030472278594970703
0,2,Rows,Addition,1534,BOOTSTRAPPED,1.0,1.0,1,1,1,0.0030291080474853516
0,2,Rows,Addition,1539,BOOTSTRAPPED,1.0,1.0,1,1,1,0.003144979476928711
0,2,Rows,Addition,1544,BOOTSTRAPPED,1.0,1.0,1,1,1,0.0031082630157470703
0,2,Rows,Addition,1548,BOOTSTRAPPED,1.0,1.0,1,1,1,0.0030431747436523438
0,2,Rows,Addition,1561,BOOTSTRAPPED,1.0,1.0,1,1,1,0.003077983856201172
0,2,Rows,Addition,1562,BOOTSTRAPPED,1.0,1.0,1,1,1,0.0030481815338134766
0,2,Rows,Addition,1563,BOOTSTRAPPED,1.0,1.0,1,1,1,0.003061056137084961
0,2,Rows,Addition,1565,BOOTSTRAPPED,1.0,1.0,1,1,1,0.003030061721801758
0,2,Rows,Addition,1575,BOOTSTRAPPED,1.0,1.0,1,1,1,0.0030641555786132812
0,2,Rows,Addition,1579,BOOTSTRAPPED,1.0,1.0,1,1,1,0.0030357837677001953
0,2,Rows,Addition,1584,BOOTSTRAPPED,1.0,1.0,1,1,1,0.0031349658966064453
0,2,Rows,Addition,1589,BOOTSTRAPPED,1.0,1.0,1,1,1,0.0030519962310791016
0,2,Rows,Addition,1604,BOOTSTRAPPED,1.0,1.0,1,1,1,0.003087759017944336
0,2,Rows,Addition,1609,BOOTSTRAPPED,1.0,1.0,1,1,1,0.003039836883544922
0,2,Rows,Addition,1612,BOOTSTRAPPED,1.0,1.0,1,1,1,0.0030510425567626953
0,2,Rows,Addition,1613,BOOTSTRAPPED,1.0,1.0,1,1,1,0.0030448436737060547
0,2,Rows,Addition,1619,BOOTSTRAPPED,1.0,1.0,1,1,1,0.003161191940307617
0,2,Rows,Addition,1620,BOOTSTRAPPED,1.0,1.0,1,1,1,0.003052949905395508
0,2,Rows,Addition,1621,BOOTSTRAPPED,1.0,1.0,1,1,1,0.0031321048736572266
0,2,Rows,Addition,1641,BOOTSTRAPPED,1.0,1.0,1,1,1,0.0030488967895507812
0,2,Rows,Addition,1652,BOOTSTRAPPED,1.0,1.0,1,1,1,0.003076791763305664
0,2,Rows,Addition,1659,BOOTSTRAPPED,1.0,1.0,1,1,1,0.003108978271484375
0,2,Rows,Addition,1666,BOOTSTRAPPED,1.0,1.0,1,1,1,0.003072023391723633
0,2,Rows,Addition,1671,BOOTSTRAPPED,1.0,1.0,1,1,1,0.003068208694458008
0,2,Rows,Addition,1673,BOOTSTRAPPED,1.0,1.0,1,1,1,0.003056764602661133
0,2,Rows,Addition,1674,BOOTSTRAPPED,1.0,1.0,1,1,1,0.003053903579711914
0,2,Rows,Addition,1684,BOOTSTRAPPED,1.0,1.0,1,1,1,0.003072977066040039
0,2,Rows,Addition,1685,BOOTSTRAPPED,1.0,1.0,1,1,1,0.0030770301818847656
0,2,Rows,Addition,1689,BOOTSTRAPPED,1.0,1.0,1,1,1,0.0030701160430908203
0,2,Rows,Addition,1692,BOOTSTRAPPED,1.0,1.0,1,1,1,0.0030448436737060547
0,2,Rows,Addition,1693,BOOTSTRAPPED,1.0,1.0,1,1,1,0.0030670166015625
0,2,Rows,Addition,1698,BOOTSTRAPPED,1.0,1.0,1,1,1,0.003056764602661133
0,2,Rows,Addition,1700,BOOTSTRAPPED,1.0,1.0,1,1,1,0.0031409263610839844
0,2,Rows,Addition,1701,BOOTSTRAPPED,1.0,1.0,1,1,1,0.003058195114135742
0,2,Rows,Addition,1706,BOOTSTRAPPED,1.0,1.0,1,1,1,0.0030868053436279297
0,2,Rows,Addition,1708,BOOTSTRAPPED,1.0,1.0,1,1,1,0.0029268264770507812
0,2,Rows,Addition,1712,BOOTSTRAPPED,1.0,1.0,1,1,1,0.0032067298889160156
0,2,Rows,Addition,1714,BOOTSTRAPPED,1.0,1.0,1,1,1,0.002971172332763672
0,2,Rows,Addition,1716,BOOTSTRAPPED,1.0,1.0,1,1,1,0.0029592514038085938
0,2,Rows,Addition,1721,BOOTSTRAPPED,1.0,1.0,1,1,1,0.0029909610748291016
0,2,Rows,Addition,1725,BOOTSTRAPPED,1.0,1.0,1,1,1,0.002994060516357422
0,2,Rows,Addition,1727,BOOTSTRAPPED,1.0,1.0,1,1,1,0.0030372142791748047
0,2,Rows,Addition,1736,BOOTSTRAPPED,1.0,1.0,1,1,1,0.003033161163330078
0,2,Rows,Addition,1737,BOOTSTRAPPED,1.0,1.0,1,1,1,0.0031409263610839844
0,2,Rows,Addition,1741,BOOTSTRAPPED,1.0,1.0,1,1,1,0.0030150413513183594
0,2,Rows,Addition,1742,BOOTSTRAPPED,1.0,1.0,1,1,1,0.0030269622802734375
0,2,Rows,Addition,1745,BOOTSTRAPPED,1.0,1.0,1,1,1,0.003031015396118164
0,2,Rows,Addition,1747,BOOTSTRAPPED,1.0,1.0,1,1,1,0.0031392574310302734
0,2,Rows,Addition,1749,BOOTSTRAPPED,1.0,1.0,1,1,1,0.0030469894409179688
0,2,Rows,Addition,1754,BOOTSTRAPPED,1.0,1.0,1,1,1,0.003070831298828125
0,2,Rows,Addition,1755,BOOTSTRAPPED,1.0,1.0,1,1,1,0.0030319690704345703
0,2,Rows,Addition,1758,BOOTSTRAPPED,1.0,1.0,1,1,1,0.0031349658966064453
0,2,Rows,Addition,1765,BOOTSTRAPPED,1.0,1.0,1,1,1,0.003039836883544922
0,2,Rows,Addition,1767,BOOTSTRAPPED,1.0,1.0,1,1,1,0.0030651092529296875
0,2,Rows,Addition,1773,BOOTSTRAPPED,1.0,1.0,1,1,1,0.0031201839447021484
0,2,Rows,Addition,1786,BOOTSTRAPPED,1.0,1.0,1,1,1,0.003055095672607422
0,2,Rows,Addition,1792,BOOTSTRAPPED,1.0,1.0,1,1,1,0.0030460357666015625
0,2,Rows,Addition,1795,BOOTSTRAPPED,1.0,1.0,1,1,1,0.0030760765075683594
0,2,Rows,Addition,1799,BOOTSTRAPPED,1.0,1.0,1,1,1,0.0030450820922851562
0,2,Rows,Addition,1803,BOOTSTRAPPED,1.0,1.0,1,1,1,0.0030579566955566406
0,2,Rows,Addition,1805,BOOTSTRAPPED,1.0,1.0,1,1,1,0.0030558109283447266
0,2,Rows,Addition,1820,BOOTSTRAPPED,1.0,1.0,1,1,1,0.003075838088989258
0,2,Rows,Addition,1822,BOOTSTRAPPED,1.0,1.0,1,1,1,0.0030562877655029297
0,2,Rows,Addition,1826,BOOTSTRAPPED,1.0,1.0,1,1,1,0.0030851364135742188
0,2,Rows,Addition,1827,BOOTSTRAPPED,1.0,1.0,1,1,1,0.0030510425567626953
0,2,Rows,Addition,1838,BOOTSTRAPPED,1.0,1.0,1,1,1,0.003123044967651367
0,2,Rows,Addition,1852,BOOTSTRAPPED,1.0,1.0,1,1,1,0.003058910369873047
0,2,Rows,Addition,1858,BOOTSTRAPPED,1.0,1.0,1,1,1,0.00308990478515625
0,2,Rows,Addition,1865,BOOTSTRAPPED,1.0,1.0,1,1,1,0.0030782222747802734
0,2,Rows,Addition,1866,BOOTSTRAPPED,1.0,1.0,1,1,1,0.0031342506408691406
0,2,Rows,Addition,1867,BOOTSTRAPPED,1.0,1.0,1,1,1,0.0030431747436523438
0,2,Rows,Addition,1870,BOOTSTRAPPED,1.0,1.0,1,1,1,0.0030858516693115234
0,2,Rows,Addition,1877,BOOTSTRAPPED,1.0,1.0,1,1,1,0.0030760765075683594
0,2,Rows,Addition,1881,BOOTSTRAPPED,1.0,1.0,1,1,1,0.003081083297729492
0,2,Rows,Addition,1885,BOOTSTRAPPED,1.0,1.0,1,1,1,0.0030601024627685547
0,2,Rows,Addition,1887,BOOTSTRAPPED,1.0,1.0,1,1,1,0.003158092498779297
0,2,Rows,Addition,1892,BOOTSTRAPPED,1.0,1.0,1,1,1,0.0030629634857177734
0,2,Rows,Addition,1897,BOOTSTRAPPED,1.0,1.0,1,1,1,0.0031299591064453125
0,2,Rows,Addition,1899,BOOTSTRAPPED,1.0,1.0,1,1,1,0.0030748844146728516
0,2,Rows,Addition,1909,BOOTSTRAPPED,1.0,1.0,1,1,1,0.0030739307403564453
0,2,Rows,Addition,1914,BOOTSTRAPPED,1.0,1.0,1,1,1,0.003061056137084961
0,2,Rows,Addition,1916,BOOTSTRAPPED,1.0,1.0,1,1,1,0.003092050552368164
0,2,Rows,Addition,1918,BOOTSTRAPPED,1.0,1.0,1,1,1,0.003119945526123047
0,2,Rows,Addition,1919,BOOTSTRAPPED,1.0,1.0,1,1,1,0.002964019775390625
0,2,Rows,Addition,1922,BOOTSTRAPPED,1.0,1.0,1,1,1,0.0029501914978027344
0,2,Rows,Addition,1923,BOOTSTRAPPED,1.0,1.0,1,1,1,0.0029680728912353516
0,2,Rows,Addition,1932,BOOTSTRAPPED,1.0,1.0,1,1,1,0.003002166748046875
0,2,Rows,Addition,1936,BOOTSTRAPPED,1.0,1.0,1,1,1,0.002992868423461914
0,2,Rows,Addition,1940,BOOTSTRAPPED,1.0,1.0,1,1,1,0.0031020641326904297
0,2,Rows,Addition,1943,BOOTSTRAPPED,1.0,1.0,1,1,1,0.003000974655151367
0,2,Rows,Addition,1945,BOOTSTRAPPED,1.0,1.0,1,1,1,0.0030107498168945312
0,2,Rows,Addition,1949,BOOTSTRAPPED,1.0,1.0,1,1,1,0.0030248165130615234
0,2,Rows,Addition,1954,BOOTSTRAPPED,1.0,1.0,1,1,1,0.0030388832092285156
